corpus_id,composition_id,composition_name,word_index,c_word,r_word
BOSCO,1,Agnus sei,1,uuPu,jjb
BOSCO,1,Agnus sei,2,pppA,fsb
BOSCO,1,Agnus sei,3,uuPu,jjb
BOSCO,1,Agnus sei,4,upPPAupu,jjbjeb
BOSCO,1,Agnus sei,5,PupuP,jjj
BOSCO,1,Agnus sei,6,ppAu,ejj
BOSCO,1,Agnus sei,7,upu,ejb
BOSCO,1,Agnus sei,8,pppAu,jjj
BOSCO,1,Agnus sei,9,upuPpppp,ejbjbj
BOSCO,1,Agnus sei,10,pPpuPPsuu,bjpjlb
BOSCO,1,Agnus sei,11,PP,ob
BOSCO,1,Agnus sei,12,pPpuPPsuu,bjpjlb
BOSCO,1,Agnus sei,13,PP,ob
BOSCO,1,Agnus sei,14,au,eee
BOSCO,1,Agnus sei,15,au,eee
BOSCO,1,Agnus sei,16,au,eee
BOSCO,1,Agnus sei,17,au,eee
BOSCO,1,Agnus sei,18,uuPA,ejbb
BOSCO,2,Bala com bala,1,ppAu,uh
BOSCO,2,Bala com bala,2,AppAu,pv
BOSCO,2,Bala com bala,3,AppAu,vh
BOSCO,2,Bala com bala,4,AppAu,pv
BOSCO,2,Bala com bala,5,ppAppaa,urn
BOSCO,2,Bala com bala,6,a,gac
BOSCO,2,Bala com bala,7,uuupp,rnc
BOSCO,2,Bala com bala,8,AAaAaAa,gnnng
BOSCO,2,Bala com bala,9,uuAapu,utc
BOSCO,2,Bala com bala,10,uaa,gng
BOSCO,3,A nivel de,1,uaupua,ntm
BOSCO,3,A nivel de,2,psu,nn
BOSCO,3,A nivel de,3,SuauaaA,gjrn
BOSCO,3,A nivel de,4,pauu,nng
BOSCO,3,A nivel de,5,uauauau,nnnn
BOSCO,3,A nivel de,6,usAa,nnc
BOSCO,3,A nivel de,7,uuauapPs,gnrnab
BOSCO,3,A nivel de,8,p,bg
BOSCO,3,A nivel de,9,PPauapPsS,urnabb
BOSCO,3,A nivel de,10,PPauapPsA,urnabb
BOSCO,3,A nivel de,11,Suauaup,urn
BOSCO,3,A nivel de,12,SausA,jjn
BOSCO,3,A nivel de,13,APau,nanab
BOSCO,3,A nivel de,14,usA,nn
BOSCO,3,A nivel de,15,uauauSppa,jrnnc
BOSCO,3,A nivel de,16,suA,nn
BOSCO,3,A nivel de,17,uauP,nr
BOSCO,3,A nivel de,18,pPaP,uj
BOSCO,4,De frente pro crime,1,Auuuup,nnmb
BOSCO,4,De frente pro crime,2,Au,gn
BOSCO,4,De frente pro crime,3,Auuuup,nnmb
BOSCO,4,De frente pro crime,4,uA,gn
BOSCO,4,De frente pro crime,5,Auuuup,nnmb
BOSCO,4,De frente pro crime,6,uA,gn
BOSCO,4,De frente pro crime,7,Auuuup,nnmb
BOSCO,4,De frente pro crime,8,Au,gn
BOSCO,4,De frente pro crime,9,uAuuuAsA,pvbn
BOSCO,4,De frente pro crime,10,puuuuaa,jprc
BOSCO,4,De frente pro crime,11,AuuuAsA,gvbn
BOSCO,4,De frente pro crime,12,puuuuaa,jprc
BOSCO,4,De frente pro crime,13,uAuuuAsA,pvbn
BOSCO,4,De frente pro crime,14,puuuuuaa,jurc
BOSCO,4,De frente pro crime,15,uAuuuAsAAp,pvbnaj
BOSCO,5,Boca de sapo,1,PP,u
BOSCO,5,Boca de sapo,2,uuuApppppp,grrsb
BOSCO,5,Boca de sapo,3,uupp,grc
BOSCO,5,Boca de sapo,4,ApppP,jln
BOSCO,5,Boca de sapo,5,uupA,grc
BOSCO,5,Boca de sapo,6,aa,jb
BOSCO,5,Boca de sapo,7,up,nc
BOSCO,5,Boca de sapo,8,uupA,grc
BOSCO,5,Boca de sapo,9,aa,nb
BOSCO,5,Boca de sapo,10,pu,nc
BOSCO,5,Boca de sapo,11,uupAaa,grcj
BOSCO,5,Boca de sapo,12,up,nc
BOSCO,5,Boca de sapo,13,uupA,grc
BOSCO,5,Boca de sapo,14,aa,jb
BOSCO,5,Boca de sapo,15,pu,nc
BOSCO,5,Boca de sapo,16,PPuppu,blnj
BOSCO,5,Boca de sapo,17,Ap,bl
BOSCO,5,Boca de sapo,18,uPPP,rn
BOSCO,5,Boca de sapo,19,aau,nj
BOSCO,5,Boca de sapo,20,pp,bn
BOSCO,6,Bijuterias,1,PPASau,fdkdj
BOSCO,6,Bijuterias,2,PpaaSu,jbjj
BOSCO,6,Bijuterias,3,PPau,kdj
BOSCO,6,Bijuterias,4,PpaaS,jbjb
BOSCO,6,Bijuterias,5,Pau,jj
BOSCO,6,Bijuterias,6,PAASau,fdkdj
BOSCO,6,Bijuterias,7,PpaaS,fdkdb
BOSCO,6,Bijuterias,8,PpaaS,fdkdb
BOSCO,6,Bijuterias,9,PPa,kdb
BOSCO,6,Bijuterias,10,PpaaS,bjjb
BOSCO,6,Bijuterias,11,p,be
BOSCO,6,Bijuterias,12,PAASa,fdkdb
BOSCO,6,Bijuterias,13,PpppAp,eejje
BOSCO,6,Bijuterias,14,pAP,babababa
BOSCO,6,Bijuterias,15,aau,bej
BOSCO,6,Bijuterias,16,AAAas,kdbeb
BOSCO,6,Bijuterias,17,AAA,kdb
BOSCO,6,Bijuterias,18,PPAAApP,fdkdjb
BOSCO,7,Escadas da Penha,1,uAuupP,prcb
BOSCO,7,Escadas da Penha,2,pa,nc
BOSCO,7,Escadas da Penha,3,uAuupP,prn
BOSCO,7,Escadas da Penha,4,p,n
BOSCO,7,Escadas da Penha,5,uSuupp,prn
BOSCO,7,Escadas da Penha,6,upP,rc
BOSCO,7,Escadas da Penha,7,uSuupp,prn
BOSCO,7,Escadas da Penha,8,p,n
BOSCO,7,Escadas da Penha,9,uupPu,fsi
BOSCO,7,Escadas da Penha,10,uupPu,fsi
BOSCO,7,Escadas da Penha,11,uupAauu,fskdb
BOSCO,7,Escadas da Penha,12,PupPu,fsi
BOSCO,7,Escadas da Penha,13,uupau,fsi
BOSCO,7,Escadas da Penha,14,PuAappa,fskdb
BOSCO,7,Escadas da Penha,15,uupPu,fsi
BOSCO,7,Escadas da Penha,16,uupPu,fsi
BOSCO,7,Escadas da Penha,17,uupAauu,fskdb
BOSCO,7,Escadas da Penha,18,uuuAu,fsi
BOSCO,7,Escadas da Penha,19,uuupu,fsi
BOSCO,7,Escadas da Penha,20,uuupu,fsi
BOSCO,7,Escadas da Penha,21,uuupu,fsk
BOSCO,8,Casa de marimbondo,1,AuupP,nngc
BOSCO,8,Casa de marimbondo,2,aas,gebg
BOSCO,8,Casa de marimbondo,3,SuupPp,nnnc
BOSCO,8,Casa de marimbondo,4,Aa,ng
BOSCO,8,Casa de marimbondo,5,AuupPP,nnnc
BOSCO,8,Casa de marimbondo,6,as,nag
BOSCO,8,Casa de marimbondo,7,uAu,gr
BOSCO,8,Casa de marimbondo,8,uAu,uc
BOSCO,8,Casa de marimbondo,9,uAu,gr
BOSCO,8,Casa de marimbondo,10,AuaAau,grnc
BOSCO,8,Casa de marimbondo,11,uuAaAp,gjln
BOSCO,8,Casa de marimbondo,12,AuaApu,grnc
BOSCO,8,Casa de marimbondo,13,auSaAp,gjln
BOSCO,8,Casa de marimbondo,14,AuaApu,grnc
BOSCO,8,Casa de marimbondo,15,uuAaAp,gjln
BOSCO,8,Casa de marimbondo,16,AuaAu,grn
BOSCO,8,Casa de marimbondo,17,au,nc
BOSCO,8,Casa de marimbondo,18,au,gn
BOSCO,8,Casa de marimbondo,19,au,nc
BOSCO,9,Dois pra la dois pra ca,1,APPuppPa,ejjjbab
BOSCO,9,Dois pra la dois pra ca,2,uPPppP,ejbob
BOSCO,9,Dois pra la dois pra ca,3,APPppPa,ejbjbab
BOSCO,9,Dois pra la dois pra ca,4,uPPppp,ejbob
BOSCO,9,Dois pra la dois pra ca,5,APPppAs,ejbjbab
BOSCO,9,Dois pra la dois pra ca,6,uPPppp,ejbob
BOSCO,9,Dois pra la dois pra ca,7,uPPppup,ejbjj
BOSCO,9,Dois pra la dois pra ca,8,uPPppp,ejbob
BOSCO,9,Dois pra la dois pra ca,9,APPppAs,ejbjbab
BOSCO,9,Dois pra la dois pra ca,10,uPPppup,ejboj
BOSCO,9,Dois pra la dois pra ca,11,APPppAs,ejkdbab
BOSCO,9,Dois pra la dois pra ca,12,uPPppPu,ejbjj
BOSCO,9,Dois pra la dois pra ca,13,APPppAs,ejbjbab
BOSCO,9,Dois pra la dois pra ca,14,uPPppP,ejbjb
BOSCO,9,Dois pra la dois pra ca,15,APPpppp,ejbobab
BOSCO,9,Dois pra la dois pra ca,16,uPPuap,ejbjb
BOSCO,9,Dois pra la dois pra ca,17,APPppAs,ejbobab
BOSCO,9,Dois pra la dois pra ca,18,uPPppP,ejbjb
BOSCO,9,Dois pra la dois pra ca,19,ppppppp,ejbjbab
BOSCO,9,Dois pra la dois pra ca,20,pppsAp,ejbjaab
BOSCO,10,Falso brilhante,1,S,gb
BOSCO,10,Falso brilhante,2,pPupPu,osj
BOSCO,10,Falso brilhante,3,PpPupau,usj
BOSCO,10,Falso brilhante,4,AuupPu,gvj
BOSCO,10,Falso brilhante,5,PuupPu,gvj
BOSCO,10,Falso brilhante,6,PpPupa,usb
BOSCO,10,Falso brilhante,7,SuupPu,gvj
BOSCO,10,Falso brilhante,8,pPupPu,osj
BOSCO,10,Falso brilhante,9,PpPups,usb
BOSCO,10,Falso brilhante,10,S,gb
BOSCO,10,Falso brilhante,11,pPuupP,pvb
BOSCO,10,Falso brilhante,12,PpPppPu,uth
BOSCO,10,Falso brilhante,13,pPppPu,psi
BOSCO,10,Falso brilhante,14,PupPu,fsi
BOSCO,10,Falso brilhante,15,SppPu,gth
BOSCO,10,Falso brilhante,16,pPpPaPPaPPu,vsbsb
BOSCO,10,Falso brilhante,17,PpP,gq
BOSCO,10,Falso brilhante,18,PaPP,gsb
BOSCO,10,Falso brilhante,19,SupP,gsb
BOSCO,10,Falso brilhante,20,pppPPpu,usj
BOSCO,10,Falso brilhante,21,PppPPpu,ssj
BOSCO,10,Falso brilhante,22,pppaPu,ulh
BOSCO,10,Falso brilhante,23,PPPPPPPpp,ojkoj
BOSCO,10,Falso brilhante,24,Appppp,ebsbb
BOSCO,10,Falso brilhante,25,APaPPaPPaP,gjessb
BOSCO,10,Falso brilhante,26,Sapppa,ebuj
BOSCO,10,Falso brilhante,27,aApaAp,kdkdb
BOSCO,10,Falso brilhante,28,AAAAa,gsj
BOSCO,10,Falso brilhante,29,ppppAa,sjeb
BOSCO,11,Corsario,1,uuuuuuuuuuuuPa,kdkdkdkdbj
BOSCO,11,Corsario,2,uuuuuuuuuuuuPa,kdkdkdkdkd
BOSCO,11,Corsario,3,uuuuuuuuuuuuPa,kdkdkdkdbj
BOSCO,11,Corsario,4,uuuuuuuuuuuuuPa,kdkdkdkdkdb
BOSCO,11,Corsario,5,up,jb
BOSCO,11,Corsario,6,pPPuppp,ssbb
BOSCO,11,Corsario,7,up,jb
BOSCO,11,Corsario,8,pPPppu,bjbbbb
BOSCO,11,Corsario,9,up,beb
BOSCO,11,Corsario,10,upPPppup,fdkdfdi
BOSCO,11,Corsario,11,pSpupu,eebebj
BOSCO,11,Corsario,12,uSupup,eebebj
BOSCO,11,Corsario,13,pSpp,eebbb
BOSCO,11,Corsario,14,uuuuuuuuuuuuPa,kdkdkdkdbj
BOSCO,11,Corsario,15,uuuuuuuuuuuuPa,kdkdkdkdbj
BOSCO,12,Feminismo no Estacio,1,AppAppAp,grrh
BOSCO,12,Feminismo no Estacio,2,aAuua,grn
BOSCO,12,Feminismo no Estacio,3,ppAppaa,ntng
BOSCO,12,Feminismo no Estacio,4,AAASppp,nrng
BOSCO,12,Feminismo no Estacio,5,suuAuuSppaAuua,nnrrrn
BOSCO,12,Feminismo no Estacio,6,ppAppau,ntng
BOSCO,12,Feminismo no Estacio,7,AAASpppu,nrnn
BOSCO,12,Feminismo no Estacio,8,ppp,babn
BOSCO,12,Feminismo no Estacio,9,aPP,nj
BOSCO,12,Feminismo no Estacio,10,aa,ng
BOSCO,12,Feminismo no Estacio,11,uuppsAp,nrng
BOSCO,12,Feminismo no Estacio,12,uuSusSuupuua,sssrc
BOSCO,12,Feminismo no Estacio,13,PPppAppA,ptrc
BOSCO,12,Feminismo no Estacio,14,uupuuaa,rrcb
BOSCO,12,Feminismo no Estacio,15,PPP,pn
BOSCO,12,Feminismo no Estacio,16,AAp,nj
BOSCO,12,Feminismo no Estacio,17,ppAa,nng
BOSCO,12,Feminismo no Estacio,18,uPpp,llb
BOSCO,12,Feminismo no Estacio,19,ppSuua,grnc
BOSCO,12,Feminismo no Estacio,20,PPP,pn
BOSCO,12,Feminismo no Estacio,21,App,nn
BOSCO,12,Feminismo no Estacio,22,paAuua,pnnc
BOSCO,12,Feminismo no Estacio,23,Suaa,erg
BOSCO,12,Feminismo no Estacio,24,uuupsApu,ntnn
BOSCO,13,Gol anulado,1,Pppaa,nrb
BOSCO,13,Gol anulado,2,s,gag
BOSCO,13,Gol anulado,3,PpPpaAa,nqng
BOSCO,13,Gol anulado,4,uuPppAu,gtlcaab
BOSCO,13,Gol anulado,5,PpPpaP,nrn
BOSCO,13,Gol anulado,6,uPpaaAa,gnnng
BOSCO,13,Gol anulado,7,PpappSp,cnrcg
BOSCO,13,Gol anulado,8,PpPpPps,ghnmab
BOSCO,13,Gol anulado,9,PpPpPpu,nluae
BOSCO,13,Gol anulado,10,PppPPpu,grrc
BOSCO,13,Gol anulado,11,pPPpaAp,ubug
BOSCO,13,Gol anulado,12,uPPppApppppp,uvov
BOSCO,13,Gol anulado,13,uPu,nh
BOSCO,13,Gol anulado,14,uPPauppApps,uqumb
BOSCO,13,Gol anulado,15,pPu,nh
BOSCO,13,Gol anulado,16,pPPpaaAa,cncul
BOSCO,13,Gol anulado,17,pPPpaaSp,ubnnc
BOSCO,13,Gol anulado,18,pPPpapu,cncnh
BOSCO,13,Gol anulado,19,ppPau,nauc
BOSCO,14,Desenho de giz,1,upPupP,ssb
BOSCO,14,Desenho de giz,2,PPapPu,osj
BOSCO,14,Desenho de giz,3,PupP,ebjb
BOSCO,14,Desenho de giz,4,uuuaPP,ssb
BOSCO,14,Desenho de giz,5,PPapPupP,osjj
BOSCO,14,Desenho de giz,6,pP,jb
BOSCO,14,Desenho de giz,7,aupPupP,ebaosb
BOSCO,14,Desenho de giz,8,apaaAp,osj
BOSCO,14,Desenho de giz,9,uuupPp,oboj
BOSCO,14,Desenho de giz,10,PupPupP,ebaosb
BOSCO,14,Desenho de giz,11,apaaAp,osj
BOSCO,14,Desenho de giz,12,uuupP,osb
BOSCO,14,Desenho de giz,13,SuuuupP,ebaosb
BOSCO,14,Desenho de giz,14,uuupP,osb
BOSCO,14,Desenho de giz,15,ppaPPus,oss
BOSCO,14,Desenho de giz,16,AuuuaPA,esbeeb
BOSCO,14,Desenho de giz,17,PpaPP,osb
BOSCO,15,Kid cavaquinho,1,uuuuuuuPPu,nrtnc
BOSCO,15,Kid cavaquinho,2,uupu,tn
BOSCO,15,Kid cavaquinho,3,uuuuuuupPPPu,uvtnc
BOSCO,15,Kid cavaquinho,4,puuPa,etn
BOSCO,15,Kid cavaquinho,5,spSuuuuuppa,uvtn
BOSCO,15,Kid cavaquinho,6,p,bg
BOSCO,15,Kid cavaquinho,7,aaSuuuuuppa,uvrn
BOSCO,15,Kid cavaquinho,8,p,bg
BOSCO,15,Kid cavaquinho,9,Au,ej
BOSCO,15,Kid cavaquinho,10,uuuPuu,urc
BOSCO,15,Kid cavaquinho,11,Au,ne
BOSCO,15,Kid cavaquinho,12,uuupAu,urc
BOSCO,15,Kid cavaquinho,13,Au,nc
BOSCO,15,Kid cavaquinho,14,uuuusu,urc
BOSCO,15,Kid cavaquinho,15,PPpAu,nrc
BOSCO,15,Kid cavaquinho,16,uPppAs,urag
BOSCO,15,Kid cavaquinho,17,P,n
BOSCO,15,Kid cavaquinho,18,uuusu,nrc
BOSCO,15,Kid cavaquinho,19,PPpAu,nrc
BOSCO,15,Kid cavaquinho,20,pppuu,nrb
BOSCO,16,Jogador,1,upp,uc
BOSCO,16,Jogador,2,uuuuuuuuuPP,nrrrc
BOSCO,16,Jogador,3,uuuau,grh
BOSCO,16,Jogador,4,ppPP,nnc
BOSCO,16,Jogador,5,pppp,rn
BOSCO,16,Jogador,6,uupPpp,nrn
BOSCO,16,Jogador,7,upa,uc
BOSCO,16,Jogador,8,uuPPPpppPPpa,nsrrn
BOSCO,16,Jogador,9,upu,uc
BOSCO,16,Jogador,10,uuuuSpPpu,nrvc
BOSCO,16,Jogador,11,PPuuAaap,rnrb
BOSCO,16,Jogador,12,upp,uc
BOSCO,17,Linha de passe,1,aAaA,gnj
BOSCO,17,Linha de passe,2,AaAaAaA,pnnj
BOSCO,17,Linha de passe,3,aaAaA,nnj
BOSCO,17,Linha de passe,4,AaAa,png
BOSCO,17,Linha de passe,5,aAaA,gnj
BOSCO,17,Linha de passe,6,AaAaAPP,pnnn
BOSCO,17,Linha de passe,7,pAaaa,nnn
BOSCO,17,Linha de passe,8,aaa,nn
BOSCO,17,Linha de passe,9,aa,ng
BOSCO,17,Linha de passe,10,PpPpP,nnj
BOSCO,17,Linha de passe,11,PpPuuaa,pnnj
BOSCO,17,Linha de passe,12,pPpP,gnj
BOSCO,17,Linha de passe,13,PpPuuaa,pnnn
BOSCO,17,Linha de passe,14,pPpP,gnj
BOSCO,17,Linha de passe,15,PPpuuaa,pnnn
BOSCO,17,Linha de passe,16,pPpP,gnj
BOSCO,17,Linha de passe,17,PPppaAPA,pnnnc
BOSCO,17,Linha de passe,18,p,gag
BOSCO,17,Linha de passe,19,APPs,gnn
BOSCO,17,Linha de passe,20,APPsa,gnnag
BOSCO,17,Linha de passe,21,APPp,gnj
BOSCO,17,Linha de passe,22,aAPPp,nnj
BOSCO,17,Linha de passe,23,aappA,pnaabg
BOSCO,17,Linha de passe,24,APPp,gnj
BOSCO,17,Linha de passe,25,aAPPA,nnn
BOSCO,17,Linha de passe,26,pp,nc
BOSCO,17,Linha de passe,27,pp,cabg
BOSCO,18,Jade,1,SupP,gv
BOSCO,18,Jade,2,PPPa,os
BOSCO,18,Jade,3,pApap,psb
BOSCO,18,Jade,4,AupP,esb
BOSCO,18,Jade,5,SupP,esb
BOSCO,18,Jade,6,PPppPupP,gvv
BOSCO,18,Jade,7,pupPpaupP,esksb
BOSCO,18,Jade,8,pPPpP,kdkd
BOSCO,18,Jade,9,pPPpP,kdkd
BOSCO,18,Jade,10,pPPpPP,kdkdb
BOSCO,18,Jade,11,PPpPPPpppPP,oskdkdb
BOSCO,18,Jade,12,pppPP,osb
BOSCO,18,Jade,13,paupP,gcbob
BOSCO,18,Jade,14,PPpAuaA,jjsb
BOSCO,18,Jade,15,AAasPupP,jbobob
BOSCO,18,Jade,16,AasPA,eejeb
BOSCO,19,O rancho da goiabada,1,PpAu,baeebb
BOSCO,19,O rancho da goiabada,2,pAu,eebb
BOSCO,19,O rancho da goiabada,3,pppppPPPpp,ejssj
BOSCO,19,O rancho da goiabada,4,u,bb
BOSCO,19,O rancho da goiabada,5,uupupAaapu,fssse
BOSCO,19,O rancho da goiabada,6,PPAp,bbje
BOSCO,19,O rancho da goiabada,7,SpupAs,baeejj
BOSCO,19,O rancho da goiabada,8,PpSp,bbje
BOSCO,19,O rancho da goiabada,9,ppA,bbj
BOSCO,19,O rancho da goiabada,10,PPPpppppPAs,fsssj
BOSCO,19,O rancho da goiabada,11,ppApp,ejjb
BOSCO,19,O rancho da goiabada,12,paa,bbbb
BOSCO,19,O rancho da goiabada,13,s,bb
BOSCO,19,O rancho da goiabada,14,uPppp,fsi
BOSCO,19,O rancho da goiabada,15,PPppp,fsi
BOSCO,19,O rancho da goiabada,16,PPpppSs,fsjbb
BOSCO,19,O rancho da goiabada,17,pPPppp,osi
BOSCO,19,O rancho da goiabada,18,PPppppAp,fsvb
BOSCO,19,O rancho da goiabada,19,PppPSA,ejjbb
BOSCO,19,O rancho da goiabada,20,upupupuppPAu,ejjjjjbb
BOSCO,19,O rancho da goiabada,21,upupupuppPAu,ejjjjjbb
BOSCO,19,O rancho da goiabada,22,PppPPp,ejjj
BOSCO,19,O rancho da goiabada,23,pupupAp,jjjj
BOSCO,19,O rancho da goiabada,24,AppAppAppAppP,essssb
BOSCO,19,O rancho da goiabada,25,APPu,ejbb
BOSCO,19,O rancho da goiabada,26,ApppppPu,bojjj
BOSCO,20,Miss Sueter,1,ApppPpppPp,ejjjjj
BOSCO,20,Miss Sueter,2,pPppaP,jjjb
BOSCO,20,Miss Sueter,3,PPPPPpppAp,ejjjjj
BOSCO,20,Miss Sueter,4,pApppP,jjjb
BOSCO,20,Miss Sueter,5,PaPPP,eebeeb
BOSCO,20,Miss Sueter,6,PaPPPPppppPa,eekdkdkdbe
BOSCO,20,Miss Sueter,7,PaPPP,eebeeb
BOSCO,20,Miss Sueter,8,PaPPPPPPppPs,eekdkdkdbe
BOSCO,20,Miss Sueter,9,PaPPP,eebeeb
BOSCO,20,Miss Sueter,10,PaPPPPPPPPpp,eekdkdkdbe
BOSCO,21,O mestre-sala dos mares,1,Auuuup,nnmb
BOSCO,21,O mestre-sala dos mares,2,uuuup,gnng
BOSCO,21,O mestre-sala dos mares,3,uuup,gnn
BOSCO,21,O mestre-sala dos mares,4,usuu,gnn
BOSCO,21,O mestre-sala dos mares,5,uuaA,gnn
BOSCO,21,O mestre-sala dos mares,6,Aaappu,ngnj
BOSCO,21,O mestre-sala dos mares,7,uPPPPsuu,nngnn
BOSCO,21,O mestre-sala dos mares,8,PPppaApupAp,jtnnmb
BOSCO,21,O mestre-sala dos mares,9,uuuaPp,gnml
BOSCO,21,O mestre-sala dos mares,10,Aupu,nmc
BOSCO,21,O mestre-sala dos mares,11,AuuuaP,nnmb
BOSCO,21,O mestre-sala dos mares,12,upppPPu,nntc
BOSCO,21,O mestre-sala dos mares,13,uupppa,nvg
BOSCO,21,O mestre-sala dos mares,14,ppApppa,gnrn
BOSCO,21,O mestre-sala dos mares,15,AAAu,nnc
BOSCO,21,O mestre-sala dos mares,16,uuuppaAp,grlnab
BOSCO,21,O mestre-sala dos mares,17,paAp,babnab
BOSCO,21,O mestre-sala dos mares,18,SuuuuuupA,nnrt
BOSCO,21,O mestre-sala dos mares,19,ppupAp,nnng
BOSCO,21,O mestre-sala dos mares,20,upuAap,betn
BOSCO,21,O mestre-sala dos mares,21,ppAppp,gnrc
BOSCO,21,O mestre-sala dos mares,22,AAAuuuu,pnnn
BOSCO,21,O mestre-sala dos mares,23,paApu,nnn
BOSCO,21,O mestre-sala dos mares,24,aSAsa,bbbnab
BOSCO,21,O mestre-sala dos mares,25,Asa,bnab
BOSCO,21,O mestre-sala dos mares,26,Aup,bnab
BOSCO,21,O mestre-sala dos mares,27,aSAsa,bbbnab
BOSCO,21,O mestre-sala dos mares,28,Asua,bnbb
BOSCO,21,O mestre-sala dos mares,29,Aup,bnab
BOSCO,21,O mestre-sala dos mares,30,s,bab
BOSCO,21,O mestre-sala dos mares,31,Pppp,nnc
BOSCO,21,O mestre-sala dos mares,32,PAs,ncg
BOSCO,21,O mestre-sala dos mares,33,ppppPP,gajln
BOSCO,21,O mestre-sala dos mares,34,s,bab
BOSCO,21,O mestre-sala dos mares,35,PPppup,nnanab
BOSCO,21,O mestre-sala dos mares,36,PPppup,nnanab
BOSCO,21,O mestre-sala dos mares,37,SppaPPp,najln
BOSCO,22,Galos de briga,1,APaPaPp,kdkdk
BOSCO,22,Galos de briga,2,pppppAp,kdkdk
BOSCO,22,Galos de briga,3,APaPaPp,kdkdk
BOSCO,22,Galos de briga,4,pppppAp,kdkdk
BOSCO,22,Galos de briga,5,pppPPpp,ojjj
BOSCO,22,Galos de briga,6,ppppPpa,kdkdk
BOSCO,22,Galos de briga,7,uPpPpaAp,bsbjbb
BOSCO,22,Galos de briga,8,PpPpppp,jjjbb
BOSCO,22,Galos de briga,9,APaPaPp,kdkdk
BOSCO,22,Galos de briga,10,pppppAp,kdkdk
BOSCO,23,Zona de fronteira,1,SAP,gajb
BOSCO,23,Zona de fronteira,2,AP,gn
BOSCO,23,Zona de fronteira,3,pAP,gjb
BOSCO,23,Zona de fronteira,4,p,n
BOSCO,23,Zona de fronteira,5,aAP,gjb
BOSCO,23,Zona de fronteira,6,aASpp,pnn
BOSCO,23,Zona de fronteira,7,SuAP,ggjb
BOSCO,23,Zona de fronteira,8,uAP,pn
BOSCO,23,Zona de fronteira,9,uAP,gjb
BOSCO,23,Zona de fronteira,10,p,n
BOSCO,23,Zona de fronteira,11,uAP,gjb
BOSCO,23,Zona de fronteira,12,aASppAs,pnncag
BOSCO,23,Zona de fronteira,13,uuuuuuu,nnnn
BOSCO,23,Zona de fronteira,14,uupPpPPP,grtn
BOSCO,23,Zona de fronteira,15,pppppA,nnnc
BOSCO,23,Zona de fronteira,16,u,eaag
BOSCO,23,Zona de fronteira,17,aAPA,gecbe
BOSCO,23,Zona de fronteira,18,AappAs,neclab
BOSCO,23,Zona de fronteira,19,uuuuuuu,nnnn
BOSCO,23,Zona de fronteira,20,uuuupPPP,grtn
BOSCO,23,Zona de fronteira,21,pppppA,nnnc
BOSCO,24,Pirata azul,1,AppppaS,uvb
BOSCO,24,Pirata azul,2,AppppaS,osjb
BOSCO,24,Pirata azul,3,ApppppA,oss
BOSCO,24,Pirata azul,4,Pppppappa,uvbbb
BOSCO,24,Pirata azul,5,AppppaS,usj
BOSCO,24,Pirata azul,6,AppppaS,osbeb
BOSCO,24,Pirata azul,7,ApppppA,osjb
BOSCO,24,Pirata azul,8,uppppappa,osjjb
BOSCO,24,Pirata azul,9,APPPPPPu,osjl
BOSCO,24,Pirata azul,10,AuaAuas,nnnn
BOSCO,24,Pirata azul,11,pPSups,granb
BOSCO,24,Pirata azul,12,uuuuPPuuu,kdkdsb
BOSCO,24,Pirata azul,13,pp,ej
BOSCO,24,Pirata azul,14,uua,nn
BOSCO,24,Pirata azul,15,ppupA,sjb
BOSCO,24,Pirata azul,16,ppp,kdb
BOSCO,24,Pirata azul,17,ppupAp,sjbaaaaaab
BOSCO,25,Jandira da gandaia,1,PpPpPu,fdkdj
BOSCO,25,Jandira da gandaia,2,PpPpPu,osj
BOSCO,25,Jandira da gandaia,3,PpPpup,otj
BOSCO,25,Jandira da gandaia,4,ppp,oj
BOSCO,25,Jandira da gandaia,5,PpPpP,osb
BOSCO,25,Jandira da gandaia,6,PpPpP,gvb
BOSCO,25,Jandira da gandaia,7,pPpup,pjj
BOSCO,25,Jandira da gandaia,8,ppp,jj
BOSCO,25,Jandira da gandaia,9,PupPpPu,ovh
BOSCO,25,Jandira da gandaia,10,PpPpPppPAppp,gvvlj
BOSCO,25,Jandira da gandaia,11,PpPpPppPAppp,gvjjbej
BOSCO,25,Jandira da gandaia,12,PppP,obabab
BOSCO,25,Jandira da gandaia,13,PpuPpPu,ejkdj
BOSCO,25,Jandira da gandaia,14,pPp,jaj
BOSCO,25,Jandira da gandaia,15,ppp,jj
BOSCO,25,Jandira da gandaia,16,PpPpaA,ejbbaj
BOSCO,25,Jandira da gandaia,17,PpPpPu,gvj
BOSCO,25,Jandira da gandaia,18,PupPppp,gqjj
BOSCO,25,Jandira da gandaia,19,PpPpaP,jjbaeb
BOSCO,25,Jandira da gandaia,20,PpPpPp,ejeeeb
BOSCO,25,Jandira da gandaia,21,PpPpPp,ejkdb
BOSCO,25,Jandira da gandaia,22,pPpuApa,pbeaejb
BOSCO,25,Jandira da gandaia,23,PpPpPpu,eejeej
BOSCO,25,Jandira da gandaia,24,puPpu,ejej
BOSCO,25,Jandira da gandaia,25,uaAp,ejeb
BOSCO,25,Jandira da gandaia,26,PpPpuP,ejefdb
BOSCO,25,Jandira da gandaia,27,PpPupPu,ejsj
BOSCO,25,Jandira da gandaia,28,pPpPpup,jjjj
BOSCO,25,Jandira da gandaia,29,upPppp,ejoj
BOSCO,25,Jandira da gandaia,30,ppp,eebaaab
BOSCO,26,Latin lover,1,PAP,jj
BOSCO,26,Latin lover,2,PAPpPpPpppP,jjjjjj
BOSCO,26,Latin lover,3,PAP,jj
BOSCO,26,Latin lover,4,PAPpPpPpppP,jjjjjj
BOSCO,26,Latin lover,5,PAPpPpPppp,jjjjjb
BOSCO,26,Latin lover,6,PsS,ebeb
BOSCO,26,Latin lover,7,pPpPpppP,ubsbe
BOSCO,26,Latin lover,8,PSP,eebe
BOSCO,26,Latin lover,9,SPpPpPpppu,ejjjjj
BOSCO,26,Latin lover,10,PSP,eej
BOSCO,26,Latin lover,11,PSPpPpPpppP,jjjjjj
BOSCO,26,Latin lover,12,PSP,jj
BOSCO,26,Latin lover,13,PSPpPpPpppu,jjjjjj
BOSCO,26,Latin lover,14,AA,bbb
BOSCO,27,Beirando a rumba,1,ppaASs,bgnbbab
BOSCO,27,Beirando a rumba,2,AuuuuPsP,grnnb
BOSCO,27,Beirando a rumba,3,pa,bl
BOSCO,27,Beirando a rumba,4,ppaASs,bgnbbab
BOSCO,27,Beirando a rumba,5,AuuuuPsP,grnnb
BOSCO,27,Beirando a rumba,6,pa,bl
BOSCO,27,Beirando a rumba,7,PpaA,baaaejb
BOSCO,27,Beirando a rumba,8,paA,ejb
BOSCO,27,Beirando a rumba,9,PpP,ejb
BOSCO,27,Beirando a rumba,10,PpP,ejb
BOSCO,27,Beirando a rumba,11,ppp,ejb
BOSCO,27,Beirando a rumba,12,ppp,ejb
BOSCO,27,Beirando a rumba,13,Apppppa,jjjj
BOSCO,27,Beirando a rumba,14,ppa,leb
BOSCO,27,Beirando a rumba,15,appa,eleb
BOSCO,27,Beirando a rumba,16,appp,eleb
BOSCO,27,Beirando a rumba,17,appp,eleb
BOSCO,27,Beirando a rumba,18,ppaa,eleb
BOSCO,27,Beirando a rumba,19,ppaa,eleb
BOSCO,27,Beirando a rumba,20,ppap,eleb
BOSCO,27,Beirando a rumba,21,ppap,eleb
BOSCO,27,Beirando a rumba,22,pppp,eleb
BOSCO,27,Beirando a rumba,23,pppp,eleb
BOSCO,27,Beirando a rumba,24,ap,el
BOSCO,27,Beirando a rumba,25,ap,el
BOSCO,27,Beirando a rumba,26,ap,el
BOSCO,28,Preta-porter de tafeta,1,Aaaap,naaln
BOSCO,28,Preta-porter de tafeta,2,upaaap,rabbn
BOSCO,28,Preta-porter de tafeta,3,ppp,gaalc
BOSCO,28,Preta-porter de tafeta,4,ppps,caln
BOSCO,28,Preta-porter de tafeta,5,Paa,nabb
BOSCO,28,Preta-porter de tafeta,6,upS,ncb
BOSCO,28,Preta-porter de tafeta,7,Apaap,nalacg
BOSCO,28,Preta-porter de tafeta,8,pPs,ln
BOSCO,28,Preta-porter de tafeta,9,APs,lan
BOSCO,28,Preta-porter de tafeta,10,AAus,bbnc
BOSCO,28,Preta-porter de tafeta,11,PaAaaAa,najln
BOSCO,28,Preta-porter de tafeta,12,AapPapPa,nrln
BOSCO,28,Preta-porter de tafeta,13,AAPsA,jlcc
BOSCO,28,Preta-porter de tafeta,14,P,n
BOSCO,28,Preta-porter de tafeta,15,AaaAaaAapPa,jlnnrb
BOSCO,28,Preta-porter de tafeta,16,Pa,gn
BOSCO,28,Preta-porter de tafeta,17,AAPpp,jlgg
BOSCO,28,Preta-porter de tafeta,18,PPpPp,nabbn
BOSCO,28,Preta-porter de tafeta,19,ppppp,etn
BOSCO,28,Preta-porter de tafeta,20,pPp,bbn
BOSCO,28,Preta-porter de tafeta,21,pppp,lnc
BOSCO,28,Preta-porter de tafeta,22,S,cg
BOSCO,28,Preta-porter de tafeta,23,Pp,gaabg
BOSCO,28,Preta-porter de tafeta,24,SPp,ngag
BOSCO,28,Preta-porter de tafeta,25,AaaaAp,bbncabg
BOSCO,29,Meu caro visconde,1,Auu,rb
BOSCO,29,Meu caro visconde,2,SuuPa,puc
BOSCO,29,Meu caro visconde,3,Suuu,gv
BOSCO,29,Meu caro visconde,4,Suuu,uh
BOSCO,29,Meu caro visconde,5,Suuu,gv
BOSCO,29,Meu caro visconde,6,uuuPs,ur
BOSCO,29,Meu caro visconde,7,Auuus,nnl
BOSCO,29,Meu caro visconde,8,aPauua,uug
BOSCO,29,Meu caro visconde,9,AuuaA,nnn
BOSCO,29,Meu caro visconde,10,Suup,gv
BOSCO,29,Meu caro visconde,11,uuuuu,ur
BOSCO,29,Meu caro visconde,12,uppauu,nucab
BOSCO,29,Meu caro visconde,13,PppPPu,unn
BOSCO,29,Meu caro visconde,14,Pppa,nnc
BOSCO,29,Meu caro visconde,15,PppPP,nrb
BOSCO,29,Meu caro visconde,16,PppPP,tgn
BOSCO,29,Meu caro visconde,17,AuuspuPpuPpPPppa,grrrrrb
BOSCO,29,Meu caro visconde,18,AuuspuPpuPpPPppa,grrrrrb
BOSCO,30,Nacao,1,uuup,grb
BOSCO,30,Nacao,2,Ppauu,gncl
BOSCO,30,Nacao,3,Suup,grb
BOSCO,30,Nacao,4,Pppau,gnnc
BOSCO,30,Nacao,5,Aps,nabb
BOSCO,30,Nacao,6,pp,nab
BOSCO,30,Nacao,7,Apppp,nnn
BOSCO,30,Nacao,8,Ap,nab
BOSCO,30,Nacao,9,u,gab
BOSCO,30,Nacao,10,PppPpa,jlnaab
BOSCO,30,Nacao,11,paa,ln
BOSCO,30,Nacao,12,paapu,gpnc
BOSCO,30,Nacao,13,AA,jb
BOSCO,30,Nacao,14,ps,naab
BOSCO,30,Nacao,15,u,gag
BOSCO,30,Nacao,16,PppPps,jlnag
BOSCO,30,Nacao,17,aaa,ggn
BOSCO,30,Nacao,18,Apppp,jpn
BOSCO,30,Nacao,19,PPPSpa,nncabab
BOSCO,30,Nacao,20,u,gaab
BOSCO,30,Nacao,21,PpppAs,jlnaab
BOSCO,30,Nacao,22,pap,bbn
BOSCO,30,Nacao,23,uSaapp,gjnn
BOSCO,30,Nacao,24,PPPSpa,nncbab
BOSCO,30,Nacao,25,PS,gn
BOSCO,30,Nacao,26,pPa,bgagag
BOSCO,30,Nacao,27,Sp,gagab
BOSCO,30,Nacao,28,papu,nnc
BOSCO,30,Nacao,29,pap,bbn
BOSCO,30,Nacao,30,PPp,nn
BOSCO,30,Nacao,31,Sp,nab
BOSCO,31,Quando o amor acontece,1,pP,ob
BOSCO,31,Quando o amor acontece,2,pa,ob
BOSCO,31,Quando o amor acontece,3,uupaa,osb
BOSCO,31,Quando o amor acontece,4,PP,ob
BOSCO,31,Quando o amor acontece,5,PP,ob
BOSCO,31,Quando o amor acontece,6,app,oj
BOSCO,31,Quando o amor acontece,7,uapPupP,gskdb
BOSCO,31,Quando o amor acontece,8,ups,efdb
BOSCO,31,Quando o amor acontece,9,uupps,osb
BOSCO,31,Quando o amor acontece,10,PPuPP,osb
BOSCO,31,Quando o amor acontece,11,PPu,oj
BOSCO,31,Quando o amor acontece,12,PPpAaA,osj
BOSCO,31,Quando o amor acontece,13,PPPuuup,ojjj
BOSCO,31,Quando o amor acontece,14,pupupuppPAp,jjjjjj
BOSCO,31,Quando o amor acontece,15,pPp,oj
BOSCO,31,Quando o amor acontece,16,PPPuuup,ojjj
BOSCO,31,Quando o amor acontece,17,pupupup,jjjj
BOSCO,31,Quando o amor acontece,18,pppPa,jjj
BOSCO,31,Quando o amor acontece,19,AAApa,ejbaaaaabae
BOSCO,32,Nossas ultimas viagens,1,uuuppsu,jjjbab
BOSCO,32,Nossas ultimas viagens,2,uuupps,jjjb
BOSCO,32,Nossas ultimas viagens,3,uuuppsu,jjjbab
BOSCO,32,Nossas ultimas viagens,4,uuupps,jjjb
BOSCO,32,Nossas ultimas viagens,5,uuuausu,jjjbab
BOSCO,32,Nossas ultimas viagens,6,uuuppsu,jjjbab
BOSCO,32,Nossas ultimas viagens,7,uuuppsu,jjjbab
BOSCO,32,Nossas ultimas viagens,8,uuuppsu,jjjbab
BOSCO,32,Nossas ultimas viagens,9,uuuppau,jjjbab
BOSCO,32,Nossas ultimas viagens,10,uuuppPu,jjjbab
BOSCO,32,Nossas ultimas viagens,11,uuuppPu,jjjbab
BOSCO,32,Nossas ultimas viagens,12,uuupppu,jjjbab
BOSCO,32,Nossas ultimas viagens,13,uuuppsu,jjjbab
BOSCO,32,Nossas ultimas viagens,14,uuuppP,jjjb
BOSCO,32,Nossas ultimas viagens,15,uuuppPu,jjjbab
BOSCO,32,Nossas ultimas viagens,16,usuAua,jjjb
BOSCO,33,Plataforma,1,PPuppAu,jtnc
BOSCO,33,Plataforma,2,PPuppAu,ntnc
BOSCO,33,Plataforma,3,PPuppp,nrn
BOSCO,33,Plataforma,4,PPuppAu,jtnc
BOSCO,33,Plataforma,5,PPuppAu,ntnc
BOSCO,33,Plataforma,6,PPPPPpaA,ntnn
BOSCO,33,Plataforma,7,PPuppAu,jtnc
BOSCO,33,Plataforma,8,PPuppAu,ntnc
BOSCO,33,Plataforma,9,PPPPPpaAp,nrnnc
BOSCO,33,Plataforma,10,pppppAu,ntnc
BOSCO,33,Plataforma,11,pppppSa,nrnc
BOSCO,33,Plataforma,12,PPPPPau,nrnc
BOSCO,33,Plataforma,13,Aaa,babgab
BOSCO,33,Plataforma,14,pppppPa,ntnab
BOSCO,33,Plataforma,15,pppppPu,ntnaab
BOSCO,33,Plataforma,16,PPPAppaA,ntnn
BOSCO,33,Plataforma,17,ppu,babgab
BOSCO,33,Plataforma,18,PPppPPp,jtnc
BOSCO,33,Plataforma,19,PPppPPp,jtnc
BOSCO,33,Plataforma,20,pSpAppp,jtnaab
BOSCO,33,Plataforma,21,uuuPPppAau,nrrnc
BOSCO,33,Plataforma,22,pppppPu,ntnab
BOSCO,33,Plataforma,23,aapp,jjb
BOSCO,33,Plataforma,24,Pu,nc
BOSCO,33,Plataforma,25,ppa,nn
BOSCO,34,Querido diario,1,APPPPPpp,ejjjj
BOSCO,34,Querido diario,2,uPPppPaP,ejjjj
BOSCO,34,Querido diario,3,APPPPPpa,ejjjj
BOSCO,34,Querido diario,4,uPPpaAapA,ejjjje
BOSCO,34,Querido diario,5,aaA,kdb
BOSCO,34,Querido diario,6,aaA,kdb
BOSCO,34,Querido diario,7,aaA,kdb
BOSCO,34,Querido diario,8,aaA,kdb
BOSCO,34,Querido diario,9,aaaA,bkdb
BOSCO,34,Querido diario,10,aaaAu,ekdbe
BOSCO,34,Querido diario,11,aaaAuS,ejjj
BOSCO,34,Querido diario,12,aaAuuapA,kdkdje
BOSCO,35,Samba do pouso,1,SsuSsuS,uun
BOSCO,35,Samba do pouso,2,PPppPPs,pvh
BOSCO,35,Samba do pouso,3,PsSPPps,ncgbob
BOSCO,35,Samba do pouso,4,apps,npb
BOSCO,35,Samba do pouso,5,a,n
BOSCO,35,Samba do pouso,6,PAAppPa,nanlcaac
BOSCO,35,Samba do pouso,7,PAAppP,nant
BOSCO,35,Samba do pouso,8,uPpp,gtc
BOSCO,35,Samba do pouso,9,PPs,nl
BOSCO,35,Samba do pouso,10,uPpp,gtb
BOSCO,35,Samba do pouso,11,uPpu,nnb
BOSCO,36,Nesta data,1,uu,jb
BOSCO,36,Nesta data,2,pppPa,eeajbb
BOSCO,36,Nesta data,3,uu,jb
BOSCO,36,Nesta data,4,pppPa,eeajbb
BOSCO,36,Nesta data,5,uuu,kdb
BOSCO,36,Nesta data,6,uuuuuuPPau,kdkdkdj
BOSCO,36,Nesta data,7,uuu,kdb
BOSCO,36,Nesta data,8,uuuuuuPPa,kdkdkdb
BOSCO,36,Nesta data,9,uuu,kdb
BOSCO,36,Nesta data,10,uuuuuuPPau,kdkdbjaeab
BOSCO,36,Nesta data,11,uuu,kdb
BOSCO,36,Nesta data,12,uuuuuuPPau,kdkdjeabe
BOSCO,36,Nesta data,13,uu,jb
BOSCO,36,Nesta data,14,uu,jb
BOSCO,36,Nesta data,15,uuPpaA,jboj
BOSCO,37,Profissionalismo e isso ai,1,uAuaA,nqb
BOSCO,37,Profissionalismo e isso ai,2,paaa,png
BOSCO,37,Profissionalismo e isso ai,3,uuuu,grc
BOSCO,37,Profissionalismo e isso ai,4,AuaA,gqb
BOSCO,37,Profissionalismo e isso ai,5,paaa,png
BOSCO,37,Profissionalismo e isso ai,6,uuuu,grc
BOSCO,37,Profissionalismo e isso ai,7,AuaAPpaau,gtrnc
BOSCO,37,Profissionalismo e isso ai,8,uuaAu,grh
BOSCO,37,Profissionalismo e isso ai,9,uuaAu,grh
BOSCO,37,Profissionalismo e isso ai,10,AuaAu,grh
BOSCO,37,Profissionalismo e isso ai,11,AuaA,grc
BOSCO,37,Profissionalismo e isso ai,12,AauAPpaps,grrng
BOSCO,37,Profissionalismo e isso ai,13,uauAPaua,nmtn
BOSCO,37,Profissionalismo e isso ai,14,uauAPpaAu,gtrnc
BOSCO,37,Profissionalismo e isso ai,15,uaAPpaPu,gmtnc
BOSCO,37,Profissionalismo e isso ai,16,uuuPuuuaaA,grrrc
BOSCO,37,Profissionalismo e isso ai,17,Au,nc
BOSCO,37,Profissionalismo e isso ai,18,AuaA,grb
BOSCO,37,Profissionalismo e isso ai,19,APpa,pnab
BOSCO,37,Profissionalismo e isso ai,20,Aa,nab
BOSCO,37,Profissionalismo e isso ai,21,Ss,nab
BOSCO,37,Profissionalismo e isso ai,22,Au,nc
BOSCO,37,Profissionalismo e isso ai,23,AuaA,grb
BOSCO,37,Profissionalismo e isso ai,24,APpa,pnab
BOSCO,38,Siameses,1,PPppau,sse
BOSCO,38,Siameses,2,pAppau,osj
BOSCO,38,Siameses,3,PppPa,ejjb
BOSCO,38,Siameses,4,pAppau,osj
BOSCO,38,Siameses,5,Aapapu,gvj
BOSCO,38,Siameses,6,Apppp,ebsb
BOSCO,38,Siameses,7,Auuu,esb
BOSCO,38,Siameses,8,pApppus,ovbab
BOSCO,38,Siameses,9,pPua,ejj
BOSCO,38,Siameses,10,AapPps,ejjbab
BOSCO,38,Siameses,11,PPppA,osb
BOSCO,38,Siameses,12,aapSpsSpsu,kdkdkdbb
BOSCO,38,Siameses,13,PPppA,ejjb
BOSCO,38,Siameses,14,aapSpppApsu,kdkdjobe
BOSCO,38,Siameses,15,PPppAu,ejjj
BOSCO,38,Siameses,16,PppsS,fsbe
BOSCO,38,Siameses,17,PppPpaapu,ossj
BOSCO,38,Siameses,18,PPpps,osb
BOSCO,38,Siameses,19,PPppsu,osbb
BOSCO,38,Siameses,20,PAaAsu,osbb
BOSCO,39,O bebado e a equilibrista,1,Au,ng
BOSCO,39,O bebado e a equilibrista,2,Apppp,nnn
BOSCO,39,O bebado e a equilibrista,3,Su,ng
BOSCO,39,O bebado e a equilibrista,4,Apppa,nnn
BOSCO,39,O bebado e a equilibrista,5,Pu,nab
BOSCO,39,O bebado e a equilibrista,6,pApAp,bnanag
BOSCO,39,O bebado e a equilibrista,7,Au,ng
BOSCO,39,O bebado e a equilibrista,8,PPpppaA,nnnn
BOSCO,39,O bebado e a equilibrista,9,PPppppPu,nnnnab
BOSCO,39,O bebado e a equilibrista,10,PPSps,nnaabg
BOSCO,39,O bebado e a equilibrista,11,Au,ebe
BOSCO,39,O bebado e a equilibrista,12,PPppSaa,nnnn
BOSCO,39,O bebado e a equilibrista,13,aapSaapp,nnnnaab
BOSCO,39,O bebado e a equilibrista,14,pAp,babgaab
BOSCO,39,O bebado e a equilibrista,15,s,bab
BOSCO,39,O bebado e a equilibrista,16,PPppppAp,nnnnaab
BOSCO,39,O bebado e a equilibrista,17,ppaappSp,nnnnab
BOSCO,39,O bebado e a equilibrista,18,PPPPa,nnaabb
BOSCO,39,O bebado e a equilibrista,19,uapp,crc
BOSCO,40,Tenho dito,1,ppPpPpPs,ejjte
BOSCO,40,Tenho dito,2,ppaa,eet
BOSCO,40,Tenho dito,3,uuuuupApaa,ejjjkde
BOSCO,40,Tenho dito,4,ppaa,eet
BOSCO,40,Tenho dito,5,PaPpPpPu,ejjte
BOSCO,40,Tenho dito,6,PPPpppSP,kdkdjaae
BOSCO,40,Tenho dito,7,upPpPpPs,ejjte
BOSCO,40,Tenho dito,8,as,eee
BOSCO,40,Tenho dito,9,upPuupApaa,ejjjkde
BOSCO,40,Tenho dito,10,pas,fdl
BOSCO,40,Tenho dito,11,upPpPpPa,ejjbje
BOSCO,40,Tenho dito,12,PPPPP,kdkd
BOSCO,40,Tenho dito,13,PPAp,fdkd
BOSCO,40,Tenho dito,14,paApapa,fdkdkd
BOSCO,40,Tenho dito,15,AsPp,baaabaej
BOSCO,40,Tenho dito,16,uuuu,fdkd
BOSCO,40,Tenho dito,17,upA,fdbb
BOSCO,40,Tenho dito,18,appPa,eejee
BOSCO,40,Tenho dito,19,ppau,ejj
BOSCO,40,Tenho dito,20,ppuAaAu,jjjj
BOSCO,40,Tenho dito,21,aaa,jl
BOSCO,40,Tenho dito,22,uApppPP,kdfdkd
BOSCO,40,Tenho dito,23,uAuauAup,eejjt
BOSCO,40,Tenho dito,24,uaaa,ejl
BOSCO,40,Tenho dito,25,uAppppp,kdfdbeae
BOSCO,41,Trilha sonora,1,uuuppuPap,vumg
BOSCO,41,Trilha sonora,2,PPppupPs,ekdbpbg
BOSCO,41,Trilha sonora,3,uuuppp,usb
BOSCO,41,Trilha sonora,4,aAPaPu,bgvac
BOSCO,41,Trilha sonora,5,PPaPu,gvac
BOSCO,41,Trilha sonora,6,PPaP,gv
BOSCO,41,Trilha sonora,7,pPaPs,pug
BOSCO,41,Trilha sonora,8,PPaPA,gsbb
BOSCO,41,Trilha sonora,9,uuppua,bdkdj
BOSCO,41,Trilha sonora,10,Aaaap,gvb
BOSCO,41,Trilha sonora,11,Puuupppa,naosj
BOSCO,41,Trilha sonora,12,PSu,obaaab
BOSCO,41,Trilha sonora,13,suuu,gqb
BOSCO,41,Trilha sonora,14,pPupPu,oqbc
BOSCO,41,Trilha sonora,15,supPu,gqbc
BOSCO,41,Trilha sonora,16,PupP,gqb
BOSCO,41,Trilha sonora,17,supP,gv
BOSCO,41,Trilha sonora,18,aupP,gqb
BOSCO,41,Trilha sonora,19,aupP,gv
BOSCO,41,Trilha sonora,20,aupP,gqb
BOSCO,42,Oficio de um puxador,1,AuuuaPapa,nnmbnab
BOSCO,42,Oficio de um puxador,2,a,bg
BOSCO,42,Oficio de um puxador,3,a,bg
BOSCO,42,Oficio de um puxador,4,s,bg
BOSCO,42,Oficio de um puxador,5,pppappppPPAs,gnnnnnn
BOSCO,42,Oficio de um puxador,6,PPAA,gnn
BOSCO,42,Oficio de um puxador,7,ppp,nabb
BOSCO,42,Oficio de um puxador,8,pppappppPPAs,gnnnnnn
BOSCO,42,Oficio de um puxador,9,PPApPPA,gnnnc
BOSCO,42,Oficio de um puxador,10,Supupa,gjln
BOSCO,42,Oficio de um puxador,11,uuuppA,nncn
BOSCO,42,Oficio de um puxador,12,Suuppau,grbnag
BOSCO,42,Oficio de um puxador,13,AuuppAa,grrc
BOSCO,42,Oficio de um puxador,14,uuuAaA,grbn
BOSCO,42,Oficio de um puxador,15,uuuPsppA,njbnn
BOSCO,42,Oficio de um puxador,16,uuuupapp,grrn
BOSCO,42,Oficio de um puxador,17,uuPP,gjl
BOSCO,42,Oficio de um puxador,18,pAusPPsup,nncrbb
BOSCO,42,Oficio de um puxador,19,papPPPpPPaA,rnnnnc
BOSCO,42,Oficio de um puxador,20,uuuPaapp,grrn
BOSCO,42,Oficio de um puxador,21,uuuP,grb
BOSCO,42,Oficio de um puxador,22,PpAusuAusp,gnnnrc
BOSCO,42,Oficio de um puxador,23,pppPPp,rrc
BOSCO,42,Oficio de um puxador,24,pp,jb
BOSCO,42,Oficio de um puxador,25,AuuuaP,nnmb
BOSCO,42,Oficio de um puxador,26,pa,nab
BOSCO,42,Oficio de um puxador,27,ppaAp,bbnn
BOSCO,42,Oficio de um puxador,28,uuuu,nnc
BOSCO,42,Oficio de um puxador,29,PuuuuuA,nnrb
BOSCO,42,Oficio de um puxador,30,PuuuuAps,nnncn
BOSCO,43,Papel mache,1,uuu,sb
BOSCO,43,Papel mache,2,uuu,sb
BOSCO,43,Papel mache,3,upPsPPupP,sbjsb
BOSCO,43,Papel mache,4,aA,ob
BOSCO,43,Papel mache,5,aPAAS,osb
BOSCO,43,Papel mache,6,pAuaA,pqb
BOSCO,43,Papel mache,7,PPPpua,oboj
BOSCO,43,Papel mache,8,Auuuuuua,ekdkdj
BOSCO,43,Papel mache,9,Suuu,gsb
BOSCO,43,Papel mache,10,ppupP,osb
BOSCO,43,Papel mache,11,ppupP,osb
BOSCO,43,Papel mache,12,ppuuup,obakdb
BOSCO,43,Papel mache,13,Auuua,gsj
BOSCO,43,Papel mache,14,SuuuppaupP,gbobosb
BOSCO,43,Papel mache,15,PSuuu,osb
BOSCO,43,Papel mache,16,pauuu,objb
BOSCO,43,Papel mache,17,Suuuuuua,ekdkdj
BOSCO,44,Violeta de Belford Roxo,1,uuuuuu,ejjj
BOSCO,44,Violeta de Belford Roxo,2,app,jbb
BOSCO,44,Violeta de Belford Roxo,3,Ppp,jbb
BOSCO,44,Violeta de Belford Roxo,4,uuuuuu,ejjj
BOSCO,44,Violeta de Belford Roxo,5,uapp,ejbb
BOSCO,44,Violeta de Belford Roxo,6,Ppp,jbb
BOSCO,44,Violeta de Belford Roxo,7,uuuuuuu,ejaejj
BOSCO,44,Violeta de Belford Roxo,8,uuuPauA,ejjjb
BOSCO,44,Violeta de Belford Roxo,9,uuuuuuu,ejsj
BOSCO,44,Violeta de Belford Roxo,10,uuuuuau,ejsj
BOSCO,44,Violeta de Belford Roxo,11,uuuuuuu,ojjj
BOSCO,44,Violeta de Belford Roxo,12,uuuuPsu,ejsj
BOSCO,44,Violeta de Belford Roxo,13,uuuuuuuu,ejaojj
BOSCO,44,Violeta de Belford Roxo,14,uuuuuuu,esjeb
BOSCO,44,Violeta de Belford Roxo,15,PPuuuu,obaasb
BOSCO,44,Violeta de Belford Roxo,16,puPpu,esj
BOSCO,44,Violeta de Belford Roxo,17,uuuuuuSppup,ejojsbb
BOSCO,44,Violeta de Belford Roxo,18,upuSppp,ojoj
BOSCO,44,Violeta de Belford Roxo,19,PpPpPpu,jjbej
BOSCO,44,Violeta de Belford Roxo,20,uuSpa,ejaeeb
BOSCO,44,Violeta de Belford Roxo,21,PpPpPp,jjbeb
BOSCO,44,Violeta de Belford Roxo,22,uSpPa,fdbjb
BOSCO,44,Violeta de Belford Roxo,23,puPpPp,esbeb
BOSCO,44,Violeta de Belford Roxo,24,uuSppp,ebjfdb
BOSCO,44,Violeta de Belford Roxo,25,pSppup,fdbafdbaaab
BOSCO,44,Violeta de Belford Roxo,26,uuSppp,kdbaajb
BOSCO,44,Violeta de Belford Roxo,27,uuuSppp,objej
BOSCO,44,Violeta de Belford Roxo,28,uuuSpa,jjjb
BOSCO,45,Siri recheado e o cacete,1,PApaPPPAA,ejjrn
BOSCO,45,Siri recheado e o cacete,2,app,gnc
BOSCO,45,Siri recheado e o cacete,3,app,gnc
BOSCO,45,Siri recheado e o cacete,4,paap,gnn
BOSCO,45,Siri recheado e o cacete,5,uApppPAAA,nnnnn
BOSCO,45,Siri recheado e o cacete,6,suupPP,gnrc
BOSCO,45,Siri recheado e o cacete,7,ppaApaa,gcnrb
BOSCO,45,Siri recheado e o cacete,8,uuaPupua,gnnnn
BOSCO,45,Siri recheado e o cacete,9,Ps,r
BOSCO,45,Siri recheado e o cacete,10,PspPa,jln
BOSCO,45,Siri recheado e o cacete,11,uuuuuS,nnr
BOSCO,45,Siri recheado e o cacete,12,uupppuauua,urnmb
BOSCO,45,Siri recheado e o cacete,13,AuuuuuAuusPPPa,nntrrn
BOSCO,45,Siri recheado e o cacete,14,pppaau,nnt
BOSCO,45,Siri recheado e o cacete,15,ppAsA,nnj
BOSCO,45,Siri recheado e o cacete,16,paappu,nnnc
BOSCO,45,Siri recheado e o cacete,17,upAsA,nnj
BOSCO,45,Siri recheado e o cacete,18,ppaap,nnn
BOSCO,45,Siri recheado e o cacete,19,AApppaa,nnnn
BOSCO,45,Siri recheado e o cacete,20,uuPuuPu,gnrj
BOSCO,45,Siri recheado e o cacete,21,uuuppp,gnrb
BOSCO,46,Denuncia vazia,1,Spaa,bbbbb
BOSCO,46,Denuncia vazia,2,psAsSsSsS,bjjjjb
BOSCO,46,Denuncia vazia,3,Aaa,ebabab
BOSCO,46,Denuncia vazia,4,sSpaa,babbbbb
BOSCO,46,Denuncia vazia,5,psAsSsSp,bjjjj
BOSCO,46,Denuncia vazia,6,PSpp,okb
BOSCO,46,Denuncia vazia,7,psSsS,bajjb
BOSCO,46,Denuncia vazia,8,aa,babab
BOSCO,47,Tabelas,1,ppppPPu,usj
BOSCO,47,Tabelas,2,ppppPPu,usj
BOSCO,47,Tabelas,3,SpppApa,esjj
BOSCO,47,Tabelas,4,ppppPP,usb
BOSCO,47,Tabelas,5,uPPppAs,usj
BOSCO,47,Tabelas,6,ppppP,osb
BOSCO,47,Tabelas,7,ppppAuu,usj
BOSCO,47,Tabelas,8,ppppSpu,usj
BOSCO,47,Tabelas,9,uPPppA,usb
BOSCO,47,Tabelas,10,pppppPPu,uvj
BOSCO,47,Tabelas,11,Ppppppu,usj
BOSCO,47,Tabelas,12,PppPA,jsb
BOSCO,47,Tabelas,13,PPppApu,pvj
BOSCO,47,Tabelas,14,PPaPPpu,pvj
BOSCO,47,Tabelas,15,PPpaPPPu,fssj
BOSCO,47,Tabelas,16,pPapP,osb
BOSCO,47,Tabelas,17,PPpppp,ssb
BOSCO,47,Tabelas,18,PpPau,fsj
BOSCO,47,Tabelas,19,PupPu,fsj
BOSCO,47,Tabelas,20,PPPPu,fsj
BOSCO,47,Tabelas,21,PPPPu,osc
BOSCO,48,Terra dourada,1,Auuu,gqb
BOSCO,48,Terra dourada,2,AuaA,gre
BOSCO,48,Terra dourada,3,supPpa,gbum
BOSCO,48,Terra dourada,4,AuaA,grb
BOSCO,48,Terra dourada,5,Suuu,grc
BOSCO,48,Terra dourada,6,Suuu,ebjb
BOSCO,48,Terra dourada,7,Suuu,grc
BOSCO,48,Terra dourada,8,SupP,erc
BOSCO,48,Terra dourada,9,aupPs,gbnbab
BOSCO,48,Terra dourada,10,auuu,grc
BOSCO,48,Terra dourada,11,suuuA,grn
BOSCO,48,Terra dourada,12,upP,bmb
BOSCO,48,Terra dourada,13,suuu,grc
BOSCO,48,Terra dourada,14,suaA,grc
BOSCO,48,Terra dourada,15,suaA,grc
BOSCO,48,Terra dourada,16,suaA,crc
BOSCO,48,Terra dourada,17,auuupp,gvm
BOSCO,48,Terra dourada,18,auuupp,ngrb
BOSCO,48,Terra dourada,19,PaupP,prc
BOSCO,48,Terra dourada,20,Pp,gh
BOSCO,48,Terra dourada,21,Sa,cbe
BOSCO,48,Terra dourada,22,pa,baabe
BOSCO,48,Terra dourada,23,aa,bcb
BOSCO,48,Terra dourada,24,pa,gl
BOSCO,49,Tiro de misericordia,1,uuuuupPppaAu,nrrrh
BOSCO,49,Tiro de misericordia,2,pppPu,grh
BOSCO,49,Tiro de misericordia,3,pppP,grb
BOSCO,49,Tiro de misericordia,4,uuuuupPppaAu,nrrrh
BOSCO,49,Tiro de misericordia,5,pppPu,grh
BOSCO,49,Tiro de misericordia,6,pppPu,grh
BOSCO,49,Tiro de misericordia,7,Suuuupp,grnj
BOSCO,49,Tiro de misericordia,8,AuuuPuu,ernm
BOSCO,49,Tiro de misericordia,9,SuuuaAuapPu,ernrnc
BOSCO,49,Tiro de misericordia,10,Suuuupp,ernj
BOSCO,49,Tiro de misericordia,11,AuuuPsu,ernn
BOSCO,49,Tiro de misericordia,12,SuuuaAuapPuu,ernrnm
BOSCO,50,Um por todos,1,uAupppau,ejjjj
BOSCO,50,Um por todos,2,uAupppau,ejjjj
BOSCO,50,Um por todos,3,uAupppa,ejjjb
BOSCO,50,Um por todos,4,uAuAuPsu,ejjjj
BOSCO,50,Um por todos,5,PPPPPp,ejjj
BOSCO,50,Um por todos,6,pppPu,eejj
BOSCO,50,Um por todos,7,pPpppPu,jeejj
BOSCO,50,Um por todos,8,pPpppPp,kdkdj
BOSCO,50,Um por todos,9,pppPu,eejbb
BOSCO,50,Um por todos,10,sSuu,bjbb
BOSCO,50,Um por todos,11,paPPAu,ejjj
BOSCO,50,Um por todos,12,PSuu,ejbb
BOSCO,50,Um por todos,13,paPPA,fdkdb
BOSCO,50,Um por todos,14,Suuu,jbl
BOSCO,50,Um por todos,15,SuuP,jbl
BOSCO,50,Um por todos,16,SuuusSupP,jbbkdbj
BOSCO,50,Um por todos,17,sSu,bjb
BOSCO,50,Um por todos,18,paPPAsSuu,fdkdjje
BOSCO,50,Um por todos,19,paPPAsSuuu,fdkdbjbl
BOSCO,50,Um por todos,20,SuuP,jbl
BOSCO,50,Um por todos,21,SuusSupP,jbakdbj
CAETANO,1,A filha da Chiquita Bacana,1,Ppaa,ebje
CAETANO,1,A filha da Chiquita Bacana,2,uauAAa,jjje
CAETANO,1,A filha da Chiquita Bacana,3,APuup,jbje
CAETANO,1,A filha da Chiquita Bacana,4,PPPpppP,jbjej
CAETANO,1,A filha da Chiquita Bacana,5,uppP,ejbb
CAETANO,1,A filha da Chiquita Bacana,6,uppAps,ejjj
CAETANO,1,A filha da Chiquita Bacana,7,uppApa,ejjj
CAETANO,1,A filha da Chiquita Bacana,8,aSpp,jbj
CAETANO,1,A filha da Chiquita Bacana,9,uuup,ejj
CAETANO,1,A filha da Chiquita Bacana,10,aa,bbb
CAETANO,1,A filha da Chiquita Bacana,11,uPpp,ejj
CAETANO,1,A filha da Chiquita Bacana,12,aa,bbb
CAETANO,1,A filha da Chiquita Bacana,13,uPpp,ejj
CAETANO,1,A filha da Chiquita Bacana,14,uAaa,jbj
CAETANO,1,A filha da Chiquita Bacana,15,uupPPpp,jjjj
CAETANO,1,A filha da Chiquita Bacana,16,aa,bbb
CAETANO,1,A filha da Chiquita Bacana,17,pPpPPpp,jjjj
CAETANO,1,A filha da Chiquita Bacana,18,aa,bbb
CAETANO,1,A filha da Chiquita Bacana,19,uPPp,ejj
CAETANO,1,A filha da Chiquita Bacana,20,Appp,jbj
CAETANO,2,A outra banda da terra,1,APpu,ebaaeaee
CAETANO,2,A outra banda da terra,2,Aupup,ebbaabaj
CAETANO,2,A outra banda da terra,3,ApA,ebaaaj
CAETANO,2,A outra banda da terra,4,App,jaaabb
CAETANO,2,A outra banda da terra,5,Appp,jaaabbb
CAETANO,2,A outra banda da terra,6,APPppa,erje
CAETANO,2,A outra banda da terra,7,Apu,ejb
CAETANO,2,A outra banda da terra,8,APPpsSPPppapP,erjrjr
CAETANO,2,A outra banda da terra,9,APPppa,erje
CAETANO,2,A outra banda da terra,10,APPppa,erje
CAETANO,2,A outra banda da terra,11,APPppap,erjj
CAETANO,3,Atras do trio eletrico,1,ppppp,ejq
CAETANO,3,Atras do trio eletrico,2,AAs,nj
CAETANO,3,Atras do trio eletrico,3,AAp,nj
CAETANO,3,Atras do trio eletrico,4,AAapas,ejjj
CAETANO,3,Atras do trio eletrico,5,As,ej
CAETANO,3,Atras do trio eletrico,6,SpsAAsA,ejjjb
CAETANO,3,Atras do trio eletrico,7,ApsAAsAAAps,ejjjjjb
CAETANO,3,Atras do trio eletrico,8,AaAaAaAauuA,elllvb
CAETANO,3,Atras do trio eletrico,9,uuAp,uj
CAETANO,3,Atras do trio eletrico,10,AaAaAaAauuA,glllvb
CAETANO,3,Atras do trio eletrico,11,uuAp,uj
CAETANO,3,Atras do trio eletrico,12,AuaAauAauAauuA,gtttvb
CAETANO,3,Atras do trio eletrico,13,uuAP,uj
CAETANO,3,Atras do trio eletrico,14,AaAaAapauuA,glllvb
CAETANO,3,Atras do trio eletrico,15,uuAP,uj
CAETANO,4,Baby,1,A,eb
CAETANO,4,Baby,2,uppuPAP,esjj
CAETANO,4,Baby,3,Sppa,ejj
CAETANO,4,Baby,4,Sppa,ejj
CAETANO,4,Baby,5,Sppa,ejj
CAETANO,4,Baby,6,A,eb
CAETANO,4,Baby,7,uppPAA,esjb
CAETANO,4,Baby,8,pp,q
CAETANO,4,Baby,9,s,bb
CAETANO,4,Baby,10,ApPp,esb
CAETANO,4,Baby,11,pp,q
CAETANO,4,Baby,12,s,bb
CAETANO,4,Baby,13,ApPp,esb
CAETANO,5,Cajuina,1,pPa,glb
CAETANO,5,Cajuina,2,uuuuupAu,glllbg
CAETANO,5,Cajuina,3,uua,glb
CAETANO,5,Cajuina,4,uuuuupAu,glllbg
CAETANO,5,Cajuina,5,upp,glb
CAETANO,5,Cajuina,6,uaAuupAu,glllbg
CAETANO,5,Cajuina,7,upp,glb
CAETANO,5,Cajuina,8,uuuuupAu,glllbg
CAETANO,5,Cajuina,9,uauaupupupuu,glllllbg
CAETANO,5,Cajuina,10,AAAppuaaPPPu,glllllbg
CAETANO,5,Cajuina,11,AAAppppaPPPu,glllllbg
CAETANO,5,Cajuina,12,upupupupupu,glllllb
CAETANO,6,Cinema Olimpia,1,ASp,kdb
CAETANO,6,Cinema Olimpia,2,pPpppaA,osbaabb
CAETANO,6,Cinema Olimpia,3,ASp,kdb
CAETANO,6,Cinema Olimpia,4,pPpppaASp,osbjeb
CAETANO,6,Cinema Olimpia,5,PpAupp,ejjj
CAETANO,6,Cinema Olimpia,6,pp,ej
CAETANO,6,Cinema Olimpia,7,ppp,ejb
CAETANO,6,Cinema Olimpia,8,PpAuppupp,ejbjjj
CAETANO,6,Cinema Olimpia,9,PpAuppPPA,ejjjej
CAETANO,6,Cinema Olimpia,10,aaA,jeb
CAETANO,6,Cinema Olimpia,11,uuPp,jjb
CAETANO,6,Cinema Olimpia,12,AuuPpPu,ejjbbb
CAETANO,6,Cinema Olimpia,13,aaA,jeb
CAETANO,6,Cinema Olimpia,14,uuPp,jjb
CAETANO,6,Cinema Olimpia,15,AuuPpPu,ejjbbb
CAETANO,7,Chuva suor e cerveja,1,uuupu,jjj
CAETANO,7,Chuva suor e cerveja,2,Auuupup,ejjje
CAETANO,7,Chuva suor e cerveja,3,ppPPA,ejje
CAETANO,7,Chuva suor e cerveja,4,uuupu,jjj
CAETANO,7,Chuva suor e cerveja,5,Auuupu,ejjj
CAETANO,7,Chuva suor e cerveja,6,uuupPPA,ejjje
CAETANO,7,Chuva suor e cerveja,7,uuupu,jjj
CAETANO,7,Chuva suor e cerveja,8,Auuupu,ejjj
CAETANO,7,Chuva suor e cerveja,9,uppPPP,ejjj
CAETANO,7,Chuva suor e cerveja,10,aAp,eeee
CAETANO,7,Chuva suor e cerveja,11,aAa,eeee
CAETANO,7,Chuva suor e cerveja,12,aPppa,eejj
CAETANO,7,Chuva suor e cerveja,13,AaAp,jeee
CAETANO,7,Chuva suor e cerveja,14,aAa,eeee
CAETANO,7,Chuva suor e cerveja,15,aPppA,eejj
CAETANO,7,Chuva suor e cerveja,16,AaAaAaA,glllb
CAETANO,7,Chuva suor e cerveja,17,AaApaA,gljj
CAETANO,7,Chuva suor e cerveja,18,AaAaAaA,gljjb
CAETANO,7,Chuva suor e cerveja,19,AaAPPPu,gljje
CAETANO,7,Chuva suor e cerveja,20,AsAsA,ejjb
CAETANO,8,Coracao vagabundo,1,PpPpPpPpPp,kdkdkdi
CAETANO,8,Coracao vagabundo,2,pPpPpPppPp,dkdkdkdb
CAETANO,8,Coracao vagabundo,3,PpPpPpPpP,kdkdkdb
CAETANO,8,Coracao vagabundo,4,PPPpPpPpPpP,fdkdkdkdb
CAETANO,8,Coracao vagabundo,5,PpPpPpPpPp,kdkdkdi
CAETANO,8,Coracao vagabundo,6,pPpPpPPAas,dkdkdkdb
CAETANO,8,Coracao vagabundo,7,pppppAp,kdkdi
CAETANO,8,Coracao vagabundo,8,uppPAupA,djjbbbab
CAETANO,8,Coracao vagabundo,9,pppppAp,kdkdi
CAETANO,8,Coracao vagabundo,10,uppPAupp,djjbbbab
CAETANO,9,Alegria alegria,1,aAaSaPu,ejjjc
CAETANO,9,Alegria alegria,2,ppPppPu,gjjjc
CAETANO,9,Alegria alegria,3,aAaSaPu,gjjjae
CAETANO,9,Alegria alegria,4,P,bb
CAETANO,9,Alegria alegria,5,aAaSaPu,ejjjc
CAETANO,9,Alegria alegria,6,ppPppPu,gjjjc
CAETANO,9,Alegria alegria,7,aAaSaPuu,gjjjbe
CAETANO,9,Alegria alegria,8,P,bb
CAETANO,9,Alegria alegria,9,aAaPpAa,gjjjc
CAETANO,9,Alegria alegria,10,aAaPpA,gjjj
CAETANO,9,Alegria alegria,11,aAaPpAa,gjjjc
CAETANO,9,Alegria alegria,12,aAaPpu,gjjj
CAETANO,9,Alegria alegria,13,ppaaP,ejjb
CAETANO,9,Alegria alegria,14,Au,je
CAETANO,9,Alegria alegria,15,ppaaPu,ejjbab
CAETANO,9,Alegria alegria,16,Au,je
CAETANO,9,Alegria alegria,17,ppaaPu,ejjbab
CAETANO,9,Alegria alegria,18,puaAaSaPu,bljjjc
CAETANO,9,Alegria alegria,19,ppPppPu,gjjjc
CAETANO,9,Alegria alegria,20,aAaSaP,gjjj
CAETANO,9,Alegria alegria,21,P,bb
CAETANO,9,Alegria alegria,22,uaAA,bbaej
CAETANO,9,Alegria alegria,23,AA,ej
CAETANO,9,Alegria alegria,24,AA,ej
CAETANO,9,Alegria alegria,25,AA,ej
CAETANO,10,A tua presenca morena,1,upPau,gvc
CAETANO,10,A tua presenca morena,2,uuuuuuupuuuuup,guvuv
CAETANO,10,A tua presenca morena,3,upPau,gvc
CAETANO,10,A tua presenca morena,4,uuuupuuuup,ptuq
CAETANO,10,A tua presenca morena,5,uupPau,nvc
CAETANO,10,A tua presenca morena,6,uuuuuupuuuup,pvvq
CAETANO,10,A tua presenca morena,7,uupPau,nvc
CAETANO,10,A tua presenca morena,8,uuuuuupuuuup,pvvq
CAETANO,10,A tua presenca morena,9,upPau,gvc
CAETANO,10,A tua presenca morena,10,uuuupuuuupuuupPau,gttttvc
CAETANO,10,A tua presenca morena,11,uuuuuupuuup,puvr
CAETANO,10,A tua presenca morena,12,uupPau,nvc
CAETANO,10,A tua presenca morena,13,uuuuupu,pmrb
CAETANO,10,A tua presenca morena,14,uuupuuuuuuppPa,pmrtrl
CAETANO,11,Avarandado,1,uPPppAu,kdkdbab
CAETANO,11,Avarandado,2,PPuppSp,eejjbab
CAETANO,11,Avarandado,3,PPuppSu,eejjbe
CAETANO,11,Avarandado,4,ppaAppu,jkdbj
CAETANO,11,Avarandado,5,PPuppAu,eejjbab
CAETANO,11,Avarandado,6,PPuppSu,eejjbe
CAETANO,11,Avarandado,7,uPPppau,kdkdbe
CAETANO,11,Avarandado,8,ppaAPPu,jkdfdb
CAETANO,11,Avarandado,9,ppaAPPu,fdkdfdb
CAETANO,11,Avarandado,10,uPPppAu,kdkdbab
CAETANO,11,Avarandado,11,uPPppSp,kdkdbab
CAETANO,11,Avarandado,12,uPPppSu,ejkdbe
CAETANO,11,Avarandado,13,ppaAppu,jbjbj
CAETANO,11,Avarandado,14,AppS,ebbj
CAETANO,11,Avarandado,15,Appu,jbj
CAETANO,11,Avarandado,16,AppS,fdbj
CAETANO,11,Avarandado,17,Appu,jbj
CAETANO,11,Avarandado,18,Appu,fdbj
CAETANO,12,Beleza pura,1,pppPpsP,ejjjb
CAETANO,12,Beleza pura,2,uuupa,ejlb
CAETANO,12,Beleza pura,3,psP,ejb
CAETANO,12,Beleza pura,4,uuupa,ejlb
CAETANO,12,Beleza pura,5,psP,ejb
CAETANO,12,Beleza pura,6,PpPpPpPpPpPpa,ssssj
CAETANO,12,Beleza pura,7,paA,jj
CAETANO,12,Beleza pura,8,pPpPpPpPpPpa,osssj
CAETANO,12,Beleza pura,9,paA,jj
CAETANO,12,Beleza pura,10,pPpPpPpPpPpa,osssj
CAETANO,12,Beleza pura,11,paApa,jjm
CAETANO,12,Beleza pura,12,paApa,jjm
CAETANO,13,Cavaleiro de Jorge,1,uuAapp,jjje
CAETANO,13,Cavaleiro de Jorge,2,SpaA,ejj
CAETANO,13,Cavaleiro de Jorge,3,ApaS,ejj
CAETANO,13,Cavaleiro de Jorge,4,Pp,je
CAETANO,13,Cavaleiro de Jorge,5,aaaAAAp,jjjj
CAETANO,13,Cavaleiro de Jorge,6,aaAAPP,ejjj
CAETANO,13,Cavaleiro de Jorge,7,aaaAAP,ejjj
CAETANO,13,Cavaleiro de Jorge,8,aaaAAAp,jjjj
CAETANO,13,Cavaleiro de Jorge,9,aaSpaa,ejjj
CAETANO,13,Cavaleiro de Jorge,10,aaApaa,ejjj
CAETANO,13,Cavaleiro de Jorge,11,uuAap,jjj
CAETANO,13,Cavaleiro de Jorge,12,ApaA,ejj
CAETANO,13,Cavaleiro de Jorge,13,ApaSpaa,ejjaje
CAETANO,14,Como dois e dois,1,ppAuuau,sbebeb
CAETANO,14,Como dois e dois,2,aPPaPPPPPa,sssbab
CAETANO,14,Como dois e dois,3,ppAppAp,ssh
CAETANO,14,Como dois e dois,4,PaA,sb
CAETANO,14,Como dois e dois,5,ppAppAppSpp,ssslb
CAETANO,14,Como dois e dois,6,aa,pb
CAETANO,14,Como dois e dois,7,ppaAppaAuaa,plssh
CAETANO,14,Como dois e dois,8,ppaAppaAuap,phvjj
CAETANO,15,Drama,1,appPPP,ejub
CAETANO,15,Drama,2,upupa,ejaaob
CAETANO,15,Drama,3,PPPPp,vj
CAETANO,15,Drama,4,ua,ej
CAETANO,15,Drama,5,ua,ej
CAETANO,15,Drama,6,AuuupPApppa,essjpb
CAETANO,15,Drama,7,Pppu,oib
CAETANO,15,Drama,8,PpAa,jje
CAETANO,15,Drama,9,PpAa,ejj
CAETANO,15,Drama,10,upPpPppSA,pjpjaeb
CAETANO,15,Drama,11,ppppp,ebsb
CAETANO,15,Drama,12,ppppPaAu,ejjjj
CAETANO,15,Drama,13,psSu,sj
CAETANO,15,Drama,14,PpAapu,sjj
CAETANO,15,Drama,15,uAauuPpAa,ojejej
CAETANO,15,Drama,16,upAppSs,gvbaj
CAETANO,15,Drama,17,pppppu,ejjj
CAETANO,15,Drama,18,ppAppAs,sbpj
CAETANO,15,Drama,19,AppppaSpp,ejjjpb
CAETANO,15,Drama,20,ppAppAs,sbpj
CAETANO,15,Drama,21,AppppaSpp,ejjjob
CAETANO,16,Luz do sol,1,ps,jb
CAETANO,16,Luz do sol,2,PPPpsP,sbjb
CAETANO,16,Luz do sol,3,aAA,ejb
CAETANO,16,Luz do sol,4,Appaapppu,ejjjjb
CAETANO,16,Luz do sol,5,uuuua,vj
CAETANO,16,Luz do sol,6,uuuuPApa,vtm
CAETANO,16,Luz do sol,7,uuuua,vj
CAETANO,16,Luz do sol,8,uuuuPAp,vte
CAETANO,16,Luz do sol,9,PpPpPu,vq
CAETANO,16,Luz do sol,10,pPpPp,uq
CAETANO,16,Luz do sol,11,pPpPpa,uqb
CAETANO,16,Luz do sol,12,PpPpPp,vpb
CAETANO,16,Luz do sol,13,pPpPp,gvb
CAETANO,16,Luz do sol,14,pPpPpa,psj
CAETANO,16,Luz do sol,15,PpPpPp,vt
CAETANO,16,Luz do sol,16,pPpPp,uq
CAETANO,16,Luz do sol,17,pPpPpa,osh
CAETANO,16,Luz do sol,18,Aa,ebb
CAETANO,16,Luz do sol,19,Ps,ebb
CAETANO,16,Luz do sol,20,ps,jb
CAETANO,16,Luz do sol,21,PPPpsP,sbjb
CAETANO,16,Luz do sol,22,aAA,ejb
CAETANO,16,Luz do sol,23,Appaapppu,ejjjjb
CAETANO,17,Dom de iludir,1,PPaPPpPPaPPppP,jbjkdbjkdb
CAETANO,17,Dom de iludir,2,PPaPPuPPaPPppP,jbjbjbjkdb
CAETANO,17,Dom de iludir,3,PPaPPpPPaPPppP,jbjbjbjbjb
CAETANO,17,Dom de iludir,4,PPaPPaPPaPPaPp,jbjkdbjkdb
CAETANO,18,Lua lua lua lua,1,PaPaPaP,vv
CAETANO,18,Lua lua lua lua,2,ppPP,vc
CAETANO,18,Lua lua lua lua,3,PPaPpppaP,gvuh
CAETANO,18,Lua lua lua lua,4,ppPuP,vh
CAETANO,18,Lua lua lua lua,5,PPPPpppPuPp,guvcej
CAETANO,18,Lua lua lua lua,6,PaPaPaP,vv
CAETANO,18,Lua lua lua lua,7,ppPPPPPPPpppp,vvvj
CAETANO,18,Lua lua lua lua,8,PaPaPap,uvb
CAETANO,18,Lua lua lua lua,9,pp,gbab
CAETANO,18,Lua lua lua lua,10,PaPaPaP,vv
CAETANO,18,Lua lua lua lua,11,PaPaPaP,vv
CAETANO,19,Jeito de corpo,1,PPpppp,tv
CAETANO,19,Jeito de corpo,2,pppp,pq
CAETANO,19,Jeito de corpo,3,PPpppa,tv
CAETANO,19,Jeito de corpo,4,PPpppp,sv
CAETANO,19,Jeito de corpo,5,pppp,pq
CAETANO,19,Jeito de corpo,6,PPpppa,tv
CAETANO,19,Jeito de corpo,7,PPpppa,tv
CAETANO,19,Jeito de corpo,8,PPpppa,tv
CAETANO,19,Jeito de corpo,9,PPpppp,uv
CAETANO,19,Jeito de corpo,10,Spppp,uq
CAETANO,19,Jeito de corpo,11,PPpppa,tv
CAETANO,19,Jeito de corpo,12,PPpppa,tv
CAETANO,19,Jeito de corpo,13,PPpppa,sv
CAETANO,19,Jeito de corpo,14,PPppppa,svc
CAETANO,19,Jeito de corpo,15,ppAppAppA,tvu
CAETANO,19,Jeito de corpo,16,pPaApAp,ort
CAETANO,20,Eclipse oculto,1,uuuuu,jjj
CAETANO,20,Eclipse oculto,2,uuuuuupaa,ejjjej
CAETANO,20,Eclipse oculto,3,a,ee
CAETANO,20,Eclipse oculto,4,uuuuup,ejeje
CAETANO,20,Eclipse oculto,5,uuu,jj
CAETANO,20,Eclipse oculto,6,uuPpp,jjj
CAETANO,20,Eclipse oculto,7,puaAP,ejej
CAETANO,20,Eclipse oculto,8,ApppPPpPPP,ejbjbjbb
CAETANO,20,Eclipse oculto,9,ppa,bbbab
CAETANO,20,Eclipse oculto,10,ppapP,bbbbbb
CAETANO,20,Eclipse oculto,11,ppa,bbbab
CAETANO,20,Eclipse oculto,12,ppapP,bbbbbb
CAETANO,20,Eclipse oculto,13,ppapP,bbbajb
CAETANO,20,Eclipse oculto,14,uuuA,bbbbb
CAETANO,20,Eclipse oculto,15,Sup,eje
CAETANO,21,Ele me deu um beijo na boca,1,Au,ej
CAETANO,21,Ele me deu um beijo na boca,2,uppuupPPapp,ejjjjq
CAETANO,21,Ele me deu um beijo na boca,3,AaAuaAaAa,ejjjej
CAETANO,21,Ele me deu um beijo na boca,4,AuaSs,ejjae
CAETANO,21,Ele me deu um beijo na boca,5,uPaa,kdbe
CAETANO,21,Ele me deu um beijo na boca,6,AauAa,ejjb
CAETANO,21,Ele me deu um beijo na boca,7,AaAaAaSs,ejjjbb
CAETANO,21,Ele me deu um beijo na boca,8,uPaa,ejbb
CAETANO,21,Ele me deu um beijo na boca,9,uuuuuppPPaa,ejbbbbejbb
CAETANO,21,Ele me deu um beijo na boca,10,AaAaAa,ejjj
CAETANO,21,Ele me deu um beijo na boca,11,Ss,ebb
CAETANO,21,Ele me deu um beijo na boca,12,uPaa,bajbb
CAETANO,21,Ele me deu um beijo na boca,13,Auu,ejb
CAETANO,21,Ele me deu um beijo na boca,14,AaAPaa,ebebebb
CAETANO,21,Ele me deu um beijo na boca,15,SuaP,ebbbe
CAETANO,21,Ele me deu um beijo na boca,16,PPaa,jje
CAETANO,21,Ele me deu um beijo na boca,17,AuaAaAaA,ebjjjb
CAETANO,21,Ele me deu um beijo na boca,18,uAaSa,ebjbb
CAETANO,21,Ele me deu um beijo na boca,19,pPpPPaa,jjjj
CAETANO,22,Esse cara,1,sPPPP,bajjb
CAETANO,22,Esse cara,2,PPPa,kdbb
CAETANO,22,Esse cara,3,Appppp,ebekdb
CAETANO,22,Esse cara,4,Sppppp,ejkdb
CAETANO,22,Esse cara,5,SuppPau,jjpj
CAETANO,22,Esse cara,6,PP,jb
CAETANO,22,Esse cara,7,AppppPP,ejbbajb
CAETANO,22,Esse cara,8,PPppSppp,jkdbpb
CAETANO,22,Esse cara,9,PPaAAppp,jbjkdb
CAETANO,22,Esse cara,10,PPppPPppPPu,jjjjjbb
CAETANO,22,Esse cara,11,pPa,kdb
CAETANO,22,Esse cara,12,pPau,kdbab
CAETANO,22,Esse cara,13,PPPPPApp,kdkdjb
CAETANO,23,Gema,1,AAa,nn
CAETANO,23,Gema,2,apuapuu,pnnj
CAETANO,23,Gema,3,apuapu,ppne
CAETANO,23,Gema,4,ppa,pn
CAETANO,23,Gema,5,AAa,raaaab
CAETANO,23,Gema,6,AAa,raaaab
CAETANO,23,Gema,7,AAa,rc
CAETANO,23,Gema,8,apuapuu,pnnj
CAETANO,23,Gema,9,apuapuu,ppnj
CAETANO,23,Gema,10,ppa,pn
CAETANO,24,Gente,1,ppap,jeeb
CAETANO,24,Gente,2,ppapS,jeebb
CAETANO,24,Gente,3,papa,jeeb
CAETANO,24,Gente,4,papaS,jeebb
CAETANO,24,Gente,5,paap,jeeb
CAETANO,24,Gente,6,paap,jeeb
CAETANO,24,Gente,7,pa,bj
CAETANO,24,Gente,8,paap,jeeb
CAETANO,24,Gente,9,paapp,jeebb
CAETANO,24,Gente,10,ppApp,jeje
CAETANO,24,Gente,11,ppApp,jeje
CAETANO,24,Gente,12,ppAppPP,jejej
CAETANO,24,Gente,13,ppap,jeeb
CAETANO,24,Gente,14,paappp,jeebbb
CAETANO,25,Irene,1,Pppuppu,pmnj
CAETANO,25,Irene,2,uppu,rm
CAETANO,25,Irene,3,uppua,rmg
CAETANO,25,Irene,4,uppupu,rmh
CAETANO,25,Irene,5,upup,rm
CAETANO,25,Irene,6,puPpp,njj
CAETANO,25,Irene,7,Ppp,pm
CAETANO,25,Irene,8,App,pm
CAETANO,25,Irene,9,Ap,pe
CAETANO,25,Irene,10,App,pm
CAETANO,25,Irene,11,App,pm
CAETANO,25,Irene,12,Aup,pj
CAETANO,25,Irene,13,upup,rn
CAETANO,25,Irene,14,puPpp,njj
CAETANO,26,London London,1,uApppApa,gbsasb
CAETANO,26,London London,2,uuuuppApa,gbsbsb
CAETANO,26,London London,3,uuuuppApa,gbsbsb
CAETANO,26,London London,4,uupp,sj
CAETANO,26,London London,5,puuppuApp,gbsbsb
CAETANO,26,London London,6,aP,nb
CAETANO,26,London London,7,App,gr
CAETANO,26,London London,8,aupAau,mrm
CAETANO,26,London London,9,aP,nb
CAETANO,26,London London,10,App,gr
CAETANO,26,London London,11,aupAau,mrm
CAETANO,27,Milagres do povo,1,uPP,sb
CAETANO,27,Milagres do povo,2,uuupupP,sjjb
CAETANO,27,Milagres do povo,3,PPPppa,ssb
CAETANO,27,Milagres do povo,4,Auppa,ejjb
CAETANO,27,Milagres do povo,5,uuppa,ejjb
CAETANO,27,Milagres do povo,6,uPP,sb
CAETANO,27,Milagres do povo,7,uuupupP,sjjb
CAETANO,27,Milagres do povo,8,uuuppa,ess
CAETANO,27,Milagres do povo,9,Puppa,ejjb
CAETANO,27,Milagres do povo,10,upupupup,ejjjj
CAETANO,27,Milagres do povo,11,pPpPpPp,rnnc
CAETANO,27,Milagres do povo,12,pPpPpPp,gnnnc
CAETANO,27,Milagres do povo,13,aApa,bjl
CAETANO,27,Milagres do povo,14,SaPap,naele
CAETANO,27,Milagres do povo,15,auPap,cjlc
CAETANO,27,Milagres do povo,16,auPap,bjt
CAETANO,27,Milagres do povo,17,auPap,cjlc
CAETANO,27,Milagres do povo,18,auPap,cjjb
CAETANO,27,Milagres do povo,19,aPpap,cjlc
CAETANO,27,Milagres do povo,20,aPp,bel
CAETANO,27,Milagres do povo,21,aApap,cjlc
CAETANO,28,Louco por voce,1,PPPPA,jjbb
CAETANO,28,Louco por voce,2,Spps,jbaaj
CAETANO,28,Louco por voce,3,paaA,babaeeb
CAETANO,28,Louco por voce,4,PPPPA,jbbj
CAETANO,28,Louco por voce,5,SppA,jbaj
CAETANO,28,Louco por voce,6,paApa,ebaaababj
CAETANO,28,Louco por voce,7,AP,ebb
CAETANO,28,Louco por voce,8,AaA,ejb
CAETANO,28,Louco por voce,9,AaAP,ebje
CAETANO,28,Louco por voce,10,AaAP,ebje
CAETANO,28,Louco por voce,11,PPP,jbb
CAETANO,28,Louco por voce,12,ApSpps,jjbaaj
CAETANO,28,Louco por voce,13,PpPppaaA,bjebbaeeb
CAETANO,28,Louco por voce,14,PPPPAp,jjjae
CAETANO,28,Louco por voce,15,ppApp,ebaajaaaeb
CAETANO,28,Louco por voce,16,Apa,ebj
CAETANO,28,Louco por voce,17,P,bb
CAETANO,28,Louco por voce,18,AaA,ejb
CAETANO,28,Louco por voce,19,AaAP,ejbe
CAETANO,28,Louco por voce,20,AaAPs,ejbbb
CAETANO,29,Lua de Sao Jorge,1,PAPPP,rje
CAETANO,29,Lua de Sao Jorge,2,ppppA,rje
CAETANO,29,Lua de Sao Jorge,3,PPPPP,rje
CAETANO,29,Lua de Sao Jorge,4,pppp,rj
CAETANO,29,Lua de Sao Jorge,5,PAPPP,rje
CAETANO,29,Lua de Sao Jorge,6,ppppA,rje
CAETANO,29,Lua de Sao Jorge,7,PPPPP,rje
CAETANO,29,Lua de Sao Jorge,8,pppa,rj
CAETANO,29,Lua de Sao Jorge,9,pppaP,rje
CAETANO,29,Lua de Sao Jorge,10,PAPPP,rje
CAETANO,29,Lua de Sao Jorge,11,ppppAp,rjeab
CAETANO,30,Minha voz minha vida,1,PPaPPa,jbaajbb
CAETANO,30,Minha voz minha vida,2,PPPPAPAPa,ojsjb
CAETANO,30,Minha voz minha vida,3,ppsSpa,jbabbbb
CAETANO,30,Minha voz minha vida,4,paaaAaSpaaaA,jsjsjb
CAETANO,30,Minha voz minha vida,5,PaAPaAPsAPApa,ssssbab
CAETANO,30,Minha voz minha vida,6,PsAPsAPsAAAps,ssssbab
CAETANO,30,Minha voz minha vida,7,PPaPPa,jbaajbb
CAETANO,30,Minha voz minha vida,8,PPPPAPAPa,ojsjb
CAETANO,30,Minha voz minha vida,9,ppsSpa,jbabbbb
CAETANO,30,Minha voz minha vida,10,paaaA,jsb
CAETANO,30,Minha voz minha vida,11,Spaa,esb
CAETANO,30,Minha voz minha vida,12,SaaA,esb
CAETANO,30,Minha voz minha vida,13,SpaaaA,esjb
CAETANO,31,Menino do Rio,1,ppPpu,gve
CAETANO,31,Menino do Rio,2,upPppPpu,gvuc
CAETANO,31,Menino do Rio,3,upPpppPa,gvuc
CAETANO,31,Menino do Rio,4,upPpppPa,gvuc
CAETANO,31,Menino do Rio,5,Pa,nb
CAETANO,31,Menino do Rio,6,ppPa,sj
CAETANO,31,Menino do Rio,7,Sups,uj
CAETANO,31,Menino do Rio,8,pppPu,gve
CAETANO,31,Menino do Rio,9,upPpppPu,gvuc
CAETANO,31,Menino do Rio,10,upPppPpp,gvue
CAETANO,31,Menino do Rio,11,uPa,gq
CAETANO,31,Menino do Rio,12,Aa,gm
CAETANO,31,Menino do Rio,13,PapuP,gmaej
CAETANO,31,Menino do Rio,14,PapuP,gpej
CAETANO,31,Menino do Rio,15,PpppP,gve
CAETANO,31,Menino do Rio,16,uPpApppppapp,gsjjejj
CAETANO,31,Menino do Rio,17,ppPpu,gve
CAETANO,31,Menino do Rio,18,upPppPpu,gvph
CAETANO,31,Menino do Rio,19,upPppPpp,gvue
CAETANO,32,No dia em que eu vim-me embora,1,pppAppp,jjjj
CAETANO,32,No dia em que eu vim-me embora,2,pppAppp,ojjj
CAETANO,32,No dia em que eu vim-me embora,3,pppAppp,ojjj
CAETANO,32,No dia em que eu vim-me embora,4,pppAppp,ojjj
CAETANO,32,No dia em que eu vim-me embora,5,pppAppp,ojjj
CAETANO,32,No dia em que eu vim-me embora,6,PPSuPpp,ojjj
CAETANO,32,No dia em que eu vim-me embora,7,AAAppa,ssb
CAETANO,32,No dia em que eu vim-me embora,8,pppAppp,sbbbbe
CAETANO,32,No dia em que eu vim-me embora,9,pppAppp,kdbbbbe
CAETANO,32,No dia em que eu vim-me embora,10,pppAppp,jbjeeae
CAETANO,32,No dia em que eu vim-me embora,11,pppAppp,jbjeeae
CAETANO,32,No dia em que eu vim-me embora,12,AAAuPpp,jbjeeae
CAETANO,32,No dia em que eu vim-me embora,13,AAAppa,kdkdb
CAETANO,32,No dia em que eu vim-me embora,14,puuApuu,ebekdbe
CAETANO,32,No dia em que eu vim-me embora,15,puAuApu,ebjfdbe
CAETANO,32,No dia em que eu vim-me embora,16,puuuApuu,ekdkdbe
CAETANO,32,No dia em que eu vim-me embora,17,puuAuPu,ebjfdbe
CAETANO,32,No dia em que eu vim-me embora,18,puuuApuu,ekdkdbe
CAETANO,32,No dia em que eu vim-me embora,19,puAApA,ebjfdb
CAETANO,33,Massa real,1,uuPppp,jjej
CAETANO,33,Massa real,2,uuPpap,jjej
CAETANO,33,Massa real,3,uuPpaP,jjej
CAETANO,33,Massa real,4,uPpaP,ejej
CAETANO,33,Massa real,5,uPpaP,ejbj
CAETANO,33,Massa real,6,uuPppp,jjej
CAETANO,33,Massa real,7,AaA,bbj
CAETANO,33,Massa real,8,AaA,bbj
CAETANO,33,Massa real,9,AaAaAaa,glllb
CAETANO,33,Massa real,10,uuuauPP,jjejb
CAETANO,33,Massa real,11,AaAaAaa,elllb
CAETANO,33,Massa real,12,uuuaPa,jjej
CAETANO,34,Mel,1,apappa,nsj
CAETANO,34,Mel,2,aA,bm
CAETANO,34,Mel,3,uappAapp,urt
CAETANO,34,Mel,4,aPPPpp,banrc
CAETANO,34,Mel,5,PPPppAaapp,ntmub
CAETANO,34,Mel,6,PPAaapp,rvb
CAETANO,34,Mel,7,PPAppppp,rvj
CAETANO,34,Mel,8,s,p
CAETANO,34,Mel,9,pppAaa,prp
CAETANO,34,Mel,10,ppAa,rh
CAETANO,34,Mel,11,ppAa,rj
CAETANO,34,Mel,12,ppAa,uj
CAETANO,34,Mel,13,aAa,nh
CAETANO,34,Mel,14,ppAa,rh
CAETANO,34,Mel,15,aAaApppPP,njvh
CAETANO,34,Mel,16,ppAa,rh
CAETANO,34,Mel,17,ppAa,rh
CAETANO,34,Mel,18,PPppPPppP,ntnr
CAETANO,34,Mel,19,ppPPP,grj
CAETANO,34,Mel,20,PPppPPppPPppPPP,ptmrtu
CAETANO,34,Mel,21,PPppPPppPPppPPP,pqnvmr
CAETANO,34,Mel,22,PPppPPupp,ptnq
CAETANO,34,Mel,23,pPPP,ctb
CAETANO,34,Mel,24,PPppPPpupP,ptuq
CAETANO,34,Mel,25,ppPPP,muc
CAETANO,35,Meu bem meu mal,1,SaPPap,gbsj
CAETANO,35,Meu bem meu mal,2,ua,pe
CAETANO,35,Meu bem meu mal,3,pPAppaAPpap,gjslsb
CAETANO,35,Meu bem meu mal,4,SaPPap,gbsj
CAETANO,35,Meu bem meu mal,5,pp,gj
CAETANO,35,Meu bem meu mal,6,pPAppaApap,gjsbsb
CAETANO,35,Meu bem meu mal,7,SaPPa,gbsb
CAETANO,35,Meu bem meu mal,8,paPAa,gjob
CAETANO,35,Meu bem meu mal,9,SsPPasS,gbnenb
CAETANO,35,Meu bem meu mal,10,uPuPuP,vpc
CAETANO,35,Meu bem meu mal,11,paappA,ghnh
CAETANO,35,Meu bem meu mal,12,paappA,gbsh
CAETANO,35,Meu bem meu mal,13,paapp,gbsb
CAETANO,35,Meu bem meu mal,14,A,h
CAETANO,35,Meu bem meu mal,15,Apaa,pau
CAETANO,36,Muito,1,AaAPp,gsj
CAETANO,36,Muito,2,APAPPppaPA,nssgj
CAETANO,36,Muito,3,ppsPA,nlh
CAETANO,36,Muito,4,ppaAAsp,nlhaj
CAETANO,36,Muito,5,APAPPppaPA,nssgj
CAETANO,36,Muito,6,ppsPA,nlj
CAETANO,36,Muito,7,ppaAA,nlj
CAETANO,36,Muito,8,auuPps,bbasbb
CAETANO,36,Muito,9,a,bb
CAETANO,36,Muito,10,uPpsSs,sbbbb
CAETANO,37,Nao identificado,1,aPP,kdb
CAETANO,37,Nao identificado,2,aPPAppp,kdbejb
CAETANO,37,Nao identificado,3,AaAuap,ejbej
CAETANO,37,Nao identificado,4,Aap,jbb
CAETANO,37,Nao identificado,5,PpPpPAppp,ejjjjb
CAETANO,37,Nao identificado,6,aPP,kdb
CAETANO,37,Nao identificado,7,aPPAppp,ejbejb
CAETANO,37,Nao identificado,8,ppaAaA,ejbje
CAETANO,37,Nao identificado,9,pPP,bje
CAETANO,37,Nao identificado,10,uPPaPApaa,ejjjjb
CAETANO,37,Nao identificado,11,uPPaPApaa,ejjjjb
CAETANO,37,Nao identificado,12,uPPaPApaau,ejjjjj
CAETANO,37,Nao identificado,13,uuPPaPApaau,pjjjjbb
CAETANO,38,Nosso estranho amor,1,AppAppApp,gvsj
CAETANO,38,Nosso estranho amor,2,AppAppApaA,uvsb
CAETANO,38,Nosso estranho amor,3,AppAppApp,gvsj
CAETANO,38,Nosso estranho amor,4,PsAaA,uq
CAETANO,38,Nosso estranho amor,5,AppAppApp,gvsj
CAETANO,38,Nosso estranho amor,6,uuupPpPaPaA,uvvb
CAETANO,38,Nosso estranho amor,7,AppAppApp,gvsj
CAETANO,38,Nosso estranho amor,8,PsAaA,uq
CAETANO,38,Nosso estranho amor,9,ppa,bej
CAETANO,38,Nosso estranho amor,10,pppppp,ssb
CAETANO,38,Nosso estranho amor,11,pppppp,ssb
CAETANO,38,Nosso estranho amor,12,PPPPP,pbbbb
CAETANO,38,Nosso estranho amor,13,ppa,bej
CAETANO,38,Nosso estranho amor,14,pppppp,ssb
CAETANO,38,Nosso estranho amor,15,pppppp,ssb
CAETANO,38,Nosso estranho amor,16,PPPPpp,pbbbbb
CAETANO,39,Odara,1,pPp,kdb
CAETANO,39,Odara,2,PPppppPp,fdkdbje
CAETANO,39,Odara,3,pPp,bje
CAETANO,39,Odara,4,PPppppPp,fdkdbje
CAETANO,39,Odara,5,pPp,kdb
CAETANO,39,Odara,6,PPppppPp,fdkdbje
CAETANO,39,Odara,7,PPppPpPp,fdkdbje
CAETANO,39,Odara,8,uPPppapPp,kdkdbje
CAETANO,39,Odara,9,PPpppp,fdkdj
CAETANO,40,O leaozinho,1,Auuuuu,lllb
CAETANO,40,O leaozinho,2,ppp,lbb
CAETANO,40,O leaozinho,3,Auuuu,lll
CAETANO,40,O leaozinho,4,Auuuuu,lllb
CAETANO,40,O leaozinho,5,ppp,lbb
CAETANO,40,O leaozinho,6,Auuuuu,lllb
CAETANO,40,O leaozinho,7,ppap,llb
CAETANO,40,O leaozinho,8,Auuuuu,lllb
CAETANO,40,O leaozinho,9,ppp,lbb
CAETANO,41,O quereres,1,uPpuPpuuuP,prrq
CAETANO,41,O quereres,2,uuPpuPpuuA,urtm
CAETANO,41,O quereres,3,uuuuPpuuP,nrtm
CAETANO,41,O quereres,4,uuPpuPpuuP,urtm
CAETANO,41,O quereres,5,uAauAaAAp,prtm
CAETANO,41,O quereres,6,uuAauAauuP,urtm
CAETANO,41,O quereres,7,uAauAaAaa,nrtm
CAETANO,41,O quereres,8,apaaauPpu,nrtm
CAETANO,41,O quereres,9,ppauAAA,bnbv
CAETANO,41,O quereres,10,ppaAua,bnbnb
CAETANO,42,Os argonautas,1,pa,ebab
CAETANO,42,Os argonautas,2,ppPuPP,bjbjb
CAETANO,42,Os argonautas,3,SappPapp,babjbjbab
CAETANO,42,Os argonautas,4,pppPPpp,ejbjbab
CAETANO,42,Os argonautas,5,ppppSpa,ebjbebab
CAETANO,42,Os argonautas,6,ppP,bjb
CAETANO,42,Os argonautas,7,pp,ebab
CAETANO,42,Os argonautas,8,AAuPPa,fdkdbab
CAETANO,42,Os argonautas,9,SappAp,ebakdbab
CAETANO,42,Os argonautas,10,AAuPPa,fdkdbab
CAETANO,42,Os argonautas,11,SappAp,ebakdbab
CAETANO,43,Quero ir a Cuba,1,AaPaPaP,grnn
CAETANO,43,Quero ir a Cuba,2,pppPPAp,urn
CAETANO,43,Quero ir a Cuba,3,AaPaPaP,grnn
CAETANO,43,Quero ir a Cuba,4,pppu,uh
CAETANO,43,Quero ir a Cuba,5,AaPaPaP,grnn
CAETANO,43,Quero ir a Cuba,6,pppPPAp,urn
CAETANO,43,Quero ir a Cuba,7,PPPaPPAp,rnnn
CAETANO,43,Quero ir a Cuba,8,aPuu,tn
CAETANO,43,Quero ir a Cuba,9,aPuuaaap,prnm
CAETANO,43,Quero ir a Cuba,10,aPuu,pr
CAETANO,43,Quero ir a Cuba,11,aPuuaaap,prnm
CAETANO,43,Quero ir a Cuba,12,aPuu,pr
CAETANO,43,Quero ir a Cuba,13,aPuuaaap,prnm
CAETANO,43,Quero ir a Cuba,14,aPuu,pq
CAETANO,43,Quero ir a Cuba,15,AaPaPaP,grnn
CAETANO,43,Quero ir a Cuba,16,pppu,uh
CAETANO,44,Outras palavras,1,ppaP,rn
CAETANO,44,Outras palavras,2,ppPPSppaP,nrrn
CAETANO,44,Outras palavras,3,ppaP,rn
CAETANO,44,Outras palavras,4,ppPPPppaP,nrrm
CAETANO,44,Outras palavras,5,ppaP,rn
CAETANO,44,Outras palavras,6,paAPPAPAPp,nrrje
CAETANO,44,Outras palavras,7,PpAa,babje
CAETANO,44,Outras palavras,8,Pupa,babje
CAETANO,44,Outras palavras,9,PpAa,babje
CAETANO,44,Outras palavras,10,Pupa,babje
CAETANO,45,Pecado original,1,PupuPupuPupuPupupupupp,vvvvvq
CAETANO,45,Pecado original,2,PupuPupuPupuPupupupupp,vvvvvq
CAETANO,45,Pecado original,3,PupuPupu,vvb
CAETANO,45,Pecado original,4,PupuPupu,vvb
CAETANO,45,Pecado original,5,PupuPupuPupAppp,vvvv
CAETANO,45,Pecado original,6,Aaaapa,vq
CAETANO,45,Pecado original,7,Aaaapa,vq
CAETANO,45,Pecado original,8,PPAAApasPAAAApapp,vvvvbab
CAETANO,45,Pecado original,9,PupuPupuPupuPupupupupp,vvvvvq
CAETANO,45,Pecado original,10,PupuPupuPupuPupupupupp,vvvvvq
CAETANO,45,Pecado original,11,PupuPupuPupuPupu,vvvvb
CAETANO,46,Rapte-me camaleoa,1,auPPPpa,tuj
CAETANO,46,Rapte-me camaleoa,2,AauPPPppPp,gtutc
CAETANO,46,Rapte-me camaleoa,3,auPPPppPP,tujj
CAETANO,46,Rapte-me camaleoa,4,pPPppA,nnne
CAETANO,46,Rapte-me camaleoa,5,pPPppPP,njlj
CAETANO,46,Rapte-me camaleoa,6,paApaApaApaPpp,rrrrt
CAETANO,46,Rapte-me camaleoa,7,paApaApaApaP,rrrrb
CAETANO,46,Rapte-me camaleoa,8,paApaApaApaPpp,rrrrt
CAETANO,46,Rapte-me camaleoa,9,paApaApaApaP,rrrrb
CAETANO,46,Rapte-me camaleoa,10,auPPPpa,tuj
CAETANO,46,Rapte-me camaleoa,11,AauPPPpppp,gtmum
CAETANO,47,Podres poderes,1,SpPppPpaAaAP,ejjjjjj
CAETANO,47,Podres poderes,2,SpPppPpaAaAP,ejjjjjj
CAETANO,47,Podres poderes,3,Sppa,ejj
CAETANO,47,Podres poderes,4,ppau,bbbj
CAETANO,47,Podres poderes,5,uupuupuaAA,fdkdkdjb
CAETANO,47,Podres poderes,6,uupuupuaAA,fdkdkdjb
CAETANO,47,Podres poderes,7,uupuupuuaAAPa,fdkdkdkdjb
CAETANO,48,Sim nao,1,Suu,gq
CAETANO,48,Sim nao,2,uuuuuuuuuaaAs,rrrrj
CAETANO,48,Sim nao,3,Suaa,gv
CAETANO,48,Sim nao,4,uuAuupuupu,rrrl
CAETANO,48,Sim nao,5,PAPPAp,bbbbbj
CAETANO,48,Sim nao,6,uuuaaPuuAu,rrrh
CAETANO,48,Sim nao,7,puupuupuu,grrt
CAETANO,49,Sampa,1,uuAuuauuApPa,utvpb
CAETANO,49,Sampa,2,upPAuua,gvu
CAETANO,49,Sampa,3,pPApPa,uv
CAETANO,49,Sampa,4,pppPApPA,nvq
CAETANO,49,Sampa,5,pPpp,grb
CAETANO,49,Sampa,6,puuAuuAuuAuuua,gvvvj
CAETANO,49,Sampa,7,uuuAuuAuuAuuua,vvvhb
CAETANO,49,Sampa,8,Auuuuuuuuuuu,gvvv
CAETANO,49,Sampa,9,uuuuuuuuu,gvvb
CAETANO,49,Sampa,10,uuPuuauuPpPa,urrtb
CAETANO,49,Sampa,11,uuuAuus,gvu
CAETANO,49,Sampa,12,upuup,uu
CAETANO,50,Superbacana,1,aApaApaSp,vuu
CAETANO,50,Superbacana,2,paPaSp,uv
CAETANO,50,Superbacana,3,paPaApa,uvc
CAETANO,50,Superbacana,4,PPPPPPaSpa,pvvc
CAETANO,50,Superbacana,5,aSpa,vc
CAETANO,50,Superbacana,6,aSpa,vc
CAETANO,50,Superbacana,7,aSpa,vc
CAETANO,50,Superbacana,8,pPpPpPpPpPpPpPp,vvvv
CAETANO,50,Superbacana,9,pPpPpPpPpPpPpPp,vvvv
CAETANO,50,Superbacana,10,aApaAp,uv
CAETANO,50,Superbacana,11,SpppaPaSppp,pvvh
CAETANO,50,Superbacana,12,PaApa,gvc
CAETANO,50,Superbacana,13,PPPPPPaSp,uvq
CAETANO,50,Superbacana,14,uPpAaSpa,gvqb
CAETANO,50,Superbacana,15,aPp,ggn
CHICO,1,A banda,1,uuuppp,ejjj
CHICO,1,A banda,2,uuuppS,ejjj
CHICO,1,A banda,3,uppPPp,ejjj
CHICO,1,A banda,4,uppPPp,ejjj
CHICO,1,A banda,5,uuuppp,ejjj
CHICO,1,A banda,6,uuuppS,ejjj
CHICO,1,A banda,7,uppPPp,ejjj
CHICO,1,A banda,8,uppPPp,ejjj
CHICO,1,A banda,9,APPuuuuppA,ejjjjj
CHICO,1,A banda,10,uu,ej
CHICO,1,A banda,11,PPPuuuuppA,ejjjjj
CHICO,1,A banda,12,uu,ej
CHICO,1,A banda,13,PppuuPPppA,ejjjjj
CHICO,1,A banda,14,uuppu,eejj
CHICO,1,A banda,15,uPpsPAu,ejjje
CHICO,1,A banda,16,APPuuuuppA,ejjjjj
CHICO,1,A banda,17,uu,ej
CHICO,1,A banda,18,PPPuuuuppA,ejjjjj
CHICO,1,A banda,19,uu,ej
CHICO,1,A banda,20,PppuuPPaA,ejjjbj
CHICO,1,A banda,21,uaaPPp,ejjj
CHICO,1,A banda,22,uppPPp,ejjj
CHICO,1,A banda,23,uuuppp,ejjj
CHICO,1,A banda,24,uuuppS,ejjj
CHICO,1,A banda,25,uppPPp,ejjj
CHICO,1,A banda,26,uppPPp,ejjj
CHICO,1,A banda,27,uuuppp,ejjj
CHICO,1,A banda,28,uuuppS,ejjj
CHICO,1,A banda,29,uppPPp,ejjj
CHICO,1,A banda,30,uppPPp,ejjj
CHICO,1,A banda,31,uppPPp,ejjj
CHICO,1,A banda,32,uppPPp,ejjj
CHICO,1,A banda,33,uppPPp,ejjj
CHICO,1,A banda,34,uppPPp,ejjj
CHICO,2,A Rita,1,PupApaAu,gvnj
CHICO,2,A Rita,2,PPpAuaaau,pquj
CHICO,2,A Rita,3,uuAAAppAppAu,pvuv
CHICO,2,A Rita,4,uuppAaaa,pvu
CHICO,2,A Rita,5,uppAppAppAa,gvuuc
CHICO,2,A Rita,6,pa,nb
CHICO,2,A Rita,7,uAuuPuAa,pvnc
CHICO,2,A Rita,8,uuaAps,ntn
CHICO,2,A Rita,9,PupApaApaAu,gvuuc
CHICO,2,A Rita,10,puaaa,uu
CHICO,2,A Rita,11,uuAAAppAppA,pvuq
CHICO,2,A Rita,12,uuuppAa,usl
CHICO,2,A Rita,13,uppAppAppA,gvuu
CHICO,2,A Rita,14,uuuuAuuauau,nvuu
CHICO,2,A Rita,15,uuauAuaaupAaa,grnrnr
CHICO,3,Acorda amor,1,Auu,gq
CHICO,3,Acorda amor,2,ppppupSu,gvv
CHICO,3,Acorda amor,3,ppppuupSu,gvvb
CHICO,3,Acorda amor,4,pppPP,gvb
CHICO,3,Acorda amor,5,PP,pb
CHICO,3,Acorda amor,6,uuu,v
CHICO,3,Acorda amor,7,PPAaaupAu,pvv
CHICO,3,Acorda amor,8,PPPapupSu,pvv
CHICO,3,Acorda amor,9,uuu,mh
CHICO,3,Acorda amor,10,uuuuAuuA,gvv
CHICO,3,Acorda amor,11,uuS,ub
CHICO,3,Acorda amor,12,PpppPP,sbne
CHICO,3,Acorda amor,13,ppPP,erc
CHICO,3,Acorda amor,14,ppP,nan
CHICO,3,Acorda amor,15,APPAaaup,jjlnc
CHICO,3,Acorda amor,16,PPAaau,ntn
CHICO,3,Acorda amor,17,ppPSaA,nrn
CHICO,4,Agora falando serio,1,uuuAsu,gvm
CHICO,4,Agora falando serio,2,upPPPa,prn
CHICO,4,Agora falando serio,3,uuPPPPPPpppPPppp,prsssie
CHICO,4,Agora falando serio,4,uuuPPPu,pvh
CHICO,4,Agora falando serio,5,uAPPu,gqh
CHICO,4,Agora falando serio,6,uppppp,grq
CHICO,4,Agora falando serio,7,uuuPPPu,pvh
CHICO,4,Agora falando serio,8,uAPP,pq
CHICO,4,Agora falando serio,9,uuuppppp,urq
CHICO,4,Agora falando serio,10,uuuAsu,gvm
CHICO,5,Atras da porta,1,pApu,lnb
CHICO,5,Atras da porta,2,ApS,gnb
CHICO,5,Atras da porta,3,ApupApu,gnlnb
CHICO,5,Atras da porta,4,ApupApu,gnlnb
CHICO,5,Atras da porta,5,SpA,gnb
CHICO,5,Atras da porta,6,ppp,pn
CHICO,5,Atras da porta,7,ApupApu,gnlnb
CHICO,5,Atras da porta,8,uApu,lnb
CHICO,5,Atras da porta,9,Apu,gnb
CHICO,5,Atras da porta,10,SpA,gnb
CHICO,5,Atras da porta,11,ApAp,png
CHICO,5,Atras da porta,12,pupApup,nlnl
CHICO,5,Atras da porta,13,ppps,nt
CHICO,5,Atras da porta,14,pp,ng
CHICO,5,Atras da porta,15,ppps,nt
CHICO,5,Atras da porta,16,ppp,nl
CHICO,5,Atras da porta,17,PAppPpp,ntng
CHICO,5,Atras da porta,18,PpPup,nbnaab
CHICO,5,Atras da porta,19,pApupApu,lnlnb
CHICO,5,Atras da porta,20,pApup,lnl
CHICO,5,Atras da porta,21,puaSpA,nlnb
CHICO,5,Atras da porta,22,ApAp,png
CHICO,5,Atras da porta,23,pupApu,nlnb
CHICO,5,Atras da porta,24,pppppAap,stnaab
CHICO,5,Atras da porta,25,pppppAap,stnaab
CHICO,6,Biscate,1,pppApaApaaSp,nrnnncab
CHICO,6,Biscate,2,uuuAuappA,vrnc
CHICO,6,Biscate,3,AaAsppPPP,vrnc
CHICO,6,Biscate,4,pPAApaAAauAP,urnnng
CHICO,6,Biscate,5,uupupu,urc
CHICO,6,Biscate,6,uupupu,urc
CHICO,6,Biscate,7,ppAapau,rnnc
CHICO,6,Biscate,8,uuAaAPp,uvg
CHICO,6,Biscate,9,ppAapau,rnnc
CHICO,6,Biscate,10,uupuuu,urc
CHICO,6,Biscate,11,pppPpaa,ornc
CHICO,6,Biscate,12,pppPpa,orn
CHICO,6,Biscate,13,pppPPaaA,orrc
CHICO,6,Biscate,14,AaAaAaAaAa,guvq
CHICO,6,Biscate,15,pppPpaa,ornc
CHICO,6,Biscate,16,pppPpa,orn
CHICO,6,Biscate,17,AappPpaA,urnc
CHICO,6,Biscate,18,AaAaAaAaAaAaA,guvvh
CHICO,7,Apesar de voce,1,pP,r
CHICO,7,Apesar de voce,2,Ppaaa,nnbb
CHICO,7,Apesar de voce,3,pP,r
CHICO,7,Apesar de voce,4,Ppaaa,nnbb
CHICO,7,Apesar de voce,5,uuupPAp,bjlnab
CHICO,7,Apesar de voce,6,ppPpa,elnab
CHICO,7,Apesar de voce,7,ppPP,eln
CHICO,7,Apesar de voce,8,uuupPSp,bjlnab
CHICO,7,Apesar de voce,9,uppSp,elnab
CHICO,7,Apesar de voce,10,uppAP,elnaab
CHICO,7,Apesar de voce,11,uapp,najb
CHICO,7,Apesar de voce,12,Asu,gnc
CHICO,7,Apesar de voce,13,PPaAaP,jlnab
CHICO,7,Apesar de voce,14,PPpA,eln
CHICO,7,Apesar de voce,15,uaApppPa,nnlng
CHICO,7,Apesar de voce,16,pppppa,ntn
CHICO,7,Apesar de voce,17,aa,bn
CHICO,7,Apesar de voce,18,ppPaA,jln
CHICO,7,Apesar de voce,19,ppPaP,jln
CHICO,7,Apesar de voce,20,apa,bng
CHICO,7,Apesar de voce,21,PPppA,jln
CHICO,7,Apesar de voce,22,PPppA,jln
CHICO,7,Apesar de voce,23,PPppAP,jlnaab
CHICO,7,Apesar de voce,24,psSps,jln
CHICO,7,Apesar de voce,25,psSps,jln
CHICO,7,Apesar de voce,26,pp,bn
CHICO,7,Apesar de voce,27,paSps,jln
CHICO,7,Apesar de voce,28,PPPpAs,jlnab
CHICO,7,Apesar de voce,29,aa,bn
CHICO,7,Apesar de voce,30,uuupPA,bjln
CHICO,7,Apesar de voce,31,pppPpa,jlnab
CHICO,7,Apesar de voce,32,ppPPa,tnab
CHICO,7,Apesar de voce,33,p,l
CHICO,7,Apesar de voce,34,uuupPS,bjln
CHICO,7,Apesar de voce,35,puppS,jln
CHICO,7,Apesar de voce,36,puppAP,jlnaab
CHICO,7,Apesar de voce,37,uappaAsu,najlnc
CHICO,7,Apesar de voce,38,PPaAa,jln
CHICO,7,Apesar de voce,39,PPPpA,jln
CHICO,7,Apesar de voce,40,uaApppPa,nnlng
CHICO,7,Apesar de voce,41,pppppaa,ntnab
CHICO,7,Apesar de voce,42,appu,bnn
CHICO,8,Bye bye Brasil,1,AAA,kdb
CHICO,8,Bye bye Brasil,2,apaaAAA,bkdkdb
CHICO,8,Bye bye Brasil,3,apaPAAA,bkdkdb
CHICO,8,Bye bye Brasil,4,ppaaAAA,bkdkdb
CHICO,8,Bye bye Brasil,5,pppsAAA,bkdkdb
CHICO,8,Bye bye Brasil,6,apaaAAA,bkdkdb
CHICO,8,Bye bye Brasil,7,apaPAAA,bkdkdb
CHICO,8,Bye bye Brasil,8,apaaAAA,bkdkdb
CHICO,8,Bye bye Brasil,9,appAuuuaPP,bkdkdkdb
CHICO,8,Bye bye Brasil,10,AuuuaPP,bkdkdb
CHICO,8,Bye bye Brasil,11,AuuuaPP,bkdkdb
CHICO,8,Bye bye Brasil,12,PP,fdb
CHICO,9,Calice,1,,b
CHICO,9,Calice,2,SppuppAuu,ejjjjb
CHICO,9,Calice,3,sSapupPPuu,bejjjjb
CHICO,9,Calice,4,sSppupPPuu,bejjjjb
CHICO,9,Calice,5,SppppPu,ebjebbb
CHICO,9,Calice,6,uuusAAppPu,ejjjjj
CHICO,9,Calice,7,uuusAAppuu,ejjjjj
CHICO,9,Calice,8,uuusASppPu,ejjjjj
CHICO,9,Calice,9,uuusAAppuu,ejjjjj
CHICO,10,Carolina,1,aPu,eng
CHICO,10,Carolina,2,PPASu,osg
CHICO,10,Carolina,3,paAp,nt
CHICO,10,Carolina,4,AApaApu,pnnbb
CHICO,10,Carolina,5,uppP,nnb
CHICO,10,Carolina,6,ppP,br
CHICO,10,Carolina,7,upaA,grb
CHICO,10,Carolina,8,paA,er
CHICO,10,Carolina,9,pppP,grb
CHICO,10,Carolina,10,ppP,gr
CHICO,10,Carolina,11,uppP,grb
CHICO,10,Carolina,12,ppP,er
CHICO,10,Carolina,13,ups,ngc
CHICO,10,Carolina,14,PPppA,osb
CHICO,10,Carolina,15,PPppA,osb
CHICO,10,Carolina,16,uuupp,osb
CHICO,10,Carolina,17,psASppu,nnte
CHICO,10,Carolina,18,aAAaAAp,vue
CHICO,10,Carolina,19,ppaPPP,vu
CHICO,11,Com acucar e com afeto,1,PPppPpp,ntnc
CHICO,11,Com acucar e com afeto,2,PApaPpp,ntnc
CHICO,11,Com acucar e com afeto,3,PPaAaup,ntnc
CHICO,11,Com acucar e com afeto,4,ap,u
CHICO,11,Com acucar e com afeto,5,PPaAauu,ntnc
CHICO,11,Com acucar e com afeto,6,PPaAauu,ntnc
CHICO,11,Com acucar e com afeto,7,AAappuP,ntnc
CHICO,11,Com acucar e com afeto,8,PPppPpp,ntnc
CHICO,11,Com acucar e com afeto,9,PApaPpp,ntnc
CHICO,11,Com acucar e com afeto,10,PPaAap,ntn
CHICO,11,Com acucar e com afeto,11,ap,u
CHICO,11,Com acucar e com afeto,12,PPaAauu,ntnc
CHICO,11,Com acucar e com afeto,13,PPaAauu,ntnc
CHICO,11,Com acucar e com afeto,14,AAappS,ntn
CHICO,11,Com acucar e com afeto,15,upp,pn
CHICO,11,Com acucar e com afeto,16,PPppPPp,ntnc
CHICO,11,Com acucar e com afeto,17,PPppppp,ntnc
CHICO,11,Com acucar e com afeto,18,PPpaap,nrn
CHICO,11,Com acucar e com afeto,19,PPPPPpp,nrnc
CHICO,11,Com acucar e com afeto,20,aAppppup,nrnh
CHICO,11,Com acucar e com afeto,21,PApppp,nrn
CHICO,12,Construcao,1,uuuuuuuPPPppp,gvvqm
CHICO,12,Construcao,2,uuuuuuuPPPppp,gvvqm
CHICO,12,Construcao,3,uuuuuuuPPPppp,gvvqm
CHICO,12,Construcao,4,uuuuuuuPPPPpa,gvvqm
CHICO,12,Construcao,5,uuuuuuuPPPppp,gvvqm
CHICO,12,Construcao,6,uuuuuuuPPPppp,gvvqm
CHICO,12,Construcao,7,uuuuuuuPPPppp,gvvqm
CHICO,12,Construcao,8,uuuuuuuPPPPpu,gvvqm
CHICO,12,Construcao,9,uuuuuuuuupPpp,gvvqm
CHICO,12,Construcao,10,uuuuuuuuupPpp,gvvqm
CHICO,12,Construcao,11,uuuuuuuuuuupp,gvvqm
CHICO,12,Construcao,12,uuuuuuuuuPSpu,gvvqm
CHICO,12,Construcao,13,uuuuuuuPppppp,gvvqm
CHICO,13,Cotidiano,1,ppAppApppP,nrrt
CHICO,13,Cotidiano,2,ppApppuPp,nrrj
CHICO,13,Cotidiano,3,ppApppupP,nrrj
CHICO,13,Cotidiano,4,ppppPpuPs,nrrj
CHICO,13,Cotidiano,5,ppAppApppP,nrrt
CHICO,13,Cotidiano,6,ppApppupp,nrrj
CHICO,13,Cotidiano,7,PPppAppPP,nrrj
CHICO,13,Cotidiano,8,PPppAppAS,nrrj
CHICO,13,Cotidiano,9,ppAppApppP,nrrt
CHICO,13,Cotidiano,10,ppApppuPp,nrrj
CHICO,13,Cotidiano,11,ppApppupP,nrrj
CHICO,13,Cotidiano,12,ppppPpuPs,nrrj
CHICO,14,Desalento,1,PaP,babn
CHICO,14,Desalento,2,pP,bn
CHICO,14,Desalento,3,aP,bn
CHICO,14,Desalento,4,Sp,bn
CHICO,14,Desalento,5,APPPp,ntab
CHICO,14,Desalento,6,aapup,tne
CHICO,14,Desalento,7,PAApp,sjb
CHICO,14,Desalento,8,PPPPPuu,bolng
CHICO,14,Desalento,9,AAAAppp,ssl
CHICO,14,Desalento,10,PPs,ejb
CHICO,14,Desalento,11,PPPAAP,bnln
CHICO,14,Desalento,12,pP,nb
CHICO,14,Desalento,13,PA,ob
CHICO,14,Desalento,14,pPsAP,nln
CHICO,15,Desencontro,1,upPP,bsb
CHICO,15,Desencontro,2,PPua,sbab
CHICO,15,Desencontro,3,uauu,ebob
CHICO,15,Desencontro,4,uppP,ebob
CHICO,15,Desencontro,5,uuuA,esb
CHICO,15,Desencontro,6,uuup,esb
CHICO,15,Desencontro,7,ppPPppPuppP,sbsbbob
CHICO,15,Desencontro,8,upPP,ebob
CHICO,15,Desencontro,9,PPua,sbab
CHICO,15,Desencontro,10,uPpauuu,uboj
CHICO,15,Desencontro,11,Pauu,ebob
CHICO,15,Desencontro,12,SppApu,erne
CHICO,15,Desencontro,13,pspPS,ebsb
CHICO,15,Desencontro,14,pPPPP,ejjb
CHICO,15,Desencontro,15,PppPA,ebsb
CHICO,15,Desencontro,16,PPp,sb
CHICO,16,Bastidores,1,AaS,ebaaeb
CHICO,16,Bastidores,2,pPPPspP,ejjbeb
CHICO,16,Bastidores,3,APPApaP,sjjb
CHICO,16,Bastidores,4,PPaPuaAPu,ojjoj
CHICO,16,Bastidores,5,APaAs,osb
CHICO,16,Bastidores,6,AaS,ejb
CHICO,16,Bastidores,7,pPPPspP,ejjbeb
CHICO,16,Bastidores,8,APPApaP,ejjjb
CHICO,16,Bastidores,9,PPaP,ojb
CHICO,16,Bastidores,10,APaAPaAP,obobob
CHICO,16,Bastidores,11,AsS,ebaaeb
CHICO,16,Bastidores,12,APpPpaA,ejjjb
CHICO,16,Bastidores,13,APpPapp,ejjjb
CHICO,16,Bastidores,14,PAApA,sjb
CHICO,16,Bastidores,15,PPpaA,eseb
CHICO,17,Ela desatinou,1,P,bb
CHICO,17,Ela desatinou,2,aaS,pn
CHICO,17,Ela desatinou,3,pp,gn
CHICO,17,Ela desatinou,4,uuuuuuuuppSp,nrtrj
CHICO,17,Ela desatinou,5,PPas,sbe
CHICO,17,Ela desatinou,6,pPppup,sbnaab
CHICO,17,Ela desatinou,7,Ppu,nn
CHICO,17,Ela desatinou,8,pPApa,rbn
CHICO,17,Ela desatinou,9,Ppu,pn
CHICO,17,Ela desatinou,10,PPAp,rbb
CHICO,17,Ela desatinou,11,AAApupAp,bbnpng
CHICO,17,Ela desatinou,12,AASpaaSpaa,bbncotc
CHICO,17,Ela desatinou,13,Ppu,bbn
CHICO,17,Ela desatinou,14,pPAap,rbn
CHICO,17,Ela desatinou,15,puppPS,gnnn
CHICO,17,Ela desatinou,16,p,n
CHICO,17,Ela desatinou,17,pu,nb
CHICO,17,Ela desatinou,18,pu,gn
CHICO,17,Ela desatinou,19,pu,nb
CHICO,17,Ela desatinou,20,pu,gn
CHICO,17,Ela desatinou,21,pu,nb
CHICO,17,Ela desatinou,22,pS,gn
CHICO,17,Ela desatinou,23,puP,gng
CHICO,18,Fado tropical,1,uauuuu,ebjebb
CHICO,18,Fado tropical,2,uauuu,ebjeb
CHICO,18,Fado tropical,3,uauuuu,ebjebb
CHICO,18,Fado tropical,4,pppp,jjb
CHICO,18,Fado tropical,5,uauuuu,ebjebb
CHICO,18,Fado tropical,6,uauuu,ebjeb
CHICO,18,Fado tropical,7,uauuuu,ebjebb
CHICO,18,Fado tropical,8,pPpPAp,jjjb
CHICO,18,Fado tropical,9,uaAPPpApp,ebjebjeb
CHICO,18,Fado tropical,10,upa,ebj
CHICO,18,Fado tropical,11,uaAPP,ebjeb
CHICO,18,Fado tropical,12,PPpppS,jjjb
CHICO,19,Feijoada completa,1,P,n
CHICO,19,Feijoada completa,2,asuu,nne
CHICO,19,Feijoada completa,3,uuPuuuappA,ntnnn
CHICO,19,Feijoada completa,4,uuPuuu,ntl
CHICO,19,Feijoada completa,5,ppAa,nnab
CHICO,19,Feijoada completa,6,uuPuuu,ntl
CHICO,19,Feijoada completa,7,ppPp,nne
CHICO,19,Feijoada completa,8,aAuuuu,gntc
CHICO,19,Feijoada completa,9,uuuuaAaAA,punu
CHICO,19,Feijoada completa,10,uuuuuuuuu,nnnnn
CHICO,20,Futuros amantes,1,SppP,esb
CHICO,20,Futuros amantes,2,pupP,ejj
CHICO,20,Futuros amantes,3,AupP,esb
CHICO,20,Futuros amantes,4,ppupP,jjj
CHICO,20,Futuros amantes,5,aAu,ejb
CHICO,20,Futuros amantes,6,Pupuu,esj
CHICO,20,Futuros amantes,7,PupuupPupPupP,esjejejeb
CHICO,20,Futuros amantes,8,upP,sb
CHICO,20,Futuros amantes,9,pPupP,obob
CHICO,20,Futuros amantes,10,pupPupPu,ekdkdj
CHICO,20,Futuros amantes,11,PaPPu,jjk
CHICO,20,Futuros amantes,12,Puppu,dkdk
CHICO,20,Futuros amantes,13,Pupuu,dkdk
CHICO,20,Futuros amantes,14,PupPupP,dkdjj
CHICO,21,Flor da idade,1,Auuuuuuup,jebjeej
CHICO,21,Flor da idade,2,uppPpp,ebbbbj
CHICO,21,Flor da idade,3,uuAp,jebb
CHICO,21,Flor da idade,4,Auuuuuup,jebjeee
CHICO,21,Flor da idade,5,uuppPpp,ebjebj
CHICO,21,Flor da idade,6,Auuuuuuup,jebjeej
CHICO,21,Flor da idade,7,uuppPpp,ebjebbb
CHICO,21,Flor da idade,8,pPpp,bbbbb
CHICO,21,Flor da idade,9,PpppP,bbbje
CHICO,21,Flor da idade,10,pppP,bbje
CHICO,21,Flor da idade,11,pppP,bbjb
CHICO,22,Folhetim,1,PPppAa,ejjj
CHICO,22,Folhetim,2,ppppP,jjj
CHICO,22,Folhetim,3,PpPP,ekdb
CHICO,22,Folhetim,4,pPAppu,ejjj
CHICO,22,Folhetim,5,pApppp,pkdj
CHICO,22,Folhetim,6,aAppPa,jjjb
CHICO,22,Folhetim,7,PpaApau,ejbjj
CHICO,22,Folhetim,8,uuAAAP,osj
CHICO,22,Folhetim,9,pPpp,jjb
CHICO,22,Folhetim,10,AAApppPp,ejbejaj
CHICO,22,Folhetim,11,AAAppPPP,ejbekdb
CHICO,22,Folhetim,12,PPppAa,ejjj
CHICO,22,Folhetim,13,ppppP,ekdj
CHICO,22,Folhetim,14,PpPP,ekdb
CHICO,22,Folhetim,15,pPApp,ejjb
CHICO,22,Folhetim,16,pApppp,ejjj
CHICO,22,Folhetim,17,aAppPaPa,jjjajb
CHICO,23,Homenagem ao malandro,1,PPP,nn
CHICO,23,Homenagem ao malandro,2,pPp,nn
CHICO,23,Homenagem ao malandro,3,AP,nc
CHICO,23,Homenagem ao malandro,4,PpPpaAP,gjpnc
CHICO,23,Homenagem ao malandro,5,PpapAaAa,rnnj
CHICO,23,Homenagem ao malandro,6,PPPuPpPp,nnnjb
CHICO,23,Homenagem ao malandro,7,APpPpP,nnjb
CHICO,23,Homenagem ao malandro,8,aAP,rc
CHICO,23,Homenagem ao malandro,9,PAaa,rn
CHICO,23,Homenagem ao malandro,10,ppp,nn
CHICO,23,Homenagem ao malandro,11,PAA,gr
CHICO,23,Homenagem ao malandro,12,pPpPp,nnj
CHICO,23,Homenagem ao malandro,13,pppPPAA,pngr
CHICO,23,Homenagem ao malandro,14,pPpPp,nnj
CHICO,23,Homenagem ao malandro,15,pppPPAA,pnnj
CHICO,23,Homenagem ao malandro,16,pPpPp,nnj
CHICO,23,Homenagem ao malandro,17,pppPPAA,pnnj
CHICO,23,Homenagem ao malandro,18,pPpPp,nnj
CHICO,23,Homenagem ao malandro,19,pppPPAAA,nnrj
CHICO,23,Homenagem ao malandro,20,pPpPp,nnn
CHICO,23,Homenagem ao malandro,21,pPpPPAA,nnnj
CHICO,23,Homenagem ao malandro,22,pPpPp,nnj
CHICO,24,Januaria,1,PPPppPu,ntnc
CHICO,24,Januaria,2,PPPpPau,ntnc
CHICO,24,Januaria,3,uSuusSu,ntnc
CHICO,24,Januaria,4,sSppaAu,gnpnc
CHICO,24,Januaria,5,uuuAAA,ntn
CHICO,24,Januaria,6,pPPpPpPAu,grlrg
CHICO,24,Januaria,7,pppppA,ntn
CHICO,24,Januaria,8,PPA,gr
CHICO,24,Januaria,9,ppP,gr
CHICO,24,Januaria,10,PAapPAa,ulq
CHICO,24,Januaria,11,PSspPSs,ulq
CHICO,24,Januaria,12,PSaaSPpaa,ulqcb
CHICO,25,Joana francesa,1,PaPa,bejb
CHICO,25,Joana francesa,2,PaPa,bejb
CHICO,25,Joana francesa,3,PPPP,bejb
CHICO,25,Joana francesa,4,aaA,ejb
CHICO,25,Joana francesa,5,aPa,ejb
CHICO,25,Joana francesa,6,PPPP,bejb
CHICO,25,Joana francesa,7,ppu,ejb
CHICO,25,Joana francesa,8,PpPAu,jjbb
CHICO,25,Joana francesa,9,pPpPpPpPpP,ejjjjj
CHICO,25,Joana francesa,10,pupu,bejb
CHICO,25,Joana francesa,11,PPApu,ejjb
CHICO,25,Joana francesa,12,pupu,bejb
CHICO,25,Joana francesa,13,PPApu,ejjb
CHICO,25,Joana francesa,14,pupu,bejb
CHICO,25,Joana francesa,15,PPPpu,ejjb
CHICO,25,Joana francesa,16,pPPAp,jjbb
CHICO,26,Mambembe,1,uuuuuuuuuuppPP,gttttj
CHICO,26,Mambembe,2,uuuuuuuuuuu,gttvc
CHICO,26,Mambembe,3,ppAppup,ntnc
CHICO,26,Mambembe,4,pSup,ecnc
CHICO,26,Mambembe,5,PPPau,prc
CHICO,26,Mambembe,6,Pu,nc
CHICO,26,Mambembe,7,AapP,nu
CHICO,26,Mambembe,8,upp,canab
CHICO,26,Mambembe,9,Aappa,npl
CHICO,27,Maninha,1,pPAppA,ejjj
CHICO,27,Maninha,2,pPApp,ejjb
CHICO,27,Maninha,3,PAAApPPAp,ejjjeeb
CHICO,27,Maninha,4,pPApp,ejjb
CHICO,27,Maninha,5,pPApp,ejjb
CHICO,27,Maninha,6,PPPpPp,jbejb
CHICO,27,Maninha,7,pPp,ejb
CHICO,27,Maninha,8,pPSppp,ejjj
CHICO,27,Maninha,9,uppuSpu,ejjeeb
CHICO,27,Maninha,10,pPApppuuA,ejjjej
CHICO,27,Maninha,11,puppu,ejjb
CHICO,28,Meu caro amigo,1,SApasppAAAp,uvvb
CHICO,28,Meu caro amigo,2,ASusSppP,uvl
CHICO,28,Meu caro amigo,3,SApasppAAAp,uvvb
CHICO,28,Meu caro amigo,4,ASusSppp,uvl
CHICO,28,Meu caro amigo,5,AApaappAAAp,uvvb
CHICO,28,Meu caro amigo,6,AAppasaSAAp,uvvb
CHICO,28,Meu caro amigo,7,SApasppAAAp,uvvb
CHICO,28,Meu caro amigo,8,SAupppSppppPpp,uvvtg
CHICO,28,Meu caro amigo,9,SSpapppPPPP,uvvb
CHICO,28,Meu caro amigo,10,asSAusSAusSPuA,gvvvh
CHICO,28,Meu caro amigo,11,asSAusSAusSPuS,gvvvh
CHICO,28,Meu caro amigo,12,asSAupp,gvlb
CHICO,29,Morena dos olhos dagua,1,PaApppp,ejsl
CHICO,29,Morena dos olhos dagua,2,AAAapP,uv
CHICO,29,Morena dos olhos dagua,3,P,l
CHICO,29,Morena dos olhos dagua,4,AaPps,pv
CHICO,29,Morena dos olhos dagua,5,AAppsA,uuc
CHICO,29,Morena dos olhos dagua,6,pp,nb
CHICO,29,Morena dos olhos dagua,7,aASppsu,ejtj
CHICO,29,Morena dos olhos dagua,8,PPASaP,ptp
CHICO,29,Morena dos olhos dagua,9,PPuuuuauu,ptpu
CHICO,29,Morena dos olhos dagua,10,AuauuAs,ntr
CHICO,29,Morena dos olhos dagua,11,ppSppsu,pbsj
CHICO,29,Morena dos olhos dagua,12,PPASaP,ptp
CHICO,29,Morena dos olhos dagua,13,PPuuuuauu,pluu
CHICO,29,Morena dos olhos dagua,14,AuauuAA,nvn
CHICO,30,Mulheres de Atenas,1,uuuup,jeej
CHICO,30,Mulheres de Atenas,2,uuupP,ejej
CHICO,30,Mulheres de Atenas,3,Pa,ej
CHICO,30,Mulheres de Atenas,4,uuuuup,jeejb
CHICO,30,Mulheres de Atenas,5,uupP,ejj
CHICO,30,Mulheres de Atenas,6,Pa,ej
CHICO,30,Mulheres de Atenas,7,uuuupuup,fdkdeej
CHICO,30,Mulheres de Atenas,8,uupupuuu,fdkdeje
CHICO,30,Mulheres de Atenas,9,PPAa,ejj
CHICO,30,Mulheres de Atenas,10,uuuupuup,fdkdeje
CHICO,30,Mulheres de Atenas,11,uupupuuu,fdkdeje
CHICO,30,Mulheres de Atenas,12,PPAa,ejj
CHICO,30,Mulheres de Atenas,13,pa,ej
CHICO,31,Nao existe pecado ao sul do equador,1,PPppAp,jjje
CHICO,31,Nao existe pecado ao sul do equador,2,AppAa,jeje
CHICO,31,Nao existe pecado ao sul do equador,3,AaPa,ebjb
CHICO,31,Nao existe pecado ao sul do equador,4,uPPppAp,ejjje
CHICO,31,Nao existe pecado ao sul do equador,5,AppAa,jeje
CHICO,31,Nao existe pecado ao sul do equador,6,SapP,ekdb
CHICO,31,Nao existe pecado ao sul do equador,7,uuuaPP,ejjj
CHICO,31,Nao existe pecado ao sul do equador,8,pA,ej
CHICO,31,Nao existe pecado ao sul do equador,9,pA,ej
CHICO,31,Nao existe pecado ao sul do equador,10,pS,ej
CHICO,31,Nao existe pecado ao sul do equador,11,pa,ej
CHICO,31,Nao existe pecado ao sul do equador,12,uuuppp,ejjj
CHICO,31,Nao existe pecado ao sul do equador,13,uP,ej
CHICO,31,Nao existe pecado ao sul do equador,14,uP,ej
CHICO,31,Nao existe pecado ao sul do equador,15,uPppA,eejj
CHICO,31,Nao existe pecado ao sul do equador,16,aApsAp,ejjj
CHICO,31,Nao existe pecado ao sul do equador,17,Sp,ej
CHICO,31,Nao existe pecado ao sul do equador,18,Sp,ej
CHICO,31,Nao existe pecado ao sul do equador,19,aApsAp,ejjj
CHICO,31,Nao existe pecado ao sul do equador,20,Sp,ej
CHICO,31,Nao existe pecado ao sul do equador,21,Sp,ej
CHICO,31,Nao existe pecado ao sul do equador,22,ppp,eeee
CHICO,31,Nao existe pecado ao sul do equador,23,AA,ej
CHICO,31,Nao existe pecado ao sul do equador,24,uSp,eje
CHICO,31,Nao existe pecado ao sul do equador,25,uSsp,ejj
CHICO,31,Nao existe pecado ao sul do equador,26,sp,ej
CHICO,31,Nao existe pecado ao sul do equador,27,sS,ej
CHICO,32,Noite dos mascarados,1,ppp,bt
CHICO,32,Noite dos mascarados,2,pppp,os
CHICO,32,Noite dos mascarados,3,ppp,bt
CHICO,32,Noite dos mascarados,4,ppAA,os
CHICO,32,Noite dos mascarados,5,ppA,bt
CHICO,32,Noite dos mascarados,6,aaAP,os
CHICO,32,Noite dos mascarados,7,puA,bt
CHICO,32,Noite dos mascarados,8,PPpp,os
CHICO,32,Noite dos mascarados,9,uuuu,vc
CHICO,32,Noite dos mascarados,10,upaa,gv
CHICO,32,Noite dos mascarados,11,Suuuu,gvc
CHICO,32,Noite dos mascarados,12,pppP,gv
CHICO,32,Noite dos mascarados,13,Auuuu,gvc
CHICO,32,Noite dos mascarados,14,AaaA,gv
CHICO,32,Noite dos mascarados,15,Auuuu,gvc
CHICO,32,Noite dos mascarados,16,Auuu,gv
CHICO,32,Noite dos mascarados,17,Appp,ebt
CHICO,32,Noite dos mascarados,18,pppp,os
CHICO,32,Noite dos mascarados,19,pAP,bt
CHICO,32,Noite dos mascarados,20,PPpp,os
CHICO,32,Noite dos mascarados,21,ppA,bt
CHICO,32,Noite dos mascarados,22,PPppu,ut
CHICO,32,Noite dos mascarados,23,PAapS,ut
CHICO,32,Noite dos mascarados,24,PPppu,ut
CHICO,32,Noite dos mascarados,25,PAaua,ut
CHICO,33,O meu amor,1,PsS,bbeb
CHICO,33,O meu amor,2,aPp,ggbe
CHICO,33,O meu amor,3,PPPAP,glnb
CHICO,33,O meu amor,4,PPpPAp,gvl
CHICO,33,O meu amor,5,PPpPAp,gvj
CHICO,33,O meu amor,6,pupuppPPpAp,gurul
CHICO,33,O meu amor,7,PPpPAp,gvh
CHICO,33,O meu amor,8,aaapP,guj
CHICO,33,O meu amor,9,AAappA,vlab
CHICO,33,O meu amor,10,PAAAPpS,gvr
CHICO,33,O meu amor,11,AAPpp,gvb
CHICO,33,O meu amor,12,PpppPP,gvi
CHICO,33,O meu amor,13,ppppp,djbbb
CHICO,34,Ole ola,1,pPSap,gvb
CHICO,34,Ole ola,2,upupu,gvb
CHICO,34,Ole ola,3,upupu,gvb
CHICO,34,Ole ola,4,pPSappupupAp,gvvqc
CHICO,34,Ole ola,5,pppp,vb
CHICO,34,Ole ola,6,AppaPAP,ulbabab
CHICO,34,Ole ola,7,pPSappuuu,gvvc
CHICO,34,Ole ola,8,uuuuP,pv
CHICO,34,Ole ola,9,uuuuu,gvc
CHICO,34,Ole ola,10,uuuPu,gvc
CHICO,34,Ole ola,11,uuuuu,gvc
CHICO,34,Ole ola,12,uuuP,gv
CHICO,34,Ole ola,13,upupuaS,grnn
CHICO,34,Ole ola,14,uppup,gvc
CHICO,34,Ole ola,15,upPA,gv
CHICO,34,Ole ola,16,upppu,gvc
CHICO,34,Ole ola,17,uaAPu,gvc
CHICO,34,Ole ola,18,uuppu,gvc
CHICO,34,Ole ola,19,upPP,gv
CHICO,35,Olhos nos olhos,1,pPP,sb
CHICO,35,Olhos nos olhos,2,PPAp,obeb
CHICO,35,Olhos nos olhos,3,PpPA,fsb
CHICO,35,Olhos nos olhos,4,usPpP,jejb
CHICO,35,Olhos nos olhos,5,pPpPu,osc
CHICO,35,Olhos nos olhos,6,pPpP,os
CHICO,35,Olhos nos olhos,7,PpPpPpPsu,okss
CHICO,35,Olhos nos olhos,8,pPP,sb
CHICO,35,Olhos nos olhos,9,pPP,sb
CHICO,35,Olhos nos olhos,10,PPAp,obeb
CHICO,35,Olhos nos olhos,11,PpPA,fsb
CHICO,35,Olhos nos olhos,12,usuPpP,jesb
CHICO,35,Olhos nos olhos,13,uuuu,sj
CHICO,35,Olhos nos olhos,14,uupPApp,oss
CHICO,35,Olhos nos olhos,15,PPppPPp,oksf
CHICO,35,Olhos nos olhos,16,PPpp,saeb
CHICO,35,Olhos nos olhos,17,auuPuupu,ebobobb
CHICO,35,Olhos nos olhos,18,Puup,fsb
CHICO,35,Olhos nos olhos,19,uPuup,jbob
CHICO,35,Olhos nos olhos,20,uuPuupu,ejbjbb
CHICO,35,Olhos nos olhos,21,uPuuau,osj
CHICO,35,Olhos nos olhos,22,Pppp,ebob
CHICO,35,Olhos nos olhos,23,aP,ob
CHICO,36,Pedro pedreiro,1,ppppppuPaAA,uvpq
CHICO,36,Pedro pedreiro,2,ppppppuuPaAA,uvur
CHICO,36,Pedro pedreiro,3,aP,u
CHICO,36,Pedro pedreiro,4,aPPaPPPPP,uvr
CHICO,36,Pedro pedreiro,5,uuuuuPPPP,uvr
CHICO,36,Pedro pedreiro,6,ppPpppPuuuPPPP,uvrvb
CHICO,36,Pedro pedreiro,7,uu,ob
CHICO,36,Pedro pedreiro,8,uu,pb
CHICO,36,Pedro pedreiro,9,uu,pb
CHICO,36,Pedro pedreiro,10,uu,pb
CHICO,36,Pedro pedreiro,11,pppu,pq
CHICO,36,Pedro pedreiro,12,pppu,pq
CHICO,36,Pedro pedreiro,13,pppu,pr
CHICO,36,Pedro pedreiro,14,Apppu,uq
CHICO,36,Pedro pedreiro,15,pppu,pr
CHICO,36,Pedro pedreiro,16,Apppuu,uv
CHICO,36,Pedro pedreiro,17,pppu,pr
CHICO,36,Pedro pedreiro,18,uuAuA,ur
CHICO,36,Pedro pedreiro,19,uauaP,ur
CHICO,37,Quem te viu quem te ve,1,uuuuuup,ntnc
CHICO,37,Quem te viu quem te ve,2,uupAppp,ntnc
CHICO,37,Quem te viu quem te ve,3,uuPPSup,ntnc
CHICO,37,Quem te viu quem te ve,4,PPpPPpp,ntnc
CHICO,37,Quem te viu quem te ve,5,PPpPAuu,ntnc
CHICO,37,Quem te viu quem te ve,6,uuuuuPu,ntnc
CHICO,37,Quem te viu quem te ve,7,uppuupu,ntng
CHICO,37,Quem te viu quem te ve,8,uppuupu,ntnc
CHICO,37,Quem te viu quem te ve,9,upPPp,jln
CHICO,37,Quem te viu quem te ve,10,App,ln
CHICO,37,Quem te viu quem te ve,11,ppPPp,jln
CHICO,37,Quem te viu quem te ve,12,As,bn
CHICO,37,Quem te viu quem te ve,13,Ap,bl
CHICO,37,Quem te viu quem te ve,14,PPAs,tn
CHICO,37,Quem te viu quem te ve,15,PAppppP,ntbn
CHICO,37,Quem te viu quem te ve,16,PPPs,tn
CHICO,37,Quem te viu quem te ve,17,PAAppua,ntbn
CHICO,38,Roda viva,1,uuuuuuAa,grjjc
CHICO,38,Roda viva,2,uuuuuuS,grjj
CHICO,38,Roda viva,3,uuuAupau,grljc
CHICO,38,Roda viva,4,uuuSupa,grjn
CHICO,38,Roda viva,5,uuuAuppa,grjnc
CHICO,38,Roda viva,6,uuuPupp,grjn
CHICO,38,Roda viva,7,uuupPpp,grjn
CHICO,38,Roda viva,8,uuuuAuPP,osjn
CHICO,38,Roda viva,9,uAuuuuSu,ptqc
CHICO,38,Roda viva,10,upuuuuuS,utq
CHICO,38,Roda viva,11,uuupupau,grjjc
CHICO,38,Roda viva,12,uuupupa,grjj
CHICO,39,Samba de Orly,1,APu,babn
CHICO,39,Samba de Orly,2,Pppp,tn
CHICO,39,Samba de Orly,3,Pppp,tn
CHICO,39,Samba de Orly,4,Pppp,tn
CHICO,39,Samba de Orly,5,ASappa,jlnc
CHICO,39,Samba de Orly,6,uuppppa,nrnc
CHICO,39,Samba de Orly,7,uuppppPsAA,nrnnn
CHICO,39,Samba de Orly,8,APu,babn
CHICO,39,Samba de Orly,9,Pppp,tn
CHICO,39,Samba de Orly,10,Ppppp,tnc
CHICO,39,Samba de Orly,11,PSaap,jbnc
CHICO,39,Samba de Orly,12,PSapp,jbnc
CHICO,39,Samba de Orly,13,PSsAp,jbnc
CHICO,39,Samba de Orly,14,PAapp,jbnc
CHICO,39,Samba de Orly,15,PSaap,jbnc
CHICO,39,Samba de Orly,16,PSapp,jbnc
CHICO,39,Samba de Orly,17,pPSsAp,rbnc
CHICO,39,Samba de Orly,18,PAapp,jbnaaaab
CHICO,40,Sem fantasia,1,AaappSp,bantbab
CHICO,40,Sem fantasia,2,ApaSpa,baptb
CHICO,40,Sem fantasia,3,aPPppAu,baptbb
CHICO,40,Sem fantasia,4,PPppAu,ptbb
CHICO,40,Sem fantasia,5,PPppp,ptb
CHICO,40,Sem fantasia,6,AaappSu,bantbb
CHICO,40,Sem fantasia,7,PPppAu,ptbb
CHICO,40,Sem fantasia,8,PPppAu,ptbb
CHICO,40,Sem fantasia,9,ApppPAs,baptbb
CHICO,40,Sem fantasia,10,PPppSp,ptbb
CHICO,40,Sem fantasia,11,PApa,ot
CHICO,40,Sem fantasia,12,PPppAs,tjbb
CHICO,40,Sem fantasia,13,PPppSs,tjbb
CHICO,40,Sem fantasia,14,PPppaPP,tjbabab
CHICO,41,Samba e amor,1,pPAappaAPP,grnnnaab
CHICO,41,Samba e amor,2,pPAappaAa,grnnn
CHICO,41,Samba e amor,3,SsuuS,grn
CHICO,41,Samba e amor,4,uuSs,nnc
CHICO,41,Samba e amor,5,Sp,nc
CHICO,41,Samba e amor,6,aPPAppp,nnnan
CHICO,41,Samba e amor,7,AaaSpaaSup,nnnnnc
CHICO,41,Samba e amor,8,pPPPaPPPa,nnnnn
CHICO,41,Samba e amor,9,uuuuAuuuAu,nnnnnaab
CHICO,41,Samba e amor,10,uAAAppaPa,gvrn
CHICO,42,Sob medida,1,PApPa,jjj
CHICO,42,Sob medida,2,PPpPa,jjj
CHICO,42,Sob medida,3,PPP,jbb
CHICO,42,Sob medida,4,PPpPa,jjj
CHICO,42,Sob medida,5,PApPaPPPP,jbjbjbb
CHICO,42,Sob medida,6,PAaAap,jjjb
CHICO,42,Sob medida,7,pPpPpPsPP,ejjjjb
CHICO,42,Sob medida,8,uuuPp,esbb
CHICO,42,Sob medida,9,ppuuu,jjj
CHICO,42,Sob medida,10,PSuuu,jjj
CHICO,42,Sob medida,11,ppp,jbb
CHICO,42,Sob medida,12,ppp,jbb
CHICO,42,Sob medida,13,PAP,jj
CHICO,42,Sob medida,14,PPaPP,ekdj
CHICO,42,Sob medida,15,PPapPaPaPa,ekdkdkdb
CHICO,42,Sob medida,16,PAP,jj
CHICO,42,Sob medida,17,PPaPP,esj
CHICO,42,Sob medida,18,ppPPp,osb
CHICO,43,Tatuagem,1,uuuupAu,sbjj
CHICO,43,Tatuagem,2,uupAu,ojj
CHICO,43,Tatuagem,3,ppppuu,sjj
CHICO,43,Tatuagem,4,uuuuu,ojj
CHICO,43,Tatuagem,5,uuuu,ojb
CHICO,43,Tatuagem,6,pPpPpPpPpPPpp,jjjjjjj
CHICO,43,Tatuagem,7,ppu,jj
CHICO,43,Tatuagem,8,PpP,ebeb
CHICO,43,Tatuagem,9,uua,jbe
CHICO,43,Tatuagem,10,pPpP,seb
CHICO,43,Tatuagem,11,PpPpPPpp,jejjj
CHICO,43,Tatuagem,12,ppupPpPu,ejbjebb
CHICO,43,Tatuagem,13,uua,jj
CHICO,44,Vai trabalhar vagabundo,1,ApA,jj
CHICO,44,Vai trabalhar vagabundo,2,uuu,nj
CHICO,44,Vai trabalhar vagabundo,3,ApA,jj
CHICO,44,Vai trabalhar vagabundo,4,uuu,nj
CHICO,44,Vai trabalhar vagabundo,5,ApA,jj
CHICO,44,Vai trabalhar vagabundo,6,uuu,nj
CHICO,44,Vai trabalhar vagabundo,7,uupp,jjc
CHICO,44,Vai trabalhar vagabundo,8,ApA,jj
CHICO,44,Vai trabalhar vagabundo,9,uuu,nj
CHICO,44,Vai trabalhar vagabundo,10,ApA,jj
CHICO,44,Vai trabalhar vagabundo,11,uuu,nj
CHICO,44,Vai trabalhar vagabundo,12,ApA,jj
CHICO,44,Vai trabalhar vagabundo,13,uuu,nj
CHICO,44,Vai trabalhar vagabundo,14,uupp,jjc
CHICO,44,Vai trabalhar vagabundo,15,pAa,jj
CHICO,44,Vai trabalhar vagabundo,16,uuu,nj
CHICO,44,Vai trabalhar vagabundo,17,Aap,jj
CHICO,44,Vai trabalhar vagabundo,18,uu,nb
CHICO,44,Vai trabalhar vagabundo,19,uuu,jj
CHICO,44,Vai trabalhar vagabundo,20,uuu,nj
CHICO,44,Vai trabalhar vagabundo,21,uuu,jj
CHICO,44,Vai trabalhar vagabundo,22,pAa,jj
CHICO,44,Vai trabalhar vagabundo,23,uuu,nj
CHICO,44,Vai trabalhar vagabundo,24,Aap,jj
CHICO,44,Vai trabalhar vagabundo,25,uu,nb
CHICO,44,Vai trabalhar vagabundo,26,uuu,jj
CHICO,44,Vai trabalhar vagabundo,27,uuu,nj
CHICO,44,Vai trabalhar vagabundo,28,uuu,jj
CHICO,45,De todas as maneiras,1,AaAaPsSsS,ebebebjaeb
CHICO,45,De todas as maneiras,2,Appua,jjj
CHICO,45,De todas as maneiras,3,SPppPa,ejjj
CHICO,45,De todas as maneiras,4,PppPaPPup,eejjjbe
CHICO,45,De todas as maneiras,5,SPpppsSP,ejekdj
CHICO,45,De todas as maneiras,6,pppup,ekdj
CHICO,45,De todas as maneiras,7,PAAS,jjb
CHICO,45,De todas as maneiras,8,puPpuPpp,fdkdkdb
CHICO,45,De todas as maneiras,9,puPppp,jkdbaaab
CHICO,45,De todas as maneiras,10,PPPpuPpuA,jkdkdbb
CHICO,45,De todas as maneiras,11,PpPPp,jjbe
CHICO,46,De volta ao samba,1,S,n
CHICO,46,De volta ao samba,2,ppppSp,rnn
CHICO,46,De volta ao samba,3,SpppPP,nnr
CHICO,46,De volta ao samba,4,PPppu,etn
CHICO,46,De volta ao samba,5,PPppa,etn
CHICO,46,De volta ao samba,6,PAaAP,etn
CHICO,46,De volta ao samba,7,p,n
CHICO,46,De volta ao samba,8,S,n
CHICO,46,De volta ao samba,9,ppppSp,rnn
CHICO,46,De volta ao samba,10,SpppPP,nnr
CHICO,46,De volta ao samba,11,PPppu,etn
CHICO,46,De volta ao samba,12,PPppa,etn
CHICO,46,De volta ao samba,13,PAaAP,etn
CHICO,46,De volta ao samba,14,a,bg
CHICO,46,De volta ao samba,15,APa,nn
CHICO,46,De volta ao samba,16,SAs,nn
CHICO,46,De volta ao samba,17,uuuuuuuuu,nmrnc
CHICO,46,De volta ao samba,18,pp,nb
CHICO,46,De volta ao samba,19,SPp,nn
CHICO,46,De volta ao samba,20,PPu,nn
CHICO,46,De volta ao samba,21,uuuuupaaS,nrrn
CHICO,46,De volta ao samba,22,p,bg
CHICO,47,Deixe a menina,1,PPPAApppp,pnnjl
CHICO,47,Deixe a menina,2,pAAAA,nnj
CHICO,47,Deixe a menina,3,uuuu,pr
CHICO,47,Deixe a menina,4,uuuu,pr
CHICO,47,Deixe a menina,5,PPuuupPPps,gnnqbl
CHICO,47,Deixe a menina,6,uupPSpp,nqbl
CHICO,47,Deixe a menina,7,uupPPpp,nqbn
CHICO,47,Deixe a menina,8,pppPP,nnn
CHICO,47,Deixe a menina,9,pPPapPP,etnn
CHICO,47,Deixe a menina,10,PPPPP,nnn
CHICO,47,Deixe a menina,11,pppPPsu,nnnan
CHICO,47,Deixe a menina,12,SuuppA,nnjb
CHICO,47,Deixe a menina,13,puuaAPp,nnjl
CHICO,47,Deixe a menina,14,suuaASPA,nnmlc
CHICO,48,Paratodos,1,PPPupuu,ntme
CHICO,48,Paratodos,2,PPPupuu,ntme
CHICO,48,Paratodos,3,upuppuu,ntme
CHICO,48,Paratodos,4,upuppuu,ntme
CHICO,48,Paratodos,5,upuppuu,ntme
CHICO,48,Paratodos,6,upuaupu,ntmaab
CHICO,48,Paratodos,7,PPPPPPu,ntme
CHICO,48,Paratodos,8,PPPPuPu,ntme
CHICO,48,Paratodos,9,upuppuu,ntme
CHICO,48,Paratodos,10,upupupu,ntme
CHICO,48,Paratodos,11,upuppuu,ntme
CHICO,48,Paratodos,12,uppupuu,ntmaab
CHICO,49,Pelas tabelas,1,pppPPPpppPPPp,rrrrn
CHICO,49,Pelas tabelas,2,pppPPPpppPAA,rrrrc
CHICO,49,Pelas tabelas,3,uuuuuuuuuu,nrrr
CHICO,49,Pelas tabelas,4,ppaa,njb
CHICO,49,Pelas tabelas,5,uuuuuuuuuua,nrrrb
CHICO,50,Samba do grande amor,1,uuuu,rj
CHICO,50,Samba do grande amor,2,uuu,pn
CHICO,50,Samba do grande amor,3,pPpPpPPP,nmtn
CHICO,50,Samba do grande amor,4,pp,ng
CHICO,50,Samba do grande amor,5,uuuu,gnj
CHICO,50,Samba do grande amor,6,uuu,pn
CHICO,50,Samba do grande amor,7,pPpPpPPP,nmtn
CHICO,50,Samba do grande amor,8,A,n
CHICO,50,Samba do grande amor,9,uuuu,gnj
CHICO,50,Samba do grande amor,10,uuu,pn
CHICO,50,Samba do grande amor,11,pPpPpPPP,nmtn
CHICO,50,Samba do grande amor,12,pp,ng
CHICO,50,Samba do grande amor,13,uuuu,gnj
CHICO,50,Samba do grande amor,14,uuu,pn
CHICO,50,Samba do grande amor,15,pPpPpPPP,nmtn
CHICO,50,Samba do grande amor,16,A,n
CHICO,50,Samba do grande amor,17,uuuu,gnj
CHICO,50,Samba do grande amor,18,uuuauuuP,pnnjg
CHICO,50,Samba do grande amor,19,uuuu,gnj
CHICO,50,Samba do grande amor,20,uuuPppa,pnnj
CHICO,50,Samba do grande amor,21,PPApppp,gnql
CHICO,50,Samba do grande amor,22,PPPpaA,gnrc
CHICO,50,Samba do grande amor,23,SuupsSua,nnmbn
CHICO,50,Samba do grande amor,24,pp,el
DJAVAN,1,Flor de lis,1,Suu,nn
DJAVAN,1,Flor de lis,2,aaAuu,nnn
DJAVAN,1,Flor de lis,3,aaAuu,nnn
DJAVAN,1,Flor de lis,4,aaA,ngb
DJAVAN,1,Flor de lis,5,Sap,gt
DJAVAN,1,Flor de lis,6,PAPuu,nnn
DJAVAN,1,Flor de lis,7,aaAuu,nnn
DJAVAN,1,Flor de lis,8,aAAuu,nnn
DJAVAN,1,Flor de lis,9,PPPpu,nngb
DJAVAN,1,Flor de lis,10,PPppa,nrb
DJAVAN,1,Flor de lis,11,PPppSa,cnnl
DJAVAN,1,Flor de lis,12,ps,pg
DJAVAN,1,Flor de lis,13,pPpPpPpPPpa,gossjc
DJAVAN,1,Flor de lis,14,aAAPpa,nnng
DJAVAN,1,Flor de lis,15,AppAp,pnn
DJAVAN,1,Flor de lis,16,uppPPa,nnt
DJAVAN,1,Flor de lis,17,AppapAu,tnt
DJAVAN,2,E que Deus ajude,1,uPPuAuauApaS,uvvh
DJAVAN,2,E que Deus ajude,2,pPPuPsuu,uvh
DJAVAN,2,E que Deus ajude,3,ApuupAu,pvh
DJAVAN,2,E que Deus ajude,4,aaAaAPu,pvh
DJAVAN,2,E que Deus ajude,5,paAaAAuuaa,pvvb
DJAVAN,2,E que Deus ajude,6,uua,ub
DJAVAN,2,E que Deus ajude,7,uAuuaPu,pvh
DJAVAN,2,E que Deus ajude,8,uuuuPau,pvh
DJAVAN,2,E que Deus ajude,9,uuauuauuu,pvv
DJAVAN,2,E que Deus ajude,10,uuAuuaPu,uvh
DJAVAN,2,E que Deus ajude,11,uuuuupu,pvh
DJAVAN,2,E que Deus ajude,12,uuuuupuupau,pvvh
DJAVAN,2,E que Deus ajude,13,uuau,uj
DJAVAN,2,E que Deus ajude,14,uuaup,ur
DJAVAN,2,E que Deus ajude,15,uuuuPP,nnnc
DJAVAN,2,E que Deus ajude,16,pppa,gqb
DJAVAN,2,E que Deus ajude,17,pppa,gqb
DJAVAN,2,E que Deus ajude,18,ppAa,gqb
DJAVAN,2,E que Deus ajude,19,ppAa,gqb
DJAVAN,2,E que Deus ajude,20,ppAa,gqb
DJAVAN,3,Lilas,1,PP,eeb
DJAVAN,3,Lilas,2,ppp,bbbb
DJAVAN,3,Lilas,3,PP,eeb
DJAVAN,3,Lilas,4,ppp,bbbb
DJAVAN,3,Lilas,5,PuuPuuPuu,kdkdkdb
DJAVAN,3,Lilas,6,upPuppPp,eebjbjb
DJAVAN,3,Lilas,7,APAua,jjeb
DJAVAN,3,Lilas,8,ua,jb
DJAVAN,3,Lilas,9,Pa,le
DJAVAN,3,Lilas,10,ua,eeb
DJAVAN,3,Lilas,11,uapA,jje
DJAVAN,3,Lilas,12,APAua,jjeb
DJAVAN,3,Lilas,13,ua,jb
DJAVAN,3,Lilas,14,Sppuuuu,ejjjb
DJAVAN,3,Lilas,15,ppPPa,eejee
DJAVAN,3,Lilas,16,uSuuppuu,jjjjb
DJAVAN,3,Lilas,17,uu,eeb
DJAVAN,3,Lilas,18,P,j
DJAVAN,4,Nem um dia,1,APPu,uj
DJAVAN,4,Nem um dia,2,APPPpupp,utmb
DJAVAN,4,Nem um dia,3,PPPpPppu,uvh
DJAVAN,4,Nem um dia,4,PPPupp,utg
DJAVAN,4,Nem um dia,5,APPa,uj
DJAVAN,4,Nem um dia,6,APPPpupp,utmb
DJAVAN,4,Nem um dia,7,PPPpPppu,uvh
DJAVAN,4,Nem um dia,8,PPPupp,utg
DJAVAN,4,Nem um dia,9,uuuuuuuuuuuppp,tnmvsb
DJAVAN,4,Nem um dia,10,PPPPau,vt
DJAVAN,4,Nem um dia,11,ppp,ue
DJAVAN,4,Nem um dia,12,pPpPpPpPPP,ntmrc
DJAVAN,4,Nem um dia,13,pPpPpPPPsP,ertsb
DJAVAN,4,Nem um dia,14,pPpPpPpPp,pmrt
DJAVAN,4,Nem um dia,15,pPpPpPpPp,mrtm
DJAVAN,4,Nem um dia,16,pPpPpPpPppupP,rtmrjb
DJAVAN,5,Muito obrigado,1,AuaAu,grh
DJAVAN,5,Muito obrigado,2,AuaAPPAPu,grru
DJAVAN,5,Muito obrigado,3,PupAppaaa,grrmb
DJAVAN,5,Muito obrigado,4,AuaAu,grh
DJAVAN,5,Muito obrigado,5,AuaAupa,grrc
DJAVAN,5,Muito obrigado,6,AuaAu,grh
DJAVAN,5,Muito obrigado,7,AuaAPPAPu,grru
DJAVAN,5,Muito obrigado,8,PupAppaaa,grrmb
DJAVAN,5,Muito obrigado,9,AuaAu,grh
DJAVAN,5,Muito obrigado,10,AuaAuPAa,grnjb
DJAVAN,5,Muito obrigado,11,pPuupAppa,nrnmb
DJAVAN,5,Muito obrigado,12,APs,nn
DJAVAN,5,Muito obrigado,13,pPuupAppa,nrnmc
DJAVAN,5,Muito obrigado,14,APs,nn
DJAVAN,5,Muito obrigado,15,pPuupAppa,nrnmb
DJAVAN,5,Muito obrigado,16,APs,nn
DJAVAN,5,Muito obrigado,17,pPuupAppa,nrnmb
DJAVAN,5,Muito obrigado,18,APpa,nng
DJAVAN,5,Muito obrigado,19,pPuupAppp,nrnu
DJAVAN,5,Muito obrigado,20,APpa,nnab
DJAVAN,5,Muito obrigado,21,APPs,nnab
DJAVAN,5,Muito obrigado,22,APpa,nng
DJAVAN,5,Muito obrigado,23,AuaAPPaa,grrcb
DJAVAN,6,Obi,1,uPu,nn
DJAVAN,6,Obi,2,uuuPPP,mnt
DJAVAN,6,Obi,3,AsAaAa,grmc
DJAVAN,6,Obi,4,AAApA,puc
DJAVAN,6,Obi,5,Pa,nc
DJAVAN,6,Obi,6,pp,pg
DJAVAN,6,Obi,7,uPuPu,nnn
DJAVAN,6,Obi,8,PuPPPAs,cjrj
DJAVAN,6,Obi,9,aAa,nl
DJAVAN,6,Obi,10,PPpp,pnc
DJAVAN,6,Obi,11,ppppA,gmlg
DJAVAN,6,Obi,12,suSaa,tnc
DJAVAN,6,Obi,13,aaPa,gtb
DJAVAN,6,Obi,14,uAApuA,grnc
DJAVAN,6,Obi,15,PP,lg
DJAVAN,6,Obi,16,pPapP,pll
DJAVAN,6,Obi,17,pu,gn
DJAVAN,6,Obi,18,pu,nc
DJAVAN,6,Obi,19,pu,gn
DJAVAN,6,Obi,20,au,nc
DJAVAN,6,Obi,21,au,gn
DJAVAN,6,Obi,22,au,nc
DJAVAN,6,Obi,23,auA,gnc
DJAVAN,6,Obi,24,uA,gn
DJAVAN,7,Passou,1,PsAP,jjb
DJAVAN,7,Passou,2,aS,eee
DJAVAN,7,Passou,3,aP,jb
DJAVAN,7,Passou,4,PsAP,jjb
DJAVAN,7,Passou,5,aS,eee
DJAVAN,7,Passou,6,pAu,sb
DJAVAN,7,Passou,7,PsAP,jjb
DJAVAN,7,Passou,8,aS,eee
DJAVAN,7,Passou,9,aP,jb
DJAVAN,7,Passou,10,ppaPPuu,eajjs
DJAVAN,7,Passou,11,AuupAu,esaeeaaaae
DJAVAN,7,Passou,12,uuuuuuupuu,ostob
DJAVAN,7,Passou,13,puuu,epbc
DJAVAN,7,Passou,14,puuu,bsac
DJAVAN,7,Passou,15,puPau,euabb
DJAVAN,7,Passou,16,uuuuuupuu,phpjj
DJAVAN,7,Passou,17,puuu,enbab
DJAVAN,7,Passou,18,puu,eaq
DJAVAN,7,Passou,19,PPPPsPPPPPPu,essss
DJAVAN,7,Passou,20,PPPPPP,oseb
DJAVAN,8,Azul,1,ppaAsA,bbbeje
DJAVAN,8,Azul,2,ppaAu,ejjb
DJAVAN,8,Azul,3,ppaAsA,bbbeje
DJAVAN,8,Azul,4,PPsPPPpa,ejajjbb
DJAVAN,8,Azul,5,ppaAsA,ejajaj
DJAVAN,8,Azul,6,ppaAu,ejjb
DJAVAN,8,Azul,7,ppaAsA,jeajaj
DJAVAN,8,Azul,8,PPAsSsA,ejbbbbb
DJAVAN,8,Azul,9,puaAsA,bbjje
DJAVAN,8,Azul,10,ppaAu,ejjb
DJAVAN,8,Azul,11,ppaAsA,jeajaj
DJAVAN,8,Azul,12,AsAAuPPPp,jjbjjb
DJAVAN,8,Azul,13,pAsASaAPs,ejjbjj
DJAVAN,8,Azul,14,AAsA,jjb
DJAVAN,8,Azul,15,aAaPa,jajaj
DJAVAN,8,Azul,16,AaASaAPs,jjbjj
DJAVAN,8,Azul,17,AAsA,jjb
DJAVAN,8,Azul,18,aAaPa,jajaj
DJAVAN,9,Beiral,1,pp,ng
DJAVAN,9,Beiral,2,aPauAauPauu,pvvh
DJAVAN,9,Beiral,3,uauuAs,prh
DJAVAN,9,Beiral,4,SPppPA,gvm
DJAVAN,9,Beiral,5,ppPpp,ehhc
DJAVAN,9,Beiral,6,pp,ng
DJAVAN,9,Beiral,7,aPauAaP,pvj
DJAVAN,9,Beiral,8,PP,t
DJAVAN,9,Beiral,9,PpPPPP,pqj
DJAVAN,9,Beiral,10,uuuuuuuaA,rnnnb
DJAVAN,9,Beiral,11,pP,gm
DJAVAN,9,Beiral,12,uPPpPp,uv
DJAVAN,9,Beiral,13,aaS,cch
DJAVAN,9,Beiral,14,upuAp,gvb
DJAVAN,9,Beiral,15,AuaAuaApp,ntnle
DJAVAN,9,Beiral,16,pP,gm
DJAVAN,9,Beiral,17,APPpPpapAu,uqjr
DJAVAN,9,Beiral,18,APPuPpp,uvb
DJAVAN,9,Beiral,19,AAAuu,gvb
DJAVAN,9,Beiral,20,uuppAPAp,pvng
DJAVAN,9,Beiral,21,PAp,gmc
DJAVAN,9,Beiral,22,PAupuaupa,gnnnnc
DJAVAN,10,Om,1,PpPpP,tt
DJAVAN,10,Om,2,PpPpP,tt
DJAVAN,10,Om,3,PSsPSa,ghbjab
DJAVAN,10,Om,4,PpPpP,tt
DJAVAN,10,Om,5,PpPpP,tt
DJAVAN,10,Om,6,PSsPS,obob
DJAVAN,10,Om,7,app,bbbb
DJAVAN,10,Om,8,app,bbbb
DJAVAN,10,Om,9,app,bbbb
DJAVAN,10,Om,10,apau,btac
DJAVAN,10,Om,11,app,bbbb
DJAVAN,10,Om,12,app,bbbb
DJAVAN,10,Om,13,app,bbbb
DJAVAN,10,Om,14,PPuu,btab
DJAVAN,10,Om,15,uAuauS,tjh
DJAVAN,10,Om,16,uSsPAu,teme
DJAVAN,10,Om,17,PPau,qbg
DJAVAN,10,Om,18,PPpau,qt
DJAVAN,10,Om,19,uAuauS,tjh
DJAVAN,10,Om,20,uSsPAu,teme
DJAVAN,10,Om,21,PPPpau,qjbb
DJAVAN,10,Om,22,PPpauu,qtab
DJAVAN,10,Om,23,uAauA,teh
DJAVAN,10,Om,24,PPau,qbg
DJAVAN,10,Om,25,PPpau,qt
DJAVAN,11,Agua,1,PupuppP,eaoiob
DJAVAN,11,Agua,2,aAPpAp,ebsbe
DJAVAN,11,Agua,3,PpuppP,eaojbb
DJAVAN,11,Agua,4,aAsAsASp,ossab
DJAVAN,11,Agua,5,AppPPP,meub
DJAVAN,11,Agua,6,pp,me
DJAVAN,11,Agua,7,uPAa,ejj
DJAVAN,11,Agua,8,upAp,jebe
DJAVAN,11,Agua,9,ppupppAp,ejjbje
DJAVAN,11,Agua,10,Ap,jaae
DJAVAN,11,Agua,11,AuaA,jjb
DJAVAN,11,Agua,12,AuaA,jjb
DJAVAN,11,Agua,13,AsAsPAp,jjjbb
DJAVAN,11,Agua,14,AuaA,jjb
DJAVAN,11,Agua,15,AuaA,jjb
DJAVAN,11,Agua,16,AsAsPAp,jjjbb
DJAVAN,12,Alibi,1,Su,jae
DJAVAN,12,Alibi,2,PpaAu,ejeeae
DJAVAN,12,Alibi,3,uPPuuu,ofio
DJAVAN,12,Alibi,4,uPPuu,osd
DJAVAN,12,Alibi,5,PPua,os
DJAVAN,12,Alibi,6,Su,eeae
DJAVAN,12,Alibi,7,PpuaAu,oboee
DJAVAN,12,Alibi,8,uPPuu,ofif
DJAVAN,12,Alibi,9,uPPuu,soe
DJAVAN,12,Alibi,10,uPPA,os
DJAVAN,12,Alibi,11,pPpPpu,oseae
DJAVAN,12,Alibi,12,sA,s
DJAVAN,12,Alibi,13,PPPpApaA,djosb
DJAVAN,12,Alibi,14,SusSus,fss
DJAVAN,12,Alibi,15,PSaAp,oko
DJAVAN,12,Alibi,16,PPppAPpPp,efjjaoi
DJAVAN,12,Alibi,17,pPpPp,osb
DJAVAN,12,Alibi,18,aPaPaPa,oss
DJAVAN,12,Alibi,19,aPPppP,eoeje
DJAVAN,13,Asa,1,uAupAp,pqj
DJAVAN,13,Asa,2,SpaaA,pjj
DJAVAN,13,Asa,3,pPApuAAausppu,eqqtml
DJAVAN,13,Asa,4,uAupAp,pqj
DJAVAN,13,Asa,5,SpaaA,pjj
DJAVAN,13,Asa,6,puApuAAausppu,eqqtml
DJAVAN,13,Asa,7,uupuppApp,umjlab
DJAVAN,13,Asa,8,PaPPPPAuuaAuaAa,umjstmc
DJAVAN,13,Asa,9,aPaPaPaPaPPAa,nrtmrc
DJAVAN,13,Asa,10,Spuuu,pjj
DJAVAN,13,Asa,11,ApuupPp,pjjl
DJAVAN,13,Asa,12,PPauuPa,gqjh
DJAVAN,13,Asa,13,PPuuPPPP,qhv
DJAVAN,14,Meu,1,PPPpP,psb
DJAVAN,14,Meu,2,PpPp,gsb
DJAVAN,14,Meu,3,PPPpP,guh
DJAVAN,14,Meu,4,PpPpP,efsb
DJAVAN,14,Meu,5,PPApP,gnq
DJAVAN,14,Meu,6,PppaaSu,guv
DJAVAN,14,Meu,7,PPPpP,guh
DJAVAN,14,Meu,8,PpPpP,eetc
DJAVAN,14,Meu,9,ppppPPapu,gsshc
DJAVAN,14,Meu,10,aPPp,gaph
DJAVAN,14,Meu,11,aPPAPAsPP,gapvq
DJAVAN,14,Meu,12,PPp,ph
DJAVAN,14,Meu,13,aAPAaAp,uvb
DJAVAN,14,Meu,14,ApaSpaAP,ptv
DJAVAN,15,Numa esquina de Hanoi,1,uA,r
DJAVAN,15,Numa esquina de Hanoi,2,A,eb
DJAVAN,15,Numa esquina de Hanoi,3,ApA,cch
DJAVAN,15,Numa esquina de Hanoi,4,Pa,mc
DJAVAN,15,Numa esquina de Hanoi,5,aA,le
DJAVAN,15,Numa esquina de Hanoi,6,uPua,nr
DJAVAN,15,Numa esquina de Hanoi,7,A,n
DJAVAN,15,Numa esquina de Hanoi,8,A,eb
DJAVAN,15,Numa esquina de Hanoi,9,ApA,cnc
DJAVAN,15,Numa esquina de Hanoi,10,Pa,nc
DJAVAN,15,Numa esquina de Hanoi,11,aA,gec
DJAVAN,15,Numa esquina de Hanoi,12,uuPua,ur
DJAVAN,15,Numa esquina de Hanoi,13,A,n
DJAVAN,15,Numa esquina de Hanoi,14,A,eb
DJAVAN,15,Numa esquina de Hanoi,15,AupA,cnj
DJAVAN,15,Numa esquina de Hanoi,16,aA,el
DJAVAN,15,Numa esquina de Hanoi,17,A,ec
DJAVAN,15,Numa esquina de Hanoi,18,SsSa,leh
DJAVAN,16,Topazio,1,uu,t
DJAVAN,16,Topazio,2,p,l
DJAVAN,16,Topazio,3,upPupup,bjbgs
DJAVAN,16,Topazio,4,u,j
DJAVAN,16,Topazio,5,p,be
DJAVAN,16,Topazio,6,upPupApp,bjbjje
DJAVAN,16,Topazio,7,uu,jb
DJAVAN,16,Topazio,8,p,be
DJAVAN,16,Topazio,9,PpPpPppp,leclen
DJAVAN,16,Topazio,10,Papp,pq
DJAVAN,16,Topazio,11,uu,t
DJAVAN,16,Topazio,12,APp,jeb
DJAVAN,16,Topazio,13,auu,et
DJAVAN,16,Topazio,14,AuupPPppa,grnnj
DJAVAN,16,Topazio,15,PPPPPpa,ejjbbb
DJAVAN,16,Topazio,16,PPPPAup,jjjee
DJAVAN,16,Topazio,17,PPPPAuPpu,jjjeaob
DJAVAN,16,Topazio,18,uu,t
DJAVAN,16,Topazio,19,p,l
DJAVAN,16,Topazio,20,upPupp,bjbob
DJAVAN,16,Topazio,21,uu,t
DJAVAN,16,Topazio,22,pppu,beeeb
DJAVAN,17,Nereci,1,pppaApa,rnjb
DJAVAN,17,Nereci,2,appaApaP,rnjh
DJAVAN,17,Nereci,3,pppaApa,rnjb
DJAVAN,17,Nereci,4,app,v
DJAVAN,17,Nereci,5,aASu,gbach
DJAVAN,17,Nereci,6,uAauuA,rpn
DJAVAN,17,Nereci,7,aAuPsp,gjjj
DJAVAN,17,Nereci,8,uAuA,rn
DJAVAN,17,Nereci,9,uaaP,ejbc
DJAVAN,17,Nereci,10,uAauuA,rpn
DJAVAN,17,Nereci,11,aAuPsp,gjjj
DJAVAN,17,Nereci,12,uAuA,rn
DJAVAN,17,Nereci,13,uaaP,ejbc
DJAVAN,18,Samba dobrado,1,AAAaAp,sbnag
DJAVAN,18,Samba dobrado,2,AAAApu,sjega
DJAVAN,18,Samba dobrado,3,APPppau,prjb
DJAVAN,18,Samba dobrado,4,papP,nr
DJAVAN,18,Samba dobrado,5,papP,nr
DJAVAN,18,Samba dobrado,6,P,gc
DJAVAN,18,Samba dobrado,7,APPppau,ghun
DJAVAN,18,Samba dobrado,8,apapP,ur
DJAVAN,18,Samba dobrado,9,AAua,jbn
DJAVAN,18,Samba dobrado,10,AAAsAAA,nnjj
DJAVAN,18,Samba dobrado,11,Ppa,ph
DJAVAN,18,Samba dobrado,12,APPsAPP,gsrg
DJAVAN,18,Samba dobrado,13,PpAppu,epv
DJAVAN,18,Samba dobrado,14,PpPp,eue
DJAVAN,18,Samba dobrado,15,pPApaaPP,nnnng
DJAVAN,18,Samba dobrado,16,pPApaaPP,urng
DJAVAN,18,Samba dobrado,17,pPApaaPP,nnnng
DJAVAN,18,Samba dobrado,18,pPApaaPP,urng
DJAVAN,19,Maca,1,APua,nmc
DJAVAN,19,Maca,2,Pua,gmc
DJAVAN,19,Maca,3,APaA,pnc
DJAVAN,19,Maca,4,pappu,gnbbe
DJAVAN,19,Maca,5,uPu,pj
DJAVAN,19,Maca,6,uuPuuu,pql
DJAVAN,19,Maca,7,PpPPaP,jrh
DJAVAN,19,Maca,8,uPu,pj
DJAVAN,19,Maca,9,uuPuuu,pqj
DJAVAN,19,Maca,10,APPAPPAau,jjjjal
DJAVAN,19,Maca,11,AApppppa,jgnnbc
DJAVAN,19,Maca,12,uuuuu,clecb
DJAVAN,19,Maca,13,uuuupP,gechj
DJAVAN,19,Maca,14,ppppP,nnn
DJAVAN,19,Maca,15,aPPAau,nlmc
DJAVAN,19,Maca,16,uuuauuupu,gnnnng
DJAVAN,20,Dupla traicao,1,Suu,eq
DJAVAN,20,Dupla traicao,2,SPp,gbh
DJAVAN,20,Dupla traicao,3,pPa,eq
DJAVAN,20,Dupla traicao,4,pppP,hu
DJAVAN,20,Dupla traicao,5,Pa,jb
DJAVAN,20,Dupla traicao,6,pppP,eeob
DJAVAN,20,Dupla traicao,7,SsSPp,ebeeaj
DJAVAN,20,Dupla traicao,8,PpsSPp,esbm
DJAVAN,20,Dupla traicao,9,pPpPpAa,bsjbb
DJAVAN,20,Dupla traicao,10,S,j
DJAVAN,20,Dupla traicao,11,pPAppp,ejbaob
DJAVAN,20,Dupla traicao,12,pPp,oj
DJAVAN,20,Dupla traicao,13,PPppAu,gqnb
DJAVAN,21,Oceano,1,S,eb
DJAVAN,21,Oceano,2,puPPPp,ejjbe
DJAVAN,21,Oceano,3,ppppPa,ejejb
DJAVAN,21,Oceano,4,PPAppPPa,jjaeejb
DJAVAN,21,Oceano,5,PPA,jj
DJAVAN,21,Oceano,6,pPP,jj
DJAVAN,21,Oceano,7,ppuuaA,ecbebeb
DJAVAN,21,Oceano,8,APPuu,jjj
DJAVAN,21,Oceano,9,ppaP,fdebb
DJAVAN,21,Oceano,10,APPuppp,jkdkd
DJAVAN,21,Oceano,11,pP,ebb
DJAVAN,21,Oceano,12,PPPp,ebbbb
DJAVAN,21,Oceano,13,PPPu,ebbbb
DJAVAN,21,Oceano,14,pApp,obabb
DJAVAN,22,Alagoas,1,pPpPp,lnl
DJAVAN,22,Alagoas,2,pPpPPa,ntm
DJAVAN,22,Alagoas,3,aaaAA,gbrb
DJAVAN,22,Alagoas,4,PPa,nn
DJAVAN,22,Alagoas,5,pPpPp,egnl
DJAVAN,22,Alagoas,6,pPpPPa,ntm
DJAVAN,22,Alagoas,7,aaaAApaPp,gbrlgn
DJAVAN,22,Alagoas,8,aAaAaAPuuuaaPp,uvvv
DJAVAN,22,Alagoas,9,uuAppauuuPuPu,pvvv
DJAVAN,22,Alagoas,10,uuuPs,uq
DJAVAN,22,Alagoas,11,uuAuPa,uv
DJAVAN,22,Alagoas,12,aAaAaAaAAppu,uvtq
DJAVAN,22,Alagoas,13,ApppPaa,ngnje
DJAVAN,22,Alagoas,14,AApaAp,prj
DJAVAN,22,Alagoas,15,paAppaa,eemjl
DJAVAN,22,Alagoas,16,SpuSPa,erbn
DJAVAN,22,Alagoas,17,aPaAs,ececn
DJAVAN,22,Alagoas,18,pPuaa,jtc
DJAVAN,22,Alagoas,19,appa,ccng
DJAVAN,22,Alagoas,20,pPuaa,jtc
DJAVAN,23,Estoria de cantador,1,ApppPa,bjjeb
DJAVAN,23,Estoria de cantador,2,uaApPPa,eajjjb
DJAVAN,23,Estoria de cantador,3,PPAppau,jbejbae
DJAVAN,23,Estoria de cantador,4,PPAppa,jbejb
DJAVAN,23,Estoria de cantador,5,uuuPPup,eejebbe
DJAVAN,23,Estoria de cantador,6,pPpppPp,jjjbae
DJAVAN,23,Estoria de cantador,7,uuuPPuu,jbjjae
DJAVAN,23,Estoria de cantador,8,ppApppp,jjjbae
DJAVAN,24,Mal de mim,1,uu,t
DJAVAN,24,Mal de mim,2,pppp,clec
DJAVAN,24,Mal de mim,3,uaAuu,qt
DJAVAN,24,Mal de mim,4,PPaPa,ghgj
DJAVAN,24,Mal de mim,5,uu,t
DJAVAN,24,Mal de mim,6,pppp,clec
DJAVAN,24,Mal de mim,7,uaSuu,qt
DJAVAN,24,Mal de mim,8,uupAu,tcbb
DJAVAN,24,Mal de mim,9,u,l
DJAVAN,24,Mal de mim,10,uupa,tee
DJAVAN,24,Mal de mim,11,u,l
DJAVAN,24,Mal de mim,12,APuuupApupa,pujqj
DJAVAN,24,Mal de mim,13,u,l
DJAVAN,24,Mal de mim,14,uupa,tee
DJAVAN,24,Mal de mim,15,u,l
DJAVAN,24,Mal de mim,16,APuuupApupa,pujtj
DJAVAN,25,Tem boi na linha,1,Auu,gr
DJAVAN,25,Tem boi na linha,2,Auu,uc
DJAVAN,25,Tem boi na linha,3,Auu,gr
DJAVAN,25,Tem boi na linha,4,Au,u
DJAVAN,25,Tem boi na linha,5,AaAaAA,nrn
DJAVAN,25,Tem boi na linha,6,As,ggg
DJAVAN,25,Tem boi na linha,7,sS,ggc
DJAVAN,25,Tem boi na linha,8,au,u
DJAVAN,25,Tem boi na linha,9,au,gj
DJAVAN,25,Tem boi na linha,10,auAa,pnb
DJAVAN,25,Tem boi na linha,11,aAA,nn
DJAVAN,25,Tem boi na linha,12,As,ggg
DJAVAN,25,Tem boi na linha,13,pp,gaj
DJAVAN,25,Tem boi na linha,14,ppa,nn
DJAVAN,25,Tem boi na linha,15,AAPp,nhg
DJAVAN,25,Tem boi na linha,16,ppp,ggp
DJAVAN,25,Tem boi na linha,17,APP,nn
DJAVAN,25,Tem boi na linha,18,ppa,nj
DJAVAN,25,Tem boi na linha,19,AAPp,nng
DJAVAN,25,Tem boi na linha,20,ppp,eggc
DJAVAN,25,Tem boi na linha,21,APP,nn
DJAVAN,25,Tem boi na linha,22,ppa,nn
DJAVAN,25,Tem boi na linha,23,AAPp,nhg
DJAVAN,25,Tem boi na linha,24,aAaAA,cngn
DJAVAN,25,Tem boi na linha,25,APsAPp,nnjb
DJAVAN,26,Lambada de serpente,1,SuuuPa,erhc
DJAVAN,26,Lambada de serpente,2,aSa,ghc
DJAVAN,26,Lambada de serpente,3,aSu,ghg
DJAVAN,26,Lambada de serpente,4,SuuuPa,erhc
DJAVAN,26,Lambada de serpente,5,aSa,ghc
DJAVAN,26,Lambada de serpente,6,aSu,ghg
DJAVAN,26,Lambada de serpente,7,ASuus,erh
DJAVAN,26,Lambada de serpente,8,pPs,nj
DJAVAN,26,Lambada de serpente,9,uuu,nh
DJAVAN,26,Lambada de serpente,10,ASuus,erh
DJAVAN,26,Lambada de serpente,11,pPs,nj
DJAVAN,26,Lambada de serpente,12,uuu,nh
DJAVAN,27,Meu bem querer,1,PPu,bjb
DJAVAN,27,Meu bem querer,2,PPppu,ejajb
DJAVAN,27,Meu bem querer,3,ppPPPpp,ejjjb
DJAVAN,27,Meu bem querer,4,Pa,fdb
DJAVAN,27,Meu bem querer,5,PPu,bjb
DJAVAN,27,Meu bem querer,6,PPppu,ejajb
DJAVAN,27,Meu bem querer,7,ppPPPpp,ejjjb
DJAVAN,27,Meu bem querer,8,Pa,fdb
DJAVAN,27,Meu bem querer,9,PPu,kdb
DJAVAN,27,Meu bem querer,10,aaa,eeeab
DJAVAN,27,Meu bem querer,11,papSu,eebebe
DJAVAN,27,Meu bem querer,12,u,gb
DJAVAN,27,Meu bem querer,13,AspA,lbaj
DJAVAN,27,Meu bem querer,14,AspA,ggbaj
DJAVAN,27,Meu bem querer,15,uPaPaPp,gllbbb
DJAVAN,28,Aquele um,1,a,eb
DJAVAN,28,Aquele um,2,AauSsuA,gvgh
DJAVAN,28,Aquele um,3,APPpp,jjl
DJAVAN,28,Aquele um,4,a,eb
DJAVAN,28,Aquele um,5,AaAS,gv
DJAVAN,28,Aquele um,6,ppaAaSp,hjjl
DJAVAN,28,Aquele um,7,AupupupuaAP,grnnnce
DJAVAN,28,Aquele um,8,AuaA,grc
DJAVAN,28,Aquele um,9,apuap,ncmg
DJAVAN,28,Aquele um,10,AuppupuuaAP,grnnncc
DJAVAN,28,Aquele um,11,AaA,ngc
DJAVAN,28,Aquele um,12,uAaA,ugc
DJAVAN,28,Aquele um,13,AaSpa,ngcgg
DJAVAN,28,Aquele um,14,AA,nc
DJAVAN,28,Aquele um,15,pS,pg
DJAVAN,28,Aquele um,16,uA,gn
DJAVAN,28,Aquele um,17,uAsuS,nnn
DJAVAN,28,Aquele um,18,AAa,nn
DJAVAN,28,Aquele um,19,auPa,eaqb
DJAVAN,29,Sururu de capote,1,auu,ub
DJAVAN,29,Sururu de capote,2,Apuuu,pv
DJAVAN,29,Sururu de capote,3,suu,cpb
DJAVAN,29,Sururu de capote,4,Pauuuu,pvb
DJAVAN,29,Sururu de capote,5,aAau,pu
DJAVAN,29,Sururu de capote,6,Ssuu,mhc
DJAVAN,29,Sururu de capote,7,PpsAuaAaauSau,qrsrbg
DJAVAN,29,Sururu de capote,8,uuuuu,ejr
DJAVAN,29,Sururu de capote,9,PppaSu,njjae
DJAVAN,29,Sururu de capote,10,uuuuuu,ejv
DJAVAN,29,Sururu de capote,11,PppaSu,njhae
DJAVAN,30,Pedro Brasil,1,Au,nag
DJAVAN,30,Pedro Brasil,2,PppsSuu,nlnaagg
DJAVAN,30,Pedro Brasil,3,PppaAuu,nlnaagg
DJAVAN,30,Pedro Brasil,4,Papa,nbn
DJAVAN,30,Pedro Brasil,5,aa,ej
DJAVAN,30,Pedro Brasil,6,PPPPPppap,gnrjcg
DJAVAN,30,Pedro Brasil,7,PPPPPppap,guunag
DJAVAN,30,Pedro Brasil,8,PPPPPppSs,usjbg
DJAVAN,30,Pedro Brasil,9,PPPaPPP,eqv
DJAVAN,30,Pedro Brasil,10,PPPaPPApppapS,osessi
DJAVAN,31,Seduzir,1,Auuupp,ebeecj
DJAVAN,31,Seduzir,2,Auuupu,ekdkd
DJAVAN,31,Seduzir,3,sA,ob
DJAVAN,31,Seduzir,4,AuaSaaSp,ekobej
DJAVAN,31,Seduzir,5,Auuupp,ebeecj
DJAVAN,31,Seduzir,6,AuAapu,ekdkd
DJAVAN,31,Seduzir,7,sA,ob
DJAVAN,31,Seduzir,8,apap,fdkd
DJAVAN,31,Seduzir,9,PAaPA,ejob
DJAVAN,31,Seduzir,10,aPap,ebej
DJAVAN,31,Seduzir,11,uPAPa,etn
DJAVAN,31,Seduzir,12,AAuPpuupp,ossj
DJAVAN,31,Seduzir,13,PAaPA,ejob
DJAVAN,31,Seduzir,14,aPap,ebej
DJAVAN,31,Seduzir,15,uPAPa,etn
DJAVAN,31,Seduzir,16,AAuPpuupp,ossj
DJAVAN,32,Faltando um pedaco,1,PPPPPup,psmg
DJAVAN,32,Faltando um pedaco,2,PPupupp,gsol
DJAVAN,32,Faltando um pedaco,3,PPPpppp,gsse
DJAVAN,32,Faltando um pedaco,4,PPupPPa,fsol
DJAVAN,32,Faltando um pedaco,5,PPPpPPppp,fsotb
DJAVAN,32,Faltando um pedaco,6,PpPAppup,psol
DJAVAN,32,Faltando um pedaco,7,PPPPppp,gssg
DJAVAN,32,Faltando um pedaco,8,PPPpua,gss
DJAVAN,33,Samurai,1,PpsA,eaaann
DJAVAN,33,Samurai,2,uAPPs,qlc
DJAVAN,33,Samurai,3,PpsA,eaaann
DJAVAN,33,Samurai,4,uAPPsA,qlcc
DJAVAN,33,Samurai,5,uPp,gcah
DJAVAN,33,Samurai,6,pppPa,gnlc
DJAVAN,33,Samurai,7,sAsSs,gcgeee
DJAVAN,33,Samurai,8,uAsp,nalc
DJAVAN,33,Samurai,9,pppPA,rlc
DJAVAN,33,Samurai,10,PpPpPpp,nnnn
DJAVAN,33,Samurai,11,pPpPPappaS,mtmv
DJAVAN,33,Samurai,12,paApa,nngb
DJAVAN,33,Samurai,13,uAPPs,qlc
DJAVAN,34,Luz,1,pPauuPAuPpAppPpS,uvvvn
DJAVAN,34,Luz,2,pppaPsA,vnn
DJAVAN,34,Luz,3,PPAAa,nngc
DJAVAN,34,Luz,4,pPaPuAuPpAppPpS,uuvvn
DJAVAN,34,Luz,5,sPPP,pnc
DJAVAN,34,Luz,6,uu,jg
DJAVAN,34,Luz,7,APPs,nlc
DJAVAN,34,Luz,8,uAupPA,ugjb
DJAVAN,34,Luz,9,SaAPa,npp
DJAVAN,34,Luz,10,SPaaAP,pppc
DJAVAN,34,Luz,11,ppAPs,gmt
DJAVAN,34,Luz,12,uAupPA,ugjb
DJAVAN,34,Luz,13,PPaAPspP,uuq
DJAVAN,34,Luz,14,AAPaaAP,pjtb
DJAVAN,34,Luz,15,aAAPa,glbp
DJAVAN,35,Capim,1,uuPuuuPuuuu,uvvb
DJAVAN,35,Capim,2,Puuuu,uq
DJAVAN,35,Capim,3,uuuPuu,gvn
DJAVAN,35,Capim,4,uuPuuu,uv
DJAVAN,35,Capim,5,uuPuuu,uv
DJAVAN,35,Capim,6,PuuuuuPuuu,vvq
DJAVAN,35,Capim,7,sPuuPuuPP,pgnmq
DJAVAN,35,Capim,8,sSppppA,cbnnh
DJAVAN,35,Capim,9,uuPa,vb
DJAVAN,35,Capim,10,uuPaPPaA,pqqb
DJAVAN,35,Capim,11,AAA,nh
DJAVAN,35,Capim,12,Spppaa,vq
DJAVAN,35,Capim,13,uusApApAu,ursb
DJAVAN,35,Capim,14,uusApApAu,ursb
DJAVAN,35,Capim,15,usSsS,hgbp
DJAVAN,35,Capim,16,paAAA,prb
DJAVAN,35,Capim,17,pa,nc
DJAVAN,36,Sina,1,pp,ej
DJAVAN,36,Sina,2,suAa,ejbb
DJAVAN,36,Sina,3,As,ej
DJAVAN,36,Sina,4,ppPa,ejbb
DJAVAN,36,Sina,5,sA,eeb
DJAVAN,36,Sina,6,ppPpAu,ejleaaae
DJAVAN,36,Sina,7,APuupP,prj
DJAVAN,36,Sina,8,AupupaAa,ejjjj
DJAVAN,36,Sina,9,APuupP,ptj
DJAVAN,36,Sina,10,AAppSPs,ptej
DJAVAN,36,Sina,11,uuuuupu,ejejeb
DJAVAN,36,Sina,12,uuaaP,jjeb
DJAVAN,36,Sina,13,PPAsp,jbjb
DJAVAN,36,Sina,14,sAAp,bjeb
DJAVAN,36,Sina,15,PaASp,jbjb
DJAVAN,36,Sina,16,AppaA,gjjb
DJAVAN,36,Sina,17,AaAaAPa,jjejb
DJAVAN,36,Sina,18,uua,jj
DJAVAN,37,Petala,1,pPa,bdi
DJAVAN,37,Petala,2,p,bb
DJAVAN,37,Petala,3,PPPpupusAAa,sssib
DJAVAN,37,Petala,4,aApp,sfb
DJAVAN,37,Petala,5,AaAPa,iii
DJAVAN,37,Petala,6,aApa,fsb
DJAVAN,37,Petala,7,ApsAaS,osai
DJAVAN,37,Petala,8,uaApPpaPPa,fkbbfks
DJAVAN,37,Petala,9,uuaAPa,ftkb
DJAVAN,37,Petala,10,paPPa,fks
DJAVAN,37,Petala,11,PPuaPPa,skbdb
DJAVAN,38,Acai,1,pp,lb
DJAVAN,38,Acai,2,Pa,lb
DJAVAN,38,Acai,3,ppppPPp,gnnne
DJAVAN,38,Acai,4,AppAp,ss
DJAVAN,38,Acai,5,puAPA,osb
DJAVAN,38,Acai,6,Pa,en
DJAVAN,38,Acai,7,SsAPp,eboi
DJAVAN,38,Acai,8,PA,t
DJAVAN,38,Acai,9,Pa,gp
DJAVAN,38,Acai,10,pppApp,veh
DJAVAN,38,Acai,11,ppaPua,gmjj
DJAVAN,38,Acai,12,PA,t
DJAVAN,38,Acai,13,Pa,gp
DJAVAN,38,Acai,14,pppApp,veh
DJAVAN,38,Acai,15,ppaPua,gmjj
DJAVAN,39,Esfinge,1,S,bb
DJAVAN,39,Esfinge,2,APasS,nngc
DJAVAN,39,Esfinge,3,APspAsAu,nnnpaab
DJAVAN,39,Esfinge,4,AApPs,nneb
DJAVAN,39,Esfinge,5,APsp,rl
DJAVAN,39,Esfinge,6,ppaAS,ntc
DJAVAN,39,Esfinge,7,APasSp,nngcae
DJAVAN,39,Esfinge,8,APspAsAu,nnnpaab
DJAVAN,39,Esfinge,9,AApPs,nneb
DJAVAN,39,Esfinge,10,Au,r
DJAVAN,39,Esfinge,11,APAaaA,phpc
DJAVAN,39,Esfinge,12,Au,r
DJAVAN,39,Esfinge,13,APApPs,nmob
DJAVAN,39,Esfinge,14,PpAu,nu
DJAVAN,39,Esfinge,15,PPspaS,utc
DJAVAN,39,Esfinge,16,PP,u
DJAVAN,39,Esfinge,17,AppPPPua,ojvg
DJAVAN,39,Esfinge,18,ppaaAPaa,mubne
DJAVAN,39,Esfinge,19,PAApauaAPPPpup,urnvmab
DJAVAN,39,Esfinge,20,APPPpa,gvm
DJAVAN,39,Esfinge,21,APPPpu,gvm
DJAVAN,40,Tanta saudade,1,uAupAauauu,prcelj
DJAVAN,40,Tanta saudade,2,upupuuu,jhnj
DJAVAN,40,Tanta saudade,3,uaupuuupuu,jhntj
DJAVAN,40,Tanta saudade,4,uAupAauauu,prcelj
DJAVAN,40,Tanta saudade,5,uAapP,gncj
DJAVAN,40,Tanta saudade,6,uaupuupuu,jhnnj
DJAVAN,40,Tanta saudade,7,uppPPaa,nnjbc
DJAVAN,40,Tanta saudade,8,upu,geh
DJAVAN,40,Tanta saudade,9,uppPPaP,nnmbc
DJAVAN,40,Tanta saudade,10,upp,gej
DJAVAN,40,Tanta saudade,11,uppPPPa,nnjbc
DJAVAN,40,Tanta saudade,12,uAa,gnc
DJAVAN,40,Tanta saudade,13,uppPPa,nnt
DJAVAN,40,Tanta saudade,14,PPPPppApu,nnnrc
DJAVAN,41,Fato consumado,1,Aua,ub
DJAVAN,41,Fato consumado,2,Aua,gq
DJAVAN,41,Fato consumado,3,AP,u
DJAVAN,41,Fato consumado,4,SPpaapSPpaapSP,uvvv
DJAVAN,41,Fato consumado,5,Aua,ub
DJAVAN,41,Fato consumado,6,Aua,gq
DJAVAN,41,Fato consumado,7,AP,u
DJAVAN,41,Fato consumado,8,SPpaapSPpaapSP,uvvv
DJAVAN,41,Fato consumado,9,ApPpPpP,mrt
DJAVAN,41,Fato consumado,10,PPPpppPpp,mrtm
DJAVAN,41,Fato consumado,11,ApPpPpP,mrt
DJAVAN,41,Fato consumado,12,PPPpppApp,mrtp
DJAVAN,41,Fato consumado,13,AaAPaSu,ecjbnb
DJAVAN,41,Fato consumado,14,PppaAas,nntg
DJAVAN,41,Fato consumado,15,as,pg
DJAVAN,41,Fato consumado,16,as,pg
DJAVAN,41,Fato consumado,17,AaAPaS,najbn
DJAVAN,41,Fato consumado,18,PppaAas,nnjl
DJAVAN,41,Fato consumado,19,as,pg
DJAVAN,41,Fato consumado,20,asPA,pggg
DJAVAN,42,Serrado,1,uAusAPp,prng
DJAVAN,42,Serrado,2,uuAusAPp,urng
DJAVAN,42,Serrado,3,uAup,pr
DJAVAN,42,Serrado,4,Aua,uc
DJAVAN,42,Serrado,5,Aup,gr
DJAVAN,42,Serrado,6,Aua,uc
DJAVAN,42,Serrado,7,PPPPA,gor
DJAVAN,42,Serrado,8,APp,ncc
DJAVAN,42,Serrado,9,sPAPpp,eru
DJAVAN,42,Serrado,10,a,n
DJAVAN,42,Serrado,11,p,l
DJAVAN,42,Serrado,12,uAuaSppaA,prnjb
DJAVAN,42,Serrado,13,aApp,nng
DJAVAN,42,Serrado,14,uAuaSppaA,prnjb
DJAVAN,42,Serrado,15,aAppaAPpu,nnjjl
DJAVAN,42,Serrado,16,PaPPau,nngn
DJAVAN,42,Serrado,17,PaASp,nnn
DJAVAN,42,Serrado,18,uSp,nn
DJAVAN,42,Serrado,19,Spu,gnc
DJAVAN,42,Serrado,20,S,cc
DJAVAN,42,Serrado,21,PPP,nn
DJAVAN,42,Serrado,22,pp,gbc
DJAVAN,42,Serrado,23,pp,ng
DJAVAN,42,Serrado,24,PApApP,nhgn
DJAVAN,43,Nobreza,1,uPpaApAa,jbjbjb
DJAVAN,43,Nobreza,2,uAPPa,jbjb
DJAVAN,43,Nobreza,3,aAPPa,jbjb
DJAVAN,43,Nobreza,4,uPpaApAa,jbjbjb
DJAVAN,43,Nobreza,5,APPPPP,ejjj
DJAVAN,43,Nobreza,6,uPpaApAa,jbjbjb
DJAVAN,43,Nobreza,7,APPa,ebjb
DJAVAN,43,Nobreza,8,pAPPau,jbjbb
DJAVAN,43,Nobreza,9,ppppA,jjj
DJAVAN,43,Nobreza,10,PpAaPpu,sbjbe
DJAVAN,44,Joaninha,1,aP,baabb
DJAVAN,44,Joaninha,2,aAaaAau,bbbbbbbab
DJAVAN,44,Joaninha,3,PPPPAP,osdb
DJAVAN,44,Joaninha,4,pP,fi
DJAVAN,44,Joaninha,5,pP,s
DJAVAN,44,Joaninha,6,pPupP,oki
DJAVAN,44,Joaninha,7,pPupP,sob
DJAVAN,44,Joaninha,8,pPupP,fis
DJAVAN,44,Joaninha,9,PP,ob
DJAVAN,44,Joaninha,10,PPs,se
DJAVAN,44,Joaninha,11,PPPPa,isb
DJAVAN,44,Joaninha,12,PP,ob
DJAVAN,44,Joaninha,13,PPs,se
DJAVAN,44,Joaninha,14,PAap,ikd
DJAVAN,44,Joaninha,15,uuuPaS,kdbfbb
DJAVAN,44,Joaninha,16,uuuPaS,kdbfbb
DJAVAN,44,Joaninha,17,aAAPsPAAPup,fjjsjj
DJAVAN,44,Joaninha,18,p,j
DJAVAN,44,Joaninha,19,pppppppup,jjjjj
DJAVAN,44,Joaninha,20,pApPPu,jjjb
DJAVAN,44,Joaninha,21,PAsPAsaP,jbjbbaabb
DJAVAN,45,Flor do medo,1,PPPPuuu,vte
DJAVAN,45,Flor do medo,2,pppppPPuPuu,eajugvb
DJAVAN,45,Flor do medo,3,PPapPPPPup,phpqh
DJAVAN,45,Flor do medo,4,ppPppPPPA,ussb
DJAVAN,45,Flor do medo,5,pppP,eub
DJAVAN,45,Flor do medo,6,pppP,vb
DJAVAN,45,Flor do medo,7,ppppPa,vbj
DJAVAN,45,Flor do medo,8,PPA,eq
DJAVAN,45,Flor do medo,9,aaapSa,vt
DJAVAN,45,Flor do medo,10,PPuauau,qlecb
DJAVAN,45,Flor do medo,11,PPppppS,ssj
DJAVAN,45,Flor do medo,12,aPSpaS,jjagj
DJAVAN,46,Silaba,1,uApA,vc
DJAVAN,46,Silaba,2,uApA,gmj
DJAVAN,46,Silaba,3,uApA,vc
DJAVAN,46,Silaba,4,AppPauP,gqtc
DJAVAN,46,Silaba,5,aA,pb
DJAVAN,46,Silaba,6,aA,pb
DJAVAN,46,Silaba,7,aAap,pq
DJAVAN,46,Silaba,8,uApA,vc
DJAVAN,46,Silaba,9,uApA,gmj
DJAVAN,46,Silaba,10,uApA,vc
DJAVAN,46,Silaba,11,ppPppuP,guuc
DJAVAN,46,Silaba,12,aA,pb
DJAVAN,46,Silaba,13,aA,pb
DJAVAN,46,Silaba,14,aAap,pq
DJAVAN,46,Silaba,15,Ppup,beajaab
DJAVAN,46,Silaba,16,uPPu,babbbab
DJAVAN,46,Silaba,17,papP,lnb
DJAVAN,46,Silaba,18,ppPa,jjb
DJAVAN,46,Silaba,19,AuP,ub
DJAVAN,46,Silaba,20,pPpP,gv
DJAVAN,46,Silaba,21,SPPP,gtc
DJAVAN,46,Silaba,22,PPPPAPp,jjjbe
DJAVAN,47,Que foi my love,1,pau,es
DJAVAN,47,Que foi my love,2,pPpPpPpPaA,osijbb
DJAVAN,47,Que foi my love,3,paAaAPpauA,ejjjjj
DJAVAN,47,Que foi my love,4,pppppPuauup,ebjjjsb
DJAVAN,47,Que foi my love,5,PAAuaApa,ejbkdj
DJAVAN,47,Que foi my love,6,AauPauuuu,jaosjb
DJAVAN,47,Que foi my love,7,uuuaAAp,ejjjb
DJAVAN,47,Que foi my love,8,PPapPPaAAuP,ejjjjjb
DJAVAN,47,Que foi my love,9,uuuaPAP,ejjjb
DJAVAN,47,Que foi my love,10,uSaapPP,ojkdb
DJAVAN,47,Que foi my love,11,Aa,bbb
DJAVAN,47,Que foi my love,12,puAa,ejbb
DJAVAN,48,Doidice,1,Apa,jj
DJAVAN,48,Doidice,2,PAAAaaS,uvb
DJAVAN,48,Doidice,3,PapA,pu
DJAVAN,48,Doidice,4,paaPaP,psm
DJAVAN,48,Doidice,5,aApa,vc
DJAVAN,48,Doidice,6,paApa,puc
DJAVAN,48,Doidice,7,paApau,pum
DJAVAN,48,Doidice,8,upuu,jjb
DJAVAN,48,Doidice,9,Suu,gjb
DJAVAN,48,Doidice,10,upuu,japb
DJAVAN,48,Doidice,11,Suu,gjb
DJAVAN,48,Doidice,12,upPA,japb
DJAVAN,48,Doidice,13,SppA,glh
DJAVAN,48,Doidice,14,uuuup,cjt
DJAVAN,48,Doidice,15,pup,pp
DJAVAN,48,Doidice,16,paAPPp,grhab
DJAVAN,49,Serene,1,AapP,pob
DJAVAN,49,Serene,2,SPppaPpppaAup,posksj
DJAVAN,49,Serene,3,PAaPAP,pvb
DJAVAN,49,Serene,4,AapP,pob
DJAVAN,49,Serene,5,SPsuPpppuaAa,evvpj
DJAVAN,49,Serene,6,PPPPpS,pvb
DJAVAN,49,Serene,7,psS,sb
DJAVAN,49,Serene,8,psS,pbb
DJAVAN,49,Serene,9,psSpaaaSp,euss
DJAVAN,49,Serene,10,ApupuapSA,gsvj
DJAVAN,49,Serene,11,Sup,gbgb
DJAVAN,50,Atitude,1,AAPpuuP,vjj
DJAVAN,50,Atitude,2,aapu,dji
DJAVAN,50,Atitude,3,PAuPuPppapu,ojjjjbb
DJAVAN,50,Atitude,4,APpapppAaPa,sbosei
DJAVAN,50,Atitude,5,AappA,esi
DJAVAN,50,Atitude,6,AAPpuuP,vjj
DJAVAN,50,Atitude,7,aapupPAua,djiesb
DJAVAN,50,Atitude,8,ppAua,dobeb
DJAVAN,50,Atitude,9,PAaP,si
DJAVAN,50,Atitude,10,PAaPAaPa,sjbjb
DJAVAN,50,Atitude,11,SpP,eq
DJAVAN,50,Atitude,12,AsP,kdb
DJAVAN,50,Atitude,13,SpPpAPa,ejjjb
DJAVAN,50,Atitude,14,SpP,ejb
DJAVAN,50,Atitude,15,AsP,es
DJAVAN,50,Atitude,16,puAuAp,ejjj
DJAVAN,50,Atitude,17,AAPPPP,ess
DJAVAN,50,Atitude,18,pap,ejb
DJAVAN,50,Atitude,19,AAApap,ujj
DJAVAN,50,Atitude,20,pAsPP,ejs
DJAVAN,50,Atitude,21,PPPaPa,ojs
DJAVAN,50,Atitude,22,PPu,eob
DJAVAN,50,Atitude,23,PPAaPa,sjj
DJAVAN,50,Atitude,24,pap,edj
DJAVAN,50,Atitude,25,AAApap,ujj
DJAVAN,50,Atitude,26,pAsPP,ejs
DJAVAN,50,Atitude,27,PPPaPa,ojs
DJAVAN,50,Atitude,28,PPu,eob
DJAVAN,50,Atitude,29,PPAaPa,sbs
EDU,1,Abandono,1,AAAApaaaSaapS,gjjjjjjb
EDU,1,Abandono,2,AAApppPuAppaA,ejjjjjjb
EDU,1,Abandono,3,SppppppppappS,ejjjjjjb
EDU,1,Abandono,4,APAPPSppP,ejjjfo
EDU,1,Abandono,5,upupuAppupP,uvvb
EDU,1,Abandono,6,Pupupupupupp,vvvb
EDU,1,Abandono,7,A,eb
EDU,1,Abandono,8,A,gb
EDU,1,Abandono,9,AAAApaaaSaaaS,ejjjjjjb
EDU,1,Abandono,10,SppppppppappS,ejjjjjjb
EDU,2,Acalanto,1,PPPPap,babbabbabb
EDU,2,Acalanto,2,PPAAap,babbabbabb
EDU,2,Acalanto,3,pPSPpp,ejbajaaab
EDU,2,Acalanto,4,pPSpu,ejbaeb
EDU,2,Acalanto,5,PPSp,bejb
EDU,2,Acalanto,6,ppPAAP,jjjb
EDU,2,Acalanto,7,as,jb
EDU,2,Acalanto,8,asAa,jbbb
EDU,2,Acalanto,9,PaPaPaa,ebabbabbabb
EDU,2,Acalanto,10,PasSa,bbabbabb
EDU,3,A historia de Lilly Braun,1,pPaau,llbb
EDU,3,A historia de Lilly Braun,2,AAAp,llb
EDU,3,A historia de Lilly Braun,3,APPpPaau,glllbb
EDU,3,A historia de Lilly Braun,4,pPA,lj
EDU,3,A historia de Lilly Braun,5,pPaau,llbb
EDU,3,A historia de Lilly Braun,6,AAApaAPppp,llllbj
EDU,3,A historia de Lilly Braun,7,Su,bbb
EDU,3,A historia de Lilly Braun,8,PppsApppp,ellllb
EDU,3,A historia de Lilly Braun,9,APP,bbj
EDU,3,A historia de Lilly Braun,10,PPP,elb
EDU,3,A historia de Lilly Braun,11,AaA,ebeb
EDU,3,A historia de Lilly Braun,12,Aus,bbj
EDU,4,Aguaverde,1,AA,ob
EDU,4,Aguaverde,2,AAPa,ot
EDU,4,Aguaverde,3,AAupPupP,ossb
EDU,4,Aguaverde,4,AAPa,nt
EDU,4,Aguaverde,5,AA,ob
EDU,4,Aguaverde,6,AAPa,ot
EDU,4,Aguaverde,7,AAupPupP,ossb
EDU,4,Aguaverde,8,ppPau,nqb
EDU,4,Aguaverde,9,pPpPaP,vq
EDU,4,Aguaverde,10,PPPPPpPpPaP,nuvq
EDU,4,Aguaverde,11,PPAPPPa,oslb
EDU,4,Aguaverde,12,Pa,bo
EDU,4,Aguaverde,13,p,p
EDU,4,Aguaverde,14,puAa,tm
EDU,4,Aguaverde,15,paaSpuAa,njtm
EDU,4,Aguaverde,16,puAa,tm
EDU,4,Aguaverde,17,paa,nj
EDU,4,Aguaverde,18,auuA,tm
EDU,5,Arrastao,1,aAAAaP,baosb
EDU,5,Arrastao,2,pPsAAAaP,jbosb
EDU,5,Arrastao,3,sAAAaP,baosb
EDU,5,Arrastao,4,sAAAaP,baosb
EDU,5,Arrastao,5,S,eb
EDU,5,Arrastao,6,ppppppppAp,ssojb
EDU,5,Arrastao,7,ppppppppAp,ssojb
EDU,5,Arrastao,8,AaApp,ejlb
EDU,5,Arrastao,9,AaA,ejb
EDU,5,Arrastao,10,ppApppPPp,jjjjbab
EDU,6,Arpoador,1,paAa,bol
EDU,6,Arpoador,2,PpA,sb
EDU,6,Arpoador,3,ppP,sb
EDU,6,Arpoador,4,aAa,ol
EDU,6,Arpoador,5,PpA,sb
EDU,6,Arpoador,6,ppuuupPP,ossb
EDU,6,Arpoador,7,uuuupPP,essb
EDU,6,Arpoador,8,uuuuuuuuupA,ssslb
EDU,6,Arpoador,9,ppppuuuuuu,fsssb
EDU,7,As mesmas historias,1,sS,baaeb
EDU,7,As mesmas historias,2,uuupPPpApa,rslnb
EDU,7,As mesmas historias,3,uuuupPupApppa,rsrsl
EDU,7,As mesmas historias,4,PPuppPPAuppPAA,ossssb
EDU,7,As mesmas historias,5,ppu,babeb
EDU,7,As mesmas historias,6,Aps,bnb
EDU,7,As mesmas historias,7,PPa,sb
EDU,7,As mesmas historias,8,ppua,sl
EDU,7,As mesmas historias,9,PPauPP,nlnb
EDU,7,As mesmas historias,10,ppua,sl
EDU,7,As mesmas historias,11,PPauPp,olob
EDU,8,Ave rara,1,uAuusA,nrn
EDU,8,Ave rara,2,upuuAs,nrn
EDU,8,Ave rara,3,upuuAs,nrn
EDU,8,Ave rara,4,pppaAP,jjbj
EDU,8,Ave rara,5,pPpApup,nrnaab
EDU,8,Ave rara,6,pPpsAA,nrn
EDU,8,Ave rara,7,pPpsAA,nrn
EDU,8,Ave rara,8,upPpApup,baaaanrnaab
EDU,8,Ave rara,9,pPpApp,nrn
EDU,8,Ave rara,10,AAs,bbn
EDU,8,Ave rara,11,aPAp,bbbn
EDU,8,Ave rara,12,aPAp,bbbn
EDU,9,Beatriz,1,psPPASa,bbbbbbbb
EDU,9,Beatriz,2,PPAAp,bbbbbb
EDU,9,Beatriz,3,PAAAp,bbbbbb
EDU,9,Beatriz,4,PPPSp,bbbbbb
EDU,9,Beatriz,5,AAuA,bbbbb
EDU,9,Beatriz,6,PuppPPPu,jjjjb
EDU,9,Beatriz,7,PPpppPPPu,ejjjjb
EDU,9,Beatriz,8,pppppppaS,ejjjjb
EDU,9,Beatriz,9,paAppPPPAp,ejjjjbaab
EDU,9,Beatriz,10,pppppAAPSu,bejjjjb
EDU,9,Beatriz,11,psApsApsp,ejjjjb
EDU,9,Beatriz,12,pppAAPSu,jjjbabb
EDU,9,Beatriz,13,a,baab
EDU,9,Beatriz,14,ppppppaPP,ejjjjb
EDU,9,Beatriz,15,pppppppaPP,bejjjjb
EDU,10,Boranda,1,uAP,ll
EDU,10,Boranda,2,ppapPuAs,gvlj
EDU,10,Boranda,3,uAP,lj
EDU,10,Boranda,4,ppapPupP,gvlj
EDU,10,Boranda,5,upuauaa,llrg
EDU,10,Boranda,6,upuaua,nlr
EDU,10,Boranda,7,upupuaa,nlre
EDU,10,Boranda,8,PAaPaa,plr
EDU,10,Boranda,9,APpAppa,plll
EDU,10,Boranda,10,uPauuP,nlr
EDU,10,Boranda,11,AAAu,bbbbb
EDU,10,Boranda,12,Spp,ebbb
EDU,10,Boranda,13,aSpu,jbbb
EDU,10,Boranda,14,aPp,jbb
EDU,10,Boranda,15,uAP,ll
EDU,10,Boranda,16,ppapPuAs,gvlj
EDU,10,Boranda,17,uAP,lj
EDU,10,Boranda,18,ppapPupP,gvlj
EDU,11,Branca Dias,1,uuuupAp,kdkdj
EDU,11,Branca Dias,2,pPuuuuuPPu,ebbkdkdj
EDU,11,Branca Dias,3,PApuuuuPPu,ebbkdkdj
EDU,11,Branca Dias,4,puup,ekdb
EDU,11,Branca Dias,5,uApup,ejebab
EDU,11,Branca Dias,6,uuuuPPu,kdkdj
EDU,11,Branca Dias,7,auuuuuuPPu,ebbkdkdj
EDU,11,Branca Dias,8,apPuuuuPPu,ebbkdkdj
EDU,11,Branca Dias,9,puauuuupAu,ebbkdkdj
EDU,11,Branca Dias,10,ppPuuuupAp,ebbkdkdj
EDU,11,Branca Dias,11,pPuuuuupAuppP,ebbkdkdjebb
EDU,12,Candeias,1,Appp,bbaabbe
EDU,12,Candeias,2,ppPSppp,fdkdfdae
EDU,12,Candeias,3,Ppup,kdbe
EDU,12,Candeias,4,PSpppP,fdbefdb
EDU,12,Candeias,5,APPu,kdbe
EDU,12,Candeias,6,PPuAappp,fdbeeebafd
EDU,12,Candeias,7,ppau,kdbe
EDU,12,Candeias,8,uuuApp,fdjeee
EDU,12,Candeias,9,ppppaAp,fdjeeeae
EDU,12,Candeias,10,pApSps,eejeee
EDU,12,Candeias,11,uuupPSp,kdkdbe
EDU,12,Candeias,12,uppPPuu,kdkdbe
EDU,12,Candeias,13,pu,fdb
EDU,12,Candeias,14,ppAp,kdbe
EDU,12,Candeias,15,PPupPPp,eebakdbe
EDU,12,Candeias,16,paa,eebe
EDU,12,Candeias,17,pau,eebe
EDU,12,Candeias,18,PPuuuPu,eebakdbe
EDU,13,Cancao da terra,1,uuuuppA,ejtm
EDU,13,Cancao da terra,2,uuuuppP,ejtm
EDU,13,Cancao da terra,3,uuuuppA,ejtm
EDU,13,Cancao da terra,4,uuuupAa,ejjr
EDU,13,Cancao da terra,5,Papp,rn
EDU,13,Cancao da terra,6,Papp,rn
EDU,13,Cancao da terra,7,AaS,gr
EDU,13,Cancao da terra,8,papP,vb
EDU,13,Cancao da terra,9,AaS,er
EDU,13,Cancao da terra,10,papP,vb
EDU,14,Casa forte,1,ppp,bababab
EDU,14,Casa forte,2,PPpPaApPa,pqtj
EDU,14,Casa forte,3,PpPaApPapP,gqtjp
EDU,14,Casa forte,4,PPPPPPPPaPa,grnnnl
EDU,14,Casa forte,5,PPPPPPPPaP,grnnnb
EDU,14,Casa forte,6,PpppppppAa,grjgll
EDU,14,Casa forte,7,PppppPPPP,grjgnb
EDU,14,Casa forte,8,sSp,lj
EDU,14,Casa forte,9,Ap,gj
EDU,14,Casa forte,10,Ap,gj
EDU,14,Casa forte,11,Ap,gj
EDU,15,Canudos,1,PPPPPpa,jbbbje
EDU,15,Canudos,2,sAAAsP,jbbbj
EDU,15,Canudos,3,PPPPPpa,jbbbje
EDU,15,Canudos,4,sAAAsP,jbbbj
EDU,15,Canudos,5,PPuPppS,jbbbjae
EDU,15,Canudos,6,uuuPPup,jbbbbbe
EDU,15,Canudos,7,PPuAapS,jbbbje
EDU,15,Canudos,8,uuAppup,jbbfdj
EDU,16,Canto triste,1,PPPPP,lol
EDU,16,Canto triste,2,PPpppp,olob
EDU,16,Canto triste,3,aPPPP,ebsb
EDU,16,Canto triste,4,APaPPs,ebsl
EDU,16,Canto triste,5,pSu,ol
EDU,16,Canto triste,6,aaSpP,els
EDU,16,Canto triste,7,aaSpP,ss
EDU,16,Canto triste,8,aaSpP,ss
EDU,16,Canto triste,9,ppp,ebbb
EDU,16,Canto triste,10,upAPu,gllb
EDU,16,Canto triste,11,spuSu,ejlb
EDU,16,Canto triste,12,spSpp,ss
EDU,16,Canto triste,13,pPAa,uj
EDU,16,Canto triste,14,ppppPAs,ssbb
EDU,16,Canto triste,15,ppppppP,vv
EDU,16,Canto triste,16,pppppapAP,vvbab
EDU,17,Cheganca,1,uuuP,gtb
EDU,17,Cheganca,2,uupA,pt
EDU,17,Cheganca,3,uAAaP,uq
EDU,17,Cheganca,4,uuupu,uu
EDU,17,Cheganca,5,PApppA,ejjj
EDU,17,Cheganca,6,papPpAa,ntng
EDU,17,Cheganca,7,Apaupuu,ntng
EDU,17,Cheganca,8,Apaupuu,ntng
EDU,17,Cheganca,9,pPPpaaP,bolnb
EDU,17,Cheganca,10,pPPppPS,bnjjb
EDU,17,Cheganca,11,uuup,grb
EDU,17,Cheganca,12,Auup,grb
EDU,17,Cheganca,13,AAppppA,grnn
EDU,17,Cheganca,14,uuuaAapP,nrln
EDU,17,Cheganca,15,AAuaP,prb
EDU,17,Cheganca,16,pu,gn
EDU,17,Cheganca,17,AuaPaup,grjj
EDU,18,Choro bandido,1,paApaAppp,vvh
EDU,18,Choro bandido,2,pApApAp,pvh
EDU,18,Choro bandido,3,PApPpppPPa,pvvb
EDU,18,Choro bandido,4,paApa,vh
EDU,18,Choro bandido,5,ppPPPPPPPP,pvvb
EDU,18,Choro bandido,6,PPPpsApupupupupP,vvvvb
EDU,18,Choro bandido,7,PPPppppaPPPPpApp,vvvvb
EDU,18,Choro bandido,8,PaPaPPPPP,vvh
EDU,18,Choro bandido,9,PaPPPAP,pvh
EDU,18,Choro bandido,10,PaPsAP,pvb
EDU,18,Choro bandido,11,apaPP,gvb
EDU,18,Choro bandido,12,apaPP,gvb
EDU,18,Choro bandido,13,paApaAppp,vvh
EDU,18,Choro bandido,14,pApApAp,pvh
EDU,18,Choro bandido,15,PApPpppPPa,pvvb
EDU,18,Choro bandido,16,PuPuPuPuPuPuPPPP,vvvvb
EDU,19,Cidade nova,1,S,l
EDU,19,Cidade nova,2,PPPPPAP,uvb
EDU,19,Cidade nova,3,pPppaAP,usl
EDU,19,Cidade nova,4,pppp,os
EDU,19,Cidade nova,5,s,bb
EDU,19,Cidade nova,6,PPAau,osg
EDU,19,Cidade nova,7,PPAAa,vl
EDU,19,Cidade nova,8,paSp,eleb
EDU,19,Cidade nova,9,Pa,el
EDU,19,Cidade nova,10,ppppP,uq
EDU,19,Cidade nova,11,pPs,bel
EDU,19,Cidade nova,12,ppppP,uq
EDU,19,Cidade nova,13,pAapa,bjjb
EDU,19,Cidade nova,14,PPPPPAP,uvb
EDU,19,Cidade nova,15,pPppaAP,usl
EDU,19,Cidade nova,16,uSPs,eub
EDU,19,Cidade nova,17,SPs,gq
EDU,19,Cidade nova,18,ApuuPs,eleq
EDU,19,Cidade nova,19,aApuPPs,oleq
EDU,19,Cidade nova,20,uuuaP,ebbajb
EDU,19,Cidade nova,21,PPPPPAP,uvb
EDU,19,Cidade nova,22,pPppaAP,usl
EDU,19,Cidade nova,23,pppp,os
EDU,20,Considerando,1,ppAppApaAppAp,kdkdkdkdbe
EDU,20,Considerando,2,ppAppAp,kdkdj
EDU,20,Considerando,3,SppP,ebjb
EDU,20,Considerando,4,PPPppPA,jjjbe
EDU,20,Considerando,5,PPPppPS,jjobe
EDU,20,Considerando,6,PPPpaPA,jjjbe
EDU,20,Considerando,7,PpPpPPu,jebobe
EDU,20,Considerando,8,ppAppA,kdkdb
EDU,20,Considerando,9,ppAppA,kdkdb
EDU,20,Considerando,10,ppAppAu,baosj
EDU,20,Considerando,11,ppAppPp,kdkdbab
EDU,20,Considerando,12,ppAppAppAppAp,kdkdkdkdbe
EDU,20,Considerando,13,ppAppAp,kdkdj
EDU,20,Considerando,14,SppP,ebjb
EDU,20,Considerando,15,PPPppPS,ejejbab
EDU,20,Considerando,16,PPPppPS,ejejbab
EDU,20,Considerando,17,PPPPPPp,jjjbb
EDU,20,Considerando,18,sAAAa,kdbbab
EDU,20,Considerando,19,PPAAPPp,jjjbab
EDU,20,Considerando,20,PPAAAPp,jjjbab
EDU,20,Considerando,21,sASsA,jbjb
EDU,20,Considerando,22,pAp,baabbaaab
EDU,21,Corrida de jangada,1,AuuuaP,uv
EDU,21,Corrida de jangada,2,uuPuuP,uv
EDU,21,Corrida de jangada,3,Auuppp,uv
EDU,21,Corrida de jangada,4,pppu,ul
EDU,21,Corrida de jangada,5,uuupPP,uv
EDU,21,Corrida de jangada,6,upAupp,uv
EDU,21,Corrida de jangada,7,uuSuau,uv
EDU,21,Corrida de jangada,8,uupuuuP,uvb
EDU,21,Corrida de jangada,9,upuppa,pvab
EDU,21,Corrida de jangada,10,upuuP,pv
EDU,21,Corrida de jangada,11,uupuSpa,uvg
EDU,21,Corrida de jangada,12,uupuuPu,uvg
EDU,21,Corrida de jangada,13,upuuaP,otm
EDU,21,Corrida de jangada,14,uuuauP,otm
EDU,21,Corrida de jangada,15,uuSuuuauP,uvq
EDU,21,Corrida de jangada,16,uuAuaAu,ejtm
EDU,21,Corrida de jangada,17,uuupPu,otm
EDU,21,Corrida de jangada,18,uuupPu,otm
EDU,22,Corrupiao,1,AaAsAAA,mnav
EDU,22,Corrupiao,2,AaAsAAA,mecv
EDU,22,Corrupiao,3,Aa,me
EDU,22,Corrupiao,4,upupupu,uvb
EDU,22,Corrupiao,5,AAAaPaPaPaPa,uvvl
EDU,22,Corrupiao,6,pupupupA,euvb
EDU,22,Corrupiao,7,PaPaPaP,uvb
EDU,22,Corrupiao,8,PaPAAAApp,uvle
EDU,22,Corrupiao,9,upupupu,uvb
EDU,22,Corrupiao,10,aPAsu,jjj
EDU,22,Corrupiao,11,aPAsu,jjj
EDU,22,Corrupiao,12,AAApApApaa,uvv
EDU,22,Corrupiao,13,pApApapp,vvb
EDU,22,Corrupiao,14,Apapp,gvb
EDU,22,Corrupiao,15,Aupp,grb
EDU,22,Corrupiao,16,PAAPPupP,gvv
EDU,22,Corrupiao,17,upP,v
EDU,22,Corrupiao,18,upP,v
EDU,22,Corrupiao,19,upPp,vb
EDU,22,Corrupiao,20,AupupupAa,bauvl
EDU,23,Descompassado,1,pApp,kdbe
EDU,23,Descompassado,2,pApppAu,baosbe
EDU,23,Descompassado,3,pApppAa,kdkdbe
EDU,23,Descompassado,4,paSpap,kdkdb
EDU,23,Descompassado,5,pApp,kdbe
EDU,23,Descompassado,6,pApppAu,kdkdbe
EDU,23,Descompassado,7,pApppA,kdkdb
EDU,23,Descompassado,8,pApppAP,kdkdbab
EDU,23,Descompassado,9,ppsP,kdbe
EDU,23,Descompassado,10,PpPaPSP,kdkdbe
EDU,23,Descompassado,11,PpPaPSP,kdkdbe
EDU,23,Descompassado,12,PPPPPPP,kdkdj
EDU,23,Descompassado,13,PaPaP,ekdj
EDU,23,Descompassado,14,PaPPP,ekdj
EDU,23,Descompassado,15,PaPA,ekdb
EDU,23,Descompassado,16,aA,bbe
EDU,23,Descompassado,17,aA,bbe
EDU,23,Descompassado,18,paAPP,kdbeaaaaab
EDU,24,Dono do lugar,1,PPu,ol
EDU,24,Dono do lugar,2,PPuPuppu,otqg
EDU,24,Dono do lugar,3,psu,nl
EDU,24,Dono do lugar,4,PPuAaP,jtm
EDU,24,Dono do lugar,5,pp,u
EDU,24,Dono do lugar,6,PpPpAAAp,sjjbb
EDU,24,Dono do lugar,7,ppu,ol
EDU,24,Dono do lugar,8,uuApsA,ojjb
EDU,24,Dono do lugar,9,PPu,ol
EDU,24,Dono do lugar,10,uAupppu,ojsg
EDU,24,Dono do lugar,11,PPu,ol
EDU,24,Dono do lugar,12,PPPAaApp,ojtgb
EDU,24,Dono do lugar,13,PAu,ug
EDU,24,Dono do lugar,14,PAPppup,ojjl
EDU,24,Dono do lugar,15,aSu,jl
EDU,24,Dono do lugar,16,uuApsA,ojjb
EDU,25,Dos navegantes,1,SuAauAsuSs,gsssb
EDU,25,Dos navegantes,2,SupPupPa,gssl
EDU,25,Dos navegantes,3,SuAauAsuSs,gsssb
EDU,25,Dos navegantes,4,SupPPap,gssb
EDU,25,Dos navegantes,5,SuPauPauPapAAs,gssssbg
EDU,25,Dos navegantes,6,PupAuaAppppaPaA,gssssbp
EDU,25,Dos navegantes,7,PupAupA,gssb
EDU,25,Dos navegantes,8,pAupu,psb
EDU,25,Dos navegantes,9,PPa,sb
EDU,25,Dos navegantes,10,aPPPPPsA,sslb
EDU,25,Dos navegantes,11,PPa,sb
EDU,25,Dos navegantes,12,PPAAaPa,osbp
EDU,26,Frevo diabo,1,AAAP,gjj
EDU,26,Frevo diabo,2,paA,eeee
EDU,26,Frevo diabo,3,pPa,eeee
EDU,26,Frevo diabo,4,aP,eee
EDU,26,Frevo diabo,5,ppA,eeee
EDU,26,Frevo diabo,6,pPpP,pq
EDU,26,Frevo diabo,7,PaAppPppppA,ejjjjjb
EDU,26,Frevo diabo,8,PAAA,pq
EDU,26,Frevo diabo,9,aSa,ebj
EDU,26,Frevo diabo,10,aAaaaAa,ejjje
EDU,26,Frevo diabo,11,PsPaupp,bbbbjj
EDU,26,Frevo diabo,12,PPPPPApps,ejjjbj
EDU,26,Frevo diabo,13,SpppPa,ejeje
EDU,26,Frevo diabo,14,ppPP,ejj
EDU,26,Frevo diabo,15,aSa,ebj
EDU,26,Frevo diabo,16,aAaaaAa,ejjje
EDU,26,Frevo diabo,17,PPPPaAp,kdkdbe
EDU,26,Frevo diabo,18,PpAaaaaSp,ejjeeej
EDU,26,Frevo diabo,19,paAp,ejbe
EDU,26,Frevo diabo,20,paApPP,ejjj
EDU,26,Frevo diabo,21,PpAaaAAPu,ejjeeej
EDU,26,Frevo diabo,22,PaAppPppppA,ejjjjjb
EDU,26,Frevo diabo,23,puAAAAp,jejjb
EDU,26,Frevo diabo,24,aSaap,ejej
EDU,26,Frevo diabo,25,AAApA,ejbj
EDU,26,Frevo diabo,26,aPPPPPPP,jejjj
EDU,26,Frevo diabo,27,pPu,eje
EDU,26,Frevo diabo,28,PPPapPpP,utq
EDU,26,Frevo diabo,29,pPPPupPpP,eutq
EDU,26,Frevo diabo,30,pPSp,ejj
EDU,26,Frevo diabo,31,pppppppASpPpP,euvtq
EDU,26,Frevo diabo,32,pPPPupPpP,eutq
EDU,26,Frevo diabo,33,pPPPupPpP,eutq
EDU,26,Frevo diabo,34,pPSp,ejj
EDU,26,Frevo diabo,35,pppppppAaAaAa,euvjjeb
EDU,26,Frevo diabo,36,aAaAPus,jebjaeb
EDU,27,Lero-lero,1,Suau,ejj
EDU,27,Lero-lero,2,uSuuppu,jjjj
EDU,27,Lero-lero,3,uAuuuauuuppPpA,jjjjjjq
EDU,27,Lero-lero,4,uuau,bjj
EDU,27,Lero-lero,5,uSuuppu,jjjj
EDU,27,Lero-lero,6,uAuuppuuuAuPpP,jjjjjjjb
EDU,27,Lero-lero,7,ppaa,ejj
EDU,27,Lero-lero,8,aAuuaAa,jjjj
EDU,27,Lero-lero,9,aAuuaAuuuuPPaa,jjjjjjjb
EDU,27,Lero-lero,10,pppu,ejj
EDU,27,Lero-lero,11,AAuuupp,jjjj
EDU,27,Lero-lero,12,uuuuuppuupupup,jjjjjjjb
EDU,27,Lero-lero,13,ppP,et
EDU,27,Lero-lero,14,AuAuAuP,ejjt
EDU,27,Lero-lero,15,upauAaA,ejjt
EDU,27,Lero-lero,16,upPpPsSs,ejjtb
EDU,28,Meia-noite,1,AuAusu,ejjj
EDU,28,Meia-noite,2,APPPA,ejjb
EDU,28,Meia-noite,3,AusuAuaaAupSs,ejjjjjjb
EDU,28,Meia-noite,4,AuAusu,ejjj
EDU,28,Meia-noite,5,APPAA,ejjb
EDU,28,Meia-noite,6,pusuAuaaAupupuSua,ejjjjjjjjb
EDU,28,Meia-noite,7,PPppaSpP,jbejjb
EDU,28,Meia-noite,8,pPPpP,jbaajb
EDU,28,Meia-noite,9,pupupPappp,jjjjjb
EDU,28,Meia-noite,10,pPpPpPppa,ejjjjb
EDU,28,Meia-noite,11,pupupPappp,jjjjjb
EDU,28,Meia-noite,12,ppaaApSua,ejjjjb
EDU,29,Memorias de Marta Sare,1,PaSpaP,etnb
EDU,29,Memorias de Marta Sare,2,pauuAPPs,muqg
EDU,29,Memorias de Marta Sare,3,PpPpP,etm
EDU,29,Memorias de Marta Sare,4,Ppppp,ejjb
EDU,29,Memorias de Marta Sare,5,uupu,gll
EDU,29,Memorias de Marta Sare,6,PaSpaP,glrb
EDU,29,Memorias de Marta Sare,7,PaSpaP,glrb
EDU,29,Memorias de Marta Sare,8,PaSpaP,glrb
EDU,29,Memorias de Marta Sare,9,pu,pg
EDU,29,Memorias de Marta Sare,10,uuuuPP,otp
EDU,29,Memorias de Marta Sare,11,pPpPpp,otm
EDU,29,Memorias de Marta Sare,12,uuPPPP,otp
EDU,29,Memorias de Marta Sare,13,PPpPpp,otm
EDU,29,Memorias de Marta Sare,14,PaS,gt
EDU,29,Memorias de Marta Sare,15,ppp,enb
EDU,29,Memorias de Marta Sare,16,uAA,gt
EDU,29,Memorias de Marta Sare,17,ppp,enb
EDU,29,Memorias de Marta Sare,18,uaS,et
EDU,29,Memorias de Marta Sare,19,ppppAu,enjl
EDU,29,Memorias de Marta Sare,20,pu,el
EDU,29,Memorias de Marta Sare,21,PA,ob
EDU,30,Meu namorado,1,aAApPPp,bbbbbbbb
EDU,30,Meu namorado,2,appapaSpaS,ebbbbbbbbbb
EDU,30,Meu namorado,3,pp,bbb
EDU,30,Meu namorado,4,aAApPPpSP,bbbbbbbbbb
EDU,30,Meu namorado,5,ppA,ejb
EDU,30,Meu namorado,6,ppApppA,ejjbeb
EDU,30,Meu namorado,7,Aap,ejb
EDU,30,Meu namorado,8,ApaAp,bbbebab
EDU,30,Meu namorado,9,pAa,ejb
EDU,30,Meu namorado,10,PPa,ejb
EDU,30,Meu namorado,11,AAA,ejb
EDU,30,Meu namorado,12,aAApPPp,bbbbbbbb
EDU,30,Meu namorado,13,appap,ebbbbb
EDU,30,Meu namorado,14,SpaA,ebbeb
EDU,31,Pra voce que chora,1,pppPu,bbbbbe
EDU,31,Pra voce que chora,2,pppPPsS,bbbbbbbb
EDU,31,Pra voce que chora,3,pppP,bbbbb
EDU,31,Pra voce que chora,4,APu,bbbb
EDU,31,Pra voce que chora,5,pppPS,bbbbbb
EDU,31,Pra voce que chora,6,AApaaaS,bbbbabababab
EDU,31,Pra voce que chora,7,ppPu,bbbbab
EDU,31,Pra voce que chora,8,ppPAAPP,bbbbbbaaabaaab
EDU,31,Pra voce que chora,9,apPP,bbbbab
EDU,31,Pra voce que chora,10,apPP,bbbbab
EDU,31,Pra voce que chora,11,apPpp,bbbbbb
EDU,32,Perambulando,1,ApsPPPPPP,ejjjjb
EDU,32,Perambulando,2,pPPPAAAp,ejjjj
EDU,32,Perambulando,3,ppppaa,jjjb
EDU,32,Perambulando,4,AASppsA,ejjjb
EDU,32,Perambulando,5,SsAsPPA,ejjjb
EDU,32,Perambulando,6,AaPsPPA,ejjjb
EDU,32,Perambulando,7,pP,beb
EDU,32,Perambulando,8,paPpP,ebebeb
EDU,32,Perambulando,9,pPAppPA,ebebebeb
EDU,32,Perambulando,10,pppp,ejj
EDU,32,Perambulando,11,ApaApaA,ejjjb
EDU,32,Perambulando,12,aSppasSApA,ejqjjb
EDU,32,Perambulando,13,PAAAAaa,ejjbeb
EDU,32,Perambulando,14,pppPaPaPApa,ejjjjjb
EDU,32,Perambulando,15,PPPPPApapa,ejjjbebe
EDU,32,Perambulando,16,p,be
EDU,32,Perambulando,17,aPAPsPAP,jjjjb
EDU,32,Perambulando,18,AaAaAaA,ejjjb
EDU,32,Perambulando,19,PPPaSaSp,ejjjj
EDU,32,Perambulando,20,sPPspaS,jjjbab
EDU,32,Perambulando,21,PPPPPPP,ejjjb
EDU,32,Perambulando,22,PPPPAsuapp,jjjbejb
EDU,32,Perambulando,23,ppPaAspp,jjjjb
EDU,32,Perambulando,24,pPAPAAA,ejjjb
EDU,32,Perambulando,25,pppaaaSp,ejjjbe
EDU,32,Perambulando,26,aaPsAauaAa,jjssb
EDU,32,Perambulando,27,pPPPAPPAP,ejssb
EDU,32,Perambulando,28,pPpP,jabeab
EDU,32,Perambulando,29,pA,eabe
EDU,33,Reza,1,Sppppu,bejjb
EDU,33,Reza,2,ppppu,ejjb
EDU,33,Reza,3,ppppA,ejjb
EDU,33,Reza,4,uAauuAauuaA,pvvj
EDU,33,Reza,5,PPpps,rng
EDU,33,Reza,6,PPpp,rn
EDU,33,Reza,7,PaAa,ebagj
EDU,33,Reza,8,PPpps,rng
EDU,33,Reza,9,aPPpp,ern
EDU,33,Reza,10,aPaPPpp,ptq
EDU,33,Reza,11,aPaPPpp,ptr
EDU,33,Reza,12,aAsPPpppP,pbvbj
EDU,33,Reza,13,auAauuAauuaA,tvvj
EDU,33,Reza,14,auAauuAauuaA,uvvj
EDU,33,Reza,15,ppsSpp,rnn
EDU,33,Reza,16,pppaP,rnb
EDU,33,Reza,17,auAauuAauuaA,tvvj
EDU,33,Reza,18,auAauuAauuaAu,uvvjb
EDU,34,Viola fora de moda,1,Auuu,jjb
EDU,34,Viola fora de moda,2,aAPuuup,ejjjb
EDU,34,Viola fora de moda,3,uuupua,jjbj
EDU,34,Viola fora de moda,4,Auuu,jjb
EDU,34,Viola fora de moda,5,Auuup,jejb
EDU,34,Viola fora de moda,6,Auuupua,jejbj
EDU,34,Viola fora de moda,7,Auuu,jjb
EDU,34,Viola fora de moda,8,pAuuu,jejb
EDU,34,Viola fora de moda,9,pAuupuP,jejbj
EDU,34,Viola fora de moda,10,Auuu,jjb
EDU,34,Viola fora de moda,11,pAuuu,jejb
EDU,34,Viola fora de moda,12,pAuupuP,jejbj
EDU,35,Vento bravo,1,uuppupPPP,rcejr
EDU,35,Vento bravo,2,uuppupPPa,rcejr
EDU,35,Vento bravo,3,uuupppPPP,rnjq
EDU,35,Vento bravo,4,uuuPuaPpp,rcejr
EDU,35,Vento bravo,5,uuppupPPP,rcejr
EDU,35,Vento bravo,6,APppp,jjaaj
EDU,35,Vento bravo,7,Pppp,ejaaj
EDU,35,Vento bravo,8,APs,jbaab
EDU,35,Vento bravo,9,a,baab
EDU,35,Vento bravo,10,AP,jb
EDU,35,Vento bravo,11,Au,baeb
EDU,35,Vento bravo,12,AP,jb
EDU,35,Vento bravo,13,ap,ebaab
EDU,35,Vento bravo,14,PP,jb
EDU,35,Vento bravo,15,pp,beab
EDU,35,Vento bravo,16,PPPpp,ejbeab
EDU,35,Vento bravo,17,PPaPu,ejbaeb
EDU,36,Meus pensamentos de magoa,1,uupPPPu,jbbjbe
EDU,36,Meus pensamentos de magoa,2,pPPppPu,jjpbe
EDU,36,Meus pensamentos de magoa,3,ppAppPu,jjjbe
EDU,36,Meus pensamentos de magoa,4,APAppPa,kdsbb
EDU,36,Meus pensamentos de magoa,5,aAu,bebab
EDU,36,Meus pensamentos de magoa,6,ApppPua,kdbajbb
EDU,36,Meus pensamentos de magoa,7,PpPuPa,ejsb
EDU,36,Meus pensamentos de magoa,8,uuuuuuu,jbejbe
EDU,36,Meus pensamentos de magoa,9,ppAppP,jjjb
EDU,36,Meus pensamentos de magoa,10,PPSppa,ejbebb
EDU,37,Na carreira,1,PpS,ebeb
EDU,37,Na carreira,2,ApppAppp,ejjjj
EDU,37,Na carreira,3,PPPA,bbbj
EDU,37,Na carreira,4,PpS,ebeb
EDU,37,Na carreira,5,ApppAppp,ejjjj
EDU,37,Na carreira,6,PPSp,bbbbb
EDU,37,Na carreira,7,PPPPPPPP,eejjjb
EDU,37,Na carreira,8,ppAps,eeebaabb
EDU,37,Na carreira,9,PuS,eje
EDU,37,Na carreira,10,AuS,eje
EDU,37,Na carreira,11,s,be
EDU,37,Na carreira,12,pPs,eebe
EDU,37,Na carreira,13,ppsSpP,eebeeeb
EDU,37,Na carreira,14,s,be
EDU,37,Na carreira,15,pPsSaP,eebeeeb
EDU,37,Na carreira,16,p,be
EDU,37,Na carreira,17,pPpAua,eebeeeb
EDU,37,Na carreira,18,p,be
EDU,37,Na carreira,19,aaAAAA,eebeeeb
EDU,38,Zanzibar,1,AAAppaA,urj
EDU,38,Zanzibar,2,AAAppaAs,urt
EDU,38,Zanzibar,3,AAAppaS,urj
EDU,38,Zanzibar,4,ppP,nj
EDU,38,Zanzibar,5,ppppApP,vlj
EDU,38,Zanzibar,6,pp,bj
EDU,38,Zanzibar,7,AuppuupupuuauP,grrrrj
EDU,38,Zanzibar,8,PPPPP,eeeob
EDU,38,Zanzibar,9,PpPPP,jejb
EDU,38,Zanzibar,10,pppP,ejaj
EDU,38,Zanzibar,11,ApppP,rbj
EDU,38,Zanzibar,12,SpppP,rbj
EDU,38,Zanzibar,13,ApppP,rbj
EDU,38,Zanzibar,14,Sppupuupuu,rrrh
EDU,38,Zanzibar,15,uSauA,gjgj
EDU,38,Zanzibar,16,ppupuupuu,nrrh
EDU,38,Zanzibar,17,uSauA,gjgj
EDU,38,Zanzibar,18,ppupuupuusu,nrrrb
EDU,38,Zanzibar,19,a,j
EDU,39,So me fez bem,1,PpaaS,grn
EDU,39,So me fez bem,2,ppaaS,grn
EDU,39,So me fez bem,3,ppaPP,nnn
EDU,39,So me fez bem,4,pau,nn
EDU,39,So me fez bem,5,ppa,gnab
EDU,39,So me fez bem,6,ppPa,gnn
EDU,39,So me fez bem,7,Apau,bnn
EDU,39,So me fez bem,8,upPA,rn
EDU,39,So me fez bem,9,ppaaS,nnn
EDU,39,So me fez bem,10,ppuAa,nnn
EDU,39,So me fez bem,11,ApaAS,nnn
EDU,39,So me fez bem,12,Apu,nn
EDU,39,So me fez bem,13,Apu,elb
EDU,39,So me fez bem,14,Apu,elb
EDU,39,So me fez bem,15,Apu,elb
EDU,39,So me fez bem,16,a,eb
EDU,39,So me fez bem,17,uSPSppu,jslb
EDU,39,So me fez bem,18,Apu,elb
EDU,39,So me fez bem,19,ApppSApap,ebbbbbsb
EDU,39,So me fez bem,20,AsS,ebeb
EDU,39,So me fez bem,21,ppa,gnab
EDU,39,So me fez bem,22,ppuPa,gnr
EDU,39,So me fez bem,23,Apau,bnn
EDU,39,So me fez bem,24,upPA,rn
EDU,39,So me fez bem,25,ppaaS,grn
EDU,39,So me fez bem,26,ppuAa,nnn
EDU,39,So me fez bem,27,pppPS,nnn
EDU,39,So me fez bem,28,Apu,nn
EDU,40,Senhora do rio,1,PPaAp,jjbb
EDU,40,Senhora do rio,2,PPaAp,jjbb
EDU,40,Senhora do rio,3,pppau,jjbb
EDU,40,Senhora do rio,4,pppu,jjb
EDU,40,Senhora do rio,5,uS,jb
EDU,40,Senhora do rio,6,ppa,ejb
EDU,40,Senhora do rio,7,sS,bbb
EDU,40,Senhora do rio,8,ppp,ejb
EDU,40,Senhora do rio,9,Ap,beb
EDU,40,Senhora do rio,10,Sp,beb
EDU,40,Senhora do rio,11,AS,bbb
EDU,40,Senhora do rio,12,Pau,bbbab
EDU,41,Na ilha de Lia no barco de Rosa,1,uuPPuPp,vtb
EDU,41,Na ilha de Lia no barco de Rosa,2,PpuP,ps
EDU,41,Na ilha de Lia no barco de Rosa,3,uuPPupP,vsb
EDU,41,Na ilha de Lia no barco de Rosa,4,uuPPuPp,vtb
EDU,41,Na ilha de Lia no barco de Rosa,5,PpAp,ps
EDU,41,Na ilha de Lia no barco de Rosa,6,uuPPuPp,vtb
EDU,41,Na ilha de Lia no barco de Rosa,7,uuPPupP,vtb
EDU,41,Na ilha de Lia no barco de Rosa,8,pApp,ps
EDU,41,Na ilha de Lia no barco de Rosa,9,uuPPupPs,vsj
EDU,41,Na ilha de Lia no barco de Rosa,10,uuPP,vb
EDU,41,Na ilha de Lia no barco de Rosa,11,uuPP,vb
EDU,41,Na ilha de Lia no barco de Rosa,12,uupPuupPuupPpaAA,vvvvb
EDU,41,Na ilha de Lia no barco de Rosa,13,Apppppp,oosb
EDU,41,Na ilha de Lia no barco de Rosa,14,ApA,jgab
EDU,41,Na ilha de Lia no barco de Rosa,15,Apppppp,josb
EDU,41,Na ilha de Lia no barco de Rosa,16,PP,jab
EDU,41,Na ilha de Lia no barco de Rosa,17,uuPPuPpuPp,vssb
EDU,41,Na ilha de Lia no barco de Rosa,18,uuPPuPpuPpup,vssjb
EDU,42,Zanga zangada,1,uuuuuu,jjej
EDU,42,Zanga zangada,2,uuuuu,ejej
EDU,42,Zanga zangada,3,sPApA,eeaeje
EDU,42,Zanga zangada,4,uuuuuu,jjej
EDU,42,Zanga zangada,5,AA,ej
EDU,42,Zanga zangada,6,SppsSp,ejeeabb
EDU,42,Zanga zangada,7,uuuuuu,jjej
EDU,42,Zanga zangada,8,AA,ej
EDU,42,Zanga zangada,9,SauaAua,ejeebbb
EDU,42,Zanga zangada,10,uuppPApPP,jjejej
EDU,42,Zanga zangada,11,uuppPApPP,jjejej
EDU,42,Zanga zangada,12,puuu,ejj
EDU,42,Zanga zangada,13,uuuu,ejj
EDU,42,Zanga zangada,14,puuuuuuuuuu,ejjejejb
EDU,42,Zanga zangada,15,auuuuuuap,jejejabb
EDU,43,Sobre todas as coisas,1,uuuu,jjb
EDU,43,Sobre todas as coisas,2,upupupupAuuuu,ejjjjjjb
EDU,43,Sobre todas as coisas,3,upupupupuuuuu,ejjjjjjb
EDU,43,Sobre todas as coisas,4,upuuppuPa,ejjjjb
EDU,43,Sobre todas as coisas,5,uuuu,jjb
EDU,43,Sobre todas as coisas,6,PPPPPauupP,jjjjjb
EDU,43,Sobre todas as coisas,7,PPPPPauuuu,jjjjjb
EDU,43,Sobre todas as coisas,8,PPPPAp,jjjb
EDU,43,Sobre todas as coisas,9,uuuu,jjb
EDU,43,Sobre todas as coisas,10,upupupupAuuuu,ejjjjjjb
EDU,43,Sobre todas as coisas,11,upupupupuuuuu,ejjjjjjb
EDU,43,Sobre todas as coisas,12,upupupuPa,ejjjjb
EDU,44,Upa neguinho,1,aapAAPa,rjje
EDU,44,Upa neguinho,2,aapaAa,rjj
EDU,44,Upa neguinho,3,aapAAAp,rjje
EDU,44,Upa neguinho,4,aapuuuAup,rvq
EDU,44,Upa neguinho,5,uAup,pq
EDU,44,Upa neguinho,6,uAAp,pjb
EDU,44,Upa neguinho,7,AaPaua,ejjj
EDU,44,Upa neguinho,8,aaPPPAa,rjje
EDU,44,Upa neguinho,9,aaPAuu,rjj
EDU,44,Upa neguinho,10,aaAuuP,rjj
EDU,44,Upa neguinho,11,AuAsuuP,grjj
EDU,44,Upa neguinho,12,AuAsuuP,grjj
EDU,44,Upa neguinho,13,AAusuuP,njjj
EDU,44,Upa neguinho,14,AAusuua,njjj
EDU,44,Upa neguinho,15,AAusuuP,njjj
EDU,44,Upa neguinho,16,AAAaAaaup,urjj
EDU,45,No cordao da saideira,1,uSsP,bbbj
EDU,45,No cordao da saideira,2,Supppppp,ejosb
EDU,45,No cordao da saideira,3,Suaauppp,ejosb
EDU,45,No cordao da saideira,4,pAAA,bbbj
EDU,45,No cordao da saideira,5,Appppaap,ejosb
EDU,45,No cordao da saideira,6,uAuuaPPP,osjj
EDU,45,No cordao da saideira,7,ppspPAuaA,ejbjjj
EDU,45,No cordao da saideira,8,pp,ej
EDU,45,No cordao da saideira,9,uPAAa,esj
EDU,45,No cordao da saideira,10,AuuupPP,essb
EDU,45,No cordao da saideira,11,ppa,ejb
EDU,45,No cordao da saideira,12,SuupuupuuauuP,gssssb
EDU,45,No cordao da saideira,13,uPuuPuuu,ossb
EDU,45,No cordao da saideira,14,uuauuuuuppp,osssb
EDU,45,No cordao da saideira,15,AaAA,gsb
EDU,45,No cordao da saideira,16,pppuuSs,ejsj
EDU,45,No cordao da saideira,17,pAua,ejj
EDU,45,No cordao da saideira,18,PPPAppp,jjjj
EDU,45,No cordao da saideira,19,apPSua,jjjb
EDU,46,O sertao,1,ppA,ejb
EDU,46,O sertao,2,psA,sb
EDU,46,O sertao,3,ppS,ejb
EDU,46,O sertao,4,saS,ejb
EDU,46,O sertao,5,asAAp,ejjb
EDU,46,O sertao,6,APPAP,ejjb
EDU,46,O sertao,7,AApAAAp,ejjjb
EDU,46,O sertao,8,AaappaP,jejbj
EDU,47,Zambi,1,APupuuaAP,jbbbbjj
EDU,47,Zambi,2,APupuuaAP,jbbbbjj
EDU,47,Zambi,3,APupuuaAP,jbbbbjj
EDU,47,Zambi,4,APupuuaAP,jbbbbjj
EDU,47,Zambi,5,papPA,jjbe
EDU,47,Zambi,6,paA,kdb
EDU,47,Zambi,7,aAP,kdb
EDU,47,Zambi,8,aAu,kdb
EDU,47,Zambi,9,aAp,kdb
EDU,47,Zambi,10,aAp,kdb
EDU,47,Zambi,11,APupuuaAP,jbbbbjj
EDU,47,Zambi,12,APupuuaAP,jbbbbjj
EDU,47,Zambi,13,APupuuaAP,jbbbbjj
EDU,47,Zambi,14,APupuuaAP,jbbbbjj
EDU,48,Ponteio,1,uuuuupAs,ptlj
EDU,48,Ponteio,2,uuuuupAa,ptjj
EDU,48,Ponteio,3,uuuupAa,grlj
EDU,48,Ponteio,4,uuuupaP,grjj
EDU,48,Ponteio,5,uuuupSa,grjj
EDU,48,Ponteio,6,uuuupAP,grjj
EDU,48,Ponteio,7,uuuuuAP,grjj
EDU,48,Ponteio,8,uuuuuAPP,grjjae
EDU,48,Ponteio,9,uuuu,pq
EDU,48,Ponteio,10,uuuupuaPs,nrrj
EDU,48,Ponteio,11,uuuu,pq
EDU,48,Ponteio,12,uuuupuaPs,nrrj
EDU,49,Pianinho,1,PApAaApAaApSa,gvvvb
EDU,49,Pianinho,2,AaAapappp,gvvb
EDU,49,Pianinho,3,ppApApApAPaP,gvvv
EDU,49,Pianinho,4,pupuppPpPaP,guvv
EDU,49,Pianinho,5,upupupupA,gvvb
EDU,49,Pianinho,6,PAPP,vb
EDU,49,Pianinho,7,PaP,v
EDU,49,Pianinho,8,upuPApupAPaP,gvvv
EDU,49,Pianinho,9,upupupupAPaA,gvvv
EDU,49,Pianinho,10,upupupupP,gvvb
EDU,49,Pianinho,11,P,eb
EDU,50,Pra dizer adeus,1,p,eb
EDU,50,Pra dizer adeus,2,pppp,fdkd
EDU,50,Pra dizer adeus,3,pppp,fdkd
EDU,50,Pra dizer adeus,4,psApp,fdkdae
EDU,50,Pra dizer adeus,5,AuPa,fdbeb
EDU,50,Pra dizer adeus,6,pppp,fdkd
EDU,50,Pra dizer adeus,7,pppp,fdkd
EDU,50,Pra dizer adeus,8,psApp,fdkdae
EDU,50,Pra dizer adeus,9,PppPP,baaafdkd
EDU,50,Pra dizer adeus,10,ppPP,fdkd
EDU,50,Pra dizer adeus,11,ppPSp,fdkdae
EDU,50,Pra dizer adeus,12,pppaappp,fdkdkdb
EDU,50,Pra dizer adeus,13,upppp,eafdkd
EDU,50,Pra dizer adeus,14,upppp,eafdkd
EDU,50,Pra dizer adeus,15,psAa,fdbbb
GIL,1,Andar com fe,1,uaAup,rt
GIL,1,Andar com fe,2,Aupuupa,grrb
GIL,1,Andar com fe,3,uaAup,rt
GIL,1,Andar com fe,4,Aupuupa,grrb
GIL,1,Andar com fe,5,auaua,rr
GIL,1,Andar com fe,6,SauPaua,grrc
GIL,1,Andar com fe,7,p,bb
GIL,1,Andar com fe,8,PPppp,gnu
GIL,1,Andar com fe,9,auaua,rr
GIL,1,Andar com fe,10,SauPaua,grrc
GIL,1,Andar com fe,11,p,bb
GIL,1,Andar com fe,12,PPppp,gnu
GIL,2,Aquele abraco,1,ppppusAAAupa,gvvrg
GIL,2,Aquele abraco,2,ppppusAAAupa,gvvrg
GIL,2,Aquele abraco,3,ppppusAAAup,gvvr
GIL,2,Aquele abraco,4,AaAappa,uvc
GIL,2,Aquele abraco,5,uup,gq
GIL,2,Aquele abraco,6,upuPupp,uvb
GIL,2,Aquele abraco,7,uup,nn
GIL,2,Aquele abraco,8,AaAappa,uvc
GIL,2,Aquele abraco,9,uup,gq
GIL,2,Aquele abraco,10,upuPupp,uvb
GIL,2,Aquele abraco,11,uuaa,nng
GIL,2,Aquele abraco,12,uppapuP,nnrc
GIL,2,Aquele abraco,13,uupa,nng
GIL,2,Aquele abraco,14,uppapuP,nnrc
GIL,2,Aquele abraco,15,uupa,nng
GIL,2,Aquele abraco,16,uppapuP,nnrc
GIL,2,Aquele abraco,17,uupa,nng
GIL,2,Aquele abraco,18,uppapuP,nnrc
GIL,2,Aquele abraco,19,uupa,nng
GIL,2,Aquele abraco,20,uppapuP,nrnc
GIL,2,Aquele abraco,21,uupa,nng
GIL,2,Aquele abraco,22,uppapuP,nrnc
GIL,2,Aquele abraco,23,uupa,nng
GIL,2,Aquele abraco,24,uppapuP,nrnc
GIL,2,Aquele abraco,25,uupa,nng
GIL,2,Aquele abraco,26,uppapuP,nrnc
GIL,2,Aquele abraco,27,uupa,nng
GIL,3,Aqui e agora,1,AppppAupp,ptmpb
GIL,3,Aqui e agora,2,Ppp,pl
GIL,3,Aqui e agora,3,AppppAupp,ptmpb
GIL,3,Aqui e agora,4,Ppp,pbb
GIL,3,Aqui e agora,5,AppppAs,ptmaab
GIL,3,Aqui e agora,6,AppppAa,ptmaab
GIL,3,Aqui e agora,7,AppppAs,ptmaab
GIL,3,Aqui e agora,8,AppppPP,ptmaab
GIL,4,Barato total,1,uPupuPu,vv
GIL,4,Barato total,2,uPupu,pv
GIL,4,Barato total,3,uPupu,pv
GIL,4,Barato total,4,uu,pb
GIL,4,Barato total,5,uPupuPuPu,vvh
GIL,4,Barato total,6,Puupuupuupuupuup,pvvvq
GIL,4,Barato total,7,uPupuPupuuP,vvv
GIL,4,Barato total,8,PauuPuua,pvr
GIL,4,Barato total,9,pA,mb
GIL,4,Barato total,10,uPupuPuPu,vvh
GIL,4,Barato total,11,Puupupuupuupuup,pvvvh
GIL,4,Barato total,12,uPuPupu,vv
GIL,4,Barato total,13,uPuPupu,vv
GIL,4,Barato total,14,uuuuuuPuuaP,uvvb
GIL,4,Barato total,15,upupupPppPP,pvtq
GIL,4,Barato total,16,upupupPppPP,vqvb
GIL,4,Barato total,17,uPuPupupu,vvh
GIL,4,Barato total,18,uPupupu,pvh
GIL,4,Barato total,19,uPupPuppa,pvrc
GIL,4,Barato total,20,uupupA,vq
GIL,4,Barato total,21,uuu,ub
GIL,4,Barato total,22,uuu,gq
GIL,4,Barato total,23,uuSuuup,gvr
GIL,5,Chororo,1,APPpPaa,qmmc
GIL,5,Chororo,2,APPpPa,qmm
GIL,5,Chororo,3,APPpPaa,qmmc
GIL,5,Chororo,4,AppppA,rnn
GIL,5,Chororo,5,Ppppu,euh
GIL,5,Chororo,6,uuPpppu,pvh
GIL,5,Chororo,7,AsSAsAAsAAaP,pvvq
GIL,5,Chororo,8,uuaApu,vlb
GIL,5,Chororo,9,uuaAup,vq
GIL,5,Chororo,10,PAPPppp,bvjb
GIL,5,Chororo,11,APPppp,vlb
GIL,5,Chororo,12,uuauuAuu,pttb
GIL,5,Chororo,13,auAauPuauuupA,uvvlb
GIL,5,Chororo,14,uuauuAuu,pttb
GIL,5,Chororo,15,auAauPuauuupu,uvvlb
GIL,6,Cerebro eletronico,1,AaAap,gjr
GIL,6,Cerebro eletronico,2,pPAu,grc
GIL,6,Cerebro eletronico,3,Aaaa,nej
GIL,6,Cerebro eletronico,4,aAu,jl
GIL,6,Cerebro eletronico,5,puaa,ejbb
GIL,6,Cerebro eletronico,6,AaAap,gjr
GIL,6,Cerebro eletronico,7,pPAu,grc
GIL,6,Cerebro eletronico,8,Auaaa,nrc
GIL,6,Cerebro eletronico,9,AaAu,gjl
GIL,6,Cerebro eletronico,10,puuaa,jjj
GIL,6,Cerebro eletronico,11,uaaAaA,bjnn
GIL,6,Cerebro eletronico,12,AaAaSp,gjjn
GIL,6,Cerebro eletronico,13,aaAaA,nnn
GIL,6,Cerebro eletronico,14,AaAaSp,gjjl
GIL,6,Cerebro eletronico,15,aaAaA,ggnn
GIL,6,Cerebro eletronico,16,AaAa,gtc
GIL,6,Cerebro eletronico,17,uapppa,nnnc
GIL,6,Cerebro eletronico,18,papppa,nnnc
GIL,6,Cerebro eletronico,19,aaAaA,jnn
GIL,6,Cerebro eletronico,20,AaAaSp,gjjn
GIL,6,Cerebro eletronico,21,aaAaA,nnn
GIL,6,Cerebro eletronico,22,AaAaSp,gjjl
GIL,6,Cerebro eletronico,23,aaAaA,ggnn
GIL,6,Cerebro eletronico,24,AaA,gt
GIL,6,Cerebro eletronico,25,AaSuapppa,gtnnn
GIL,6,Cerebro eletronico,26,Apapppa,nntg
GIL,7,Copo vazio,1,aPPpp,jjeb
GIL,7,Copo vazio,2,PPPaa,jjj
GIL,7,Copo vazio,3,uPPPa,ejjb
GIL,7,Copo vazio,4,aPPpp,jjeb
GIL,7,Copo vazio,5,PPPaaPPu,jjjje
GIL,7,Copo vazio,6,uPPPPpaA,ejjjee
GIL,7,Copo vazio,7,AaApppPP,kdkdje
GIL,7,Copo vazio,8,pp,ej
GIL,7,Copo vazio,9,PPPp,jjb
GIL,7,Copo vazio,10,aPPaA,jjeb
GIL,7,Copo vazio,11,Ppp,jeb
GIL,7,Copo vazio,12,ppppPPPppp,jjjjjb
GIL,7,Copo vazio,13,PPppP,ejbeb
GIL,7,Copo vazio,14,pPpP,ejeb
GIL,7,Copo vazio,15,PupPppa,ejjej
GIL,7,Copo vazio,16,pPupPpPupPpp,ejjjjjeb
GIL,7,Copo vazio,17,pP,ej
GIL,7,Copo vazio,18,PuaA,ejj
GIL,7,Copo vazio,19,AaAu,ejj
GIL,7,Copo vazio,20,AaAaAaA,ejjq
GIL,7,Copo vazio,21,AaA,eq
GIL,7,Copo vazio,22,uaAaA,ejjb
GIL,7,Copo vazio,23,uaAuaAu,ejjjb
GIL,7,Copo vazio,24,uaAuaA,ejjj
GIL,7,Copo vazio,25,uaAuaAu,ejjjb
GIL,7,Copo vazio,26,ppPPP,jjj
GIL,7,Copo vazio,27,ppPPP,jjj
GIL,7,Copo vazio,28,ppAp,jjb
GIL,7,Copo vazio,29,ppPPPp,jjjb
GIL,7,Copo vazio,30,pPPPpppPa,jejjbj
GIL,8,Cores vivas,1,Au,bl
GIL,8,Cores vivas,2,ppppAu,vbl
GIL,8,Cores vivas,3,Au,bl
GIL,8,Cores vivas,4,pppp,vb
GIL,8,Cores vivas,5,Au,bl
GIL,8,Cores vivas,6,ppppPp,gnnn
GIL,8,Cores vivas,7,Pu,bl
GIL,8,Cores vivas,8,ppPA,gnn
GIL,8,Cores vivas,9,Pu,bl
GIL,8,Cores vivas,10,ppppAPAaA,vbbv
GIL,8,Cores vivas,11,Spp,bbl
GIL,8,Cores vivas,12,APA,bbl
GIL,8,Cores vivas,13,Spp,bbl
GIL,8,Cores vivas,14,APA,bbl
GIL,8,Cores vivas,15,APA,jh
GIL,8,Cores vivas,16,APA,jh
GIL,8,Cores vivas,17,APA,jh
GIL,8,Cores vivas,18,APA,jh
GIL,8,Cores vivas,19,AAap,jt
GIL,8,Cores vivas,20,ppa,ejb
GIL,8,Cores vivas,21,p,eb
GIL,8,Cores vivas,22,Spp,bbl
GIL,8,Cores vivas,23,APA,bbl
GIL,8,Cores vivas,24,Spp,bbl
GIL,8,Cores vivas,25,APA,bbl
GIL,8,Cores vivas,26,Spp,bbl
GIL,8,Cores vivas,27,pPpPppp,jjbjb
GIL,9,Divino e maravilhoso,1,Aa,jb
GIL,9,Divino e maravilhoso,2,PPPpppu,jjjj
GIL,9,Divino e maravilhoso,3,uAauAPpppu,ejjajjj
GIL,9,Divino e maravilhoso,4,Aa,jb
GIL,9,Divino e maravilhoso,5,PPPppp,jjjb
GIL,9,Divino e maravilhoso,6,Aa,jb
GIL,9,Divino e maravilhoso,7,PPPpppu,jjjj
GIL,9,Divino e maravilhoso,8,Aa,jb
GIL,9,Divino e maravilhoso,9,PPPppp,jjjb
GIL,9,Divino e maravilhoso,10,Aa,kd
GIL,9,Divino e maravilhoso,11,PPppa,eejbb
GIL,9,Divino e maravilhoso,12,PApPpppuP,ejsjbe
GIL,9,Divino e maravilhoso,13,APPPpp,jjjb
GIL,9,Divino e maravilhoso,14,aAaAaA,jjjb
GIL,9,Divino e maravilhoso,15,Appa,ebebb
GIL,9,Divino e maravilhoso,16,AaAaA,ejjb
GIL,9,Divino e maravilhoso,17,Appa,ebebb
GIL,10,Eu vim da Bahia,1,a,n
GIL,10,Eu vim da Bahia,2,Aupaupa,grjj
GIL,10,Eu vim da Bahia,3,AupaupP,grlj
GIL,10,Eu vim da Bahia,4,uAupPupa,prlj
GIL,10,Eu vim da Bahia,5,ppapPApP,prlj
GIL,10,Eu vim da Bahia,6,paupPupA,prjj
GIL,10,Eu vim da Bahia,7,ppSppaApp,prtp
GIL,10,Eu vim da Bahia,8,AppPua,gtgn
GIL,10,Eu vim da Bahia,9,ppupp,gngn
GIL,10,Eu vim da Bahia,10,ppAAAuaP,nrlj
GIL,10,Eu vim da Bahia,11,ppAAPuaP,nrln
GIL,10,Eu vim da Bahia,12,ppAAPaaA,nrjj
GIL,10,Eu vim da Bahia,13,pp,nb
GIL,10,Eu vim da Bahia,14,uppAapp,grjj
GIL,10,Eu vim da Bahia,15,pa,en
GIL,10,Eu vim da Bahia,16,AAAaA,nrb
GIL,10,Eu vim da Bahia,17,ppuppu,nrl
GIL,10,Eu vim da Bahia,18,AapP,gv
GIL,10,Eu vim da Bahia,19,ppaAAupp,nrln
GIL,10,Eu vim da Bahia,20,AAppAppp,nrln
GIL,10,Eu vim da Bahia,21,upPau,nnce
GIL,10,Eu vim da Bahia,22,PppPP,uu
GIL,10,Eu vim da Bahia,23,upPa,nnc
GIL,10,Eu vim da Bahia,24,AAPpapaAP,utv
GIL,11,Drao,1,,b
GIL,11,Drao,2,upupuPu,fkkkb
GIL,11,Drao,3,upupupu,fkkkb
GIL,11,Drao,4,upupupu,fkkkb
GIL,11,Drao,5,pPppp,fkkb
GIL,11,Drao,6,pPppp,fkkb
GIL,11,Drao,7,pPpppu,fkkbf
GIL,11,Drao,8,pPppp,fkkb
GIL,11,Drao,9,pPppp,fkkb
GIL,11,Drao,10,pPpppu,fkkbf
GIL,11,Drao,11,PppAa,kkbf
GIL,11,Drao,12,PppAa,kkbf
GIL,12,Era nova,1,paa,rc
GIL,12,Era nova,2,paaSa,rmab
GIL,12,Era nova,3,paa,rc
GIL,12,Era nova,4,paaS,rm
GIL,12,Era nova,5,paa,rc
GIL,12,Era nova,6,paaSa,enmg
GIL,12,Era nova,7,paa,rc
GIL,12,Era nova,8,paa,gch
GIL,12,Era nova,9,upp,gaje
GIL,12,Era nova,10,AaAaAa,ehhh
GIL,12,Era nova,11,PPupp,jbje
GIL,12,Era nova,12,AaAaAa,ehhh
GIL,12,Era nova,13,Pupp,ebje
GIL,12,Era nova,14,AaAaAa,ehhh
GIL,12,Era nova,15,PPupp,jbje
GIL,12,Era nova,16,uuuu,jjb
GIL,12,Era nova,17,pp,je
GIL,13,Extra,1,upP,tb
GIL,13,Extra,2,pppu,rn
GIL,13,Extra,3,upP,tb
GIL,13,Extra,4,pppPp,rjb
GIL,13,Extra,5,AaA,tb
GIL,13,Extra,6,AppP,rn
GIL,13,Extra,7,AppP,rn
GIL,13,Extra,8,PpP,tb
GIL,13,Extra,9,PppP,rn
GIL,13,Extra,10,PpP,tb
GIL,13,Extra,11,upupp,rne
GIL,13,Extra,12,upP,tb
GIL,13,Extra,13,PppAp,tmb
GIL,13,Extra,14,upP,tb
GIL,13,Extra,15,PppAp,tmb
GIL,13,Extra,16,upPAa,tt
GIL,13,Extra,17,PppAppau,tnnn
GIL,13,Extra,18,upPupPupPupPu,rrrrh
GIL,13,Extra,19,AupAp,grl
GIL,13,Extra,20,upPupPupPupPu,rrrrh
GIL,13,Extra,21,AupPp,grl
GIL,13,Extra,22,PPppPpp,rnjb
GIL,14,Flora,1,PPAPAua,ntng
GIL,14,Flora,2,PPAPAua,nnncab
GIL,14,Flora,3,PPAuPAua,stnag
GIL,14,Flora,4,Pa,el
GIL,14,Flora,5,PppP,os
GIL,14,Flora,6,PppP,os
GIL,14,Flora,7,PPAPAua,prng
GIL,14,Flora,8,PPAPAua,nnncg
GIL,14,Flora,9,PPAPAua,epnnag
GIL,14,Flora,10,PPAPAua,ptng
GIL,14,Flora,11,pa,gbc
GIL,14,Flora,12,PppP,os
GIL,14,Flora,13,PppP,os
GIL,15,Ladeira da Preguica,1,ppaa,ere
GIL,15,Ladeira da Preguica,2,uppAu,njl
GIL,15,Ladeira da Preguica,3,uAuasSuaa,gnnnne
GIL,15,Ladeira da Preguica,4,ppaa,gre
GIL,15,Ladeira da Preguica,5,uppAu,nre
GIL,15,Ladeira da Preguica,6,uAuasSuau,jjjjl
GIL,15,Ladeira da Preguica,7,upupup,err
GIL,15,Ladeira da Preguica,8,uuPuAupu,grgtg
GIL,15,Ladeira da Preguica,9,upupua,nrn
GIL,15,Ladeira da Preguica,10,uAaaAAuPuPP,ntnnu
GIL,15,Ladeira da Preguica,11,uuuaAu,nrh
GIL,15,Ladeira da Preguica,12,AuaAu,grh
GIL,15,Ladeira da Preguica,13,AuapuPppu,grrt
GIL,15,Ladeira da Preguica,14,AuaAu,grh
GIL,15,Ladeira da Preguica,15,AuaAua,grr
GIL,15,Ladeira da Preguica,16,usAuaAua,urr
GIL,15,Ladeira da Preguica,17,uPuuu,nnh
GIL,15,Ladeira da Preguica,18,uuuuuPPppp,grrnj
GIL,15,Ladeira da Preguica,19,PpppsP,nul
GIL,15,Ladeira da Preguica,20,APAAAapp,nnugb
GIL,15,Ladeira da Preguica,21,Pa,jb
GIL,15,Ladeira da Preguica,22,Appaa,grj
GIL,15,Ladeira da Preguica,23,Pa,jb
GIL,15,Ladeira da Preguica,24,Appaa,grj
GIL,15,Ladeira da Preguica,25,Pa,jb
GIL,15,Ladeira da Preguica,26,AuaAp,grj
GIL,15,Ladeira da Preguica,27,uu,jb
GIL,15,Ladeira da Preguica,28,AuAuuua,nnnbb
GIL,16,Lamento sertanejo,1,ppa,jeb
GIL,16,Lamento sertanejo,2,AA,ej
GIL,16,Lamento sertanejo,3,AaAu,jebe
GIL,16,Lamento sertanejo,4,ppPPAA,jbbbbb
GIL,16,Lamento sertanejo,5,AApppppu,kdbbbbbe
GIL,16,Lamento sertanejo,6,pppaa,bkdbab
GIL,16,Lamento sertanejo,7,ApPpaAa,ekdbbbab
GIL,16,Lamento sertanejo,8,AAAppaa,kdkdbb
GIL,16,Lamento sertanejo,9,ppsApuuAauuuu,jjjjjjj
GIL,17,Lente do amor,1,ppppp,ejjb
GIL,17,Lente do amor,2,ppppp,ejjb
GIL,17,Lente do amor,3,ApuuPupa,jjjjb
GIL,17,Lente do amor,4,ppppp,jkdb
GIL,17,Lente do amor,5,ppppp,fdkdb
GIL,17,Lente do amor,6,ApuuPupp,jjjjb
GIL,17,Lente do amor,7,PpPpPpPpPpPpPp,ejjjjjjj
GIL,17,Lente do amor,8,paaAApaA,jbjjj
GIL,17,Lente do amor,9,PpPpPpPpPpPpPp,ejjjjjjj
GIL,17,Lente do amor,10,ppaPPppA,jbjjj
GIL,17,Lente do amor,11,P,bb
GIL,17,Lente do amor,12,ppppp,ejej
GIL,17,Lente do amor,13,pppAa,ejjb
GIL,18,Lugar comum,1,uAu,ub
GIL,18,Lugar comum,2,uPu,ub
GIL,18,Lugar comum,3,uupApp,gtq
GIL,18,Lugar comum,4,uupApp,gtq
GIL,18,Lugar comum,5,uupp,gtb
GIL,18,Lugar comum,6,uupp,gtb
GIL,18,Lugar comum,7,uupp,gtb
GIL,18,Lugar comum,8,uupp,gtb
GIL,18,Lugar comum,9,uupp,vb
GIL,18,Lugar comum,10,uupp,vb
GIL,18,Lugar comum,11,uupp,vb
GIL,18,Lugar comum,12,uupp,vb
GIL,19,Mancada,1,PPPA,tn
GIL,19,Mancada,2,Aua,nn
GIL,19,Mancada,3,Auu,nn
GIL,19,Mancada,4,ppp,nj
GIL,19,Mancada,5,pAP,nn
GIL,19,Mancada,6,PPPPPA,ntn
GIL,19,Mancada,7,Aua,nn
GIL,19,Mancada,8,Auaa,nng
GIL,19,Mancada,9,apaPaP,nrn
GIL,19,Mancada,10,pppaaS,jtn
GIL,19,Mancada,11,ppSuu,pnn
GIL,19,Mancada,12,AuaaAPp,pnnj
GIL,19,Mancada,13,ppSuu,pnn
GIL,19,Mancada,14,AuaaAPp,pnnj
GIL,19,Mancada,15,ppP,pn
GIL,19,Mancada,16,uuuuuup,pnnn
GIL,19,Mancada,17,aAA,nn
GIL,19,Mancada,18,upp,nn
GIL,19,Mancada,19,uAuuAuAuupu,nrrnn
GIL,19,Mancada,20,paAsA,nnn
GIL,19,Mancada,21,AaapapApuu,nntnn
GIL,19,Mancada,22,AsA,nn
GIL,19,Mancada,23,AaapapAppu,grtnn
GIL,20,Menina do sonho,1,ppppppppppppS,kdkdkdkdbab
GIL,20,Menina do sonho,2,pppppppppppPS,kdkdkdkdbab
GIL,20,Menina do sonho,3,ppPppP,kdkdb
GIL,20,Menina do sonho,4,pPppP,skd
GIL,20,Menina do sonho,5,pPppPppPppP,fdkdjjej
GIL,20,Menina do sonho,6,pPppPu,fdkdk
GIL,20,Menina do sonho,7,pPppS,osb
GIL,20,Menina do sonho,8,pPppP,okdb
GIL,20,Menina do sonho,9,uppPppP,ejjej
GIL,20,Menina do sonho,10,pPppuu,fdkdj
GIL,20,Menina do sonho,11,PaPPPaPP,okdkdb
GIL,20,Menina do sonho,12,pppaPPPPPapp,kdkdkdjj
GIL,21,Meu amigo meu heroi,1,SaupAAA,thq
GIL,21,Meu amigo meu heroi,2,ppAap,tq
GIL,21,Meu amigo meu heroi,3,ApppAap,mmrb
GIL,21,Meu amigo meu heroi,4,AAp,ub
GIL,21,Meu amigo meu heroi,5,uappAAA,ephq
GIL,21,Meu amigo meu heroi,6,ppAappAp,gvtc
GIL,21,Meu amigo meu heroi,7,pAapupAAp,tchsb
GIL,21,Meu amigo meu heroi,8,SpPpPuu,evt
GIL,21,Meu amigo meu heroi,9,uppuSpPpPu,gtaaevj
GIL,21,Meu amigo meu heroi,10,Pppp,nt
GIL,21,Meu amigo meu heroi,11,PuuuuuuPpp,gvqpc
GIL,21,Meu amigo meu heroi,12,uuuuuuuPpa,uvtc
GIL,21,Meu amigo meu heroi,13,Puuuuuu,uvb
GIL,21,Meu amigo meu heroi,14,ppPPpppPP,gjutb
GIL,22,Morena,1,upPpPAa,rjjb
GIL,22,Morena,2,PupPpPAa,erjjb
GIL,22,Morena,3,upPpPuAP,rjjj
GIL,22,Morena,4,PPupPpPAaA,prjjj
GIL,22,Morena,5,ppa,jj
GIL,22,Morena,6,uuuuuuAA,rjjj
GIL,22,Morena,7,uu,le
GIL,22,Morena,8,Pauu,jle
GIL,22,Morena,9,ppuu,jle
GIL,22,Morena,10,Aa,pc
GIL,22,Morena,11,uu,le
GIL,22,Morena,12,Pauu,jle
GIL,22,Morena,13,ppuu,jle
GIL,22,Morena,14,Aa,pc
GIL,23,O rouxinol,1,uAuAupu,jjrc
GIL,23,O rouxinol,2,SsPa,jt
GIL,23,O rouxinol,3,upupup,jrn
GIL,23,O rouxinol,4,AAPApp,jtj
GIL,23,O rouxinol,5,AAPAPPP,jtecb
GIL,23,O rouxinol,6,upupup,jjhb
GIL,23,O rouxinol,7,upupp,jjl
GIL,23,O rouxinol,8,AAAP,jr
GIL,23,O rouxinol,9,AAAP,jr
GIL,23,O rouxinol,10,upupup,jtp
GIL,23,O rouxinol,11,pupaP,ppp
GIL,23,O rouxinol,12,upu,jj
GIL,23,O rouxinol,13,uaAaAPPu,uvj
GIL,23,O rouxinol,14,upuaAaAPPupp,nuvjj
GIL,24,O sonho acabou,1,uppp,jjb
GIL,24,O sonho acabou,2,uuuuuPsp,nnnnc
GIL,24,O sonho acabou,3,aAAu,gnn
GIL,24,O sonho acabou,4,uuaA,nnc
GIL,24,O sonho acabou,5,Aupa,gnn
GIL,24,O sonho acabou,6,uau,gnc
GIL,24,O sonho acabou,7,uau,gnc
GIL,24,O sonho acabou,8,uauAupppp,grnnn
GIL,24,O sonho acabou,9,AApppa,nrn
GIL,24,O sonho acabou,10,uAupuauau,nnnnn
GIL,24,O sonho acabou,11,upup,nnc
GIL,24,O sonho acabou,12,upa,rc
GIL,24,O sonho acabou,13,AAAuPaa,prnc
GIL,24,O sonho acabou,14,upa,nn
GIL,24,O sonho acabou,15,upa,nn
GIL,24,O sonho acabou,16,uppp,nnc
GIL,24,O sonho acabou,17,aaa,gnc
GIL,24,O sonho acabou,18,ApapAaa,grnn
GIL,24,O sonho acabou,19,aaA,nn
GIL,24,O sonho acabou,20,AAau,nt
GIL,24,O sonho acabou,21,uau,gnc
GIL,24,O sonho acabou,22,upa,gnc
GIL,24,O sonho acabou,23,upppA,grj
GIL,24,O sonho acabou,24,aa,nc
GIL,24,O sonho acabou,25,ppAupp,nnr
GIL,24,O sonho acabou,26,uAp,nn
GIL,24,O sonho acabou,27,upp,nn
GIL,25,Palco,1,appaA,rnc
GIL,25,Palco,2,PAappaA,gjnnc
GIL,25,Palco,3,PAappS,jjr
GIL,25,Palco,4,Au,bl
GIL,25,Palco,5,appaA,gnnc
GIL,25,Palco,6,PAappSappS,gnnnnj
GIL,25,Palco,7,Ap,bl
GIL,25,Palco,8,Auu,gnc
GIL,25,Palco,9,Auu,gnc
GIL,25,Palco,10,Auu,rc
GIL,25,Palco,11,Sppu,gv
GIL,25,Palco,12,AuusAuu,gnnnc
GIL,25,Palco,13,Auu,rc
GIL,25,Palco,14,ppu,gu
GIL,25,Palco,15,uppa,gnn
GIL,25,Palco,16,uAuuu,nnj
GIL,25,Palco,17,uppa,gnn
GIL,25,Palco,18,uAuuu,nnj
GIL,26,Pessoa nefasta,1,aAppAa,bejje
GIL,26,Pessoa nefasta,2,PPppA,jjj
GIL,26,Pessoa nefasta,3,PPppAppAppA,jkdkdkdb
GIL,26,Pessoa nefasta,4,aAppAa,bejje
GIL,26,Pessoa nefasta,5,PPppA,jjj
GIL,26,Pessoa nefasta,6,PPppuSuu,jkdkdb
GIL,26,Pessoa nefasta,7,uu,ej
GIL,26,Pessoa nefasta,8,a,ee
GIL,26,Pessoa nefasta,9,uuuPaa,jjje
GIL,26,Pessoa nefasta,10,pp,jb
GIL,26,Pessoa nefasta,11,pp,jb
GIL,26,Pessoa nefasta,12,pp,jb
GIL,26,Pessoa nefasta,13,pAu,jj
GIL,26,Pessoa nefasta,14,pAppAsuu,jkdjee
GIL,27,Preciso aprender a so ser,1,app,jbb
GIL,27,Preciso aprender a so ser,2,AAApPpapP,ejbjbjb
GIL,27,Preciso aprender a so ser,3,uuupPpapp,ejbjbjb
GIL,27,Preciso aprender a so ser,4,APSpaSp,ejjjb
GIL,27,Preciso aprender a so ser,5,Spu,ejb
GIL,27,Preciso aprender a so ser,6,app,jbb
GIL,27,Preciso aprender a so ser,7,AAApPpapP,ejbjbjb
GIL,27,Preciso aprender a so ser,8,uuupPpappa,ejbjbjbb
GIL,27,Preciso aprender a so ser,9,PSpaSp,jjjb
GIL,27,Preciso aprender a so ser,10,SpasS,ejjb
GIL,27,Preciso aprender a so ser,11,app,jbb
GIL,27,Preciso aprender a so ser,12,Apppu,esj
GIL,27,Preciso aprender a so ser,13,pPPAppu,osaje
GIL,27,Preciso aprender a so ser,14,uuuaAaAa,evse
GIL,27,Preciso aprender a so ser,15,uua,eej
GIL,27,Preciso aprender a so ser,16,aAaA,esb
GIL,27,Preciso aprender a so ser,17,AaAaA,pub
GIL,27,Preciso aprender a so ser,18,papA,ejj
GIL,27,Preciso aprender a so ser,19,PAaP,ejeb
GIL,27,Preciso aprender a so ser,20,ppu,jj
GIL,27,Preciso aprender a so ser,21,AAuuuppp,jbjbjb
GIL,27,Preciso aprender a so ser,22,pppPa,jbjb
GIL,27,Preciso aprender a so ser,23,AAuuuua,ssj
GIL,27,Preciso aprender a so ser,24,PSpPpppP,jbjlcb
GIL,28,Procissao,1,uSaapaAAp,rntn
GIL,28,Procissao,2,uSuaapaAAP,pvrj
GIL,28,Procissao,3,uuuuAuauAu,nrrt
GIL,28,Procissao,4,uuuuAuauA,nrrj
GIL,28,Procissao,5,uuuuaAPpa,prtm
GIL,28,Procissao,6,AuuuauAPpa,nrvm
GIL,28,Procissao,7,uuuuAuauSu,prrt
GIL,28,Procissao,8,paaaAAppu,ntjjb
GIL,29,Punk da periferia,1,uuuuuuPPp,bbbbbbjeab
GIL,29,Punk da periferia,2,ua,ej
GIL,29,Punk da periferia,3,uuuuuuPPp,bbbbbbjeab
GIL,29,Punk da periferia,4,ua,je
GIL,29,Punk da periferia,5,uuuuuuuuPpp,eejjjjee
GIL,29,Punk da periferia,6,uuuuuuuuPpsA,eejjjjeee
GIL,29,Punk da periferia,7,uuuuuupau,ejjjeee
GIL,29,Punk da periferia,8,AAPAAppAa,jjjjj
GIL,29,Punk da periferia,9,uAAAppa,eejjj
GIL,29,Punk da periferia,10,ppppPP,eaeejj
GIL,29,Punk da periferia,11,Suuu,ejj
GIL,29,Punk da periferia,12,uppPp,jjj
GIL,30,Raca humana,1,pPaaA,rbj
GIL,30,Raca humana,2,pPaa,rbb
GIL,30,Raca humana,3,APPpp,ru
GIL,30,Raca humana,4,ppppA,rbj
GIL,30,Raca humana,5,PpuaAApp,njjjb
GIL,30,Raca humana,6,AApp,jt
GIL,30,Raca humana,7,uuupp,ejbj
GIL,30,Raca humana,8,APpppp,nnmb
GIL,30,Raca humana,9,uuupp,ejbj
GIL,30,Raca humana,10,APpppp,nnmb
GIL,31,Rebento,1,sP,ng
GIL,31,Rebento,2,PPPPPpa,gunbg
GIL,31,Rebento,3,uPpPp,nrb
GIL,31,Rebento,4,pPpa,grg
GIL,31,Rebento,5,uPpPpPpPpa,nrrng
GIL,31,Rebento,6,APpPpPp,nrt
GIL,31,Rebento,7,pu,ng
GIL,31,Rebento,8,pappu,ptb
GIL,31,Rebento,9,uuuu,pnab
GIL,31,Rebento,10,papp,nq
GIL,31,Rebento,11,uuua,njae
GIL,31,Rebento,12,uuuPuA,nrj
GIL,31,Rebento,13,uus,uae
GIL,31,Rebento,14,uuPuAu,nnr
GIL,31,Rebento,15,uaA,nan
GIL,31,Rebento,16,pPpPpPpaps,rrrbg
GIL,31,Rebento,17,PPpPpPppSs,gtnrbg
GIL,31,Rebento,18,PpPpPpPpau,gnrrl
GIL,31,Rebento,19,pu,ng
GIL,31,Rebento,20,AaAaAaAaau,uvrg
GIL,31,Rebento,21,uA,r
GIL,31,Rebento,22,SuuSpppPpa,errnn
GIL,31,Rebento,23,AuPua,nnn
GIL,31,Rebento,24,uSuPuS,nrn
GIL,31,Rebento,25,SuPus,nnn
GIL,31,Rebento,26,pupu,nng
GIL,32,Refazenda,1,Auuu,ejj
GIL,32,Refazenda,2,uuuuuPp,jjjj
GIL,32,Refazenda,3,uuuppau,jjjj
GIL,32,Refazenda,4,uuupup,jjjb
GIL,32,Refazenda,5,Auuu,ejj
GIL,32,Refazenda,6,uuuuuPp,jjjj
GIL,32,Refazenda,7,uuuppau,jjjj
GIL,32,Refazenda,8,uuupup,jjjb
GIL,32,Refazenda,9,uuuuAApup,ejjjje
GIL,32,Refazenda,10,uuuuuuuu,ejjjj
GIL,32,Refazenda,11,ApaA,jbj
GIL,32,Refazenda,12,uuuuAAp,ejjje
GIL,32,Refazenda,13,Aa,ej
GIL,32,Refazenda,14,uuuuuuu,jjjj
GIL,32,Refazenda,15,Apau,jbj
GIL,32,Refazenda,16,upaAa,jeeee
GIL,32,Refazenda,17,upa,jee
GIL,33,Sandra,1,AppAppAppAppup,gvvvj
GIL,33,Sandra,2,AppAppAppAppSp,gvvtmb
GIL,33,Sandra,3,AppAu,gve
GIL,33,Sandra,4,ApaApaApaAp,gvunj
GIL,33,Sandra,5,AppAppAppAppup,gvvvj
GIL,33,Sandra,6,AppAppAppAppSp,gvvtmb
GIL,33,Sandra,7,AppAu,gve
GIL,33,Sandra,8,ApaApaApaAp,gttmhb
GIL,34,Se eu quiser falar por Deus,1,SupApa,jjjb
GIL,34,Se eu quiser falar por Deus,2,Aupupu,jjjb
GIL,34,Se eu quiser falar por Deus,3,SupApa,jjjb
GIL,34,Se eu quiser falar por Deus,4,Aupupu,jjjb
GIL,34,Se eu quiser falar por Deus,5,SupApa,jjjb
GIL,34,Se eu quiser falar por Deus,6,Aupupu,jjjb
GIL,34,Se eu quiser falar por Deus,7,AAppPAp,jjjj
GIL,34,Se eu quiser falar por Deus,8,PAppPAp,jjjj
GIL,34,Se eu quiser falar por Deus,9,PApupup,jjjj
GIL,34,Se eu quiser falar por Deus,10,Supupup,jjjj
GIL,34,Se eu quiser falar por Deus,11,PAASppp,jjjj
GIL,34,Se eu quiser falar por Deus,12,Aupupu,jjjb
GIL,35,Realce,1,ppAu,ejj
GIL,35,Realce,2,PPPppA,jjjb
GIL,35,Realce,3,pppApApPP,ejjjbaaj
GIL,35,Realce,4,pppu,ejj
GIL,35,Realce,5,PPAppp,jjjb
GIL,35,Realce,6,pppApppAP,ejjjbaaj
GIL,35,Realce,7,pu,je
GIL,35,Realce,8,pu,je
GIL,35,Realce,9,PPppA,jjj
GIL,35,Realce,10,aP,ej
GIL,35,Realce,11,pu,je
GIL,35,Realce,12,pu,je
GIL,35,Realce,13,PPppAa,jjje
GIL,35,Realce,14,PaAPa,ejej
GIL,35,Realce,15,pPpp,ebababab
GIL,35,Realce,16,PPP,bababab
GIL,36,Sitio do Pica-Pau Amarelo,1,papaAPAP,rmjh
GIL,36,Sitio do Pica-Pau Amarelo,2,papaA,rmb
GIL,36,Sitio do Pica-Pau Amarelo,3,AAuppPp,jjrc
GIL,36,Sitio do Pica-Pau Amarelo,4,AAuppPp,jjrc
GIL,36,Sitio do Pica-Pau Amarelo,5,AAuppPp,jjrc
GIL,36,Sitio do Pica-Pau Amarelo,6,AAusAppppA,jjjqm
GIL,36,Sitio do Pica-Pau Amarelo,7,AAuPPppPp,jjjte
GIL,37,Bapa Alapala,1,PPPP,jbbb
GIL,37,Bapa Alapala,2,uuu,ejb
GIL,37,Bapa Alapala,3,uuu,ejb
GIL,37,Bapa Alapala,4,uuu,ejb
GIL,37,Bapa Alapala,5,apAaa,jbcj
GIL,37,Bapa Alapala,6,PPPP,jbbb
GIL,37,Bapa Alapala,7,uuu,ejb
GIL,37,Bapa Alapala,8,uuu,ejb
GIL,37,Bapa Alapala,9,uuu,ejb
GIL,37,Bapa Alapala,10,apAs,jbcb
GIL,37,Bapa Alapala,11,uppAupa,ejjjb
GIL,37,Bapa Alapala,12,upaAA,ern
GIL,37,Bapa Alapala,13,upaA,erc
GIL,37,Bapa Alapala,14,paAuAa,jjjb
GIL,37,Bapa Alapala,15,uPPAupa,ejjjb
GIL,37,Bapa Alapala,16,upaAA,ern
GIL,37,Bapa Alapala,17,upaAupaAu,ejjjr
GIL,37,Bapa Alapala,18,aAupa,gjt
GIL,37,Bapa Alapala,19,uAaAu,gjr
GIL,37,Bapa Alapala,20,aAuAa,gjr
GIL,37,Bapa Alapala,21,upaAuAa,gjjr
GIL,37,Bapa Alapala,22,up,nc
GIL,37,Bapa Alapala,23,AuAs,rcb
GIL,38,Back in Bahia,1,pPpPpPpPpPpPppa,jjjjjjjj
GIL,38,Back in Bahia,2,pPpPpPpPpPpPppa,jjjjjjjj
GIL,38,Back in Bahia,3,AAPsa,ejje
GIL,38,Back in Bahia,4,pPpPpPpPpPpPppA,jjjjjjjj
GIL,38,Back in Bahia,5,APsa,jje
GIL,38,Back in Bahia,6,pPpPpPpPpPpPppA,jjjjjjjj
GIL,38,Back in Bahia,7,APsa,jje
GIL,38,Back in Bahia,8,pPpPpPpPpPpPppA,jjjjjjjj
GIL,38,Back in Bahia,9,APsa,jje
GIL,38,Back in Bahia,10,pPpPpPpPpPpPppu,jjjjjjjj
GIL,39,Deixar voce,1,AaAA,phc
GIL,39,Deixar voce,2,ppp,ph
GIL,39,Deixar voce,3,appA,geq
GIL,39,Deixar voce,4,ppp,ph
GIL,39,Deixar voce,5,appSa,gppb
GIL,39,Deixar voce,6,AaAA,phc
GIL,39,Deixar voce,7,ppp,ph
GIL,39,Deixar voce,8,appA,jq
GIL,39,Deixar voce,9,ppp,ph
GIL,39,Deixar voce,10,Spp,gem
GIL,39,Deixar voce,11,AaAP,phc
GIL,39,Deixar voce,12,uAaA,bv
GIL,39,Deixar voce,13,pa,pc
GIL,39,Deixar voce,14,AaAapp,vnc
GIL,39,Deixar voce,15,usppSa,ssb
GIL,39,Deixar voce,16,AaA,ph
GIL,39,Deixar voce,17,uus,se
GIL,39,Deixar voce,18,AaAapa,vpc
GIL,39,Deixar voce,19,AaAapp,vmb
GIL,39,Deixar voce,20,Aapp,pmb
GIL,39,Deixar voce,21,Aapp,pmb
GIL,39,Deixar voce,22,AaA,ph
GIL,39,Deixar voce,23,sA,u
GIL,39,Deixar voce,24,ppp,ph
GIL,39,Deixar voce,25,appA,jq
GIL,39,Deixar voce,26,ppp,ph
GIL,39,Deixar voce,27,Spp,gem
GIL,40,Domingo no parque,1,uupp,nr
GIL,40,Domingo no parque,2,pP,ej
GIL,40,Domingo no parque,3,uupp,nr
GIL,40,Domingo no parque,4,pP,ej
GIL,40,Domingo no parque,5,uuupp,ur
GIL,40,Domingo no parque,6,pP,ej
GIL,40,Domingo no parque,7,uupp,nr
GIL,40,Domingo no parque,8,pP,ej
GIL,40,Domingo no parque,9,aaAAPP,nrh
GIL,40,Domingo no parque,10,uPpup,grh
GIL,40,Domingo no parque,11,pppaApP,grjj
GIL,40,Domingo no parque,12,aaAAPP,nrh
GIL,40,Domingo no parque,13,uPpup,grh
GIL,40,Domingo no parque,14,pppaApP,grjj
GIL,40,Domingo no parque,15,AApapaP,njjj
GIL,40,Domingo no parque,16,AApaApp,njlj
GIL,40,Domingo no parque,17,Spp,jj
GIL,40,Domingo no parque,18,AApppsuAuP,pttt
GIL,40,Domingo no parque,19,AApppsAuP,ntlt
GIL,40,Domingo no parque,20,uuuuPauuP,nrlt
GIL,40,Domingo no parque,21,uuuuPuupu,nrrj
GIL,40,Domingo no parque,22,AApppAuAP,nrrj
GIL,40,Domingo no parque,23,APpppauAa,nrrj
GIL,41,Expresso 2222,1,uuuPuu,vt
GIL,41,Expresso 2222,2,uuu,eu
GIL,41,Expresso 2222,3,AAupa,jjm
GIL,41,Expresso 2222,4,uuuuPu,vt
GIL,41,Expresso 2222,5,uuu,nj
GIL,41,Expresso 2222,6,uppa,jt
GIL,41,Expresso 2222,7,uuuPuu,vt
GIL,41,Expresso 2222,8,uuu,eu
GIL,41,Expresso 2222,9,AAu,jj
GIL,41,Expresso 2222,10,auauu,ntb
GIL,41,Expresso 2222,11,auuPuuauuu,pvrj
GIL,41,Expresso 2222,12,AAupauu,jtu
GIL,41,Expresso 2222,13,uuuuPu,vq
GIL,41,Expresso 2222,14,apa,uc
GIL,41,Expresso 2222,15,Auu,jj
GIL,41,Expresso 2222,16,auauu,ntb
GIL,41,Expresso 2222,17,auPu,pq
GIL,41,Expresso 2222,18,uau,nn
GIL,41,Expresso 2222,19,uPAu,nnc
GIL,41,Expresso 2222,20,aauAApA,gnnt
GIL,41,Expresso 2222,21,SupA,ggt
GIL,41,Expresso 2222,22,uApA,ggt
GIL,41,Expresso 2222,23,aauAApu,nrt
GIL,42,Luar,1,Aa,baee
GIL,42,Luar,2,uuaAPpapp,jjjeajb
GIL,42,Luar,3,Aa,baee
GIL,42,Luar,4,uuaAPpapp,jjjeajb
GIL,42,Luar,5,uuaAPpapp,jjjeajb
GIL,42,Luar,6,aAaAPa,jjje
GIL,42,Luar,7,pPpPPP,jjje
GIL,42,Luar,8,pPppPppPppP,jkdkdkdb
GIL,42,Luar,9,uuaAPpppp,jjjeajb
GIL,42,Luar,10,uppppA,jjej
GIL,42,Luar,11,uuaAuPpppp,jjjjajb
GIL,42,Luar,12,uppppA,jjje
GIL,42,Luar,13,uuaAPp,jjjb
GIL,42,Luar,14,uuSupp,ejjbb
GIL,43,Lovacao,1,uAuPuP,nrj
GIL,43,Lovacao,2,auP,nj
GIL,43,Lovacao,3,uP,gj
GIL,43,Lovacao,4,paAaap,nrj
GIL,43,Lovacao,5,uuP,nj
GIL,43,Lovacao,6,uuPu,njc
GIL,43,Lovacao,7,pauPuP,nrj
GIL,43,Lovacao,8,auP,nj
GIL,43,Lovacao,9,uP,gj
GIL,43,Lovacao,10,paAaapu,nrmg
GIL,43,Lovacao,11,auuPuPa,etrc
GIL,43,Lovacao,12,Appppau,jtng
GIL,43,Lovacao,13,auuPuPa,etrc
GIL,43,Lovacao,14,Appppau,jtng
GIL,43,Lovacao,15,psAppS,npr
GIL,43,Lovacao,16,uaAppS,npr
GIL,43,Lovacao,17,psASpa,jrn
GIL,43,Lovacao,18,AApsApu,gnnt
GIL,43,Lovacao,19,usAAPpp,nrng
GIL,43,Lovacao,20,psAppuu,ntng
GIL,43,Lovacao,21,ppppppu,enrl
GIL,43,Lovacao,22,pppppp,enrb
GIL,43,Lovacao,23,uPPppAu,etmj
GIL,43,Lovacao,24,uPPppA,etmb
GIL,43,Lovacao,25,uPPpppu,etml
GIL,43,Lovacao,26,uuuuuPPP,ntnaabab
GIL,44,Meio de campo,1,uuupapa,uvc
GIL,44,Meio de campo,2,uaAappa,uvc
GIL,44,Meio de campo,3,ppapp,guh
GIL,44,Meio de campo,4,ppu,gnc
GIL,44,Meio de campo,5,aAaAaAaAppPppS,guvvq
GIL,44,Meio de campo,6,uuupapa,uvg
GIL,44,Meio de campo,7,aAaAappu,vvb
GIL,44,Meio de campo,8,uuuppp,uv
GIL,44,Meio de campo,9,uuuupppa,vnnc
GIL,44,Meio de campo,10,pPpPpA,vr
GIL,44,Meio de campo,11,aaPAapPAapPAapPAa,uvvvq
GIL,45,Retiros espirituais,1,uPPppAppA,ejssb
GIL,45,Retiros espirituais,2,SppPPppPP,ejjjjb
GIL,45,Retiros espirituais,3,ppPPppPP,jjjjb
GIL,45,Retiros espirituais,4,ppP,eajb
GIL,45,Retiros espirituais,5,ppAppAu,kdkdbab
GIL,45,Retiros espirituais,6,ppAppAppA,kdkdkdb
GIL,45,Retiros espirituais,7,PpPpPpP,jjjj
GIL,45,Retiros espirituais,8,PpPpPpPpPpP,ssss
GIL,45,Retiros espirituais,9,PPppA,fdkdb
GIL,45,Retiros espirituais,10,PpPpPpPpPp,jjjjjb
GIL,45,Retiros espirituais,11,PPppApp,jkdkd
GIL,45,Retiros espirituais,12,ppAppPp,kdjjb
GIL,45,Retiros espirituais,13,AppAppApp,ejjjjb
GIL,45,Retiros espirituais,14,ppAppAp,jjjj
GIL,45,Retiros espirituais,15,AppAppA,jjjj
GIL,45,Retiros espirituais,16,pPppApp,jjjj
GIL,45,Retiros espirituais,17,ppAppAppu,jjjjbab
GIL,45,Retiros espirituais,18,pPauu,ejbj
GIL,46,Sarara miolo,1,upupuauA,pppq
GIL,46,Sarara miolo,2,upupuauAPuP,pppqq
GIL,46,Sarara miolo,3,upupuauA,pppq
GIL,46,Sarara miolo,4,uPupp,vn
GIL,46,Sarara miolo,5,upupuauA,pppq
GIL,46,Sarara miolo,6,uPupp,vn
GIL,46,Sarara miolo,7,uppPuaa,pppn
GIL,46,Sarara miolo,8,uPPu,nmb
GIL,46,Sarara miolo,9,uppPuaa,pppn
GIL,46,Sarara miolo,10,uPPuupp,nmtc
GIL,46,Sarara miolo,11,APPuaPp,pnnj
GIL,46,Sarara miolo,12,APPuaPp,pnnj
GIL,46,Sarara miolo,13,APPuaPp,pnnj
GIL,46,Sarara miolo,14,APPuaPp,pnnj
GIL,47,Soy loco por ti America,1,SpppPPaa,ermr
GIL,47,Soy loco por ti America,2,PPPPPApapu,rrrm
GIL,47,Soy loco por ti America,3,PPAAppa,rtl
GIL,47,Soy loco por ti America,4,PPAAppp,rtl
GIL,47,Soy loco por ti America,5,Spppppa,grml
GIL,47,Soy loco por ti America,6,PPPPP,rt
GIL,47,Soy loco por ti America,7,PPpp,nr
GIL,47,Soy loco por ti America,8,ppppApa,urn
GIL,47,Soy loco por ti America,9,Apppapu,erml
GIL,47,Soy loco por ti America,10,SpppPPaa,ermr
GIL,47,Soy loco por ti America,11,SpppPPu,grml
GIL,48,Super-homem,1,Au,baabg
GIL,48,Super-homem,2,PPPpp,gvb
GIL,48,Super-homem,3,pPpPpaAu,gqmmg
GIL,48,Super-homem,4,PPPpp,gvb
GIL,48,Super-homem,5,pPpapu,pmhg
GIL,48,Super-homem,6,PPppP,gllb
GIL,48,Super-homem,7,Au,gbaag
GIL,48,Super-homem,8,PPPpp,gvb
GIL,48,Super-homem,9,pPpPpaAu,gqmmg
GIL,48,Super-homem,10,PPPpp,gvb
GIL,48,Super-homem,11,pPpapu,pmmab
GIL,48,Super-homem,12,PPppP,gqgb
GIL,48,Super-homem,13,Au,ccag
GIL,48,Super-homem,14,PPppPpPppPp,gvvq
GIL,48,Super-homem,15,pu,nag
GIL,48,Super-homem,16,PPPppPp,ulq
GIL,48,Super-homem,17,papu,mmag
GIL,48,Super-homem,18,pPAap,epbeb
GIL,48,Super-homem,19,Au,ceag
GIL,48,Super-homem,20,PPPpp,gvb
GIL,48,Super-homem,21,pPpPpaAu,ossag
GIL,48,Super-homem,22,PPPpp,gvb
GIL,48,Super-homem,23,pPpaAu,gqmag
GIL,48,Super-homem,24,pPpPA,glem
GIL,49,Toda menina baiana,1,uuuuuuuPpaa,rrrjg
GIL,49,Toda menina baiana,2,Pa,nc
GIL,49,Toda menina baiana,3,uuuuuuuPpaa,rrrjg
GIL,49,Toda menina baiana,4,PpPp,nar
GIL,49,Toda menina baiana,5,PA,r
GIL,49,Toda menina baiana,6,PA,r
GIL,49,Toda menina baiana,7,uuuuuuuPpaa,rrrje
GIL,49,Toda menina baiana,8,uuuuuuuPpaa,rrrng
GIL,49,Toda menina baiana,9,uuuuuuuPAP,rrrn
GIL,49,Toda menina baiana,10,app,nj
GIL,49,Toda menina baiana,11,PA,r
GIL,49,Toda menina baiana,12,PAP,ejb
GIL,49,Toda menina baiana,13,PP,jb
GIL,49,Toda menina baiana,14,PP,jb
GIL,49,Toda menina baiana,15,PP,jb
GIL,49,Toda menina baiana,16,PAP,ejb
GIL,49,Toda menina baiana,17,PP,jb
GIL,49,Toda menina baiana,18,PP,jb
GIL,50,Vamos fugir,1,ppu,jj
GIL,50,Vamos fugir,2,ppPsu,jjaj
GIL,50,Vamos fugir,3,ppPaA,jjo
GIL,50,Vamos fugir,4,PPpppP,osj
GIL,50,Vamos fugir,5,ppppAa,jjje
GIL,50,Vamos fugir,6,Supa,ejj
GIL,50,Vamos fugir,7,Pa,bj
GIL,50,Vamos fugir,8,Pa,bj
GIL,50,Vamos fugir,9,AaAaAaAaAAppA,ejjjjjbj
GIL,50,Vamos fugir,10,Pa,bj
GIL,50,Vamos fugir,11,Pa,bj
GIL,50,Vamos fugir,12,AaAaAaAaASpua,ejjjjjbj
GIL,50,Vamos fugir,13,Pa,bj
GIL,50,Vamos fugir,14,Pa,bj
GIL,50,Vamos fugir,15,AaAaAaAaAAppA,ejjjjjbj
GIL,50,Vamos fugir,16,Pa,bj
GIL,50,Vamos fugir,17,Pa,bj
GIL,50,Vamos fugir,18,AaAaAaAaAaAaA,ejjjjjjb
JOBIM,1,Absolute Lee,1,uPPaPPppp,bbbaakdkdb
JOBIM,1,Absolute Lee,2,uPauPPppp,bbbbafdkdb
JOBIM,1,Absolute Lee,3,uuuPa,kdbbb
JOBIM,1,Absolute Lee,4,PPppp,fdkdb
JOBIM,1,Absolute Lee,5,uuupu,kdbeb
JOBIM,1,Absolute Lee,6,PPAPPpPupA,fdkdbekdb
JOBIM,1,Absolute Lee,7,Pa,kd
JOBIM,1,Absolute Lee,8,PPppp,fdkdb
JOBIM,1,Absolute Lee,9,uuusS,kdbeb
JOBIM,1,Absolute Lee,10,PPppp,fdkdb
JOBIM,1,Absolute Lee,11,ppuu,jje
JOBIM,1,Absolute Lee,12,PPuu,jje
JOBIM,1,Absolute Lee,13,ppuu,jje
JOBIM,1,Absolute Lee,14,ppuuu,jjj
JOBIM,1,Absolute Lee,15,PupAupPupAuupA,ejejejeqeb
JOBIM,1,Absolute Lee,16,ApSuu,ebejb
JOBIM,1,Absolute Lee,17,ppPPuppPPuppaP,obbbobebobj
JOBIM,1,Absolute Lee,18,PPaP,obj
JOBIM,1,Absolute Lee,19,PPaAa,obje
JOBIM,1,Absolute Lee,20,Pp,ebb
JOBIM,1,Absolute Lee,21,PPuu,jkd
JOBIM,1,Absolute Lee,22,Suu,bkd
JOBIM,1,Absolute Lee,23,Suu,bkd
JOBIM,1,Absolute Lee,24,Suu,bkd
JOBIM,1,Absolute Lee,25,PPaa,jbbb
JOBIM,1,Absolute Lee,26,PpAp,ejbb
JOBIM,1,Absolute Lee,27,uaAAau,bbbabbj
JOBIM,1,Absolute Lee,28,Aau,bbj
JOBIM,1,Absolute Lee,29,PPuuuu,jjje
JOBIM,1,Absolute Lee,30,uuAaAa,ejjbb
JOBIM,2,Agua de beber,1,AAp,pn
JOBIM,2,Agua de beber,2,aaAa,bbnc
JOBIM,2,Agua de beber,3,AAA,pn
JOBIM,2,Agua de beber,4,apP,bbn
JOBIM,2,Agua de beber,5,AAp,pn
JOBIM,2,Agua de beber,6,aPpa,bbnc
JOBIM,2,Agua de beber,7,uuuPppaAApp,nnmlnn
JOBIM,2,Agua de beber,8,uAAp,pq
JOBIM,2,Agua de beber,9,ppaAauu,pqu
JOBIM,2,Agua de beber,10,uAAp,pq
JOBIM,2,Agua de beber,11,ppaAauu,pqu
JOBIM,2,Agua de beber,12,AApp,pnb
JOBIM,2,Agua de beber,13,aaAa,bbnc
JOBIM,2,Agua de beber,14,AAA,pn
JOBIM,2,Agua de beber,15,apP,bbn
JOBIM,2,Agua de beber,16,AApp,pnb
JOBIM,2,Agua de beber,17,aPpa,bbnc
JOBIM,2,Agua de beber,18,uuPpp,gnmb
JOBIM,2,Agua de beber,19,AApp,gnn
JOBIM,2,Agua de beber,20,uAAp,pq
JOBIM,2,Agua de beber,21,ppaAauu,pqu
JOBIM,2,Agua de beber,22,uAAp,pq
JOBIM,2,Agua de beber,23,ppaAauu,pqu
JOBIM,3,Ai quem me dera,1,SapaSapaSapaAAp,uvvvb
JOBIM,3,Ai quem me dera,2,SapaSapppPPppPA,uvvvb
JOBIM,3,Ai quem me dera,3,SppppPP,uvb
JOBIM,3,Ai quem me dera,4,SppppPP,uvb
JOBIM,3,Ai quem me dera,5,SapaSapPPPp,uvvb
JOBIM,3,Ai quem me dera,6,uppppPPApppPP,gvvvb
JOBIM,3,Ai quem me dera,7,uppppPPApppPP,gvvvb
JOBIM,3,Ai quem me dera,8,uppppPPApppPP,gvvvb
JOBIM,3,Ai quem me dera,9,SapaSapPPPp,uvvb
JOBIM,4,Angela,1,Pp,s
JOBIM,4,Angela,2,ApppppAu,ejjbej
JOBIM,4,Angela,3,ApppppAu,ejjbej
JOBIM,4,Angela,4,ApppaPP,ejjbbb
JOBIM,4,Angela,5,PPP,bbbb
JOBIM,4,Angela,6,ApppppAu,ejjbej
JOBIM,4,Angela,7,ApppppAu,ejjbej
JOBIM,4,Angela,8,ApppaPA,ejjbbb
JOBIM,4,Angela,9,Pp,s
JOBIM,4,Angela,10,ApppppSPp,ejjbbs
JOBIM,4,Angela,11,ApppppSPp,ejjbbs
JOBIM,4,Angela,12,ApppauPu,ejjjeb
JOBIM,4,Angela,13,pPp,es
JOBIM,5,Bebel,1,Sps,bbabb
JOBIM,5,Bebel,2,Sps,bbabb
JOBIM,5,Bebel,3,Sps,bbabb
JOBIM,5,Bebel,4,Sps,bbabb
JOBIM,5,Bebel,5,Sps,bbabb
JOBIM,5,Bebel,6,Sps,bbabb
JOBIM,5,Bebel,7,SpA,bbabb
JOBIM,5,Bebel,8,ppA,bbabb
JOBIM,5,Bebel,9,A,bb
JOBIM,5,Bebel,10,A,bb
JOBIM,5,Bebel,11,PpA,nan
JOBIM,5,Bebel,12,PpAaA,nnn
JOBIM,5,Bebel,13,PPPpA,gran
JOBIM,5,Bebel,14,PPPpAaP,srn
JOBIM,5,Bebel,15,PPPaS,sbn
JOBIM,5,Bebel,16,psPPPAu,gnnng
JOBIM,5,Bebel,17,aPPAP,nnn
JOBIM,5,Bebel,18,aAP,sb
JOBIM,5,Bebel,19,aapAa,sr
JOBIM,5,Bebel,20,pupPupP,gtv
JOBIM,5,Bebel,21,pPupP,pv
JOBIM,5,Bebel,22,aPPaPP,utb
JOBIM,5,Bebel,23,pupPupP,etv
JOBIM,5,Bebel,24,pPupP,pv
JOBIM,5,Bebel,25,pPaPS,ptb
JOBIM,5,Bebel,26,paPP,esb
JOBIM,5,Bebel,27,PaPP,fsb
JOBIM,5,Bebel,28,ppuu,fsb
JOBIM,5,Bebel,29,ppuu,fsb
JOBIM,5,Bebel,30,ppu,fs
JOBIM,5,Bebel,31,pp,gj
JOBIM,5,Bebel,32,pp,dj
JOBIM,6,Bonita,1,ppP,pn
JOBIM,6,Bonita,2,PpPu,papc
JOBIM,6,Bonita,3,AsppaAa,pnpn
JOBIM,6,Bonita,4,PPPPaP,jjjb
JOBIM,6,Bonita,5,PpPu,papc
JOBIM,6,Bonita,6,AsppaAa,pnejb
JOBIM,6,Bonita,7,ppP,pn
JOBIM,6,Bonita,8,PpPu,papc
JOBIM,6,Bonita,9,AsppaAa,pnnn
JOBIM,6,Bonita,10,PPPPaP,ntn
JOBIM,6,Bonita,11,Pu,pc
JOBIM,6,Bonita,12,aAppaAa,sjjb
JOBIM,6,Bonita,13,usPu,lnc
JOBIM,6,Bonita,14,PaPppu,sbgh
JOBIM,6,Bonita,15,Pu,gh
JOBIM,6,Bonita,16,PaP,nn
JOBIM,6,Bonita,17,PApsS,nnaeb
JOBIM,6,Bonita,18,Pu,gh
JOBIM,6,Bonita,19,PupPu,ghgh
JOBIM,6,Bonita,20,Pu,gh
JOBIM,6,Bonita,21,Pu,gh
JOBIM,6,Bonita,22,PPaa,gln
JOBIM,6,Bonita,23,Apuu,gcq
JOBIM,6,Bonita,24,uP,ebaaab
JOBIM,7,Brigas nunca mais,1,PpP,naeb
JOBIM,7,Brigas nunca mais,2,PPppp,nnj
JOBIM,7,Brigas nunca mais,3,PPP,pn
JOBIM,7,Brigas nunca mais,4,P,eb
JOBIM,7,Brigas nunca mais,5,PPppp,nnj
JOBIM,7,Brigas nunca mais,6,PPPappp,pnnj
JOBIM,7,Brigas nunca mais,7,paSuu,pnn
JOBIM,7,Brigas nunca mais,8,aPPAP,nnn
JOBIM,7,Brigas nunca mais,9,sP,nag
JOBIM,7,Brigas nunca mais,10,PpP,naeb
JOBIM,7,Brigas nunca mais,11,PPppp,nnj
JOBIM,7,Brigas nunca mais,12,PPP,pn
JOBIM,7,Brigas nunca mais,13,P,eb
JOBIM,7,Brigas nunca mais,14,PPppp,nnj
JOBIM,7,Brigas nunca mais,15,PPPappS,pnnj
JOBIM,7,Brigas nunca mais,16,ppS,pn
JOBIM,7,Brigas nunca mais,17,pPpp,nnc
JOBIM,7,Brigas nunca mais,18,aA,bbb
JOBIM,7,Brigas nunca mais,19,Pap,bbbb
JOBIM,7,Brigas nunca mais,20,apPa,bbbn
JOBIM,8,Caminho de pedra,1,aaP,bjb
JOBIM,8,Caminho de pedra,2,ApaaP,jbjb
JOBIM,8,Caminho de pedra,3,aAp,bjb
JOBIM,8,Caminho de pedra,4,APAApAp,jbjbbb
JOBIM,8,Caminho de pedra,5,aaP,bjb
JOBIM,8,Caminho de pedra,6,ApaaP,jbjb
JOBIM,8,Caminho de pedra,7,aAp,bjb
JOBIM,8,Caminho de pedra,8,APAApAp,jbjbbb
JOBIM,8,Caminho de pedra,9,Sppp,ebjb
JOBIM,8,Caminho de pedra,10,PPaPu,jbjb
JOBIM,8,Caminho de pedra,11,ApppaApa,jbjbjb
JOBIM,8,Caminho de pedra,12,Sppp,ebjb
JOBIM,8,Caminho de pedra,13,ppPPP,jbjb
JOBIM,8,Caminho de pedra,14,PPaaPApa,jbjbjb
JOBIM,8,Caminho de pedra,15,aAppaP,bejjb
JOBIM,8,Caminho de pedra,16,SpppA,ejjb
JOBIM,8,Caminho de pedra,17,pPpaApp,pjjbab
JOBIM,8,Caminho de pedra,18,puSaAppaP,ejbejjb
JOBIM,8,Caminho de pedra,19,SpppA,ejjb
JOBIM,8,Caminho de pedra,20,pPpaAp,pjjb
JOBIM,9,Caminhos cruzados,1,PpPP,bsb
JOBIM,9,Caminhos cruzados,2,papPpPP,sjob
JOBIM,9,Caminhos cruzados,3,aPpPP,ebsb
JOBIM,9,Caminhos cruzados,4,papPpPP,sjob
JOBIM,9,Caminhos cruzados,5,aPPApa,sln
JOBIM,9,Caminhos cruzados,6,PP,ob
JOBIM,9,Caminhos cruzados,7,ppppupP,bssb
JOBIM,9,Caminhos cruzados,8,PpPP,vb
JOBIM,9,Caminhos cruzados,9,papPpPP,sjob
JOBIM,9,Caminhos cruzados,10,aPpPPPpap,ebsbsb
JOBIM,9,Caminhos cruzados,11,upApppp,rrn
JOBIM,9,Caminhos cruzados,12,pppp,bsb
JOBIM,9,Caminhos cruzados,13,ppppupP,bsjeb
JOBIM,9,Caminhos cruzados,14,PpPP,gsb
JOBIM,9,Caminhos cruzados,15,papPpPP,sbsb
JOBIM,9,Caminhos cruzados,16,aPpPP,ebsb
JOBIM,9,Caminhos cruzados,17,papPpPP,sbsb
JOBIM,9,Caminhos cruzados,18,pApppp,otn
JOBIM,9,Caminhos cruzados,19,pppp,bsb
JOBIM,9,Caminhos cruzados,20,AAAapP,ssb
JOBIM,10,Cancao do amor demais,1,Apa,ejb
JOBIM,10,Cancao do amor demais,2,pPPsp,ejjb
JOBIM,10,Cancao do amor demais,3,Apa,ejb
JOBIM,10,Cancao do amor demais,4,pPPsS,ejjb
JOBIM,10,Cancao do amor demais,5,PpppppPapPP,ejbsbsb
JOBIM,10,Cancao do amor demais,6,uuupuuuuPppPAs,ejbsivbb
JOBIM,10,Cancao do amor demais,7,Apa,ejb
JOBIM,10,Cancao do amor demais,8,pPPsp,ejjb
JOBIM,10,Cancao do amor demais,9,Apa,ejb
JOBIM,10,Cancao do amor demais,10,pPPsS,ejjb
JOBIM,10,Cancao do amor demais,11,PpppppPpApppppP,ejbsbsjjb
JOBIM,10,Cancao do amor demais,12,ApA,sb
JOBIM,10,Cancao do amor demais,13,PaaSa,ejjb
JOBIM,11,Chega de saudade,1,sA,ggab
JOBIM,11,Chega de saudade,2,pa,ng
JOBIM,11,Chega de saudade,3,PPs,bng
JOBIM,11,Chega de saudade,4,AppAppa,bnnmb
JOBIM,11,Chega de saudade,5,sP,ggab
JOBIM,11,Chega de saudade,6,pA,ng
JOBIM,11,Chega de saudade,7,ppup,png
JOBIM,11,Chega de saudade,8,ppu,pn
JOBIM,11,Chega de saudade,9,Aaa,pn
JOBIM,11,Chega de saudade,10,sA,ggab
JOBIM,11,Chega de saudade,11,pa,ng
JOBIM,11,Chega de saudade,12,PPs,bng
JOBIM,11,Chega de saudade,13,ApppPP,bnnn
JOBIM,11,Chega de saudade,14,SApA,png
JOBIM,11,Chega de saudade,15,SppAaaPaa,bnnnr
JOBIM,11,Chega de saudade,16,Paa,nn
JOBIM,11,Chega de saudade,17,PaaSa,nnn
JOBIM,11,Chega de saudade,18,ApaA,bpn
JOBIM,11,Chega de saudade,19,pPS,pn
JOBIM,11,Chega de saudade,20,aaAp,png
JOBIM,11,Chega de saudade,21,aaPp,pnaab
JOBIM,11,Chega de saudade,22,AppPA,npn
JOBIM,11,Chega de saudade,23,Appps,nnn
JOBIM,11,Chega de saudade,24,PPAppaa,pnnn
JOBIM,11,Chega de saudade,25,PApp,pnaab
JOBIM,11,Chega de saudade,26,sP,ggab
JOBIM,11,Chega de saudade,27,paA,ngab
JOBIM,11,Chega de saudade,28,PsA,ngab
JOBIM,11,Chega de saudade,29,pppPP,nnn
JOBIM,11,Chega de saudade,30,AApaa,nnn
JOBIM,11,Chega de saudade,31,Saa,nn
JOBIM,11,Chega de saudade,32,Saa,nn
JOBIM,11,Chega de saudade,33,SAaAa,etn
JOBIM,11,Chega de saudade,34,aAA,pn
JOBIM,11,Chega de saudade,35,aAA,pn
JOBIM,11,Chega de saudade,36,PPPpppaa,utnc
JOBIM,11,Chega de saudade,37,Aa,gj
JOBIM,11,Chega de saudade,38,AAa,pn
JOBIM,11,Chega de saudade,39,PPP,nn
JOBIM,11,Chega de saudade,40,ppaa,pnc
JOBIM,11,Chega de saudade,41,Aa,gj
JOBIM,11,Chega de saudade,42,AAa,pn
JOBIM,11,Chega de saudade,43,PPP,nn
JOBIM,11,Chega de saudade,44,ppaa,pnc
JOBIM,11,Chega de saudade,45,Aa,gj
JOBIM,11,Chega de saudade,46,AAa,pn
JOBIM,12,Corcovado,1,pPpPpP,sgr
JOBIM,12,Corcovado,2,pPpPpP,sgr
JOBIM,12,Corcovado,3,pPpPpApup,sgrnab
JOBIM,12,Corcovado,4,pPpPpP,sgr
JOBIM,12,Corcovado,5,pPpPpP,sgr
JOBIM,12,Corcovado,6,pPpPpPpA,sgbsb
JOBIM,12,Corcovado,7,PpPppp,src
JOBIM,12,Corcovado,8,pPpPpP,sgr
JOBIM,12,Corcovado,9,pPpPpPA,sgrc
JOBIM,12,Corcovado,10,pPpPpApup,bsrnaab
JOBIM,12,Corcovado,11,pppppp,gvbb
JOBIM,12,Corcovado,12,pppppp,gvbb
JOBIM,12,Corcovado,13,ppppppPPA,gvbsb
JOBIM,12,Corcovado,14,ppppppPPp,evbsb
JOBIM,13,Demais,1,PPPpppPP,jbaosb
JOBIM,13,Demais,2,PPPpppPP,jbaosb
JOBIM,13,Demais,3,PPPps,fdkdb
JOBIM,13,Demais,4,PPPps,fdkdb
JOBIM,13,Demais,5,PPPpuPpuPpp,fdkdkdkdb
JOBIM,13,Demais,6,PPPpppPP,pbaosb
JOBIM,13,Demais,7,PPPpppPP,jbaosb
JOBIM,13,Demais,8,PPPps,fdkdb
JOBIM,13,Demais,9,PPPps,fdkdb
JOBIM,13,Demais,10,PPPpuPpuPpu,fdkdkdkdb
JOBIM,13,Demais,11,PPpPaPPApaA,okdkdkdb
JOBIM,13,Demais,12,PaPPaPPSpaP,okdkdkdb
JOBIM,13,Demais,13,PapPupPSpsS,okdkdkdb
JOBIM,13,Demais,14,PaPpuPpuPpu,okdkdkdb
JOBIM,13,Demais,15,PPPpppPP,pbaosb
JOBIM,13,Demais,16,PPPpppPP,jbaosb
JOBIM,13,Demais,17,PPPps,fdkdb
JOBIM,13,Demais,18,PPPpsPPP,fdkdkdb
JOBIM,13,Demais,19,ppPpppPPPppp,jkdkdkdbb
JOBIM,13,Demais,20,PpppPPPppp,kdkdkdbb
JOBIM,13,Demais,21,PpppPPPpppAp,kdkdkdkdb
JOBIM,14,Derradeira primavera,1,PPPPAp,jjjb
JOBIM,14,Derradeira primavera,2,PPPPAp,jjjb
JOBIM,14,Derradeira primavera,3,p,j
JOBIM,14,Derradeira primavera,4,p,j
JOBIM,14,Derradeira primavera,5,p,j
JOBIM,14,Derradeira primavera,6,a,eb
JOBIM,14,Derradeira primavera,7,PPPPAp,jjjb
JOBIM,14,Derradeira primavera,8,Apap,ekdb
JOBIM,14,Derradeira primavera,9,Apsp,ekdb
JOBIM,14,Derradeira primavera,10,SsSsA,ebebeb
JOBIM,14,Derradeira primavera,11,PPPPAp,jjjb
JOBIM,14,Derradeira primavera,12,pSaapp,bekdbab
JOBIM,14,Derradeira primavera,13,ppppppPP,ejjkdb
JOBIM,14,Derradeira primavera,14,pppppp,ejjbb
JOBIM,14,Derradeira primavera,15,ppppppS,ejjjb
JOBIM,14,Derradeira primavera,16,PPPPPPPP,jjjjb
JOBIM,15,Desafinado,1,PPPp,nr
JOBIM,15,Desafinado,2,pPAau,nnn
JOBIM,15,Desafinado,3,PPPpp,nrc
JOBIM,15,Desafinado,4,PSsu,gnn
JOBIM,15,Desafinado,5,SpppA,nnj
JOBIM,15,Desafinado,6,sPPAaaP,nnnn
JOBIM,15,Desafinado,7,ppaSp,nrc
JOBIM,15,Desafinado,8,aAauP,gnnb
JOBIM,15,Desafinado,9,PPPp,nr
JOBIM,15,Desafinado,10,pPAau,nnn
JOBIM,15,Desafinado,11,PPPpp,nrc
JOBIM,15,Desafinado,12,PSsu,gnn
JOBIM,15,Desafinado,13,pppAp,gnjc
JOBIM,15,Desafinado,14,pPpP,gnn
JOBIM,15,Desafinado,15,PpPpu,prc
JOBIM,15,Desafinado,16,PPPpPp,gnnn
JOBIM,15,Desafinado,17,APpPp,nnn
JOBIM,15,Desafinado,18,pPPaAu,pnng
JOBIM,15,Desafinado,19,APPPPp,nnnc
JOBIM,15,Desafinado,20,PPPpPp,gnnn
JOBIM,15,Desafinado,21,APpPp,nnn
JOBIM,15,Desafinado,22,pPPaA,pnn
JOBIM,15,Desafinado,23,PPpPpAppPa,nrnnn
JOBIM,15,Desafinado,24,PPPpp,nrc
JOBIM,15,Desafinado,25,PPau,gnn
JOBIM,15,Desafinado,26,PPPpppPS,nrnn
JOBIM,15,Desafinado,27,pppA,grc
JOBIM,15,Desafinado,28,ApppApppA,elrnn
JOBIM,15,Desafinado,29,ppA,gr
JOBIM,15,Desafinado,30,PPuuuuuu,pvr
JOBIM,15,Desafinado,31,AppPuuSp,gvatc
JOBIM,15,Desafinado,32,PPuuuuuup,pvrc
JOBIM,15,Desafinado,33,PApupP,gnnj
JOBIM,16,Dindi,1,uuuup,bekdb
JOBIM,16,Dindi,2,Auupuuuuup,ekdkdkdb
JOBIM,16,Dindi,3,uuS,kdb
JOBIM,16,Dindi,4,ppppP,kdbaabb
JOBIM,16,Dindi,5,Aap,bbaabb
JOBIM,16,Dindi,6,PPuuuPp,fdkdkd
JOBIM,16,Dindi,7,ppppp,kdkd
JOBIM,16,Dindi,8,auu,kdb
JOBIM,16,Dindi,9,auu,kdb
JOBIM,16,Dindi,10,auu,kdb
JOBIM,16,Dindi,11,ppppp,ejjb
JOBIM,16,Dindi,12,AP,fdb
JOBIM,16,Dindi,13,AP,fdb
JOBIM,16,Dindi,14,ppppp,ejjb
JOBIM,16,Dindi,15,AP,fdb
JOBIM,16,Dindi,16,AP,fdb
JOBIM,16,Dindi,17,PPap,bbbaabb
JOBIM,16,Dindi,18,PPuuuPp,fdkdkd
JOBIM,16,Dindi,19,ppppp,kdkd
JOBIM,16,Dindi,20,auu,kdb
JOBIM,16,Dindi,21,auu,kdb
JOBIM,16,Dindi,22,pAauu,okdb
JOBIM,16,Dindi,23,auuap,kdbbb
JOBIM,17,Discussao,1,pPpP,rn
JOBIM,17,Discussao,2,PAppPpP,grnj
JOBIM,17,Discussao,3,PAppPpP,pnnn
JOBIM,17,Discussao,4,PAppPpP,pnnj
JOBIM,17,Discussao,5,PPSpPpP,pnnj
JOBIM,17,Discussao,6,PpppPpP,pnnj
JOBIM,17,Discussao,7,PpppPpP,pnnj
JOBIM,17,Discussao,8,PpppPpP,pnnj
JOBIM,17,Discussao,9,ApppPpP,pnnj
JOBIM,17,Discussao,10,PAppPpP,pnnj
JOBIM,17,Discussao,11,PAppPpP,pnnj
JOBIM,17,Discussao,12,PAppPpP,pnnj
JOBIM,17,Discussao,13,PPSpPpP,pnnn
JOBIM,17,Discussao,14,PpppPpP,pnnj
JOBIM,17,Discussao,15,PpppPpP,pnnn
JOBIM,17,Discussao,16,ppApupP,nnnj
JOBIM,18,E preciso dizer adeus,1,PPppA,osb
JOBIM,18,E preciso dizer adeus,2,PPppA,osb
JOBIM,18,E preciso dizer adeus,3,PPppAPu,osbeb
JOBIM,18,E preciso dizer adeus,4,PPppA,osb
JOBIM,18,E preciso dizer adeus,5,PPppA,osb
JOBIM,18,E preciso dizer adeus,6,PPppAPu,osbeb
JOBIM,18,E preciso dizer adeus,7,PppppuuuaPP,fdkdkdkdb
JOBIM,18,E preciso dizer adeus,8,pPpppPP,bafdbakdb
JOBIM,18,E preciso dizer adeus,9,SuuupPP,ekdkdb
JOBIM,18,E preciso dizer adeus,10,pppuuuaPP,kdkdkdb
JOBIM,18,E preciso dizer adeus,11,PAppa,osb
JOBIM,18,E preciso dizer adeus,12,Appa,fsb
JOBIM,18,E preciso dizer adeus,13,AppA,fsb
JOBIM,18,E preciso dizer adeus,14,ppuaPPaPPaPPaPp,ejkdkdkdkdb
JOBIM,19,Ela e carioca,1,PPpPu,ptc
JOBIM,19,Ela e carioca,2,PPpPu,pv
JOBIM,19,Ela e carioca,3,uuaupAa,ujt
JOBIM,19,Ela e carioca,4,PpPpA,ut
JOBIM,19,Ela e carioca,5,AsAP,nau
JOBIM,19,Ela e carioca,6,PupAup,gss
JOBIM,19,Ela e carioca,7,upAuppaAp,ssbu
JOBIM,19,Ela e carioca,8,PPpP,pt
JOBIM,19,Ela e carioca,9,PPpP,pt
JOBIM,19,Ela e carioca,10,PPpP,pt
JOBIM,19,Ela e carioca,11,PPpP,pt
JOBIM,19,Ela e carioca,12,PPpP,pq
JOBIM,19,Ela e carioca,13,AuuaupAa,nntn
JOBIM,19,Ela e carioca,14,PpPpA,ut
JOBIM,19,Ela e carioca,15,AsAP,nau
JOBIM,19,Ela e carioca,16,PupAup,gss
JOBIM,19,Ela e carioca,17,upAuppaAp,ssbu
JOBIM,19,Ela e carioca,18,PPpP,pt
JOBIM,19,Ela e carioca,19,PPpP,pt
JOBIM,19,Ela e carioca,20,pPPpPu,uv
JOBIM,20,Engano,1,SpPpp,ejjb
JOBIM,20,Engano,2,ApPpp,ejjb
JOBIM,20,Engano,3,AaAap,ejjb
JOBIM,20,Engano,4,PpApp,ejjb
JOBIM,20,Engano,5,SpPpp,ejjb
JOBIM,20,Engano,6,ApPpS,ejjb
JOBIM,20,Engano,7,pppPA,ejjb
JOBIM,20,Engano,8,ApupP,ejjb
JOBIM,20,Engano,9,uuuuS,ejjb
JOBIM,20,Engano,10,suuuS,ejjb
JOBIM,20,Engano,11,suuuS,ejjb
JOBIM,20,Engano,12,suuuS,ejjb
JOBIM,20,Engano,13,auuuS,ejjb
JOBIM,20,Engano,14,pPaPa,ejjb
JOBIM,20,Engano,15,PPaPa,ejjb
JOBIM,20,Engano,16,PPaPP,ejjb
JOBIM,20,Engano,17,SpPpp,ejjb
JOBIM,20,Engano,18,ApPpp,ejjb
JOBIM,20,Engano,19,AaAap,ejjb
JOBIM,20,Engano,20,PpApp,ejjb
JOBIM,20,Engano,21,SpPpp,ejjb
JOBIM,20,Engano,22,ApPpS,ejjb
JOBIM,20,Engano,23,pppPA,ejjb
JOBIM,20,Engano,24,ApupP,ejjb
JOBIM,21,Este seu olhar,1,PPPp,os
JOBIM,21,Este seu olhar,2,PPPp,pr
JOBIM,21,Este seu olhar,3,PPPp,pr
JOBIM,21,Este seu olhar,4,PPppPPp,pnpj
JOBIM,21,Este seu olhar,5,ppP,enb
JOBIM,21,Este seu olhar,6,pAppPu,nljb
JOBIM,21,Este seu olhar,7,ppP,enb
JOBIM,21,Este seu olhar,8,PAppP,gjgj
JOBIM,21,Este seu olhar,9,PPPp,eub
JOBIM,21,Este seu olhar,10,PPPp,pr
JOBIM,21,Este seu olhar,11,PPPp,tn
JOBIM,21,Este seu olhar,12,PPppPPp,rtn
JOBIM,21,Este seu olhar,13,ppPppp,guu
JOBIM,21,Este seu olhar,14,PAu,nbb
JOBIM,21,Este seu olhar,15,Pau,glg
JOBIM,22,Estrada do sol,1,PPP,bob
JOBIM,22,Estrada do sol,2,aPaPaPaPaPaPaP,ossssb
JOBIM,22,Estrada do sol,3,PPaaP,osb
JOBIM,22,Estrada do sol,4,PPPPP,osb
JOBIM,22,Estrada do sol,5,AAPaaapAAAp,ejjjjjb
JOBIM,22,Estrada do sol,6,PPP,bob
JOBIM,22,Estrada do sol,7,aPaPaPaPaPaPaP,ossssb
JOBIM,22,Estrada do sol,8,PPaaP,osb
JOBIM,22,Estrada do sol,9,PPPPP,osb
JOBIM,22,Estrada do sol,10,AAPaaapAAAp,ejjjjjb
JOBIM,22,Estrada do sol,11,ppp,jj
JOBIM,22,Estrada do sol,12,ppp,jj
JOBIM,22,Estrada do sol,13,ppp,jj
JOBIM,22,Estrada do sol,14,PPP,bob
JOBIM,22,Estrada do sol,15,aPaPaPaPaPaPaP,ossssb
JOBIM,22,Estrada do sol,16,PPaaP,osb
JOBIM,22,Estrada do sol,17,PPPPP,osb
JOBIM,22,Estrada do sol,18,AAPaaapAAAp,ejjjjjb
JOBIM,23,Eu e o meu amor,1,PPPP,pnc
JOBIM,23,Eu e o meu amor,2,Apauuu,jtn
JOBIM,23,Eu e o meu amor,3,PPPP,pnc
JOBIM,23,Eu e o meu amor,4,Apauuu,jtn
JOBIM,23,Eu e o meu amor,5,uuP,pn
JOBIM,23,Eu e o meu amor,6,uuu,pn
JOBIM,23,Eu e o meu amor,7,PPPP,pnc
JOBIM,23,Eu e o meu amor,8,Apauuu,jtn
JOBIM,23,Eu e o meu amor,9,PPPP,pnc
JOBIM,23,Eu e o meu amor,10,Apauuu,jtn
JOBIM,23,Eu e o meu amor,11,App,ebn
JOBIM,23,Eu e o meu amor,12,App,ebn
JOBIM,23,Eu e o meu amor,13,SppP,pnc
JOBIM,23,Eu e o meu amor,14,ppPPPP,jtn
JOBIM,23,Eu e o meu amor,15,AsSs,nr
JOBIM,23,Eu e o meu amor,16,PPPP,pnc
JOBIM,23,Eu e o meu amor,17,Apauuu,jtn
JOBIM,23,Eu e o meu amor,18,PPPP,pnc
JOBIM,23,Eu e o meu amor,19,Apauuu,jtn
JOBIM,24,Eu sei que vou te amar,1,Auuuu,evb
JOBIM,24,Eu sei que vou te amar,2,PPppAuuuu,gvvb
JOBIM,24,Eu sei que vou te amar,3,PPppAuuuu,gvvb
JOBIM,24,Eu sei que vou te amar,4,PPppAuuuuuu,gvlvb
JOBIM,24,Eu sei que vou te amar,5,Psp,ebeb
JOBIM,24,Eu sei que vou te amar,6,Ssp,ebeb
JOBIM,24,Eu sei que vou te amar,7,SuP,ebeb
JOBIM,24,Eu sei que vou te amar,8,puuuu,evb
JOBIM,24,Eu sei que vou te amar,9,Puuuu,gvb
JOBIM,24,Eu sei que vou te amar,10,Auuuu,gvb
JOBIM,24,Eu sei que vou te amar,11,PPppAuuuu,gvvb
JOBIM,24,Eu sei que vou te amar,12,PPppAuuuu,gvvb
JOBIM,24,Eu sei que vou te amar,13,PPppAuuuu,gvvb
JOBIM,24,Eu sei que vou te amar,14,Auuuu,gvb
JOBIM,24,Eu sei que vou te amar,15,PPpppuuuu,gvvb
JOBIM,24,Eu sei que vou te amar,16,PPppauuuu,gvvb
JOBIM,24,Eu sei que vou te amar,17,PPppAp,gvbb
JOBIM,25,Faz uma semana,1,SppA,erb
JOBIM,25,Faz uma semana,2,AAppap,pbsb
JOBIM,25,Faz uma semana,3,AppA,etb
JOBIM,25,Faz uma semana,4,AAppap,pjjb
JOBIM,25,Faz uma semana,5,uPP,sb
JOBIM,25,Faz uma semana,6,uuApppP,ubub
JOBIM,25,Faz uma semana,7,APA,sb
JOBIM,25,Faz uma semana,8,PpppPPPaAp,ububob
JOBIM,25,Faz uma semana,9,SappPPaAap,sbpbsb
JOBIM,25,Faz uma semana,10,SaAaAaPpaPP,sbubub
JOBIM,25,Faz uma semana,11,uuuuApuuppp,ssisb
JOBIM,25,Faz uma semana,12,aPPaPPs,trh
JOBIM,25,Faz uma semana,13,aPPPPP,tsb
JOBIM,25,Faz uma semana,14,SppAaAAppap,esbpjjb
JOBIM,26,Garota de Ipanema,1,uauupA,ttb
JOBIM,26,Garota de Ipanema,2,auupAu,pvc
JOBIM,26,Garota de Ipanema,3,uupA,gtb
JOBIM,26,Garota de Ipanema,4,auupAu,pvc
JOBIM,26,Garota de Ipanema,5,uupA,gtb
JOBIM,26,Garota de Ipanema,6,auupP,jv
JOBIM,26,Garota de Ipanema,7,uauupA,ttb
JOBIM,26,Garota de Ipanema,8,auupAu,pvc
JOBIM,26,Garota de Ipanema,9,uupA,gtb
JOBIM,26,Garota de Ipanema,10,auupAu,pvc
JOBIM,26,Garota de Ipanema,11,uupA,gtb
JOBIM,26,Garota de Ipanema,12,auupP,pv
JOBIM,26,Garota de Ipanema,13,PppPppP,baosl
JOBIM,26,Garota de Ipanema,14,PppPppP,gaaosl
JOBIM,26,Garota de Ipanema,15,PppPppP,gaaosl
JOBIM,26,Garota de Ipanema,16,PPsPPPPPP,ossbb
JOBIM,26,Garota de Ipanema,17,sPPPPPP,ssbb
JOBIM,26,Garota de Ipanema,18,auupA,ltb
JOBIM,26,Garota de Ipanema,19,auupAu,pvc
JOBIM,26,Garota de Ipanema,20,uupA,gtb
JOBIM,26,Garota de Ipanema,21,auupSu,pvc
JOBIM,26,Garota de Ipanema,22,uuaS,gv
JOBIM,26,Garota de Ipanema,23,suupP,nsb
JOBIM,27,Incerteza,1,Saa,sb
JOBIM,27,Incerteza,2,PPaAa,nbnb
JOBIM,27,Incerteza,3,Saa,sb
JOBIM,27,Incerteza,4,PPaAaS,nrn
JOBIM,27,Incerteza,5,PupPupPupAaap,errrsb
JOBIM,27,Incerteza,6,pPupAupppPa,nrrsb
JOBIM,27,Incerteza,7,PaPpPP,obsb
JOBIM,27,Incerteza,8,PPaPAp,ssb
JOBIM,27,Incerteza,9,PPaPpA,ssb
JOBIM,27,Incerteza,10,PPaAaP,ssb
JOBIM,27,Incerteza,11,PPaPPP,ssb
JOBIM,27,Incerteza,12,PupPupPupAaap,grrrsb
JOBIM,27,Incerteza,13,pPupAupppPa,nrrsb
JOBIM,27,Incerteza,14,PaPpPP,obsb
JOBIM,27,Incerteza,15,pApaPpp,nbbbbh
JOBIM,27,Incerteza,16,Saa,sb
JOBIM,27,Incerteza,17,PPaAa,nbnb
JOBIM,27,Incerteza,18,Saa,sb
JOBIM,27,Incerteza,19,PPaAaS,nrn
JOBIM,27,Incerteza,20,PupPupPupAaap,errrsb
JOBIM,27,Incerteza,21,pPupAupppPa,nrrsb
JOBIM,27,Incerteza,22,PaPpPP,obsb
JOBIM,27,Incerteza,23,PPaPAp,ssb
JOBIM,27,Incerteza,24,PPaPpA,ssb
JOBIM,27,Incerteza,25,PPaAaP,ssb
JOBIM,27,Incerteza,26,PPaPPP,ssb
JOBIM,27,Incerteza,27,PupPupPupAaap,grrrsb
JOBIM,27,Incerteza,28,pPupAupppPa,nrrsb
JOBIM,27,Incerteza,29,PaPpPP,obsb
JOBIM,27,Incerteza,30,pApaPpp,nbbbbh
JOBIM,28,Insensatez,1,PpPp,bapn
JOBIM,28,Insensatez,2,pPp,pn
JOBIM,28,Insensatez,3,PApppup,ornab
JOBIM,28,Insensatez,4,PpPp,bapn
JOBIM,28,Insensatez,5,pPp,pn
JOBIM,28,Insensatez,6,PApppup,ornab
JOBIM,28,Insensatez,7,PpPp,baasb
JOBIM,28,Insensatez,8,pPPaaPpPPu,sbebsbb
JOBIM,28,Insensatez,9,PpPa,baasb
JOBIM,28,Insensatez,10,pPppPApppup,sbornaab
JOBIM,29,Janelas abertas,1,Appuppu,batsb
JOBIM,29,Janelas abertas,2,pp,pb
JOBIM,29,Janelas abertas,3,PPPPPA,usb
JOBIM,29,Janelas abertas,4,ApaAp,osb
JOBIM,29,Janelas abertas,5,ApApa,osb
JOBIM,29,Janelas abertas,6,AppupppPa,batsbeb
JOBIM,29,Janelas abertas,7,uuuPPS,urb
JOBIM,29,Janelas abertas,8,pppSa,ulb
JOBIM,29,Janelas abertas,9,Appuppu,batsb
JOBIM,29,Janelas abertas,10,pp,pb
JOBIM,29,Janelas abertas,11,PPPPPA,usb
JOBIM,29,Janelas abertas,12,ApaAp,osb
JOBIM,29,Janelas abertas,13,ApApa,osb
JOBIM,29,Janelas abertas,14,PpppPPp,batrb
JOBIM,29,Janelas abertas,15,pppppu,rtb
JOBIM,29,Janelas abertas,16,ppsPPp,rtb
JOBIM,30,Lamento no morro,1,Apaa,baln
JOBIM,30,Lamento no morro,2,paa,ln
JOBIM,30,Lamento no morro,3,paAau,pnl
JOBIM,30,Lamento no morro,4,Apaa,baln
JOBIM,30,Lamento no morro,5,paa,ln
JOBIM,30,Lamento no morro,6,paAau,pnn
JOBIM,30,Lamento no morro,7,S,n
JOBIM,30,Lamento no morro,8,pa,nc
JOBIM,30,Lamento no morro,9,S,n
JOBIM,30,Lamento no morro,10,p,n
JOBIM,30,Lamento no morro,11,S,n
JOBIM,30,Lamento no morro,12,pa,nc
JOBIM,30,Lamento no morro,13,PuuppPPPP,ncjtn
JOBIM,31,Ligia,1,Pu,ej
JOBIM,31,Ligia,2,PupP,fsb
JOBIM,31,Ligia,3,pPupAu,osj
JOBIM,31,Ligia,4,PupPu,fsj
JOBIM,31,Ligia,5,Aupau,esj
JOBIM,31,Ligia,6,Puppu,fsj
JOBIM,31,Ligia,7,PaPP,fsb
JOBIM,31,Ligia,8,aPPaPPa,ebaosb
JOBIM,31,Ligia,9,PaPPS,osb
JOBIM,31,Ligia,10,aPaPa,osb
JOBIM,31,Ligia,11,PPPaPu,osj
JOBIM,31,Ligia,12,aPPaP,osb
JOBIM,31,Ligia,13,aPPaPu,osbab
JOBIM,31,Ligia,14,Pp,s
JOBIM,31,Ligia,15,Pp,s
JOBIM,32,Luar e batucada,1,p,gc
JOBIM,32,Luar e batucada,2,pApppPpu,jtnaaj
JOBIM,32,Luar e batucada,3,p,gc
JOBIM,32,Luar e batucada,4,pApppP,jtn
JOBIM,32,Luar e batucada,5,Ap,nc
JOBIM,32,Luar e batucada,6,PSapppp,jtnaab
JOBIM,32,Luar e batucada,7,pppPS,ncjb
JOBIM,32,Luar e batucada,8,pppPS,ncjb
JOBIM,32,Luar e batucada,9,apPpA,ncjb
JOBIM,32,Luar e batucada,10,ppPp,pnaab
JOBIM,32,Luar e batucada,11,pp,nc
JOBIM,32,Luar e batucada,12,pApppP,jtn
JOBIM,32,Luar e batucada,13,Ap,nc
JOBIM,32,Luar e batucada,14,PSu,jl
JOBIM,32,Luar e batucada,15,Ap,nc
JOBIM,32,Luar e batucada,16,PpPaAa,jtn
JOBIM,32,Luar e batucada,17,Apppp,etn
JOBIM,32,Luar e batucada,18,pPpApppPpu,hjtnaaj
JOBIM,32,Luar e batucada,19,p,gc
JOBIM,32,Luar e batucada,20,pApppP,jtn
JOBIM,32,Luar e batucada,21,Ap,nc
JOBIM,32,Luar e batucada,22,PSapppp,jtnaab
JOBIM,32,Luar e batucada,23,pppPS,ncjb
JOBIM,32,Luar e batucada,24,pppPS,ncjb
JOBIM,32,Luar e batucada,25,Ap,nc
JOBIM,32,Luar e batucada,26,PAappS,jtn
JOBIM,32,Luar e batucada,27,uaA,nn
JOBIM,32,Luar e batucada,28,Ap,gn
JOBIM,33,Luiza,1,psAS,bejb
JOBIM,33,Luiza,2,PPupsAApp,ejjjjb
JOBIM,33,Luiza,3,pPPpA,ejjb
JOBIM,33,Luiza,4,sPS,ejb
JOBIM,33,Luiza,5,PPuppPPPu,ejjjjb
JOBIM,33,Luiza,6,pPPPu,ejjb
JOBIM,33,Luiza,7,sAS,ejb
JOBIM,33,Luiza,8,sPAu,ejbb
JOBIM,33,Luiza,9,PPppsAApp,ejjjjb
JOBIM,33,Luiza,10,AAAAu,ejjb
JOBIM,33,Luiza,11,aaappPSpu,ejjjjb
JOBIM,33,Luiza,12,sAS,ejb
JOBIM,33,Luiza,13,sPS,ejb
JOBIM,33,Luiza,14,sPS,ejb
JOBIM,33,Luiza,15,sAu,ejb
JOBIM,33,Luiza,16,pPpPPAApA,ejjjjb
JOBIM,33,Luiza,17,pAp,ejb
JOBIM,33,Luiza,18,sSp,ejb
JOBIM,33,Luiza,19,sAS,ejb
JOBIM,33,Luiza,20,PPupsAApp,ejjjjb
JOBIM,33,Luiza,21,pPPpA,ejjb
JOBIM,33,Luiza,22,sPSupPPu,ejjejb
JOBIM,33,Luiza,23,pPPPu,ejjb
JOBIM,33,Luiza,24,pPPPu,ejjb
JOBIM,33,Luiza,25,sAS,ejb
JOBIM,33,Luiza,26,PPupupupupupu,ejjjjjjb
JOBIM,33,Luiza,27,upupupupuPP,ejjjjjb
JOBIM,33,Luiza,28,upsPApp,ejjjb
JOBIM,33,Luiza,29,pPApau,ejjbb
JOBIM,34,Magoa,1,AaAaA,hahah
JOBIM,34,Magoa,2,pPPppppAp,ussb
JOBIM,34,Magoa,3,pAppppAp,nssb
JOBIM,34,Magoa,4,AaAaA,hahah
JOBIM,34,Magoa,5,PpAppppAp,ussb
JOBIM,34,Magoa,6,pAppppAp,nssb
JOBIM,34,Magoa,7,uPpppPP,uvb
JOBIM,34,Magoa,8,ppu,ub
JOBIM,34,Magoa,9,pPa,ub
JOBIM,35,Meditacao,1,pApp,baann
JOBIM,35,Meditacao,2,PPuuuuuu,uuu
JOBIM,35,Meditacao,3,AaPPp,pnn
JOBIM,35,Meditacao,4,pApp,baann
JOBIM,35,Meditacao,5,PPuuupPP,uuu
JOBIM,35,Meditacao,6,PPuuupPP,uuu
JOBIM,35,Meditacao,7,pApp,baann
JOBIM,35,Meditacao,8,App,nn
JOBIM,35,Meditacao,9,Apppp,nnn
JOBIM,36,Modinha,1,,b
JOBIM,36,Modinha,2,ppppppp,ejjjb
JOBIM,36,Modinha,3,ppppppup,ejjjbb
JOBIM,36,Modinha,4,pappppupS,ejjjjb
JOBIM,36,Modinha,5,ApS,ejb
JOBIM,36,Modinha,6,,b
JOBIM,36,Modinha,7,ppppppu,ejjjb
JOBIM,36,Modinha,8,ppppppup,ejjjbb
JOBIM,36,Modinha,9,pappppupS,ejjjjb
JOBIM,36,Modinha,10,PpS,ejb
JOBIM,36,Modinha,11,pApa,bejb
JOBIM,36,Modinha,12,ApA,ejb
JOBIM,36,Modinha,13,PPaPP,fdkdb
JOBIM,36,Modinha,14,PPppappua,ejjjbaabaab
JOBIM,36,Modinha,15,ua,baabaab
JOBIM,37,O amor em paz,1,pa,baan
JOBIM,37,O amor em paz,2,PPuuuuuu,ossb
JOBIM,37,O amor em paz,3,ppPaa,ss
JOBIM,37,O amor em paz,4,pa,baan
JOBIM,37,O amor em paz,5,PPupAupp,ossb
JOBIM,37,O amor em paz,6,Apppup,stab
JOBIM,37,O amor em paz,7,pa,gan
JOBIM,37,O amor em paz,8,PPuuuuuu,ossb
JOBIM,37,O amor em paz,9,ppPaa,ss
JOBIM,37,O amor em paz,10,pa,baan
JOBIM,37,O amor em paz,11,PPupAupp,ossb
JOBIM,37,O amor em paz,12,ApppA,sr
JOBIM,37,O amor em paz,13,pApa,os
JOBIM,37,O amor em paz,14,pa,gn
JOBIM,37,O amor em paz,15,PPupAupp,nssb
JOBIM,37,O amor em paz,16,PaApu,pnn
JOBIM,38,Pois e,1,p,n
JOBIM,38,Pois e,2,pPupPpPAP,pstn
JOBIM,38,Pois e,3,pPupPpapA,pstn
JOBIM,38,Pois e,4,aPupA,psb
JOBIM,38,Pois e,5,PaP,pn
JOBIM,38,Pois e,6,PupPupP,gtsb
JOBIM,38,Pois e,7,AAp,pn
JOBIM,38,Pois e,8,pPupPpppA,psjob
JOBIM,38,Pois e,9,aPupA,psb
JOBIM,38,Pois e,10,PaP,pn
JOBIM,38,Pois e,11,PupPupP,gtsb
JOBIM,38,Pois e,12,AAp,pn
JOBIM,38,Pois e,13,pPupP,nsb
JOBIM,38,Pois e,14,ppA,pn
JOBIM,38,Pois e,15,PupAa,gsj
JOBIM,38,Pois e,16,aP,nb
JOBIM,38,Pois e,17,pupPupP,npsb
JOBIM,38,Pois e,18,PpP,pn
JOBIM,38,Pois e,19,pPupP,psb
JOBIM,38,Pois e,20,PpP,pn
JOBIM,38,Pois e,21,pPupP,nsb
JOBIM,38,Pois e,22,PpP,pn
JOBIM,38,Pois e,23,a,n
JOBIM,38,Pois e,24,a,n
JOBIM,39,Sabia,1,uu,r
JOBIM,39,Sabia,2,PPap,ucb
JOBIM,39,Sabia,3,uu,r
JOBIM,39,Sabia,4,PPSp,um
JOBIM,39,Sabia,5,upPPaP,babaun
JOBIM,39,Sabia,6,PPap,um
JOBIM,39,Sabia,7,u,bg
JOBIM,39,Sabia,8,PPap,um
JOBIM,39,Sabia,9,u,bg
JOBIM,39,Sabia,10,PPaP,um
JOBIM,39,Sabia,11,uu,r
JOBIM,39,Sabia,12,PPa,oj
JOBIM,39,Sabia,13,uu,r
JOBIM,39,Sabia,14,PPaA,um
JOBIM,39,Sabia,15,PppP,or
JOBIM,39,Sabia,16,PPSp,or
JOBIM,39,Sabia,17,PpP,sb
JOBIM,39,Sabia,18,pApAp,nnn
JOBIM,39,Sabia,19,u,bg
JOBIM,39,Sabia,20,PppP,jbn
JOBIM,39,Sabia,21,PppP,jbn
JOBIM,39,Sabia,22,up,naab
JOBIM,39,Sabia,23,uu,r
JOBIM,39,Sabia,24,PPa,oj
JOBIM,39,Sabia,25,uu,r
JOBIM,39,Sabia,26,PPaA,um
JOBIM,39,Sabia,27,AapP,jaob
JOBIM,39,Sabia,28,aAuu,jbn
JOBIM,39,Sabia,29,AauaA,jbr
JOBIM,39,Sabia,30,aAuu,jbn
JOBIM,39,Sabia,31,aSuu,jbn
JOBIM,39,Sabia,32,aAuu,jbn
JOBIM,39,Sabia,33,uuaSuu,najbn
JOBIM,39,Sabia,34,aAuu,jbn
JOBIM,40,Samba de uma nota so,1,uuuuuuu,ntng
JOBIM,40,Samba de uma nota so,2,uuuuuu,ntn
JOBIM,40,Samba de uma nota so,3,uuuuuu,ntn
JOBIM,40,Samba de uma nota so,4,uuuuuu,ntn
JOBIM,40,Samba de uma nota so,5,uuuuuuu,ntng
JOBIM,40,Samba de uma nota so,6,uuuuu,gtn
JOBIM,40,Samba de uma nota so,7,uuuuuuu,ntnc
JOBIM,40,Samba de uma nota so,8,uuuuuA,gjpn
JOBIM,40,Samba de uma nota so,9,PPPppppp,vvb
JOBIM,40,Samba de uma nota so,10,pppPPPap,uvl
JOBIM,40,Samba de uma nota so,11,PAap,ul
JOBIM,40,Samba de uma nota so,12,PPPppppp,vvb
JOBIM,40,Samba de uma nota so,13,pppPPPap,uvl
JOBIM,40,Samba de uma nota so,14,PAAp,ul
JOBIM,40,Samba de uma nota so,15,uuuuuuu,ntng
JOBIM,40,Samba de uma nota so,16,uuuuuu,ntn
JOBIM,40,Samba de uma nota so,17,uuuuuu,ntn
JOBIM,40,Samba de uma nota so,18,uuuuuu,ntn
JOBIM,40,Samba de uma nota so,19,uuuuuuu,ntng
JOBIM,40,Samba de uma nota so,20,uuuuu,gtn
JOBIM,40,Samba de uma nota so,21,uuuuuuu,ntnc
JOBIM,40,Samba de uma nota so,22,uuuuuA,gjpn
JOBIM,41,Samba do aviao,1,ppPAp,bnanaab
JOBIM,41,Samba do aviao,2,ppPPPup,gaetnaab
JOBIM,41,Samba do aviao,3,ApApppaP,naetnaab
JOBIM,41,Samba do aviao,4,uuuuuuu,rtm
JOBIM,41,Samba do aviao,5,uuuuuuu,rtm
JOBIM,41,Samba do aviao,6,ppPA,bnan
JOBIM,41,Samba do aviao,7,pPA,pn
JOBIM,41,Samba do aviao,8,pPPPup,etnaab
JOBIM,41,Samba do aviao,9,ppaSpp,rnn
JOBIM,41,Samba do aviao,10,ppaSpp,rnn
JOBIM,41,Samba do aviao,11,ppaSpp,rnn
JOBIM,41,Samba do aviao,12,uPuauPu,rtm
JOBIM,41,Samba do aviao,13,uPuauPu,rtm
JOBIM,41,Samba do aviao,14,aAAaAA,uv
JOBIM,41,Samba do aviao,15,AAaAAPa,uvb
JOBIM,41,Samba do aviao,16,pP,babab
JOBIM,42,Se todos fossem iguais a voce,1,apA,bafdb
JOBIM,42,Se todos fossem iguais a voce,2,pP,fdb
JOBIM,42,Se todos fossem iguais a voce,3,pP,fdb
JOBIM,42,Se todos fossem iguais a voce,4,ppP,bafdb
JOBIM,42,Se todos fossem iguais a voce,5,pa,fdb
JOBIM,42,Se todos fossem iguais a voce,6,sSusSu,kdkdb
JOBIM,42,Se todos fossem iguais a voce,7,sSusSu,kdkdb
JOBIM,42,Se todos fossem iguais a voce,8,aAuaAu,kdkdb
JOBIM,42,Se todos fossem iguais a voce,9,PppPupPupPp,fdkdkdkdb
JOBIM,42,Se todos fossem iguais a voce,10,paA,bafdb
JOBIM,42,Se todos fossem iguais a voce,11,pP,fdb
JOBIM,42,Se todos fossem iguais a voce,12,pP,fdb
JOBIM,42,Se todos fossem iguais a voce,13,SppP,bbafdb
JOBIM,42,Se todos fossem iguais a voce,14,pS,fdb
JOBIM,42,Se todos fossem iguais a voce,15,PaPPaP,kdkdb
JOBIM,42,Se todos fossem iguais a voce,16,PaPPaP,kdkdb
JOBIM,42,Se todos fossem iguais a voce,17,PaPPaPPaPPaP,kdkdkdkdb
JOBIM,43,So danco samba,1,Puu,mh
JOBIM,43,So danco samba,2,Puu,gt
JOBIM,43,So danco samba,3,ppap,nr
JOBIM,43,So danco samba,4,Puu,mh
JOBIM,43,So danco samba,5,PuuA,gtg
JOBIM,43,So danco samba,6,uuu,rc
JOBIM,43,So danco samba,7,upap,gnn
JOBIM,43,So danco samba,8,uu,r
JOBIM,43,So danco samba,9,pp,r
JOBIM,43,So danco samba,10,PAuuppp,prr
JOBIM,43,So danco samba,11,PpPu,gtc
JOBIM,43,So danco samba,12,PpPu,gtc
JOBIM,43,So danco samba,13,ppap,nr
JOBIM,43,So danco samba,14,PpPu,gtc
JOBIM,43,So danco samba,15,PpPuA,gtn
JOBIM,43,So danco samba,16,Puu,glc
JOBIM,43,So danco samba,17,Puuu,gln
JOBIM,43,So danco samba,18,Puu,glc
JOBIM,43,So danco samba,19,Auup,gln
JOBIM,43,So danco samba,20,Puu,glc
JOBIM,43,So danco samba,21,Puuu,gln
JOBIM,43,So danco samba,22,Puu,glc
JOBIM,43,So danco samba,23,Auup,gln
JOBIM,44,So tinha de ser com voce,1,App,gaabn
JOBIM,44,So tinha de ser com voce,2,pp,bn
JOBIM,44,So tinha de ser com voce,3,pa,bn
JOBIM,44,So tinha de ser com voce,4,sA,bn
JOBIM,44,So tinha de ser com voce,5,sA,bn
JOBIM,44,So tinha de ser com voce,6,sA,bn
JOBIM,44,So tinha de ser com voce,7,uuupPupP,lrjn
JOBIM,44,So tinha de ser com voce,8,uupAupu,grjn
JOBIM,44,So tinha de ser com voce,9,uuppupP,grjn
JOBIM,44,So tinha de ser com voce,10,uuuPupP,grjn
JOBIM,44,So tinha de ser com voce,11,uuupupP,grjn
JOBIM,44,So tinha de ser com voce,12,uuuAuaA,grjn
JOBIM,44,So tinha de ser com voce,13,uuuAuaP,grjn
JOBIM,44,So tinha de ser com voce,14,uuuAuaA,grjn
JOBIM,44,So tinha de ser com voce,15,uuuA,grb
JOBIM,44,So tinha de ser com voce,16,uuupPupP,lrjn
JOBIM,44,So tinha de ser com voce,17,uupAupu,grjn
JOBIM,44,So tinha de ser com voce,18,uuppupP,grjn
JOBIM,44,So tinha de ser com voce,19,uuuPuas,grjn
JOBIM,44,So tinha de ser com voce,20,uuuSupa,grjn
JOBIM,44,So tinha de ser com voce,21,uuuAuaA,grjn
JOBIM,44,So tinha de ser com voce,22,uuuSusA,grjn
JOBIM,44,So tinha de ser com voce,23,uuuAuaA,grjn
JOBIM,44,So tinha de ser com voce,24,uuuAuaP,grjn
JOBIM,45,Solidao,1,pPpu,sj
JOBIM,45,Solidao,2,pPp,sb
JOBIM,45,Solidao,3,pPppPPPAApPp,ssssb
JOBIM,45,Solidao,4,pPapPa,sbob
JOBIM,45,Solidao,5,pPpu,sj
JOBIM,45,Solidao,6,pPp,sb
JOBIM,45,Solidao,7,pPpu,sj
JOBIM,45,Solidao,8,pPp,sb
JOBIM,45,Solidao,9,pPppPPPAApPp,ssssb
JOBIM,45,Solidao,10,appPPP,kdbob
JOBIM,45,Solidao,11,ppPPP,pkdb
JOBIM,45,Solidao,12,ppPPP,osb
JOBIM,45,Solidao,13,uuSPpp,ejkdb
JOBIM,45,Solidao,14,PPppPu,okdj
JOBIM,45,Solidao,15,PPppP,psb
JOBIM,46,Tereza da praia,1,p,h
JOBIM,46,Tereza da praia,2,PPpPaPPP,pvu
JOBIM,46,Tereza da praia,3,AppPu,gvc
JOBIM,46,Tereza da praia,4,PppPu,gvc
JOBIM,46,Tereza da praia,5,Aappu,gvc
JOBIM,46,Tereza da praia,6,AaPaAa,grbeb
JOBIM,46,Tereza da praia,7,Sp,eh
JOBIM,46,Tereza da praia,8,PPpPaPPP,pvu
JOBIM,46,Tereza da praia,9,AppPu,gvc
JOBIM,46,Tereza da praia,10,PppPu,gvc
JOBIM,46,Tereza da praia,11,Aapp,gv
JOBIM,46,Tereza da praia,12,PPsPPu,uuc
JOBIM,46,Tereza da praia,13,PPuPpppPs,prrh
JOBIM,46,Tereza da praia,14,PPuPpppP,prrb
JOBIM,46,Tereza da praia,15,PPuPpppPs,plvh
JOBIM,46,Tereza da praia,16,PPPPpaPa,prrb
JOBIM,46,Tereza da praia,17,uSp,gbh
JOBIM,46,Tereza da praia,18,PPpPaPPP,pvu
JOBIM,46,Tereza da praia,19,AppPu,gvc
JOBIM,46,Tereza da praia,20,PppPu,gvc
JOBIM,46,Tereza da praia,21,Aapp,gv
JOBIM,46,Tereza da praia,22,Aapp,gv
JOBIM,46,Tereza da praia,23,Aappu,gvc
JOBIM,46,Tereza da praia,24,pppS,gv
JOBIM,46,Tereza da praia,25,pppp,grb
JOBIM,46,Tereza da praia,26,pppp,esb
JOBIM,47,Triste,1,pPppaPP,gntn
JOBIM,47,Triste,2,pPppaPP,gntn
JOBIM,47,Triste,3,pPppp,grn
JOBIM,47,Triste,4,AaPAAAA,nut
JOBIM,47,Triste,5,Aauu,nu
JOBIM,47,Triste,6,auu,v
JOBIM,47,Triste,7,puu,gu
JOBIM,47,Triste,8,upuu,ev
JOBIM,47,Triste,9,pPppaPP,gntn
JOBIM,47,Triste,10,pPppaPP,gntn
JOBIM,47,Triste,11,sPPPPpp,urn
JOBIM,47,Triste,12,ppppP,epr
JOBIM,47,Triste,13,pPaPaPp,gntn
JOBIM,48,Vivo sonhando,1,uuuuuu,vu
JOBIM,48,Vivo sonhando,2,uuuua,uu
JOBIM,48,Vivo sonhando,3,uuuuuu,vu
JOBIM,48,Vivo sonhando,4,uuuua,uu
JOBIM,48,Vivo sonhando,5,uuuupPPu,vvg
JOBIM,48,Vivo sonhando,6,uuuP,lt
JOBIM,48,Vivo sonhando,7,uuupPP,uv
JOBIM,48,Vivo sonhando,8,uPPPAa,gsbeb
JOBIM,48,Vivo sonhando,9,uuuuuu,vu
JOBIM,48,Vivo sonhando,10,uuuua,uu
JOBIM,48,Vivo sonhando,11,uuuuuu,vu
JOBIM,48,Vivo sonhando,12,uuuua,uu
JOBIM,48,Vivo sonhando,13,uuuupPPu,vvg
JOBIM,48,Vivo sonhando,14,uuuP,lt
JOBIM,48,Vivo sonhando,15,PPP,v
JOBIM,48,Vivo sonhando,16,ppPP,njb
JOBIM,49,Voce vai ver,1,APa,gr
JOBIM,49,Voce vai ver,2,PPPaP,pv
JOBIM,49,Voce vai ver,3,aPPaP,pv
JOBIM,49,Voce vai ver,4,APa,gr
JOBIM,49,Voce vai ver,5,PPPaA,pv
JOBIM,49,Voce vai ver,6,PaPPaP,vu
JOBIM,49,Voce vai ver,7,PAPaPPaP,pvu
JOBIM,49,Voce vai ver,8,PaPPaPp,vuc
JOBIM,49,Voce vai ver,9,PApp,gngg
JOBIM,49,Voce vai ver,10,APa,gr
JOBIM,49,Voce vai ver,11,PPPaP,pv
JOBIM,49,Voce vai ver,12,aPPaP,pv
JOBIM,49,Voce vai ver,13,APa,gr
JOBIM,49,Voce vai ver,14,PPPaA,pv
JOBIM,49,Voce vai ver,15,PaPPaP,vu
JOBIM,49,Voce vai ver,16,PAPaPPaP,pvu
JOBIM,49,Voce vai ver,17,PPPPaPaPP,svu
JOBIM,49,Voce vai ver,18,ppA,nn
JOBIM,49,Voce vai ver,19,pppPaPaPP,vuu
JOBIM,49,Voce vai ver,20,ppP,v
JOBIM,50,Wave,1,Apa,ub
JOBIM,50,Wave,2,PAAAApA,gvr
JOBIM,50,Wave,3,uPppupP,pnnj
JOBIM,50,Wave,4,PPa,pn
JOBIM,50,Wave,5,Apppuauu,uru
JOBIM,50,Wave,6,APPapSppua,uvrc
JOBIM,50,Wave,7,ppppPPApu,bsbsl
JOBIM,50,Wave,8,ppppPPApu,bubsl
JOBIM,50,Wave,9,ApAs,uh
JOBIM,50,Wave,10,PAAAApA,gvr
JOBIM,50,Wave,11,uPppupP,pnnj
JOBIM,50,Wave,12,PPa,pn
JOBIM,50,Wave,13,Apppuauu,uru
JOBIM,50,Wave,14,APuapSppua,uvrc
LINS,1,A cor do por do sol,1,a,i
LINS,1,A cor do por do sol,2,PPppppPP,ossb
LINS,1,A cor do por do sol,3,PPppppPPa,ossi
LINS,1,A cor do por do sol,4,pP,s
LINS,1,A cor do por do sol,5,pP,s
LINS,1,A cor do por do sol,6,pPa,jbb
LINS,1,A cor do por do sol,7,pPs,jbb
LINS,1,A cor do por do sol,8,PPpPs,jjbb
LINS,1,A cor do por do sol,9,PPpPs,jjbb
LINS,1,A cor do por do sol,10,ppPs,ejbb
LINS,1,A cor do por do sol,11,pPsSP,jbbeb
LINS,1,A cor do por do sol,12,PPppppPPa,ossi
LINS,1,A cor do por do sol,13,PPppppPP,ossb
LINS,1,A cor do por do sol,14,PPppppPPa,ossi
LINS,1,A cor do por do sol,15,pP,s
LINS,1,A cor do por do sol,16,pP,s
LINS,1,A cor do por do sol,17,pPu,sb
LINS,1,A cor do por do sol,18,pPa,jbb
LINS,1,A cor do por do sol,19,pPs,jbb
LINS,1,A cor do por do sol,20,PPpPs,jjbb
LINS,1,A cor do por do sol,21,PPpPs,jjbb
LINS,1,A cor do por do sol,22,ppPs,ejbb
LINS,1,A cor do por do sol,23,pPsSP,jbbeb
LINS,1,A cor do por do sol,24,PPppppPPa,ossi
LINS,1,A cor do por do sol,25,PPppppPP,ossb
LINS,1,A cor do por do sol,26,PPppppPPa,ossi
LINS,1,A cor do por do sol,27,pP,s
LINS,1,A cor do por do sol,28,pP,s
LINS,1,A cor do por do sol,29,pP,s
LINS,2,A noite,1,Suuupp,gtpc
LINS,2,A noite,2,pSuPap,jjjc
LINS,2,A noite,3,pSuPap,jjjc
LINS,2,A noite,4,pSuPap,jjjc
LINS,2,A noite,5,pAuPap,jjjc
LINS,2,A noite,6,pSuuPapaa,jtpeeb
LINS,2,A noite,7,Su,jaab
LINS,2,A noite,8,pPsSa,fdkdb
LINS,2,A noite,9,S,j
LINS,2,A noite,10,pPpPa,fdkdb
LINS,2,A noite,11,Suuupp,gtpc
LINS,2,A noite,12,pSuPapp,jjjp
LINS,2,A noite,13,SuuPapp,pppp
LINS,2,A noite,14,SuuPapp,pppp
LINS,2,A noite,15,uuuPap,pppe
LINS,2,A noite,16,uuuPapSa,pppeeb
LINS,2,A noite,17,SpPa,ebbabb
LINS,3,Abre alas,1,uupuupuuP,ossj
LINS,3,Abre alas,2,uPuPuP,pppe
LINS,3,Abre alas,3,uupuupuuP,ossj
LINS,3,Abre alas,4,uPuPuP,pppe
LINS,3,Abre alas,5,uuAuuppuPpuPpppa,fsssssb
LINS,3,Abre alas,6,ppppSa,gst
LINS,3,Abre alas,7,pSa,gt
LINS,3,Abre alas,8,uuAuuppuPpuPpppa,fsssssb
LINS,3,Abre alas,9,ppppSa,gst
LINS,3,Abre alas,10,pSa,gt
LINS,4,Acaso,1,sSsS,bjeb
LINS,4,Acaso,2,AppsSpa,ejbjeb
LINS,4,Acaso,3,AppsSsS,ejbjeb
LINS,4,Acaso,4,ApppppP,ejbjeb
LINS,4,Acaso,5,SPPu,dkdb
LINS,4,Acaso,6,SsAp,kdbb
LINS,4,Acaso,7,SsAAsAAp,ekdkdbe
LINS,4,Acaso,8,SupPupPupPu,esssj
LINS,4,Acaso,9,PPppAp,jjjb
LINS,4,Acaso,10,PPPsSsS,ejbjeb
LINS,4,Acaso,11,AppsSpa,ejbjeb
LINS,4,Acaso,12,AppsSsS,ejbjeb
LINS,4,Acaso,13,AappuPP,ejbjeb
LINS,4,Acaso,14,A,bb
LINS,4,Acaso,15,AaA,eeee
LINS,4,Acaso,16,A,bb
LINS,4,Acaso,17,S,bb
LINS,4,Acaso,18,A,bb
LINS,4,Acaso,19,Aap,bbabb
LINS,4,Acaso,20,PPspuPPu,ejbjebb
LINS,4,Acaso,21,AppsSsS,ejbjeb
LINS,4,Acaso,22,AappuPP,ejbjeb
LINS,5,Agora,1,SpP,obb
LINS,5,Agora,2,Sppapu,ojjb
LINS,5,Agora,3,SpP,obb
LINS,5,Agora,4,Spappu,ojjb
LINS,5,Agora,5,SpP,obb
LINS,5,Agora,6,Spp,ebbb
LINS,5,Agora,7,Spp,sb
LINS,5,Agora,8,AApPppp,sbbbbb
LINS,5,Agora,9,AApPppp,sbbbbb
LINS,5,Agora,10,AAuPsSpppPP,sjejjj
LINS,5,Agora,11,SpppP,ejjb
LINS,5,Agora,12,pppppPP,kdvb
LINS,5,Agora,13,upppppPP,ekdvb
LINS,5,Agora,14,SppPAPsAp,ebphlj
LINS,5,Agora,15,SppPAPsAp,ebphlj
LINS,5,Agora,16,SppPAPsAp,ebphlj
LINS,6,Ai ai ai,1,uuaAup,jjbj
LINS,6,Ai ai ai,2,uaAPa,ejbj
LINS,6,Ai ai ai,3,pP,eee
LINS,6,Ai ai ai,4,uuaAup,jjbj
LINS,6,Ai ai ai,5,uaAPa,ejbj
LINS,6,Ai ai ai,6,ppp,eeeb
LINS,6,Ai ai ai,7,uuaSup,jjbj
LINS,6,Ai ai ai,8,uaSuPaS,ejbjabae
LINS,6,Ai ai ai,9,uupAup,jjbj
LINS,6,Ai ai ai,10,ppppA,fdkdb
LINS,6,Ai ai ai,11,pp,ebb
LINS,6,Ai ai ai,12,ppuuupupup,ejjjjbb
LINS,6,Ai ai ai,13,pp,ebb
LINS,6,Ai ai ai,14,ppuuupupup,ejjjjbb
LINS,7,Ainda te procuro,1,APuupPp,ptmc
LINS,7,Ainda te procuro,2,upPuPpp,gtqc
LINS,7,Ainda te procuro,3,APuuupppp,pjjejc
LINS,7,Ainda te procuro,4,APuupPp,ptmc
LINS,7,Ainda te procuro,5,pPPpp,tmc
LINS,7,Ainda te procuro,6,APuuupppp,pjjejc
LINS,7,Ainda te procuro,7,APuupAp,ptmc
LINS,7,Ainda te procuro,8,pPpPPpup,ptmh
LINS,7,Ainda te procuro,9,puupApPppPuuaa,gtmestm
LINS,7,Ainda te procuro,10,pppPpApppP,ptppp
LINS,7,Ainda te procuro,11,ppuupApSa,ptmeeb
LINS,7,Ainda te procuro,12,APuupPp,ptmc
LINS,7,Ainda te procuro,13,APpPPpp,ptmc
LINS,7,Ainda te procuro,14,AuuaApppu,gtppp
LINS,7,Ainda te procuro,15,APuupPp,ptmc
LINS,7,Ainda te procuro,16,APpPPpp,ptmc
LINS,7,Ainda te procuro,17,APuuuupppu,ptppp
LINS,7,Ainda te procuro,18,pPa,pcb
LINS,8,Amor,1,Auu,kdb
LINS,8,Amor,2,pAuuupppAuu,ekdjjkdb
LINS,8,Amor,3,PPu,kdb
LINS,8,Amor,4,pPPuuppASu,ekdkdkdb
LINS,8,Amor,5,upP,kdb
LINS,8,Amor,6,ppupPPppupP,jkdbjkdb
LINS,8,Amor,7,upP,kdb
LINS,8,Amor,8,ppupPpApp,jkdjjb
LINS,8,Amor,9,Auu,kdb
LINS,8,Amor,10,pAuupppAuu,ekdbjkdb
LINS,8,Amor,11,Auu,kdb
LINS,8,Amor,12,pPPuuppASu,ekdkdkdb
LINS,8,Amor,13,upP,kdb
LINS,8,Amor,14,ppupPPppupP,jkdbjkdb
LINS,8,Amor,15,upP,kdb
LINS,8,Amor,16,ppupPpApp,jkdjjb
LINS,8,Amor,17,upaaa,ebjeb
LINS,8,Amor,18,AAAPa,kdbj
LINS,8,Amor,19,uppps,ebjeb
LINS,8,Amor,20,AAApPa,jjbj
LINS,9,Anjo de mim,1,usA,sb
LINS,9,Anjo de mim,2,usA,kdb
LINS,9,Anjo de mim,3,uap,kdb
LINS,9,Anjo de mim,4,usA,kdb
LINS,9,Anjo de mim,5,usA,kdb
LINS,9,Anjo de mim,6,upp,kdb
LINS,9,Anjo de mim,7,usA,kdb
LINS,9,Anjo de mim,8,usA,kdb
LINS,9,Anjo de mim,9,upp,kdb
LINS,9,Anjo de mim,10,upP,kdb
LINS,9,Anjo de mim,11,upP,kdb
LINS,9,Anjo de mim,12,upp,kdb
LINS,9,Anjo de mim,13,usA,kdb
LINS,9,Anjo de mim,14,usAAuuap,kdbekdb
LINS,9,Anjo de mim,15,usA,kdb
LINS,9,Anjo de mim,16,usA,kdb
LINS,9,Anjo de mim,17,upp,kdb
LINS,9,Anjo de mim,18,usA,kdb
LINS,9,Anjo de mim,19,usA,kdb
LINS,9,Anjo de mim,20,upp,kdb
LINS,9,Anjo de mim,21,upP,kdb
LINS,9,Anjo de mim,22,upP,kdb
LINS,9,Anjo de mim,23,upp,kdb
LINS,9,Anjo de mim,24,ps,ebb
LINS,9,Anjo de mim,25,ps,ebb
LINS,9,Anjo de mim,26,ps,ebb
LINS,9,Anjo de mim,27,usA,kdb
LINS,9,Anjo de mim,28,upp,kdb
LINS,9,Anjo de mim,29,uuu,kdb
LINS,9,Anjo de mim,30,upP,kdb
LINS,9,Anjo de mim,31,upp,kdb
LINS,9,Anjo de mim,32,ps,ebb
LINS,9,Anjo de mim,33,ps,ebb
LINS,9,Anjo de mim,34,ps,ebb
LINS,10,Aos nossos filhos,1,SuuuPsAu,elelebb
LINS,10,Aos nossos filhos,2,SuuuPsAu,elelebb
LINS,10,Aos nossos filhos,3,SuuupaPu,elelebb
LINS,10,Aos nossos filhos,4,upppaa,ebeleb
LINS,10,Aos nossos filhos,5,SuuuppAu,elelebb
LINS,10,Aos nossos filhos,6,SuuuppS,eleleb
LINS,10,Aos nossos filhos,7,usuuPPAu,elelebb
LINS,10,Aos nossos filhos,8,usuPPA,ebbleb
LINS,10,Aos nossos filhos,9,SuuuPsAu,elelebb
LINS,10,Aos nossos filhos,10,SuuuPsAu,elelebb
LINS,10,Aos nossos filhos,11,SuuupaPu,elelebab
LINS,10,Aos nossos filhos,12,pppaa,fdleb
LINS,10,Aos nossos filhos,13,uuuPsAu,lelebb
LINS,10,Aos nossos filhos,14,uuuPsAu,lelebb
LINS,10,Aos nossos filhos,15,uuupaPu,lelebab
LINS,10,Aos nossos filhos,16,pppaa,fdleb
LINS,10,Aos nossos filhos,17,uuuppAu,lelebb
LINS,10,Aos nossos filhos,18,uuuppSu,lelebab
LINS,10,Aos nossos filhos,19,suuPPAu,lelebab
LINS,10,Aos nossos filhos,20,suuPPA,leleb
LINS,10,Aos nossos filhos,21,suuPPA,leleb
LINS,11,Bilhete,1,uAAAu,fsbb
LINS,11,Bilhete,2,uAAPu,fsbb
LINS,11,Bilhete,3,PppP,fsb
LINS,11,Bilhete,4,uAAPu,fsbb
LINS,11,Bilhete,5,AppAu,fsbb
LINS,11,Bilhete,6,AppA,jjb
LINS,11,Bilhete,7,uuupPu,osbb
LINS,11,Bilhete,8,uuAAPu,osbb
LINS,11,Bilhete,9,PPppAu,osbb
LINS,11,Bilhete,10,PPpppu,osbb
LINS,11,Bilhete,11,PPppp,osb
LINS,11,Bilhete,12,PPppuu,obobb
LINS,11,Bilhete,13,uuupPu,osbb
LINS,11,Bilhete,14,uuAAPu,osbb
LINS,11,Bilhete,15,PPppAu,osbb
LINS,11,Bilhete,16,PPpppu,osbb
LINS,11,Bilhete,17,PPppp,osb
LINS,11,Bilhete,18,PPppu,okdb
LINS,11,Bilhete,19,PPppu,okdb
LINS,11,Bilhete,20,PPppu,okdb
LINS,12,Cantor da noite,1,PPuusSsSpsS,jkdkdbaabbb
LINS,12,Cantor da noite,2,PPuusSsSpsS,jkdkdbaabbb
LINS,12,Cantor da noite,3,PSusSsSpsS,jbdkdbaabbb
LINS,12,Cantor da noite,4,PPuusSsSpsS,jkdkdbaabbb
LINS,12,Cantor da noite,5,ppsS,ekdb
LINS,12,Cantor da noite,6,ppAa,ekdb
LINS,12,Cantor da noite,7,PPPPApppppa,fdkdkdkdb
LINS,12,Cantor da noite,8,APuusSsSpsS,jkdkdbaabbb
LINS,12,Cantor da noite,9,PPuusSsSpsS,jkdkdbaabbb
LINS,12,Cantor da noite,10,PSuusSsSpsS,jkdkdbaabbb
LINS,12,Cantor da noite,11,PPuusSsS,jkdkdb
LINS,12,Cantor da noite,12,PAuusSsS,jkdkdb
LINS,12,Cantor da noite,13,ApuusSsSpp,jkdkdbaabb
LINS,12,Cantor da noite,14,ApuusSsSpp,jkdkdbaabb
LINS,13,Choro das aguas,1,ppuusSusSu,eokdkdbb
LINS,13,Choro das aguas,2,ppuusSusSu,eokdkdbb
LINS,13,Choro das aguas,3,paauaAuPPu,kdkdkdbb
LINS,13,Choro das aguas,4,pppaPu,jjjb
LINS,13,Choro das aguas,5,ppuusSusSu,eokdkdbb
LINS,13,Choro das aguas,6,ppuusSusSu,ejkdkdj
LINS,13,Choro das aguas,7,ApaauauAuPPu,ekdkokdbb
LINS,13,Choro das aguas,8,ppppaPu,ejjjb
LINS,14,Daquilo que eu sei,1,PpAp,ejbb
LINS,14,Daquilo que eu sei,2,PuuupAp,ekdbjae
LINS,14,Daquilo que eu sei,3,PuuupSp,ekdbjae
LINS,14,Daquilo que eu sei,4,PuuapSp,ekdbjae
LINS,14,Daquilo que eu sei,5,uuaSu,kdajae
LINS,14,Daquilo que eu sei,6,uuaSu,kdajae
LINS,14,Daquilo que eu sei,7,uuuaA,ebebeb
LINS,14,Daquilo que eu sei,8,uuuupPaAu,ebekdbebe
LINS,14,Daquilo que eu sei,9,uuupu,ebjaj
LINS,14,Daquilo que eu sei,10,upupaPS,jajabfdb
LINS,14,Daquilo que eu sei,11,auuaAu,bbjajae
LINS,14,Daquilo que eu sei,12,uuaAP,bjajae
LINS,14,Daquilo que eu sei,13,uuaSPpp,bjajaeaeb
LINS,15,Depois dos temporais,1,pppppppPu,sstab
LINS,15,Depois dos temporais,2,pppppppAu,sstab
LINS,15,Depois dos temporais,3,uPPAu,fsbb
LINS,15,Depois dos temporais,4,uPPAu,fsbb
LINS,15,Depois dos temporais,5,uuPPAu,osbb
LINS,15,Depois dos temporais,6,pppppu,osbb
LINS,15,Depois dos temporais,7,pppaapPu,ossab
LINS,15,Depois dos temporais,8,uPPPusS,fssb
LINS,15,Depois dos temporais,9,uPPPuuppu,fssnb
LINS,15,Depois dos temporais,10,uPuppaA,ssi
LINS,15,Depois dos temporais,11,uppAp,fsk
LINS,15,Depois dos temporais,12,pSp,nk
LINS,15,Depois dos temporais,13,aSp,nk
LINS,15,Depois dos temporais,14,aS,nb
LINS,15,Depois dos temporais,15,PPPAa,ejjb
LINS,15,Depois dos temporais,16,ppppppu,esjbb
LINS,15,Depois dos temporais,17,pppppppAu,sstab
LINS,15,Depois dos temporais,18,PPAu,sbb
LINS,15,Depois dos temporais,19,PPAu,sbb
LINS,15,Depois dos temporais,20,PPAp,sbb
LINS,15,Depois dos temporais,21,pppppu,osbb
LINS,15,Depois dos temporais,22,pPpPPppupupuu,ornosbb
LINS,15,Depois dos temporais,23,upPpPPppuuppuu,urnosbb
LINS,15,Depois dos temporais,24,pPpPPppuuppuu,ornosbb
LINS,15,Depois dos temporais,25,pPpPPpp,ornc
LINS,15,Depois dos temporais,26,ppPu,ebebb
LINS,16,Dinorah Dinorah,1,pppAaP,jjt
LINS,16,Dinorah Dinorah,2,ppaAPPu,ejete
LINS,16,Dinorah Dinorah,3,ppPppp,bpbq
LINS,16,Dinorah Dinorah,4,pppAaP,jjt
LINS,16,Dinorah Dinorah,5,ppaAPPu,ejete
LINS,16,Dinorah Dinorah,6,ppPppp,bpbq
LINS,16,Dinorah Dinorah,7,AaSuPpppP,kdjsbb
LINS,16,Dinorah Dinorah,8,AaSuPpppP,kdjsbb
LINS,16,Dinorah Dinorah,9,AaSPppuus,kdkdbbbab
LINS,17,Doce presenca,1,AAAaSppaapPA,sjojpj
LINS,17,Doce presenca,2,AAAaSppaapPP,sjojpbb
LINS,17,Doce presenca,3,paAP,boj
LINS,17,Doce presenca,4,PPpaAP,oboj
LINS,17,Doce presenca,5,APPAsAsap,ujjbbb
LINS,17,Doce presenca,6,PpsA,tp
LINS,17,Doce presenca,7,PPPpsA,ptp
LINS,17,Doce presenca,8,PPPpsSsSppP,ptpgsb
LINS,17,Doce presenca,9,PpsSupppAaPs,tpeojpb
LINS,17,Doce presenca,10,pppApppu,jjjjb
LINS,17,Doce presenca,11,AAAaSppaapPA,sjojpj
LINS,17,Doce presenca,12,AAAaSppaapPP,sjojpbb
LINS,17,Doce presenca,13,paAP,boj
LINS,17,Doce presenca,14,PPpaAP,oboj
LINS,17,Doce presenca,15,APPAsAsap,ujjbbb
LINS,17,Doce presenca,16,APPAsAsSp,ujjbbb
LINS,18,Essa mare,1,APP,nn
LINS,18,Essa mare,2,uuu,nn
LINS,18,Essa mare,3,ppupp,nnn
LINS,18,Essa mare,4,psApp,nnn
LINS,18,Essa mare,5,AAAPa,nnn
LINS,18,Essa mare,6,AAS,nn
LINS,18,Essa mare,7,uuu,nn
LINS,18,Essa mare,8,Spp,nn
LINS,18,Essa mare,9,uAap,nnc
LINS,18,Essa mare,10,PAApp,jbabgae
LINS,18,Essa mare,11,AAP,nn
LINS,18,Essa mare,12,uuu,nn
LINS,18,Essa mare,13,uAp,nn
LINS,18,Essa mare,14,upup,nnc
LINS,18,Essa mare,15,aaAp,jbabg
LINS,18,Essa mare,16,aaAp,gnaabg
LINS,18,Essa mare,17,sS,bn
LINS,18,Essa mare,18,S,n
LINS,18,Essa mare,19,Appppp,nnr
LINS,18,Essa mare,20,u,bg
LINS,18,Essa mare,21,AppApp,nnr
LINS,18,Essa mare,22,pp,bn
LINS,18,Essa mare,23,Apppp,ncng
LINS,18,Essa mare,24,SaaSa,ngng
LINS,18,Essa mare,25,Sppp,ngn
LINS,18,Essa mare,26,aaAp,gnaabg
LINS,18,Essa mare,27,aa,gn
LINS,19,Fogueiras,1,PPppsAa,ejkdbb
LINS,19,Fogueiras,2,pPPPppppp,pkdkdbb
LINS,19,Fogueiras,3,uPPppsAa,ekdkdbb
LINS,19,Fogueiras,4,ppppuApppppu,jjbbjsbb
LINS,19,Fogueiras,5,PPppsAa,ejkdbb
LINS,19,Fogueiras,6,uPPppppp,jokdbb
LINS,19,Fogueiras,7,PPppsAu,kdkdbb
LINS,19,Fogueiras,8,uppppuApppppu,sjbbsjbb
LINS,20,Guarde nos olhos,1,uaAu,kdbb
LINS,20,Guarde nos olhos,2,AuaAuaSu,ekdkdbb
LINS,20,Guarde nos olhos,3,Sauppu,fdkdbb
LINS,20,Guarde nos olhos,4,Ppppa,fdkdb
LINS,20,Guarde nos olhos,5,uPpp,kdbb
LINS,20,Guarde nos olhos,6,PaASp,fdkdb
LINS,20,Guarde nos olhos,7,uAaP,kdbb
LINS,20,Guarde nos olhos,8,PpaaS,fdkdb
LINS,20,Guarde nos olhos,9,uaAu,kdbb
LINS,20,Guarde nos olhos,10,AuaAuaSu,ekdkdbb
LINS,20,Guarde nos olhos,11,Sauppu,fdkdbb
LINS,20,Guarde nos olhos,12,Ppppa,fdkdb
LINS,20,Guarde nos olhos,13,uuppu,ekdbb
LINS,20,Guarde nos olhos,14,Ppppa,fdkdb
LINS,20,Guarde nos olhos,15,ppuppu,fdkdbb
LINS,20,Guarde nos olhos,16,Ppppa,fdkdb
LINS,21,Ituverava,1,uApAppp,jebjeb
LINS,21,Ituverava,2,uAaAs,jebj
LINS,21,Ituverava,3,uuuPPu,jebbbab
LINS,21,Ituverava,4,uAsSsA,jebje
LINS,21,Ituverava,5,uApAppp,jebjeb
LINS,21,Ituverava,6,uAaAs,jebj
LINS,21,Ituverava,7,uuuPPu,jebbbab
LINS,21,Ituverava,8,aPuAsSsA,jjebje
LINS,22,Iluminados,1,uuuuuuu,ntmab
LINS,22,Iluminados,2,uuuuuup,ntmab
LINS,22,Iluminados,3,uuuuSpa,ntmab
LINS,22,Iluminados,4,uuuuSpP,ntmab
LINS,22,Iluminados,5,uuaAPpa,osoab
LINS,22,Iluminados,6,uuaApua,osoab
LINS,22,Iluminados,7,uuuupu,oso
LINS,22,Iluminados,8,uuuuPa,oso
LINS,22,Iluminados,9,uuAAAua,osoab
LINS,23,Joana dos barcos,1,uuAs,gsb
LINS,23,Joana dos barcos,2,uppPuAs,fssb
LINS,23,Joana dos barcos,3,uuAs,gsb
LINS,23,Joana dos barcos,4,uppPuAs,fssb
LINS,23,Joana dos barcos,5,uuAu,gsb
LINS,23,Joana dos barcos,6,uppsPSu,fssb
LINS,23,Joana dos barcos,7,uppsPSu,fssb
LINS,23,Joana dos barcos,8,upppASu,fsjj
LINS,23,Joana dos barcos,9,PPuPp,jjj
LINS,23,Joana dos barcos,10,upppAAu,fsjj
LINS,23,Joana dos barcos,11,uPppuuuPppuPa,fsssjj
LINS,24,Lembra de mim,1,upP,kdb
LINS,24,Lembra de mim,2,pPPpppPupP,ejjjkdb
LINS,24,Lembra de mim,3,pPPpppPupP,ejjjkdb
LINS,24,Lembra de mim,4,pPPpppPupP,ejjjkdb
LINS,24,Lembra de mim,5,upP,kdb
LINS,24,Lembra de mim,6,pPPpppPupP,ejjjkdb
LINS,24,Lembra de mim,7,pPPpppPupP,ejjjkdb
LINS,24,Lembra de mim,8,upPAsupP,kdbbkdb
LINS,24,Lembra de mim,9,upP,kdb
LINS,24,Lembra de mim,10,upP,kdb
LINS,24,Lembra de mim,11,pPPpppPupP,ejjjkdb
LINS,24,Lembra de mim,12,pPPpppPupP,ejjjkdb
LINS,24,Lembra de mim,13,pPPpppPupP,ejjjkdb
LINS,24,Lembra de mim,14,upP,kdb
LINS,24,Lembra de mim,15,pPPpppPupP,ejjjkdb
LINS,24,Lembra de mim,16,pPPpppPupP,ejjjkdb
LINS,24,Lembra de mim,17,upPAsupP,kdbbkdb
LINS,24,Lembra de mim,18,upP,kdb
LINS,25,Lembra,1,A,j
LINS,25,Lembra,2,AAAupuaA,sjjj
LINS,25,Lembra,3,AASupuaA,sjjj
LINS,25,Lembra,4,AASupuaA,sjjj
LINS,25,Lembra,5,A,j
LINS,25,Lembra,6,S,j
LINS,25,Lembra,7,uASupuaA,sjjj
LINS,25,Lembra,8,AASupuaA,sjjj
LINS,25,Lembra,9,AASupuaP,sjjj
LINS,25,Lembra,10,uppAppppA,easjjj
LINS,25,Lembra,11,AAAupuaA,sjjj
LINS,25,Lembra,12,AASupuaA,sjjj
LINS,25,Lembra,13,AASupuaA,sjjj
LINS,25,Lembra,14,Ap,jaab
LINS,25,Lembra,15,A,j
LINS,26,Leva e traz,1,pApA,bnan
LINS,26,Leva e traz,2,PpA,nan
LINS,26,Leva e traz,3,Spupa,nann
LINS,26,Leva e traz,4,sSpu,bnan
LINS,26,Leva e traz,5,Sp,ng
LINS,26,Leva e traz,6,sSpppAps,gnnnn
LINS,26,Leva e traz,7,sSpAsS,bebnaj
LINS,26,Leva e traz,8,AsSpu,nanan
LINS,26,Leva e traz,9,sSpA,bnan
LINS,26,Leva e traz,10,SpAsSpu,jananan
LINS,26,Leva e traz,11,sS,beb
LINS,26,Leva e traz,12,ppppppp,enrn
LINS,26,Leva e traz,13,pppaapu,gnrn
LINS,26,Leva e traz,14,psSpapp,gnrn
LINS,26,Leva e traz,15,sAu,bebb
LINS,26,Leva e traz,16,ppppppp,gnrn
LINS,26,Leva e traz,17,pppaapu,gnrn
LINS,26,Leva e traz,18,psSpaaA,gnrn
LINS,27,Madalena,1,APPs,uh
LINS,27,Madalena,2,SPppAa,ugq
LINS,27,Madalena,3,SPpppAs,unmc
LINS,27,Madalena,4,SPppPs,unm
LINS,27,Madalena,5,AAApa,crn
LINS,27,Madalena,6,uuu,pj
LINS,27,Madalena,7,uPpppAu,ugqe
LINS,27,Madalena,8,uPpppAs,ugqe
LINS,27,Madalena,9,uPpppAu,ugqe
LINS,27,Madalena,10,pppP,bjj
LINS,27,Madalena,11,pPPapPu,ntnc
LINS,27,Madalena,12,uuPppuP,nntc
LINS,27,Madalena,13,pPPpppu,ntmab
LINS,27,Madalena,14,uuuu,um
LINS,27,Madalena,15,uPuAApa,ptmc
LINS,27,Madalena,16,uuuuuus,ptmc
LINS,27,Madalena,17,APppSps,ntnc
LINS,27,Madalena,18,ppPpppPPs,bnnnjb
LINS,27,Madalena,19,A,n
LINS,27,Madalena,20,AP,u
LINS,27,Madalena,21,APP,ub
LINS,27,Madalena,22,APPuuuuPasS,uvvb
LINS,27,Madalena,23,AP,u
LINS,27,Madalena,24,APP,ub
LINS,27,Madalena,25,APPuuuuPas,uvv
LINS,28,Meu pais,1,SusSpu,ejebj
LINS,28,Meu pais,2,SusSpsA,ejebje
LINS,28,Meu pais,3,SusSpu,ejjaj
LINS,28,Meu pais,4,SusSpaA,ejebje
LINS,28,Meu pais,5,AuppupuuaA,ejejejj
LINS,28,Meu pais,6,upSpapp,ebjatb
LINS,28,Meu pais,7,uuu,jaj
LINS,28,Meu pais,8,AAPp,jbj
LINS,28,Meu pais,9,ppps,jbj
LINS,29,Mudanca dos ventos,1,Ppppau,osbb
LINS,29,Mudanca dos ventos,2,PppapA,osbb
LINS,29,Mudanca dos ventos,3,Ppppau,osj
LINS,29,Mudanca dos ventos,4,uAAAuu,ejjbb
LINS,29,Mudanca dos ventos,5,Ppppau,osj
LINS,29,Mudanca dos ventos,6,uAASuu,ejjj
LINS,29,Mudanca dos ventos,7,upppuu,ejjj
LINS,29,Mudanca dos ventos,8,ppppuu,ejjbb
LINS,29,Mudanca dos ventos,9,ppppuu,osbb
LINS,29,Mudanca dos ventos,10,ppppuu,osbb
LINS,29,Mudanca dos ventos,11,ppppuu,sjbb
LINS,29,Mudanca dos ventos,12,pppppu,sjbb
LINS,29,Mudanca dos ventos,13,Ppppau,osbb
LINS,29,Mudanca dos ventos,14,PppapA,osbb
LINS,29,Mudanca dos ventos,15,Ppppau,osj
LINS,29,Mudanca dos ventos,16,uAAAuu,ejjbb
LINS,29,Mudanca dos ventos,17,Ppppau,osj
LINS,29,Mudanca dos ventos,18,uAASuu,ejjj
LINS,29,Mudanca dos ventos,19,upppuu,ejjj
LINS,29,Mudanca dos ventos,20,ppppuu,ejjj
LINS,29,Mudanca dos ventos,21,ppppuu,ejjj
LINS,29,Mudanca dos ventos,22,ppppuu,eojj
LINS,29,Mudanca dos ventos,23,ppppuu,eojj
LINS,29,Mudanca dos ventos,24,pppppu,ejjbb
LINS,29,Mudanca dos ventos,25,AAuP,ejbb
LINS,29,Mudanca dos ventos,26,uP,bbb
LINS,29,Mudanca dos ventos,27,AAuP,ejbb
LINS,29,Mudanca dos ventos,28,uP,bbb
LINS,29,Mudanca dos ventos,29,AAuP,ejbb
LINS,29,Mudanca dos ventos,30,uP,bbb
LINS,29,Mudanca dos ventos,31,Ppppau,osbb
LINS,30,Na areia na beira do mar,1,uuAAP,njj
LINS,30,Na areia na beira do mar,2,uuAPu,njj
LINS,30,Na areia na beira do mar,3,uuuaApuuppppppppp,nrrrrlj
LINS,30,Na areia na beira do mar,4,uuAAP,njj
LINS,30,Na areia na beira do mar,5,uuAPu,njj
LINS,30,Na areia na beira do mar,6,uuuaApuuppppppppp,nrrrrlj
LINS,30,Na areia na beira do mar,7,uuuuppup,gvuc
LINS,30,Na areia na beira do mar,8,upPPppu,grlj
LINS,30,Na areia na beira do mar,9,upPPppup,gvuc
LINS,30,Na areia na beira do mar,10,PpPPppp,grlj
LINS,30,Na areia na beira do mar,11,uAPPppAa,gvuc
LINS,30,Na areia na beira do mar,12,PppA,gv
LINS,30,Na areia na beira do mar,13,pp,gj
LINS,31,Novo tempo,1,AAua,jjae
LINS,31,Novo tempo,2,PPpppp,ejeje
LINS,31,Novo tempo,3,uAAuu,ejje
LINS,31,Novo tempo,4,uAAPu,ejje
LINS,31,Novo tempo,5,uAAAu,ejjae
LINS,31,Novo tempo,6,ppsS,fdbj
LINS,31,Novo tempo,7,pppu,fdbj
LINS,31,Novo tempo,8,ppPp,fdbj
LINS,31,Novo tempo,9,AAua,jjae
LINS,31,Novo tempo,10,PPpppp,ejeje
LINS,31,Novo tempo,11,uAAuu,ejje
LINS,31,Novo tempo,12,uAAPu,ejje
LINS,31,Novo tempo,13,uAAAu,ejjae
LINS,31,Novo tempo,14,ppsS,fdbj
LINS,31,Novo tempo,15,pppu,fdbj
LINS,31,Novo tempo,16,ppPp,fdbj
LINS,31,Novo tempo,17,pppppS,ejejae
LINS,31,Novo tempo,18,pppppuS,ejejbe
LINS,31,Novo tempo,19,pppppS,ejejae
LINS,31,Novo tempo,20,pppppS,ejejae
LINS,31,Novo tempo,21,PP,fdb
LINS,31,Novo tempo,22,a,bb
LINS,32,O amor e meu pais,1,AAP,oj
LINS,32,O amor e meu pais,2,AAP,pj
LINS,32,O amor e meu pais,3,AAPupPP,ojsb
LINS,32,O amor e meu pais,4,AAP,oj
LINS,32,O amor e meu pais,5,ASP,pj
LINS,32,O amor e meu pais,6,AAPu,ojab
LINS,32,O amor e meu pais,7,Pp,ej
LINS,32,O amor e meu pais,8,ASp,pj
LINS,32,O amor e meu pais,9,Sup,obb
LINS,32,O amor e meu pais,10,usAAus,ebsj
LINS,32,O amor e meu pais,11,Sp,ob
LINS,32,O amor e meu pais,12,PPuPuPu,bbrt
LINS,32,O amor e meu pais,13,ppppp,sjb
LINS,32,O amor e meu pais,14,PPuPuPu,prt
LINS,32,O amor e meu pais,15,ppppp,sjb
LINS,32,O amor e meu pais,16,PPupPpP,prt
LINS,32,O amor e meu pais,17,PPupPpP,prt
LINS,32,O amor e meu pais,18,APupPpP,prt
LINS,32,O amor e meu pais,19,SpuPpp,srb
LINS,32,O amor e meu pais,20,uuuuuPP,prt
LINS,32,O amor e meu pais,21,PppupPAS,srt
LINS,32,O amor e meu pais,22,ppP,ub
LINS,32,O amor e meu pais,23,App,blb
LINS,32,O amor e meu pais,24,pppu,bqb
LINS,32,O amor e meu pais,25,usAAP,ebaet
LINS,33,Porta entreaberta,1,uuPaaAuuPaaAuuPaaA,fssssss
LINS,33,Porta entreaberta,2,uuPaaAPuPaaSuuPaaA,fssssss
LINS,33,Porta entreaberta,3,uuPaaAuuPaaAuuPaaA,fssssss
LINS,33,Porta entreaberta,4,uuPaaSuuPaaSuuPaaA,fssssss
LINS,33,Porta entreaberta,5,pppApp,gaauu
LINS,33,Porta entreaberta,6,pppppa,uug
LINS,33,Porta entreaberta,7,pppAppAppppA,gaaosssb
LINS,33,Porta entreaberta,8,upppppa,gaauug
LINS,33,Porta entreaberta,9,ppppP,uu
LINS,33,Porta entreaberta,10,pppAp,epr
LINS,33,Porta entreaberta,11,ppppP,uu
LINS,33,Porta entreaberta,12,pppAp,epr
LINS,33,Porta entreaberta,13,ppppP,uu
LINS,33,Porta entreaberta,14,pppAp,epr
LINS,34,Quadras de roda,1,usuSp,ptb
LINS,34,Quadras de roda,2,uusuuApu,gttj
LINS,34,Quadras de roda,3,usuSp,ptb
LINS,34,Quadras de roda,4,uusuuApu,gttj
LINS,34,Quadras de roda,5,uuuAA,prb
LINS,34,Quadras de roda,6,Apappu,nnt
LINS,34,Quadras de roda,7,uuuuPPa,nnre
LINS,34,Quadras de roda,8,uSpuuu,nrm
LINS,34,Quadras de roda,9,uuuPPu,nrj
LINS,34,Quadras de roda,10,uupppau,ntnc
LINS,34,Quadras de roda,11,uuuApu,nrj
LINS,34,Quadras de roda,12,uupppau,ntnc
LINS,34,Quadras de roda,13,uuuuPPu,urj
LINS,34,Quadras de roda,14,Sppppuu,jntc
LINS,34,Quadras de roda,15,uuuPPu,nrj
LINS,34,Quadras de roda,16,Sppppuu,jntc
LINS,34,Quadras de roda,17,uuuaA,nrb
LINS,34,Quadras de roda,18,uuuppu,nrj
LINS,34,Quadras de roda,19,uuuuAupu,nrjj
LINS,34,Quadras de roda,20,uupps,nlbb
LINS,35,Rio de maio,1,uPPppppA,baaaaoss
LINS,35,Rio de maio,2,p,ee
LINS,35,Rio de maio,3,uPPppppA,baaaaoss
LINS,35,Rio de maio,4,PP,ebab
LINS,35,Rio de maio,5,uPPppppA,baaaaoss
LINS,35,Rio de maio,6,A,eb
LINS,35,Rio de maio,7,uuPPppppu,ebaaaaoss
LINS,35,Rio de maio,8,S,eb
LINS,35,Rio de maio,9,A,eb
LINS,35,Rio de maio,10,S,eb
LINS,35,Rio de maio,11,SppPApppaaS,ebaaaaossi
LINS,35,Rio de maio,12,pPApppaaS,ossi
LINS,35,Rio de maio,13,pPApppaaS,ossi
LINS,35,Rio de maio,14,Puaa,ekdb
LINS,35,Rio de maio,15,PPppaaSuaa,ossfdb
LINS,35,Rio de maio,16,PPppaaSuaa,ossfdb
LINS,35,Rio de maio,17,PPppaaSuaa,ossfdb
LINS,35,Rio de maio,18,Auaa,ekdb
LINS,35,Rio de maio,19,Puaa,ekdb
LINS,35,Rio de maio,20,PPppaaSuaa,ossfdb
LINS,35,Rio de maio,21,PPppaaSuaa,ossfdb
LINS,35,Rio de maio,22,PPppaaSpp,ossabb
LINS,35,Rio de maio,23,ppuaA,ebababaaeb
LINS,36,Saindo de mim,1,uPPPPPA,ebokdb
LINS,36,Saindo de mim,2,PaaaSP,okdbb
LINS,36,Saindo de mim,3,PPppA,jkdb
LINS,36,Saindo de mim,4,psAA,obj
LINS,36,Saindo de mim,5,pp,bbaaab
LINS,36,Saindo de mim,6,uPPPPPA,ebokdb
LINS,36,Saindo de mim,7,PaaaSP,okdbb
LINS,36,Saindo de mim,8,PPppA,okdb
LINS,36,Saindo de mim,9,uAAu,bbjab
LINS,36,Saindo de mim,10,pp,bbaaab
LINS,36,Saindo de mim,11,SaPPAaa,ebokdb
LINS,36,Saindo de mim,12,PPppAu,okdbab
LINS,36,Saindo de mim,13,PPAaau,jkdbab
LINS,36,Saindo de mim,14,PPpsSu,esebab
LINS,36,Saindo de mim,15,uaPPAaa,ebokdb
LINS,36,Saindo de mim,16,PPppAu,ejjbab
LINS,36,Saindo de mim,17,PPaSaau,ojobab
LINS,36,Saindo de mim,18,pppsSu,ejobab
LINS,36,Saindo de mim,19,papppu,ejobab
LINS,37,Sertaneja,1,uuuPau,jebje
LINS,37,Sertaneja,2,aPpPAu,ebbkdb
LINS,37,Sertaneja,3,uuuPau,jebje
LINS,37,Sertaneja,4,aPuPpP,ebbkdb
LINS,37,Sertaneja,5,uuuPau,jebje
LINS,37,Sertaneja,6,aPpPAu,ebbkdb
LINS,37,Sertaneja,7,uuuPau,jebje
LINS,37,Sertaneja,8,aPuPpP,ebbkdb
LINS,37,Sertaneja,9,uuuPPu,jebje
LINS,37,Sertaneja,10,apup,ebje
LINS,37,Sertaneja,11,APPu,ebje
LINS,37,Sertaneja,12,apup,ebje
LINS,37,Sertaneja,13,APPu,ebje
LINS,37,Sertaneja,14,apuppP,ebbkdb
LINS,37,Sertaneja,15,uuuPPu,jebje
LINS,37,Sertaneja,16,apup,ebje
LINS,37,Sertaneja,17,APPu,ebje
LINS,37,Sertaneja,18,apup,ebje
LINS,37,Sertaneja,19,APPu,ebje
LINS,37,Sertaneja,20,apuppP,ebbkdb
LINS,38,Soberana rosa,1,Auu,pl
LINS,38,Soberana rosa,2,PaAuu,vl
LINS,38,Soberana rosa,3,PaAuu,vl
LINS,38,Soberana rosa,4,Papu,vb
LINS,38,Soberana rosa,5,AAAu,ul
LINS,38,Soberana rosa,6,pppPu,vl
LINS,38,Soberana rosa,7,AAAu,ul
LINS,38,Soberana rosa,8,pppP,vb
LINS,38,Soberana rosa,9,ppu,pl
LINS,38,Soberana rosa,10,PaAuu,vl
LINS,38,Soberana rosa,11,PaAuu,vl
LINS,38,Soberana rosa,12,Papu,ot
LINS,39,Tens,1,uuuu,jjb
LINS,39,Tens,2,uuuPuu,ejjj
LINS,39,Tens,3,uuuuuuuuuuPuu,jjjjjjj
LINS,39,Tens,4,uuSu,jjb
LINS,39,Tens,5,PppuPp,jjbabaaab
LINS,39,Tens,6,uuuu,jjb
LINS,39,Tens,7,uuuPuu,ejjj
LINS,39,Tens,8,pupppSuuuuPpu,jjjjjjj
LINS,39,Tens,9,uuuuuupupuPpPp,jjjjjjbaabab
LINS,39,Tens,10,uuuu,jjb
LINS,39,Tens,11,uuuPuu,ejjj
LINS,39,Tens,12,uuuuuuuuuuPuu,jjjjjjj
LINS,39,Tens,13,uuSu,jjb
LINS,39,Tens,14,PppuPp,jjbabaaab
LINS,39,Tens,15,uuuu,jjb
LINS,39,Tens,16,uuuPuu,ejjj
LINS,39,Tens,17,pupppSuuuuPpu,jjjjjjj
LINS,39,Tens,18,uuuuuuupuppPPpPp,ejjjjbjjbabab
LINS,40,Um fado,1,upPuPPu,kdkdbb
LINS,40,Um fado,2,upPuPPu,kdkdbb
LINS,40,Um fado,3,upauaau,kdkdk
LINS,40,Um fado,4,pppPu,dbobb
LINS,40,Um fado,5,AupPuPPu,ekdkdbb
LINS,40,Um fado,6,upPuPPu,ebdkdbb
LINS,40,Um fado,7,uupauaau,ekdkdk
LINS,40,Um fado,8,pppPu,dbobb
LINS,40,Um fado,9,upPuPPu,kdkdbb
LINS,40,Um fado,10,upPuPPu,ebdkdbb
LINS,40,Um fado,11,ppuapu,okdk
LINS,40,Um fado,12,Suapu,dkdk
LINS,40,Um fado,13,SuapupsP,dkdkdbab
LINS,40,Um fado,14,upPuPPu,kdkdbb
LINS,40,Um fado,15,upPuPPu,kdkdbb
LINS,40,Um fado,16,upaPpaau,bobsk
LINS,40,Um fado,17,pppPu,dbobb
LINS,41,Velas icadas,1,uAsuAsuAsuApa,kdkdkdkdbb
LINS,41,Velas icadas,2,uAsuAsuAsuAp,kdkdkdkdb
LINS,41,Velas icadas,3,uAsuAsuAsuApa,kdkdkdkdbb
LINS,41,Velas icadas,4,uAsuAsuAAusA,kdkdkdkdb
LINS,41,Velas icadas,5,upAppaP,kdbobb
LINS,41,Velas icadas,6,upApppP,kdkdbb
LINS,41,Velas icadas,7,upAppaA,kdkdbb
LINS,41,Velas icadas,8,uAsuAsuAsuApa,kdkdkdkdbb
LINS,41,Velas icadas,9,uAsuAsupAuuu,kdkdkdkdb
LINS,42,Vitoriosa,1,pp,bp
LINS,42,Vitoriosa,2,PPPPSps,osjae
LINS,42,Vitoriosa,3,pPPPPSP,ejjjb
LINS,42,Vitoriosa,4,PpupupPPaaup,ejjjjbeaj
LINS,42,Vitoriosa,5,uuuupp,jjbj
LINS,42,Vitoriosa,6,uppp,oje
LINS,42,Vitoriosa,7,uuuupp,jjbj
LINS,42,Vitoriosa,8,uppp,oje
LINS,42,Vitoriosa,9,uupPPP,jjbj
LINS,42,Vitoriosa,10,ppppPPaa,ejjjbe
LINS,42,Vitoriosa,11,PpA,ebj
LINS,42,Vitoriosa,12,PpA,ebj
LINS,42,Vitoriosa,13,pp,bp
LINS,42,Vitoriosa,14,PPPPSps,osjae
LINS,42,Vitoriosa,15,pPPPPSP,ejjjb
LINS,42,Vitoriosa,16,PpupupPPaa,ejjjjbe
LINS,42,Vitoriosa,17,ApppPpPPapp,ejojobp
LINS,43,Antes que seja tarde,1,uPppau,etnc
LINS,43,Antes que seja tarde,2,Aaapu,tnc
LINS,43,Antes que seja tarde,3,PPAS,tn
LINS,43,Antes que seja tarde,4,uppApsu,jumc
LINS,43,Antes que seja tarde,5,uuuupPu,gste
LINS,43,Antes que seja tarde,6,AAApuu,gote
LINS,43,Antes que seja tarde,7,PPAPpu,gote
LINS,43,Antes que seja tarde,8,ppappp,gote
LINS,43,Antes que seja tarde,9,uuupPu,gote
LINS,43,Antes que seja tarde,10,AAApuu,gote
LINS,43,Antes que seja tarde,11,PPAPpu,gote
LINS,43,Antes que seja tarde,12,ppappp,gote
LINS,44,Arlequim desconhecido,1,APu,ejb
LINS,44,Arlequim desconhecido,2,APu,ejb
LINS,44,Arlequim desconhecido,3,APuupap,ejbbbbb
LINS,44,Arlequim desconhecido,4,APu,ejb
LINS,44,Arlequim desconhecido,5,APu,ejb
LINS,44,Arlequim desconhecido,6,APuuppu,ejbbbbb
LINS,44,Arlequim desconhecido,7,uuuuuuuuPpua,fdkdkdkdbab
LINS,44,Arlequim desconhecido,8,uuuuuuuuPpua,fdkdkdkdbab
LINS,44,Arlequim desconhecido,9,uuuuuPpas,fdkdkdbb
LINS,44,Arlequim desconhecido,10,uuuuuPpas,fdkdkdbb
LINS,44,Arlequim desconhecido,11,uuuuuPpppaSp,fdkdkdkdbaaab
LINS,45,Aparecida,1,upaau,banng
LINS,45,Aparecida,2,SupPuupppas,gsslnab
LINS,45,Aparecida,3,uuuuppp,gssb
LINS,45,Aparecida,4,uuuupaa,fssb
LINS,45,Aparecida,5,AuuuppAp,gssl
LINS,45,Aparecida,6,AuuuaaS,gssb
LINS,45,Aparecida,7,upaau,banng
LINS,45,Aparecida,8,sPAaAu,baosg
LINS,45,Aparecida,9,sAaAu,baasj
LINS,45,Aparecida,10,PPPPPuu,orne
LINS,45,Aparecida,11,puu,oj
LINS,45,Aparecida,12,up,naab
LINS,45,Aparecida,13,upaau,banng
LINS,45,Aparecida,14,pupaau,gbanng
LINS,46,Bonito,1,pppPpppaSppPpppaSppPpppPPAup,uvvvvvvj
LINS,46,Bonito,2,pppPpppPpppPPPPsuPPPPPPpApp,uvvvvvvb
LINS,46,Bonito,3,pppPpppPpppp,uvvj
LINS,46,Bonito,4,uuuuuPPPPPAp,uvvl
LINS,46,Bonito,5,AAApupupPPua,uvvl
LINS,46,Bonito,6,ppApPpppPpppSpppAp,uvvtul
LINS,46,Bonito,7,ppPaaaSaaaSu,uvvh
LINS,46,Bonito,8,PPPpPPPpPPPu,uvvj
LINS,46,Bonito,9,SaaaA,gvb
LINS,46,Bonito,10,AaaaAapPSp,gvvl
LINS,46,Bonito,11,SpPa,gleb
LINS,46,Bonito,12,pppPpppPpppp,uvvl
LINS,46,Bonito,13,pppPpppPPAup,uvvl
LINS,46,Bonito,14,pppPpppPpppPPPPsuPPPPPPpApp,uvvvvvvb
LINS,46,Bonito,15,pppaAPPPPPpp,uvvl
LINS,46,Bonito,16,pPppaaSaaaAu,uvvl
LINS,47,Camaleao,1,uuuaS,rnb
LINS,47,Camaleao,2,uuuaPp,rnh
LINS,47,Camaleao,3,uuuaSaa,rnbj
LINS,47,Camaleao,4,uuuaS,rnb
LINS,47,Camaleao,5,uuuaA,rnb
LINS,47,Camaleao,6,uuuaSpu,rnbj
LINS,48,Bandeira do divino,1,aaAuupp,jbbbebb
LINS,48,Bandeira do divino,2,sPAupPa,jbbbebb
LINS,48,Bandeira do divino,3,PPuuupp,jbbbebb
LINS,48,Bandeira do divino,4,PPupaaAua,jbbbebbbab
LINS,48,Bandeira do divino,5,aaAuupp,jbbbebb
LINS,48,Bandeira do divino,6,sPAupPa,jbbbebb
LINS,48,Bandeira do divino,7,PPuuupp,jbbbebb
LINS,48,Bandeira do divino,8,PPupaaAua,jbbbebbbab
LINS,49,Coragem mulher,1,uSupu,pmp
LINS,49,Coragem mulher,2,uAuAup,mpme
LINS,49,Coragem mulher,3,uSupu,ppp
LINS,49,Coragem mulher,4,uAuSua,mpme
LINS,49,Coragem mulher,5,uSupu,pmp
LINS,49,Coragem mulher,6,PsASua,mpme
LINS,49,Coragem mulher,7,uPupupppu,pmpmeb
LINS,49,Coragem mulher,8,uA,ej
LINS,49,Coragem mulher,9,pSp,ejab
LINS,49,Coragem mulher,10,uSPa,ejaabb
LINS,49,Coragem mulher,11,uA,ej
LINS,49,Coragem mulher,12,pSp,ejab
LINS,49,Coragem mulher,13,uSP,ejaab
LINS,49,Coragem mulher,14,uSupu,pmp
LINS,49,Coragem mulher,15,uAuAup,mpme
LINS,49,Coragem mulher,16,uSupu,ppp
LINS,49,Coragem mulher,17,uAuSuua,mpmj
LINS,49,Coragem mulher,18,uSupu,pmp
LINS,49,Coragem mulher,19,PsASua,mpme
LINS,49,Coragem mulher,20,uSupu,pmp
LINS,49,Coragem mulher,21,ppu,meb
LINS,49,Coragem mulher,22,uA,ej
LINS,49,Coragem mulher,23,pSp,ejab
LINS,49,Coragem mulher,24,uSPa,ejaabb
LINS,49,Coragem mulher,25,uA,ej
LINS,49,Coragem mulher,26,pSp,ejab
LINS,49,Coragem mulher,27,uSPa,ejaabb
LINS,49,Coragem mulher,28,uA,ej
LINS,49,Coragem mulher,29,pSp,ejab
LINS,49,Coragem mulher,30,uSPa,ejaabb
LINS,49,Coragem mulher,31,uA,ej
LINS,49,Coragem mulher,32,pSp,ejab
LINS,49,Coragem mulher,33,uS,ej
LINS,50,Cartomante,1,AupPPs,jjbj
LINS,50,Cartomante,2,upPP,ejbb
LINS,50,Cartomante,3,AupPPs,jjbj
LINS,50,Cartomante,4,upPP,ejbb
LINS,50,Cartomante,5,AupPPs,jjbj
LINS,50,Cartomante,6,upPP,ejbb
LINS,50,Cartomante,7,AupPPs,jjbj
LINS,50,Cartomante,8,upPP,ejbb
LINS,50,Cartomante,9,sAAupP,jjbj
LINS,50,Cartomante,10,AAup,ejbb
LINS,50,Cartomante,11,sASupu,jjbj
LINS,50,Cartomante,12,ASup,ejbb
LINS,50,Cartomante,13,sAAupP,jjbj
LINS,50,Cartomante,14,AAup,ejbb
LINS,50,Cartomante,15,sASupu,jjbj
LINS,50,Cartomante,16,PSupP,ejbbb
LINS,50,Cartomante,17,AupPP,jjbb
LINS,50,Cartomante,18,AupPP,jjbb
LINS,50,Cartomante,19,AupP,jjb
LINS,50,Cartomante,20,AupPP,eejbb
LINS,50,Cartomante,21,AupPP,jjbb
LINS,50,Cartomante,22,AupPP,jjbb
LINS,50,Cartomante,23,AupP,jjb
LINS,50,Cartomante,24,AupPP,eejbb
MILTON,1,A sede do peixe,1,uAPP,baaakeb
MILTON,1,A sede do peixe,2,pup,eaej
MILTON,1,A sede do peixe,3,PppP,ebaeeb
MILTON,1,A sede do peixe,4,pa,eaaee
MILTON,1,A sede do peixe,5,uAPP,baaakeb
MILTON,1,A sede do peixe,6,pup,eaej
MILTON,1,A sede do peixe,7,PppP,ebaeeb
MILTON,1,A sede do peixe,8,pa,eabb
MILTON,1,A sede do peixe,9,uAPPp,eaaaakdbab
MILTON,1,A sede do peixe,10,paP,kdb
MILTON,1,A sede do peixe,11,Ap,ej
MILTON,1,A sede do peixe,12,AApa,eeebb
MILTON,2,A terceira margem do rio,1,AuAuu,jjbb
MILTON,2,A terceira margem do rio,2,uuuuuu,ejjj
MILTON,2,A terceira margem do rio,3,AuAuu,jjbb
MILTON,2,A terceira margem do rio,4,uupp,ejbb
MILTON,2,A terceira margem do rio,5,AuAuu,jjbb
MILTON,2,A terceira margem do rio,6,uuuuuu,ejjj
MILTON,2,A terceira margem do rio,7,AuAuu,jjbb
MILTON,2,A terceira margem do rio,8,uupp,ejbb
MILTON,2,A terceira margem do rio,9,uuuuu,jjbb
MILTON,2,A terceira margem do rio,10,uuaupu,ejjj
MILTON,2,A terceira margem do rio,11,uuuuu,jjbb
MILTON,2,A terceira margem do rio,12,uuPupu,ejjj
MILTON,2,A terceira margem do rio,13,uuuuu,jjbb
MILTON,2,A terceira margem do rio,14,uuaupPup,ejkdfabaaab
MILTON,2,A terceira margem do rio,15,AuAAuu,jjjb
MILTON,2,A terceira margem do rio,16,uuuPPp,ejkj
MILTON,2,A terceira margem do rio,17,AuAAu,jjbb
MILTON,2,A terceira margem do rio,18,uuuAup,ejjj
MILTON,2,A terceira margem do rio,19,AuAA,jjb
MILTON,2,A terceira margem do rio,20,puuuPPP,eejjj
MILTON,2,A terceira margem do rio,21,AuAAuu,jjjb
MILTON,2,A terceira margem do rio,22,uuPp,ejbb
MILTON,2,A terceira margem do rio,23,uuuuu,jjbb
MILTON,2,A terceira margem do rio,24,uuaupu,ejjj
MILTON,2,A terceira margem do rio,25,uuuuu,jjbb
MILTON,2,A terceira margem do rio,26,uuPupu,ejjj
MILTON,2,A terceira margem do rio,27,uuuuu,jjbb
MILTON,2,A terceira margem do rio,28,uuaupuPp,ejjjbaaab
MILTON,2,A terceira margem do rio,29,uuuuu,jjbb
MILTON,2,A terceira margem do rio,30,uuAupu,ejjj
MILTON,2,A terceira margem do rio,31,uuuuu,jjbb
MILTON,2,A terceira margem do rio,32,uuaupu,ejjj
MILTON,2,A terceira margem do rio,33,uuuuu,jjbb
MILTON,2,A terceira margem do rio,34,pPpupuu,eojjb
MILTON,3,Amor amigo,1,uuPpa,oiafb
MILTON,3,Amor amigo,2,uuuuSpP,fibjaai
MILTON,3,Amor amigo,3,uuPpa,fso
MILTON,3,Amor amigo,4,uuuuS,gsi
MILTON,3,Amor amigo,5,uPpP,bjai
MILTON,3,Amor amigo,6,uuuuuAap,goskb
MILTON,3,Amor amigo,7,pPupPPpa,osio
MILTON,3,Amor amigo,8,PuaP,esb
MILTON,3,Amor amigo,9,aPPaa,jjeb
MILTON,3,Amor amigo,10,uuuuuPpu,ossb
MILTON,3,Amor amigo,11,uuPpuPpS,osin
MILTON,4,Cais,1,puPuPu,oiob
MILTON,4,Cais,2,PPa,kdb
MILTON,4,Cais,3,PPapuAuAu,kdbebjaj
MILTON,4,Cais,4,PPapuPuPu,ebddjkdb
MILTON,4,Cais,5,PPa,ejb
MILTON,4,Cais,6,PPa,ebee
MILTON,4,Cais,7,PPppp,jeat
MILTON,4,Cais,8,puPuPu,ojeeb
MILTON,4,Cais,9,PPa,ejb
MILTON,4,Cais,10,PPa,ebee
MILTON,4,Cais,11,PPppp,jeat
MILTON,5,Cancao amiga,1,uuAupu,jbbjb
MILTON,5,Cancao amiga,2,uupuPupua,jjbjebb
MILTON,5,Cancao amiga,3,uupPupup,jjebje
MILTON,5,Cancao amiga,4,auAuPPuA,jjbbbbe
MILTON,5,Cancao amiga,5,uAuuPpa,ejjebe
MILTON,5,Cancao amiga,6,uuPppuap,jjbbbbb
MILTON,5,Cancao amiga,7,uuPaPup,jjabbbb
MILTON,5,Cancao amiga,8,uuauupuP,jbjjbb
MILTON,5,Cancao amiga,9,uuPuPup,jjeebae
MILTON,5,Cancao amiga,10,upuPpu,ejbbaj
MILTON,5,Cancao amiga,11,uuPuPu,ejjeb
MILTON,5,Cancao amiga,12,PuPuPua,eebjebb
MILTON,5,Cancao amiga,13,uuPupup,jbjebb
MILTON,5,Cancao amiga,14,uuuupuap,jjbjeb
MILTON,5,Cancao amiga,15,PuauPup,jbjebb
MILTON,5,Cancao amiga,16,SupuuuP,jbbbbbb
MILTON,6,Catavento,1,PPPpppppp,prnjb
MILTON,6,Catavento,2,upPP,nnb
MILTON,6,Catavento,3,PPPpppppp,prnjb
MILTON,6,Catavento,4,upPP,nnb
MILTON,6,Catavento,5,PPauuPPau,prnjb
MILTON,6,Catavento,6,SpPa,nnb
MILTON,6,Catavento,7,PPauuPPau,prnjb
MILTON,6,Catavento,8,SpPP,nnb
MILTON,6,Catavento,9,PPPpppppP,prnjb
MILTON,6,Catavento,10,Apuu,nnb
MILTON,6,Catavento,11,PPPppp,prn
MILTON,6,Catavento,12,PPPppp,prn
MILTON,6,Catavento,13,PPPppp,prn
MILTON,6,Catavento,14,pPP,gnb
MILTON,7,Caxanga,1,uuuPp,rjaab
MILTON,7,Caxanga,2,uuuPP,rjab
MILTON,7,Caxanga,3,auppapPu,erjej
MILTON,7,Caxanga,4,auppapPu,erjej
MILTON,7,Caxanga,5,uuAPp,jjj
MILTON,7,Caxanga,6,Apuuppu,jtmb
MILTON,7,Caxanga,7,uuuupu,ejjj
MILTON,7,Caxanga,8,uPPPp,jjj
MILTON,7,Caxanga,9,AppAuppp,jtnj
MILTON,7,Caxanga,10,Puupu,jjj
MILTON,7,Caxanga,11,uPPPp,jjj
MILTON,7,Caxanga,12,AppAuppp,jtnj
MILTON,7,Caxanga,13,uPuuu,jjj
MILTON,8,Clube da Esquina 2,1,PuAuupu,pnjj
MILTON,8,Clube da Esquina 2,2,SupuPup,lnjj
MILTON,8,Clube da Esquina 2,3,AuupuPp,lnjj
MILTON,8,Clube da Esquina 2,4,PPaapP,pnt
MILTON,8,Clube da Esquina 2,5,papPpP,ntm
MILTON,8,Clube da Esquina 2,6,PpPpPpPpPpPpP,rtmrt
MILTON,8,Clube da Esquina 2,7,Sps,babbb
MILTON,8,Clube da Esquina 2,8,paA,bbbe
MILTON,8,Clube da Esquina 2,9,u,be
MILTON,9,Coracao civil,1,uuuuu,jbjb
MILTON,9,Coracao civil,2,pauAa,ejbbb
MILTON,9,Coracao civil,3,uuuuu,jbjb
MILTON,9,Coracao civil,4,pauAa,ejbbb
MILTON,9,Coracao civil,5,PPuupppuuuA,lbbjjbjb
MILTON,9,Coracao civil,6,PPuuuppaAuu,jbjjjbbb
MILTON,9,Coracao civil,7,uu,jb
MILTON,9,Coracao civil,8,AuuupppPpuppp,grjjrnb
MILTON,9,Coracao civil,9,uuu,rb
MILTON,9,Coracao civil,10,AuuupppuPpuppp,grtntmb
MILTON,9,Coracao civil,11,uuupuuuu,ttmb
MILTON,9,Coracao civil,12,uuuupupp,pmtj
MILTON,9,Coracao civil,13,PPuAuu,ttb
MILTON,9,Coracao civil,14,auu,gmb
MILTON,9,Coracao civil,15,uuuaAuu,ptlb
MILTON,9,Coracao civil,16,uupPp,glmb
MILTON,10,Credo,1,uuuuuu,jks
MILTON,10,Credo,2,uauuup,ejjbb
MILTON,10,Credo,3,uuuuuuuuuu,jjjjt
MILTON,10,Credo,4,upP,es
MILTON,10,Credo,5,p,bb
MILTON,10,Credo,6,uuuuuu,jks
MILTON,10,Credo,7,uauuuP,ejajbb
MILTON,10,Credo,8,P,eb
MILTON,10,Credo,9,puuuuuuuuuuau,ejjjjjjb
MILTON,10,Credo,10,uuuuuuuauuupp,jjjjjjbb
MILTON,10,Credo,11,uuuuuuuauuupp,jjjjjjbb
MILTON,11,Crenca,1,AAAu,ebbbb
MILTON,11,Crenca,2,Pp,eeab
MILTON,11,Crenca,3,PAapppAPa,ejeeejbe
MILTON,11,Crenca,4,pPA,ebj
MILTON,11,Crenca,5,uup,kdb
MILTON,11,Crenca,6,pPPppppu,oigoi
MILTON,11,Crenca,7,AApPPu,ejaeebe
MILTON,11,Crenca,8,AAApPP,jjeabb
MILTON,11,Crenca,9,AAAuApa,ebbbbbbe
MILTON,11,Crenca,10,aaSppP,kdbbbb
MILTON,11,Crenca,11,ppuPaPpp,fdbebeje
MILTON,11,Crenca,12,Ppu,idb
MILTON,12,Danca dos meninos,1,ppupP,jjj
MILTON,12,Danca dos meninos,2,upPPuP,jsm
MILTON,12,Danca dos meninos,3,pupP,gjj
MILTON,12,Danca dos meninos,4,upP,jj
MILTON,12,Danca dos meninos,5,upP,jj
MILTON,12,Danca dos meninos,6,pAupPpppp,okjkdb
MILTON,12,Danca dos meninos,7,ppAppuAppuAa,jtjqjb
MILTON,12,Danca dos meninos,8,pp,mb
MILTON,12,Danca dos meninos,9,ApPPu,jqb
MILTON,12,Danca dos meninos,10,PAu,qb
MILTON,12,Danca dos meninos,11,PAuapuPAu,qqqb
MILTON,12,Danca dos meninos,12,PAuuP,slb
MILTON,12,Danca dos meninos,13,pupP,ejj
MILTON,12,Danca dos meninos,14,upPA,teb
MILTON,12,Danca dos meninos,15,paPupP,gjjj
MILTON,12,Danca dos meninos,16,upP,jj
MILTON,12,Danca dos meninos,17,upPupA,jjs
MILTON,12,Danca dos meninos,18,pPpppp,ejkdb
MILTON,12,Danca dos meninos,19,ppAppu,jtj
MILTON,12,Danca dos meninos,20,ppuAa,qjb
MILTON,12,Danca dos meninos,21,pp,mb
MILTON,12,Danca dos meninos,22,ApPPu,jqb
MILTON,12,Danca dos meninos,23,PAu,qb
MILTON,12,Danca dos meninos,24,PAuapuPAu,qqqb
MILTON,12,Danca dos meninos,25,PAuuP,slb
MILTON,13,E dai,1,uuPPPppp,eeebbjaeb
MILTON,13,E dai,2,Pp,bbaaab
MILTON,13,E dai,3,ppupp,kdjb
MILTON,13,E dai,4,uPuupuupp,jeajjob
MILTON,13,E dai,5,uS,ej
MILTON,13,E dai,6,uuaAPp,ejjabaab
MILTON,13,E dai,7,uuPPPppp,jjjbaeb
MILTON,13,E dai,8,uP,ej
MILTON,13,E dai,9,upppp,bjjb
MILTON,13,E dai,10,uuAu,ejeb
MILTON,13,E dai,11,ppp,es
MILTON,13,E dai,12,S,eb
MILTON,13,E dai,13,uuaAP,kdjab
MILTON,13,E dai,14,uu,kd
MILTON,13,E dai,15,uuSP,ejbb
MILTON,13,E dai,16,uu,ebb
MILTON,13,E dai,17,uuSpp,eabjaaaeb
MILTON,13,E dai,18,uuuuuup,ebbbbjaaab
MILTON,13,E dai,19,uuuuu,ebkdb
MILTON,13,E dai,20,pppp,eaaeabaaeb
MILTON,14,Maria Maria,1,AuuuPpu,ejjej
MILTON,14,Maria Maria,2,uuPps,ejej
MILTON,14,Maria Maria,3,uuuup,ejej
MILTON,14,Maria Maria,4,Aa,bbb
MILTON,14,Maria Maria,5,uuuAPa,jjej
MILTON,14,Maria Maria,6,uuuuP,ejej
MILTON,14,Maria Maria,7,uupuu,ejej
MILTON,14,Maria Maria,8,uppp,ejp
MILTON,14,Maria Maria,9,uuuuuu,jjej
MILTON,14,Maria Maria,10,uuuuu,ejej
MILTON,14,Maria Maria,11,uuuup,ejej
MILTON,14,Maria Maria,12,Aa,bbb
MILTON,14,Maria Maria,13,uuuAPa,jjej
MILTON,14,Maria Maria,14,uuuuP,ejej
MILTON,14,Maria Maria,15,uupuu,ejej
MILTON,14,Maria Maria,16,uppp,ejp
MILTON,15,Maria tres filhos,1,uuSuAu,ntn
MILTON,15,Maria tres filhos,2,uuSuAu,ntm
MILTON,15,Maria tres filhos,3,PPppppp,nvh
MILTON,15,Maria tres filhos,4,pppp,gnj
MILTON,15,Maria tres filhos,5,pupu,tn
MILTON,15,Maria tres filhos,6,uuSuAu,ntn
MILTON,15,Maria tres filhos,7,uuSuAu,ntm
MILTON,15,Maria tres filhos,8,PPppppp,nvh
MILTON,15,Maria tres filhos,9,pppp,gnj
MILTON,15,Maria tres filhos,10,pupu,tn
MILTON,15,Maria tres filhos,11,uuuuuu,njjc
MILTON,15,Maria tres filhos,12,suAPAAa,gjjt
MILTON,15,Maria tres filhos,13,uuuuaAu,vjj
MILTON,15,Maria tres filhos,14,uuuuaAP,vjj
MILTON,16,Milagre dos peixes,1,uuuPPuuu,ejjbbbb
MILTON,16,Milagre dos peixes,2,uAu,ejb
MILTON,16,Milagre dos peixes,3,uuuPPuuu,ejjbbbb
MILTON,16,Milagre dos peixes,4,uAu,ejb
MILTON,16,Milagre dos peixes,5,uuup,ejbb
MILTON,16,Milagre dos peixes,6,uuAuAup,jjjbb
MILTON,16,Milagre dos peixes,7,uuAuAup,jjjbb
MILTON,16,Milagre dos peixes,8,pup,bbabb
MILTON,16,Milagre dos peixes,9,upu,bbbb
MILTON,16,Milagre dos peixes,10,ppuuuAuAup,ejjjjbb
MILTON,16,Milagre dos peixes,11,uuAuAup,jjjbb
MILTON,16,Milagre dos peixes,12,pup,bbabb
MILTON,16,Milagre dos peixes,13,upu,bbbb
MILTON,16,Milagre dos peixes,14,uuuPppuuPP,bbbbbbbbbbb
MILTON,16,Milagre dos peixes,15,uuuuPpPpup,ejbbbbbbbb
MILTON,16,Milagre dos peixes,16,uuuuP,ejbbb
MILTON,16,Milagre dos peixes,17,uuPup,ejbbb
MILTON,16,Milagre dos peixes,18,uuuuP,ejbbb
MILTON,16,Milagre dos peixes,19,PPuPa,bbbbbb
MILTON,16,Milagre dos peixes,20,PPuPP,bbbbbb
MILTON,16,Milagre dos peixes,21,uuu,ejb
MILTON,17,Morro Velho,1,au,jb
MILTON,17,Morro Velho,2,AApa,eibb
MILTON,17,Morro Velho,3,uuuuA,ooi
MILTON,17,Morro Velho,4,uuuPu,oio
MILTON,17,Morro Velho,5,Sppppup,dsdebb
MILTON,17,Morro Velho,6,uuuuAu,ssb
MILTON,17,Morro Velho,7,uuuPu,oii
MILTON,17,Morro Velho,8,Sppppau,eijebb
MILTON,17,Morro Velho,9,ppppau,oeaobb
MILTON,17,Morro Velho,10,Aupua,dsbab
MILTON,17,Morro Velho,11,uAauuAa,eioib
MILTON,17,Morro Velho,12,uAuauuuu,sjjeab
MILTON,17,Morro Velho,13,uuAu,si
MILTON,17,Morro Velho,14,pua,obb
MILTON,17,Morro Velho,15,uuPaauuupua,ososbb
MILTON,17,Morro Velho,16,u,db
MILTON,17,Morro Velho,17,uupua,fsbb
MILTON,17,Morro Velho,18,AuuPa,fsi
MILTON,17,Morro Velho,19,uuupua,osbb
MILTON,17,Morro Velho,20,apau,baaebee
MILTON,17,Morro Velho,21,Aap,ebadb
MILTON,17,Morro Velho,22,aAppp,beeaej
MILTON,17,Morro Velho,23,App,eeaaaj
MILTON,18,Nada sera como antes,1,uuPuupuuP,ejejeje
MILTON,18,Nada sera como antes,2,uuPuuppu,ejejej
MILTON,18,Nada sera como antes,3,APPuupppP,ejejejab
MILTON,18,Nada sera como antes,4,Ps,bbb
MILTON,18,Nada sera como antes,5,APPuu,ejej
MILTON,18,Nada sera como antes,6,APP,eje
MILTON,18,Nada sera como antes,7,APPuu,ejej
MILTON,18,Nada sera como antes,8,AA,ej
MILTON,18,Nada sera como antes,9,PPuuu,ejej
MILTON,18,Nada sera como antes,10,pu,ej
MILTON,18,Nada sera como antes,11,PPuuu,ejej
MILTON,18,Nada sera como antes,12,pu,ej
MILTON,18,Nada sera como antes,13,PPuuu,ejej
MILTON,18,Nada sera como antes,14,upuup,ejej
MILTON,18,Nada sera como antes,15,upu,ejae
MILTON,19,Olha,1,SuuupAu,ejeeej
MILTON,19,Olha,2,uppuuups,ejjeeeb
MILTON,19,Olha,3,SuuuupSu,ejejej
MILTON,19,Olha,4,upau,ebje
MILTON,19,Olha,5,upa,ebj
MILTON,19,Olha,6,Suuu,ebjb
MILTON,19,Olha,7,auuPuauuPua,jejejeeeb
MILTON,19,Olha,8,Suuupau,ejebbbb
MILTON,19,Olha,9,upAu,kdi
MILTON,19,Olha,10,upu,iai
MILTON,20,Os povos,1,uuPpu,bbbbbab
MILTON,20,Os povos,2,uPpu,jebe
MILTON,20,Os povos,3,puu,ejab
MILTON,20,Os povos,4,uA,ej
MILTON,20,Os povos,5,uuPpu,eeaebeab
MILTON,20,Os povos,6,uPp,ebj
MILTON,20,Os povos,7,upuuuAu,ejbjj
MILTON,20,Os povos,8,uuPpu,ejebe
MILTON,20,Os povos,9,uPpu,jebb
MILTON,20,Os povos,10,upuu,jjae
MILTON,20,Os povos,11,Au,bj
MILTON,20,Os povos,12,uuPpu,ejje
MILTON,20,Os povos,13,uPAPPAPP,ejbebjaab
MILTON,20,Os povos,14,,b
MILTON,20,Os povos,15,up,je
MILTON,20,Os povos,16,pupupP,ejejb
MILTON,20,Os povos,17,upu,ebj
MILTON,20,Os povos,18,up,je
MILTON,20,Os povos,19,pP,ebb
MILTON,20,Os povos,20,APPAPuP,ejkdk
MILTON,20,Os povos,21,appP,dkdb
MILTON,21,Outubro,1,uuSuaup,obsj
MILTON,21,Outubro,2,puSu,si
MILTON,21,Outubro,3,uuSuaup,okse
MILTON,21,Outubro,4,puP,oj
MILTON,21,Outubro,5,uuSuau,soi
MILTON,21,Outubro,6,uuPupu,obsb
MILTON,21,Outubro,7,upuP,ooe
MILTON,21,Outubro,8,uuAupu,oboeb
MILTON,21,Outubro,9,uuuuPu,oboo
MILTON,21,Outubro,10,uuuu,febeb
MILTON,21,Outubro,11,Pu,dj
MILTON,21,Outubro,12,uuuuA,efsb
MILTON,21,Outubro,13,pup,doae
MILTON,21,Outubro,14,uuuAppup,sidbbd
MILTON,21,Outubro,15,uuuSapP,iobajb
MILTON,21,Outubro,16,uuuuA,baaaaebob
MILTON,21,Outubro,17,pup,obb
MILTON,21,Outubro,18,uuuA,os
MILTON,21,Outubro,19,uup,obb
MILTON,21,Outubro,20,uuuSapP,sidfd
MILTON,22,Pieta,1,apapPAp,lanjl
MILTON,22,Pieta,2,apapPSp,lanjl
MILTON,22,Pieta,3,AaA,gjb
MILTON,22,Pieta,4,AaA,gjb
MILTON,22,Pieta,5,AaApapPu,gjrjb
MILTON,22,Pieta,6,AaA,gjb
MILTON,22,Pieta,7,AaA,gjb
MILTON,22,Pieta,8,AaApapPu,gjrjb
MILTON,22,Pieta,9,apapPAp,lanjl
MILTON,22,Pieta,10,apapPSp,lanjl
MILTON,22,Pieta,11,AaA,gjb
MILTON,22,Pieta,12,AaA,gjb
MILTON,22,Pieta,13,AapuuuaA,gjrjb
MILTON,22,Pieta,14,AaA,gjb
MILTON,22,Pieta,15,AaA,gjb
MILTON,22,Pieta,16,AaApapPu,gjrjb
MILTON,22,Pieta,17,PPuuupp,jrjb
MILTON,22,Pieta,18,pSpapP,jrj
MILTON,22,Pieta,19,PPuuupp,jrjb
MILTON,22,Pieta,20,pSpapPu,jrjb
MILTON,22,Pieta,21,PPuuupp,jrjb
MILTON,22,Pieta,22,pSpapP,jrj
MILTON,22,Pieta,23,PPuuupp,jrjb
MILTON,22,Pieta,24,pSpapP,jrj
MILTON,23,Primeiro de maio,1,sPPPPPup,babfbfbfk
MILTON,23,Primeiro de maio,2,PPpppSp,okaobb
MILTON,23,Primeiro de maio,3,PPPPPAp,obffbbf
MILTON,23,Primeiro de maio,4,pp,s
MILTON,23,Primeiro de maio,5,ppAp,oif
MILTON,23,Primeiro de maio,6,pAppPa,okbdf
MILTON,23,Primeiro de maio,7,uPP,sb
MILTON,23,Primeiro de maio,8,auuPP,sbfb
MILTON,23,Primeiro de maio,9,pPp,fs
MILTON,23,Primeiro de maio,10,PPppua,obbbbb
MILTON,23,Primeiro de maio,11,sPP,babfb
MILTON,23,Primeiro de maio,12,AAP,dkb
MILTON,23,Primeiro de maio,13,sPPP,babbbb
MILTON,23,Primeiro de maio,14,Au,ffd
MILTON,23,Primeiro de maio,15,p,bab
MILTON,23,Primeiro de maio,16,pppp,baffi
MILTON,23,Primeiro de maio,17,Pppp,kod
MILTON,23,Primeiro de maio,18,pAppP,fidbb
MILTON,23,Primeiro de maio,19,uauPP,fkffb
MILTON,23,Primeiro de maio,20,auPPP,ffbfbb
MILTON,23,Primeiro de maio,21,Ppa,obf
MILTON,23,Primeiro de maio,22,Pppua,fbbbbb
MILTON,24,Rio vermelho,1,pPpaa,ejjb
MILTON,24,Rio vermelho,2,AAPp,jebe
MILTON,24,Rio vermelho,3,uuuuP,ejej
MILTON,24,Rio vermelho,4,aaPPAa,ebjebb
MILTON,24,Rio vermelho,5,uuP,eej
MILTON,24,Rio vermelho,6,puuPa,ebjeb
MILTON,24,Rio vermelho,7,uuA,eebb
MILTON,24,Rio vermelho,8,uuuuP,ejej
MILTON,24,Rio vermelho,9,uAap,ebje
MILTON,24,Rio vermelho,10,upuua,ejej
MILTON,24,Rio vermelho,11,upAauu,ebjeeb
MILTON,24,Rio vermelho,12,PAuuuPu,eejejb
MILTON,24,Rio vermelho,13,A,ee
MILTON,24,Rio vermelho,14,PAuuuuuP,eejejee
MILTON,24,Rio vermelho,15,uuuPauPap,ebjejje
MILTON,24,Rio vermelho,16,uuupAa,eeidj
MILTON,24,Rio vermelho,17,uuuup,ekdbb
MILTON,24,Rio vermelho,18,PAuuuP,fdkdbb
MILTON,25,River Phoenix,1,ppPPpaP,ejjeeb
MILTON,25,River Phoenix,2,ppPPpaA,sbbeeb
MILTON,25,River Phoenix,3,ppPPppSppp,sjejaob
MILTON,25,River Phoenix,4,ppPPppS,fseob
MILTON,25,River Phoenix,5,uuuPuPuupp,kdjjbabj
MILTON,25,River Phoenix,6,uuuuPuPup,eojojaaab
MILTON,25,River Phoenix,7,ppPPpaPu,ejjeebab
MILTON,25,River Phoenix,8,ppPPpaA,ejjbbb
MILTON,25,River Phoenix,9,ppPPpaPA,ebsbebe
MILTON,25,River Phoenix,10,PPPPPPp,ejjjb
MILTON,25,River Phoenix,11,PpApppuSp,ebjjebbab
MILTON,25,River Phoenix,12,PpAupuppP,ejjbebbb
MILTON,26,Roupa nova,1,uuua,jje
MILTON,26,Roupa nova,2,Spp,bbbb
MILTON,26,Roupa nova,3,uuua,jje
MILTON,26,Roupa nova,4,SppP,bbbbb
MILTON,26,Roupa nova,5,uuua,jje
MILTON,26,Roupa nova,6,SppP,bbbbb
MILTON,26,Roupa nova,7,uuu,jj
MILTON,26,Roupa nova,8,uppp,ebbbb
MILTON,26,Roupa nova,9,uuua,jje
MILTON,26,Roupa nova,10,Spp,bbbb
MILTON,26,Roupa nova,11,uuua,jje
MILTON,26,Roupa nova,12,SppP,bbbbb
MILTON,26,Roupa nova,13,uuua,jje
MILTON,26,Roupa nova,14,SppP,bbbbb
MILTON,26,Roupa nova,15,uuu,jj
MILTON,26,Roupa nova,16,uppp,ebbbb
MILTON,26,Roupa nova,17,uuup,jje
MILTON,26,Roupa nova,18,upuu,jej
MILTON,26,Roupa nova,19,uuupu,jjeb
MILTON,26,Roupa nova,20,puu,bbbb
MILTON,26,Roupa nova,21,puuu,jje
MILTON,26,Roupa nova,22,Ppp,bbbb
MILTON,26,Roupa nova,23,uuu,jj
MILTON,26,Roupa nova,24,auuuppp,ebjjeb
MILTON,27,Saudades dos avioes da Panair,1,uuuu,jjb
MILTON,27,Saudades dos avioes da Panair,2,uuuuuppu,jjtj
MILTON,27,Saudades dos avioes da Panair,3,uuuu,jjb
MILTON,27,Saudades dos avioes da Panair,4,uuuuuppu,jjtj
MILTON,27,Saudades dos avioes da Panair,5,uuuu,jjb
MILTON,27,Saudades dos avioes da Panair,6,Suuuuppp,jjtj
MILTON,27,Saudades dos avioes da Panair,7,uuuuppau,jjlje
MILTON,27,Saudades dos avioes da Panair,8,uuuppa,ejlj
MILTON,27,Saudades dos avioes da Panair,9,Puupu,ejjb
MILTON,27,Saudades dos avioes da Panair,10,puPp,bjbb
MILTON,27,Saudades dos avioes da Panair,11,PpupuPp,ejbjbb
MILTON,27,Saudades dos avioes da Panair,12,PpApuPp,ejbjbb
MILTON,27,Saudades dos avioes da Panair,13,Ppu,ejb
MILTON,27,Saudades dos avioes da Panair,14,uuuppu,jjebb
MILTON,27,Saudades dos avioes da Panair,15,Aupa,ejbb
MILTON,27,Saudades dos avioes da Panair,16,uuAup,jjeb
MILTON,28,Tarde,1,AP,ej
MILTON,28,Tarde,2,Ppu,sb
MILTON,28,Tarde,3,PppP,esb
MILTON,28,Tarde,4,pu,eeb
MILTON,28,Tarde,5,PppPPpu,esbeaeb
MILTON,28,Tarde,6,PpPa,esb
MILTON,28,Tarde,7,pu,eeb
MILTON,28,Tarde,8,Ppu,baeeb
MILTON,28,Tarde,9,PppP,esb
MILTON,28,Tarde,10,pu,eeb
MILTON,28,Tarde,11,PppA,esb
MILTON,28,Tarde,12,pu,eeb
MILTON,28,Tarde,13,PppP,ojb
MILTON,28,Tarde,14,Ppu,jdb
MILTON,28,Tarde,15,PppP,esb
MILTON,28,Tarde,16,pu,eeb
MILTON,28,Tarde,17,PpPaASu,esbbbaaaae
MILTON,28,Tarde,18,uPppP,kbu
MILTON,28,Tarde,19,APuPp,ubeb
MILTON,28,Tarde,20,PpppPp,ekdbaaeb
MILTON,28,Tarde,21,p,eb
MILTON,29,Tema de Tostao,1,uu,je
MILTON,29,Tema de Tostao,2,uuu,ebbb
MILTON,29,Tema de Tostao,3,uu,je
MILTON,29,Tema de Tostao,4,uuu,ebbb
MILTON,29,Tema de Tostao,5,uu,je
MILTON,29,Tema de Tostao,6,Suuup,ebbbbb
MILTON,29,Tema de Tostao,7,p,baab
MILTON,29,Tema de Tostao,8,uuu,jeb
MILTON,29,Tema de Tostao,9,uuap,bbbbaab
MILTON,29,Tema de Tostao,10,uu,je
MILTON,29,Tema de Tostao,11,Puu,ebbb
MILTON,29,Tema de Tostao,12,uu,je
MILTON,29,Tema de Tostao,13,Puu,ebbb
MILTON,29,Tema de Tostao,14,uu,je
MILTON,29,Tema de Tostao,15,Puu,ebbb
MILTON,29,Tema de Tostao,16,uu,je
MILTON,29,Tema de Tostao,17,Puuup,ebbbbb
MILTON,30,Travessia,1,usSuPuP,eejajbe
MILTON,30,Travessia,2,paAuua,jbjaj
MILTON,30,Travessia,3,usSuAuP,ejebje
MILTON,30,Travessia,4,pauAua,jbeeaj
MILTON,30,Travessia,5,SuAuPu,ejajeb
MILTON,30,Travessia,6,Pppa,jaej
MILTON,30,Travessia,7,Aau,jeb
MILTON,30,Travessia,8,pa,ej
MILTON,30,Travessia,9,Spau,jajab
MILTON,30,Travessia,10,puAppu,ejajeb
MILTON,30,Travessia,11,Su,ej
MILTON,30,Travessia,12,pAp,obab
MILTON,30,Travessia,13,pppaS,ejej
MILTON,30,Travessia,14,ppAAAp,ejecbae
MILTON,30,Travessia,15,pauPa,bebje
MILTON,30,Travessia,16,Su,beb
MILTON,30,Travessia,17,pAp,obe
MILTON,30,Travessia,18,pppaS,eaaebjb
MILTON,30,Travessia,19,ppAAAp,ejecbae
MILTON,30,Travessia,20,pappu,bebabj
MILTON,31,Tres Pontas,1,pPPap,bbeebe
MILTON,31,Tres Pontas,2,aPp,eebb
MILTON,31,Tres Pontas,3,AaAPAP,leebeb
MILTON,31,Tres Pontas,4,u,j
MILTON,31,Tres Pontas,5,pPPap,bakdbe
MILTON,31,Tres Pontas,6,aPp,lee
MILTON,31,Tres Pontas,7,AaAPAP,ekdkd
MILTON,31,Tres Pontas,8,P,eb
MILTON,31,Tres Pontas,9,ApPpaaa,jbakdbe
MILTON,31,Tres Pontas,10,AAPpPPp,jbakdbe
MILTON,31,Tres Pontas,11,uuu,es
MILTON,31,Tres Pontas,12,APPpPPp,ekakdbe
MILTON,31,Tres Pontas,13,pPpPPPp,eebjebe
MILTON,31,Tres Pontas,14,pu,je
MILTON,31,Tres Pontas,15,p,eb
MILTON,32,Tristesse,1,ppuppPs,bbbbabbabb
MILTON,32,Tristesse,2,ppSppaPu,bbbbabkabb
MILTON,32,Tristesse,3,ppSupupuP,bbbkabbabbe
MILTON,32,Tristesse,4,paApa,bbbbabb
MILTON,32,Tristesse,5,uuuuu,jeebb
MILTON,32,Tristesse,6,uuuppP,jjeeb
MILTON,32,Tristesse,7,uupAu,jeebb
MILTON,32,Tristesse,8,puuupAp,jjeebe
MILTON,32,Tristesse,9,paApa,bbbbabb
MILTON,33,Um gosto de sol,1,uAuuPuu,jesbb
MILTON,33,Um gosto de sol,2,upupPuu,eejejaab
MILTON,33,Um gosto de sol,3,upupPuu,ebebeje
MILTON,33,Um gosto de sol,4,upupPuu,ejbjeab
MILTON,33,Um gosto de sol,5,upupPuu,ejbjeab
MILTON,33,Um gosto de sol,6,upupPuu,ebebajbb
MILTON,33,Um gosto de sol,7,upupPuu,ejbjbb
MILTON,33,Um gosto de sol,8,uupuupPu,jjbjbb
MILTON,33,Um gosto de sol,9,upupPuu,ebaaaaajejab
MILTON,33,Um gosto de sol,10,upuppuu,ebejje
MILTON,34,Vera Cruz,1,PpppPP,baabbbbbb
MILTON,34,Vera Cruz,2,ppPPu,bbbbbb
MILTON,34,Vera Cruz,3,pppPu,bbakdb
MILTON,34,Vera Cruz,4,pppPP,bbbbbb
MILTON,34,Vera Cruz,5,pppPP,ebakdb
MILTON,34,Vera Cruz,6,ppppP,bbbbbb
MILTON,34,Vera Cruz,7,uuPuPuPup,sejjj
MILTON,34,Vera Cruz,8,pp,ob
MILTON,34,Vera Cruz,9,upuuu,esj
MILTON,34,Vera Cruz,10,uAuPu,ejjb
MILTON,34,Vera Cruz,11,paaAP,ejjb
MILTON,34,Vera Cruz,12,paaAP,ebsb
MILTON,35,Vida,1,Sp,bbaab
MILTON,35,Vida,2,ppAp,ofbe
MILTON,35,Vida,3,upAp,ooab
MILTON,35,Vida,4,Ps,eeab
MILTON,35,Vida,5,uSp,obe
MILTON,35,Vida,6,puuup,eeajbd
MILTON,35,Vida,7,pA,jb
MILTON,35,Vida,8,ppP,jaeb
MILTON,35,Vida,9,pAuuPPpa,ebbebbkab
MILTON,35,Vida,10,AuuPPp,eeaeebde
MILTON,35,Vida,11,uuuuppAu,ebaaobobaab
MILTON,35,Vida,12,Pp,ebb
MILTON,35,Vida,13,aAPpP,ebbbabab
MILTON,36,Vidro e corte,1,uuPuPus,jjjbb
MILTON,36,Vidro e corte,2,uusSuuPp,jbbjjb
MILTON,36,Vidro e corte,3,uuPuPuppp,jjjlh
MILTON,36,Vidro e corte,4,uusSuuP,obbjbb
MILTON,36,Vidro e corte,5,Puuuuup,jjjbb
MILTON,36,Vidro e corte,6,AupaAu,jbbjb
MILTON,36,Vidro e corte,7,ppPuuPuPuppp,ujjjtb
MILTON,36,Vidro e corte,8,PupppPPu,otbjb
MILTON,36,Vidro e corte,9,uuPuPus,jjjbb
MILTON,36,Vidro e corte,10,uus,jbb
MILTON,36,Vidro e corte,11,uuP,jbb
MILTON,36,Vidro e corte,12,Auuupup,jjjbb
MILTON,36,Vidro e corte,13,APauSup,jbbjbb
MILTON,36,Vidro e corte,14,AupupupA,jjjjb
MILTON,36,Vidro e corte,15,ppsSpp,obbkb
MILTON,36,Vidro e corte,16,Apua,jjb
MILTON,36,Vidro e corte,17,Apua,jjb
MILTON,36,Vidro e corte,18,Aupp,jjb
MILTON,36,Vidro e corte,19,AuPuPp,jjjab
MILTON,37,Pelo amor de Deus,1,uuuuapu,jqebb
MILTON,37,Pelo amor de Deus,2,AuAAuuuuapu,sjbjjbb
MILTON,37,Pelo amor de Deus,3,AAAPu,esj
MILTON,37,Pelo amor de Deus,4,PPpA,qp
MILTON,37,Pelo amor de Deus,5,PpPp,jpe
MILTON,37,Pelo amor de Deus,6,upPpuau,ggbtm
MILTON,37,Pelo amor de Deus,7,uuuuapu,jqebb
MILTON,37,Pelo amor de Deus,8,AuAAuuuuapu,sjbjjbb
MILTON,37,Pelo amor de Deus,9,AAAPu,esj
MILTON,37,Pelo amor de Deus,10,PPpAuupP,jobbbj
MILTON,37,Pelo amor de Deus,11,PpPpPpP,bbegrb
MILTON,37,Pelo amor de Deus,12,pPpP,ghm
MILTON,37,Pelo amor de Deus,13,pPpP,grb
MILTON,38,Cravo e canela,1,puuuSup,lrjb
MILTON,38,Cravo e canela,2,Aupupu,grjb
MILTON,38,Cravo e canela,3,Aupup,grj
MILTON,38,Cravo e canela,4,puuuSup,lrjb
MILTON,38,Cravo e canela,5,Aupupu,grjb
MILTON,38,Cravo e canela,6,Aupup,grj
MILTON,38,Cravo e canela,7,uupPu,grh
MILTON,38,Cravo e canela,8,Auppu,grh
MILTON,38,Cravo e canela,9,Auppp,grh
MILTON,38,Cravo e canela,10,uPuuu,grj
MILTON,38,Cravo e canela,11,uupPu,grh
MILTON,38,Cravo e canela,12,Auppu,grh
MILTON,38,Cravo e canela,13,Auppp,grh
MILTON,38,Cravo e canela,14,uPuuu,grj
MILTON,39,Saidas e bandeiras,1,Auuuup,ejjj
MILTON,39,Saidas e bandeiras,2,pSuuuupp,jjjbbb
MILTON,39,Saidas e bandeiras,3,Auuuup,ejjj
MILTON,39,Saidas e bandeiras,4,pSuuuP,jjjb
MILTON,39,Saidas e bandeiras,5,uuAPuuuup,jjjjbb
MILTON,39,Saidas e bandeiras,6,ppppPuuuuppa,bjjjjbbj
MILTON,40,San Vicente,1,uuPuPupa,jjjlb
MILTON,40,San Vicente,2,uupuPuPp,mbjjj
MILTON,40,San Vicente,3,Auupup,ejjbb
MILTON,40,San Vicente,4,pupupupP,mbjcq
MILTON,40,San Vicente,5,Puupupp,ejjebb
MILTON,40,San Vicente,6,PPpppaP,jbjcbb
MILTON,40,San Vicente,7,uuAuupp,jjjbb
MILTON,40,San Vicente,8,pupppaP,jbjebb
MILTON,41,A lagrima e o rio,1,pPupP,osb
MILTON,41,A lagrima e o rio,2,pppuPP,sjeb
MILTON,41,A lagrima e o rio,3,pPupP,osb
MILTON,41,A lagrima e o rio,4,pppPP,sbeb
MILTON,41,A lagrima e o rio,5,uPPp,sk
MILTON,41,A lagrima e o rio,6,ppppA,fokb
MILTON,41,A lagrima e o rio,7,uuPPP,esi
MILTON,41,A lagrima e o rio,8,Apau,os
MILTON,41,A lagrima e o rio,9,pPupPu,osj
MILTON,41,A lagrima e o rio,10,pppPP,sbeb
MILTON,41,A lagrima e o rio,11,pPupP,osb
MILTON,41,A lagrima e o rio,12,ppppp,ss
MILTON,41,A lagrima e o rio,13,uPPpp,fos
MILTON,41,A lagrima e o rio,14,SupPpP,ejoi
MILTON,41,A lagrima e o rio,15,suPPPPPP,fsiob
MILTON,41,A lagrima e o rio,16,AuPpppppP,esus
MILTON,41,A lagrima e o rio,17,Pa,ob
MILTON,41,A lagrima e o rio,18,PPPPAppp,ovs
MILTON,41,A lagrima e o rio,19,uuSppP,ses
MILTON,41,A lagrima e o rio,20,uPPAppP,eskeb
MILTON,42,Ao que vai nascer,1,uuAuPup,odoebe
MILTON,42,Ao que vai nascer,2,uuPu,ejj
MILTON,42,Ao que vai nascer,3,uauu,jej
MILTON,42,Ao que vai nascer,4,uuuPuuauu,ejbjjj
MILTON,42,Ao que vai nascer,5,Auuuu,ook
MILTON,42,Ao que vai nascer,6,uuuupPPP,oejeej
MILTON,42,Ao que vai nascer,7,Pppupu,ebeabeeb
MILTON,42,Ao que vai nascer,8,uuuupuuu,essi
MILTON,42,Ao que vai nascer,9,uuuuSs,osj
MILTON,42,Ao que vai nascer,10,uuuuA,ojj
MILTON,42,Ao que vai nascer,11,uuuuupu,uis
MILTON,42,Ao que vai nascer,12,uuuuS,ojeb
MILTON,42,Ao que vai nascer,13,uuuA,oob
MILTON,42,Ao que vai nascer,14,Puupu,esj
MILTON,42,Ao que vai nascer,15,uuuSu,esj
MILTON,42,Ao que vai nascer,16,uPpup,ejjae
MILTON,42,Ao que vai nascer,17,PpuuPpu,esoi
MILTON,42,Ao que vai nascer,18,upu,es
MILTON,42,Ao que vai nascer,19,uuPpup,ejbjab
MILTON,42,Ao que vai nascer,20,PpuP,ejj
MILTON,42,Ao que vai nascer,21,puPupu,osi
MILTON,43,Cade,1,APPAA,ejje
MILTON,43,Cade,2,pp,q
MILTON,43,Cade,3,APPAA,ejje
MILTON,43,Cade,4,pp,q
MILTON,43,Cade,5,uuuuAp,jjje
MILTON,43,Cade,6,uup,eebb
MILTON,43,Cade,7,uuuuAp,jjje
MILTON,43,Cade,8,uuuupu,jjje
MILTON,43,Cade,9,uup,eebb
MILTON,43,Cade,10,uuuA,jjb
MILTON,43,Cade,11,PP,je
MILTON,44,Coisas de Minas,1,Ppap,baajgb
MILTON,44,Coisas de Minas,2,aAap,baajgb
MILTON,44,Coisas de Minas,3,uuuppsu,rrh
MILTON,44,Coisas de Minas,4,Suuuupp,grrb
MILTON,44,Coisas de Minas,5,uuuuupp,rrh
MILTON,44,Coisas de Minas,6,uuuAuuuupp,grrrb
MILTON,44,Coisas de Minas,7,uuu,eob
MILTON,44,Coisas de Minas,8,Pua,oeae
MILTON,44,Coisas de Minas,9,uuuAAP,fojeb
MILTON,44,Coisas de Minas,10,uuuPAP,eoij
MILTON,44,Coisas de Minas,11,AuuuuPp,bajejbb
MILTON,44,Coisas de Minas,12,ap,ej
MILTON,44,Coisas de Minas,13,uuuaAaAaAuaAuuP,jjjjrjjb
MILTON,44,Coisas de Minas,14,puuuaAaAaAua,rjjjrb
MILTON,44,Coisas de Minas,15,uPuupuu,jjrb
MILTON,44,Coisas de Minas,16,SuuPpuuP,jjrj
MILTON,44,Coisas de Minas,17,SuuP,kob
MILTON,44,Coisas de Minas,18,aAaAaAaAa,ejjjjb
MILTON,44,Coisas de Minas,19,uuuuPP,ejjj
MILTON,45,O cavaleiro,1,uuSp,jebb
MILTON,45,O cavaleiro,2,AaAap,jjj
MILTON,45,O cavaleiro,3,uuSp,jebb
MILTON,45,O cavaleiro,4,AaAap,jjj
MILTON,45,O cavaleiro,5,uuSp,jebb
MILTON,45,O cavaleiro,6,AuuuP,jjj
MILTON,45,O cavaleiro,7,ausA,jebb
MILTON,45,O cavaleiro,8,Pu,eeb
MILTON,45,O cavaleiro,9,uuSp,jebb
MILTON,45,O cavaleiro,10,AaAap,jjj
MILTON,45,O cavaleiro,11,uuSp,jebb
MILTON,45,O cavaleiro,12,PpPpp,jjj
MILTON,45,O cavaleiro,13,uuSp,jebb
MILTON,45,O cavaleiro,14,Auppu,jjj
MILTON,45,O cavaleiro,15,Puap,jebb
MILTON,45,O cavaleiro,16,AuupA,jjbb
MILTON,45,O cavaleiro,17,aAap,ejbb
MILTON,45,O cavaleiro,18,AuupA,jjbb
MILTON,45,O cavaleiro,19,aAap,ejbb
MILTON,45,O cavaleiro,20,Ap,beab
MILTON,45,O cavaleiro,21,aAaa,ejbb
MILTON,45,O cavaleiro,22,auApp,jebaaaeb
MILTON,46,Estrelada,1,Spp,bbbe
MILTON,46,Estrelada,2,upu,ejb
MILTON,46,Estrelada,3,Aap,eebe
MILTON,46,Estrelada,4,upu,ejb
MILTON,46,Estrelada,5,App,eebe
MILTON,46,Estrelada,6,upu,ejb
MILTON,46,Estrelada,7,AapA,jabj
MILTON,46,Estrelada,8,uppp,ejbe
MILTON,46,Estrelada,9,Apu,bbbb
MILTON,46,Estrelada,10,upau,ejbb
MILTON,46,Estrelada,11,Apu,ecbe
MILTON,46,Estrelada,12,upu,ejb
MILTON,46,Estrelada,13,App,bbbe
MILTON,46,Estrelada,14,upua,ejbb
MILTON,46,Estrelada,15,aPu,ecbe
MILTON,46,Estrelada,16,upu,ejb
MILTON,47,Gira girou,1,APuAPp,jbeiab
MILTON,47,Gira girou,2,PaaAp,eejbb
MILTON,47,Gira girou,3,pppap,bbaobb
MILTON,47,Gira girou,4,AAp,ok
MILTON,47,Gira girou,5,ApPP,jbaabb
MILTON,47,Gira girou,6,Pppu,jbeb
MILTON,47,Gira girou,7,ApPppup,ebaaaajbej
MILTON,47,Gira girou,8,pPpppup,baaejagajb
MILTON,47,Gira girou,9,upP,lo
MILTON,47,Gira girou,10,uppuupP,grjj
MILTON,47,Gira girou,11,PppaupP,njjj
MILTON,47,Gira girou,12,uupuupPupu,grjjnb
MILTON,48,Leila,1,u,bb
MILTON,48,Leila,2,uuupPSP,jjbbbb
MILTON,48,Leila,3,PpPpPpP,jjbbbb
MILTON,48,Leila,4,PpPpPuP,jjbbbb
MILTON,48,Leila,5,PpPpPuP,jjbebb
MILTON,48,Leila,6,PpPpPaP,jjbbbb
MILTON,48,Leila,7,PpPpPPP,jjbbbb
MILTON,48,Leila,8,PpPppPP,jjbbbb
MILTON,48,Leila,9,PpPpP,jjbb
MILTON,49,Lilia,1,uPu,eej
MILTON,49,Lilia,2,uuuu,eeje
MILTON,49,Lilia,3,uuuu,eeej
MILTON,49,Lilia,4,uuupPpp,eeeeqb
MILTON,49,Lilia,5,uuAu,eeej
MILTON,49,Lilia,6,upu,eje
MILTON,49,Lilia,7,Auuppu,ejeje
MILTON,49,Lilia,8,Auuup,ejej
MILTON,49,Lilia,9,pA,ebab
MILTON,49,Lilia,10,uuuu,eeej
MILTON,49,Lilia,11,ppu,eje
MILTON,49,Lilia,12,Aupp,ejeb
MILTON,49,Lilia,13,uPu,eej
MILTON,49,Lilia,14,uuu,eje
MILTON,49,Lilia,15,uuuuu,eeeje
MILTON,49,Lilia,16,uuu,eeeb
MILTON,50,Novena,1,PuPpp,beaaeabaaaeb
MILTON,50,Novena,2,PuP,beaaeab
MILTON,50,Novena,3,ppppP,beabeabe
MILTON,50,Novena,4,PpPpPa,beabaabbeb
MILTON,50,Novena,5,PAp,geagaab
MILTON,50,Novena,6,PAp,beaeab
MILTON,50,Novena,7,pupApup,bjeeje
MILTON,50,Novena,8,pupApup,bjeeje
MILTON,50,Novena,9,pupA,bjeb
MILTON,50,Novena,10,upup,ebebe
MILTON,50,Novena,11,p,be
MILTON,50,Novena,12,p,be
RITA,1,Agora e moda,1,uaAu,uh
RITA,1,Agora e moda,2,aAaAaAaAu,plvj
RITA,1,Agora e moda,3,uaAu,ul
RITA,1,Agora e moda,4,AaAaAaaa,ujjj
RITA,1,Agora e moda,5,uaAu,uh
RITA,1,Agora e moda,6,AaAaAaAu,ullh
RITA,1,Agora e moda,7,uaAu,ul
RITA,1,Agora e moda,8,AaAaAaaa,ujjj
RITA,1,Agora e moda,9,pap,bbbb
RITA,1,Agora e moda,10,aa,bbb
RITA,1,Agora e moda,11,ppa,bbbb
RITA,1,Agora e moda,12,apa,bbbb
RITA,1,Agora e moda,13,ppa,bbbb
RITA,1,Agora e moda,14,ap,bbb
RITA,2,Agora so falta voce,1,uuuuuuppu,ejjjjb
RITA,2,Agora so falta voce,2,AaAaAaSppAp,ejjjjje
RITA,2,Agora so falta voce,3,uuuuuuppuu,ejjjjj
RITA,2,Agora so falta voce,4,AaAaAaSppPu,ejjjjje
RITA,2,Agora so falta voce,5,uuupp,bjje
RITA,2,Agora so falta voce,6,AuaSp,ejje
RITA,2,Agora so falta voce,7,pPp,ph
RITA,2,Agora so falta voce,8,puuu,ejj
RITA,2,Agora so falta voce,9,Suupp,ejje
RITA,2,Agora so falta voce,10,SuuppaS,ejjej
RITA,2,Agora so falta voce,11,pp,bj
RITA,3,Bandido corazon,1,Ap,je
RITA,3,Bandido corazon,2,PpppPa,beeejb
RITA,3,Bandido corazon,3,uupup,jjeb
RITA,3,Bandido corazon,4,upPpPpPu,ejjjbb
RITA,3,Bandido corazon,5,uSpPpPp,eejjbb
RITA,3,Bandido corazon,6,suSpPpPp,jejjbe
RITA,3,Bandido corazon,7,pPpPpPp,eejjj
RITA,3,Bandido corazon,8,pPpPpPpPp,jjjjbb
RITA,3,Bandido corazon,9,uuSpPppPa,ejjsbab
RITA,3,Bandido corazon,10,uuSpPpPp,ejjjbe
RITA,3,Bandido corazon,11,upPpPpPpPpa,ejjjjjb
RITA,4,Banho de espuma,1,PPP,bbbb
RITA,4,Banho de espuma,2,ppApppp,ejjbbe
RITA,4,Banho de espuma,3,uPPPa,ejje
RITA,4,Banho de espuma,4,PppAa,ejje
RITA,4,Banho de espuma,5,PPPup,ekdbaaab
RITA,4,Banho de espuma,6,PppAa,ejje
RITA,4,Banho de espuma,7,PPppp,jkdb
RITA,4,Banho de espuma,8,uuuppp,ejjj
RITA,4,Banho de espuma,9,uuuaap,gjjj
RITA,4,Banho de espuma,10,uuuppp,gjjj
RITA,4,Banho de espuma,11,uuuaap,gjjj
RITA,4,Banho de espuma,12,uuuPPpa,jjbje
RITA,4,Banho de espuma,13,SuuPPpa,ebjbje
RITA,4,Banho de espuma,14,uuuPPpa,jjbje
RITA,4,Banho de espuma,15,uuuuPpPu,ejjbje
RITA,5,Bwana,1,uupup,ejje
RITA,5,Bwana,2,uuPp,ejj
RITA,5,Bwana,3,uupupu,ejjaj
RITA,5,Bwana,4,PpPpPpP,ejjjb
RITA,5,Bwana,5,ap,je
RITA,5,Bwana,6,PPAp,ebje
RITA,5,Bwana,7,pPPp,ebje
RITA,5,Bwana,8,pPpp,ebje
RITA,5,Bwana,9,Au,bj
RITA,5,Bwana,10,uupup,ejje
RITA,5,Bwana,11,uuuPppp,jjbbj
RITA,5,Bwana,12,uupp,ejj
RITA,5,Bwana,13,pPPap,jbje
RITA,5,Bwana,14,PPAp,ebje
RITA,5,Bwana,15,pPPp,ebje
RITA,5,Bwana,16,pPApu,ebjaj
RITA,5,Bwana,17,Su,bj
RITA,5,Bwana,18,Ppup,bbaabbe
RITA,5,Bwana,19,uPppup,ejbbj
RITA,5,Bwana,20,Pupup,bbaebbe
RITA,5,Bwana,21,puuPup,jjbj
RITA,6,Com a boca no mundo,1,uupp,beje
RITA,6,Com a boca no mundo,2,PupAAa,jjjb
RITA,6,Com a boca no mundo,3,PPA,eje
RITA,6,Com a boca no mundo,4,uPpAu,jjbb
RITA,6,Com a boca no mundo,5,upPa,ejeb
RITA,6,Com a boca no mundo,6,uuAaAu,ejjbb
RITA,6,Com a boca no mundo,7,ppPpAu,ejjbb
RITA,6,Com a boca no mundo,8,ppPpAu,ejjbb
RITA,6,Com a boca no mundo,9,ppPpAu,ejjbb
RITA,6,Com a boca no mundo,10,ppPpA,ejjb
RITA,6,Com a boca no mundo,11,upp,eje
RITA,6,Com a boca no mundo,12,uuPpA,ejjb
RITA,6,Com a boca no mundo,13,appaPPA,ejjje
RITA,6,Com a boca no mundo,14,uPpApPp,jjjj
RITA,6,Com a boca no mundo,15,upPa,ejeb
RITA,6,Com a boca no mundo,16,uuAaAu,ejjbb
RITA,7,Dancar pra nao dancar,1,pappSp,bbjje
RITA,7,Dancar pra nao dancar,2,pPuPap,jjjb
RITA,7,Dancar pra nao dancar,3,pPuPap,jjjb
RITA,7,Dancar pra nao dancar,4,pPpuP,jjj
RITA,7,Dancar pra nao dancar,5,uaaPp,ejej
RITA,7,Dancar pra nao dancar,6,pappSp,jjje
RITA,7,Dancar pra nao dancar,7,pPuPap,jjjb
RITA,7,Dancar pra nao dancar,8,pPuPap,jjjb
RITA,7,Dancar pra nao dancar,9,pPpua,jjj
RITA,7,Dancar pra nao dancar,10,Pp,eee
RITA,7,Dancar pra nao dancar,11,PPAppP,eejej
RITA,7,Dancar pra nao dancar,12,PPAppP,eejej
RITA,7,Dancar pra nao dancar,13,PPAp,eeje
RITA,7,Dancar pra nao dancar,14,pPPAp,ejje
RITA,7,Dancar pra nao dancar,15,pPPAppu,ejjebb
RITA,8,Desculpe o aue,1,uAaP,bjbb
RITA,8,Desculpe o aue,2,uuuuuuppu,ejjjbj
RITA,8,Desculpe o aue,3,pPpu,eebj
RITA,8,Desculpe o aue,4,uAaP,ejj
RITA,8,Desculpe o aue,5,PAaP,ejj
RITA,8,Desculpe o aue,6,upaup,jejae
RITA,8,Desculpe o aue,7,pp,bbe
RITA,8,Desculpe o aue,8,SuuuupPpp,ejjjje
RITA,8,Desculpe o aue,9,PPu,eje
RITA,8,Desculpe o aue,10,Aaupp,jeje
RITA,8,Desculpe o aue,11,PP,ej
RITA,8,Desculpe o aue,12,Ppp,eje
RITA,8,Desculpe o aue,13,PP,ej
RITA,8,Desculpe o aue,14,PPp,eje
RITA,8,Desculpe o aue,15,PPPPa,jeje
RITA,9,Doce vampiro,1,uppPa,pjbb
RITA,9,Doce vampiro,2,Suuuppp,gvq
RITA,9,Doce vampiro,3,pPA,v
RITA,9,Doce vampiro,4,Suuup,gvb
RITA,9,Doce vampiro,5,pAa,te
RITA,9,Doce vampiro,6,Aupappu,uvb
RITA,9,Doce vampiro,7,Suupup,gjjj
RITA,9,Doce vampiro,8,AA,eh
RITA,9,Doce vampiro,9,Suupup,gjte
RITA,9,Doce vampiro,10,Pp,pc
RITA,9,Doce vampiro,11,SuupupPP,gtev
RITA,9,Doce vampiro,12,uuaupPP,ntu
RITA,9,Doce vampiro,13,uuPpa,pte
RITA,9,Doce vampiro,14,pPaaA,lmbb
RITA,9,Doce vampiro,15,uppP,pt
RITA,9,Doce vampiro,16,SuuupppPP,gvum
RITA,10,Esse tal de Roque Enrow,1,uPupup,prn
RITA,10,Esse tal de Roque Enrow,2,uuuuAupuupa,ntrre
RITA,10,Esse tal de Roque Enrow,3,uPupup,prn
RITA,10,Esse tal de Roque Enrow,4,uuuuAuuuA,ntrn
RITA,10,Esse tal de Roque Enrow,5,uuuu,uj
RITA,10,Esse tal de Roque Enrow,6,Puu,ejb
RITA,10,Esse tal de Roque Enrow,7,uu,eaeae
RITA,10,Esse tal de Roque Enrow,8,PuuPu,eaebje
RITA,10,Esse tal de Roque Enrow,9,uuu,eje
RITA,10,Esse tal de Roque Enrow,10,uuuppAP,eejjeb
RITA,10,Esse tal de Roque Enrow,11,uuu,eje
RITA,10,Esse tal de Roque Enrow,12,uuu,eje
RITA,10,Esse tal de Roque Enrow,13,uuuppA,eejje
RITA,10,Esse tal de Roque Enrow,14,u,ee
RITA,10,Esse tal de Roque Enrow,15,uuu,eje
RITA,10,Esse tal de Roque Enrow,16,uuuAppap,ejekdbaaab
RITA,11,Flagra,1,uuAuPpAu,ejjjj
RITA,11,Flagra,2,uuupPpP,ejjje
RITA,11,Flagra,3,uAuPpAu,jjjj
RITA,11,Flagra,4,uuuppA,jjjb
RITA,11,Flagra,5,uuuuAuuuA,esjsb
RITA,11,Flagra,6,uuAaupP,ejjje
RITA,11,Flagra,7,uuuPAAu,ejjje
RITA,11,Flagra,8,uuuuppAu,ejsje
RITA,11,Flagra,9,SaAu,ejj
RITA,11,Flagra,10,AuPa,ejj
RITA,11,Flagra,11,SuuaAuPa,ejjjj
RITA,11,Flagra,12,pPpPu,jjj
RITA,11,Flagra,13,Sp,ej
RITA,11,Flagra,14,Sp,ej
RITA,11,Flagra,15,Sp,ej
RITA,11,Flagra,16,PPppa,fdkdb
RITA,11,Flagra,17,uuppPp,eejjb
RITA,11,Flagra,18,PPppa,fdkdb
RITA,12,Jardins da Babilonia,1,asa,bbbb
RITA,12,Jardins da Babilonia,2,asaPPpp,eeeejj
RITA,12,Jardins da Babilonia,3,Puuuuuaaa,eejjjj
RITA,12,Jardins da Babilonia,4,Puuuuupp,jjkdj
RITA,12,Jardins da Babilonia,5,up,je
RITA,12,Jardins da Babilonia,6,pAuas,jjj
RITA,12,Jardins da Babilonia,7,uSuasuaPPpp,eejjjjj
RITA,12,Jardins da Babilonia,8,uuPuuuuaaaAu,ejjjjjj
RITA,12,Jardins da Babilonia,9,uuupp,jjee
RITA,12,Jardins da Babilonia,10,uuAuAuppspp,ejjjjeeb
RITA,12,Jardins da Babilonia,11,uuuppPu,jjjj
RITA,12,Jardins da Babilonia,12,uuuu,jbj
RITA,12,Jardins da Babilonia,13,ppuaAa,jejj
RITA,12,Jardins da Babilonia,14,aSuppsP,jjjaj
RITA,13,Mamae natureza,1,u,ee
RITA,13,Mamae natureza,2,up,ej
RITA,13,Mamae natureza,3,Pppupuuuuuap,jejjjjj
RITA,13,Mamae natureza,4,u,ee
RITA,13,Mamae natureza,5,up,ej
RITA,13,Mamae natureza,6,PpPpppuuuuuuap,ejjjjjjj
RITA,13,Mamae natureza,7,aAaAaAaAu,jbjejj
RITA,13,Mamae natureza,8,aPpPpPpPpap,eejjjjj
RITA,13,Mamae natureza,9,aPpPpPpPpAuuA,eejjjjjj
RITA,13,Mamae natureza,10,pPpPpPup,eejjje
RITA,13,Mamae natureza,11,uuuaPPu,ebjejb
RITA,13,Mamae natureza,12,aPP,eej
RITA,13,Mamae natureza,13,PPuuuu,ejfdj
RITA,14,Menino bonito,1,u,eb
RITA,14,Menino bonito,2,ppaAPPA,bjejj
RITA,14,Menino bonito,3,ppPpPpa,ebejje
RITA,14,Menino bonito,4,Au,bj
RITA,14,Menino bonito,5,uAuuaSu,ebjjeb
RITA,14,Menino bonito,6,ppaAPPA,bjejj
RITA,14,Menino bonito,7,ppPpPpa,ebejje
RITA,14,Menino bonito,8,Au,bj
RITA,14,Menino bonito,9,uAuaA,ebjee
RITA,14,Menino bonito,10,up,ej
RITA,14,Menino bonito,11,uAp,ejb
RITA,14,Menino bonito,12,p,be
RITA,14,Menino bonito,13,p,be
RITA,14,Menino bonito,14,ApaP,bbeee
RITA,15,Miss Brasil 2000,1,uuuuu,ejjb
RITA,15,Miss Brasil 2000,2,pAuuu,jjj
RITA,15,Miss Brasil 2000,3,uuuu,eejb
RITA,15,Miss Brasil 2000,4,Auuu,ejj
RITA,15,Miss Brasil 2000,5,pPpPppAuuu,eejjjjb
RITA,15,Miss Brasil 2000,6,uuuu,eebj
RITA,15,Miss Brasil 2000,7,uuuuuppaSuu,ejjjjje
RITA,15,Miss Brasil 2000,8,AuuuuppaSuu,ejjjjje
RITA,15,Miss Brasil 2000,9,uuuuuppaSuu,ejjjjjb
RITA,15,Miss Brasil 2000,10,uuuu,eebj
RITA,15,Miss Brasil 2000,11,uauA,jej
RITA,15,Miss Brasil 2000,12,uuup,jjb
RITA,15,Miss Brasil 2000,13,ppPP,rj
RITA,15,Miss Brasil 2000,14,uauA,jej
RITA,15,Miss Brasil 2000,15,uuup,jjb
RITA,15,Miss Brasil 2000,16,uuuA,qj
RITA,15,Miss Brasil 2000,17,uPu,eeee
RITA,15,Miss Brasil 2000,18,upup,eeeee
RITA,15,Miss Brasil 2000,19,upup,eeeee
RITA,16,Mutante,1,uPuPuPpAupp,jjjjjj
RITA,16,Mutante,2,uuuaPAp,ejjjb
RITA,16,Mutante,3,uPuPuPpApp,jjjjej
RITA,16,Mutante,4,uuuaPAp,ejjje
RITA,16,Mutante,5,PAu,jj
RITA,16,Mutante,6,SppPPaa,ebjbje
RITA,16,Mutante,7,SppPPaa,ebjbje
RITA,16,Mutante,8,uppPpPpu,eejbjeb
RITA,16,Mutante,9,ppp,jj
RITA,16,Mutante,10,PpaA,eeeee
RITA,16,Mutante,11,uppPPaa,eejbje
RITA,16,Mutante,12,uppPPaa,eejbje
RITA,16,Mutante,13,uppaAu,eejbj
RITA,17,Ovelha negra,1,SppPp,ejje
RITA,17,Ovelha negra,2,pPA,bje
RITA,17,Ovelha negra,3,SppPp,ejje
RITA,17,Ovelha negra,4,PPA,eeee
RITA,17,Ovelha negra,5,SuuPp,ejje
RITA,17,Ovelha negra,6,pa,eee
RITA,17,Ovelha negra,7,PAa,eabbe
RITA,17,Ovelha negra,8,a,be
RITA,17,Ovelha negra,9,AA,eee
RITA,17,Ovelha negra,10,uuppp,bjej
RITA,17,Ovelha negra,11,uuaPP,jjj
RITA,17,Ovelha negra,12,uuuuuPp,jjjj
RITA,17,Ovelha negra,13,uuuuuPpapp,jjjjajb
RITA,17,Ovelha negra,14,aS,ebb
RITA,17,Ovelha negra,15,aAua,eeeeae
RITA,18,Pega rapaz,1,puu,jj
RITA,18,Pega rapaz,2,PPSpppu,jbjje
RITA,18,Pega rapaz,3,PPPPPA,jjjb
RITA,18,Pega rapaz,4,Ppp,ebeb
RITA,18,Pega rapaz,5,ApaPap,ebejj
RITA,18,Pega rapaz,6,upPp,ejeb
RITA,18,Pega rapaz,7,uPAAApp,ejjebe
RITA,18,Pega rapaz,8,SppaSpp,ejbebj
RITA,18,Pega rapaz,9,pppAppp,jjabje
RITA,18,Pega rapaz,10,puu,jj
RITA,18,Pega rapaz,11,PPSpppu,jbjje
RITA,18,Pega rapaz,12,PPPPPApP,jjjbeb
RITA,18,Pega rapaz,13,PpAps,ejajab
RITA,18,Pega rapaz,14,APsS,beeabe
RITA,18,Pega rapaz,15,ppP,jj
RITA,18,Pega rapaz,16,SppP,ejj
RITA,18,Pega rapaz,17,APsS,beeabe
RITA,18,Pega rapaz,18,PPPPPPP,bjejbb
RITA,18,Pega rapaz,19,ppP,jj
RITA,18,Pega rapaz,20,apPp,bajj
RITA,18,Pega rapaz,21,Appu,bkdb
RITA,18,Pega rapaz,22,PPp,kdaab
RITA,19,Saude,1,uu,je
RITA,19,Saude,2,Auuu,ejj
RITA,19,Saude,3,ppaaa,eejj
RITA,19,Saude,4,uPuPPPuu,jjjajb
RITA,19,Saude,5,uu,je
RITA,19,Saude,6,ppauup,fdkdj
RITA,19,Saude,7,Ppu,jj
RITA,19,Saude,8,upuppaS,jjjj
RITA,19,Saude,9,SppaAp,ejeje
RITA,19,Saude,10,AuuPp,ejje
RITA,19,Saude,11,SppAp,ejje
RITA,19,Saude,12,AppSpPP,ejjej
RITA,20,Shangrila,1,PPAupaP,jbbbebb
RITA,20,Shangrila,2,ApAa,ejbb
RITA,20,Shangrila,3,pAa,jbb
RITA,20,Shangrila,4,sup,bej
RITA,20,Shangrila,5,PPAupaP,jbbbebb
RITA,20,Shangrila,6,ApAa,ejbb
RITA,20,Shangrila,7,pAa,jbb
RITA,20,Shangrila,8,apupa,bjbj
RITA,20,Shangrila,9,uuPPuuPP,qeqj
RITA,20,Shangrila,10,Ppp,ejb
RITA,20,Shangrila,11,pPSuuppaA,ejkdjj
RITA,20,Shangrila,12,pPupP,ejej
RITA,20,Shangrila,13,PAa,ebj
RITA,20,Shangrila,14,PpppP,jjaj
RITA,20,Shangrila,15,pPpAp,ejajb
RITA,20,Shangrila,16,uSppup,ejejb
RITA,20,Shangrila,17,SpaAp,ekdbe
RITA,21,Te contei,1,uPPu,ejj
RITA,21,Te contei,2,uuPpAa,ejjj
RITA,21,Te contei,3,uppuuuAAua,ejjjbjae
RITA,21,Te contei,4,uPA,jbe
RITA,21,Te contei,5,uPuuuuPPaPa,jjjjjj
RITA,21,Te contei,6,PA,ej
RITA,21,Te contei,7,PP,ej
RITA,21,Te contei,8,PPpp,ejeb
RITA,21,Te contei,9,uuuuAAAPap,ejjjbje
RITA,21,Te contei,10,PA,ej
RITA,21,Te contei,11,PP,ej
RITA,21,Te contei,12,PPs,eje
RITA,21,Te contei,13,uPuuAAPapp,eejjbjee
RITA,22,Vote em mim,1,uuuuppaAp,jjjjbb
RITA,22,Vote em mim,2,pp,jb
RITA,22,Vote em mim,3,Auap,ejj
RITA,22,Vote em mim,4,uuuuuuuPuu,jjjjje
RITA,22,Vote em mim,5,uuuppaAuuap,ejjjkdj
RITA,22,Vote em mim,6,uuuppaAp,ejjjbb
RITA,22,Vote em mim,7,uuuppaAp,ejjjbb
RITA,22,Vote em mim,8,uuuppaAuuap,ejjjjje
RITA,22,Vote em mim,9,Puuuuu,eeejj
RITA,22,Vote em mim,10,Suuuu,ejje
RITA,22,Vote em mim,11,aAaAP,jjj
RITA,22,Vote em mim,12,aAauu,jjj
RITA,22,Vote em mim,13,aAauA,jjj
RITA,22,Vote em mim,14,pPpuu,jjj
RITA,22,Vote em mim,15,pp,ej
RITA,22,Vote em mim,16,pp,ej
RITA,22,Vote em mim,17,upp,jj
RITA,22,Vote em mim,18,uuuuuuPuuuaa,ejjjjjj
RITA,22,Vote em mim,19,uAuA,jje
RITA,22,Vote em mim,20,aAuu,jjb
RITA,23,Chega mais,1,pPpaaP,eejje
RITA,23,Chega mais,2,uuP,eje
RITA,23,Chega mais,3,uuP,eje
RITA,23,Chega mais,4,pPpaaP,eejje
RITA,23,Chega mais,5,uuP,eje
RITA,23,Chega mais,6,uSaA,ejeb
RITA,23,Chega mais,7,PPPa,bbbbe
RITA,23,Chega mais,8,upPa,ejbe
RITA,23,Chega mais,9,Sppa,ebbbb
RITA,23,Chega mais,10,PpPpPpPp,jjjjb
RITA,23,Chega mais,11,puapu,eebq
RITA,23,Chega mais,12,puapu,eebq
RITA,23,Chega mais,13,puapuA,eebqe
RITA,23,Chega mais,14,pu,eeb
RITA,24,Alo alo marciano,1,ppPuPsu,uvc
RITA,24,Alo alo marciano,2,ppPpPPAu,urnc
RITA,24,Alo alo marciano,3,upP,v
RITA,24,Alo alo marciano,4,uupPu,gvc
RITA,24,Alo alo marciano,5,upPpPuPsu,gvvc
RITA,24,Alo alo marciano,6,Aap,gt
RITA,24,Alo alo marciano,7,PpPuPAuPp,uvu
RITA,24,Alo alo marciano,8,upPpP,vn
RITA,24,Alo alo marciano,9,PpPp,uj
RITA,24,Alo alo marciano,10,pappAaAp,jvpc
RITA,24,Alo alo marciano,11,pappAAap,jvpc
RITA,24,Alo alo marciano,12,pappAaAp,jvpc
RITA,24,Alo alo marciano,13,pa,jb
RITA,25,Ando meio desligado,1,u,bab
RITA,25,Ando meio desligado,2,ppPAu,jjbab
RITA,25,Ando meio desligado,3,upp,bbbb
RITA,25,Ando meio desligado,4,ppP,kdb
RITA,25,Ando meio desligado,5,u,bab
RITA,25,Ando meio desligado,6,ppPAu,jjbab
RITA,25,Ando meio desligado,7,upp,bbbb
RITA,25,Ando meio desligado,8,ppP,kdb
RITA,25,Ando meio desligado,9,uupup,jjee
RITA,25,Ando meio desligado,10,ASp,ebbb
RITA,25,Ando meio desligado,11,uuppupPP,ejeeebbb
RITA,25,Ando meio desligado,12,uupup,jjee
RITA,25,Ando meio desligado,13,ASp,ebbb
RITA,25,Ando meio desligado,14,uupuup,jjej
RITA,25,Ando meio desligado,15,PP,bbb
RITA,25,Ando meio desligado,16,ppP,kdb
RITA,25,Ando meio desligado,17,AAp,bbbe
RITA,25,Ando meio desligado,18,uppAp,ekdbb
RITA,25,Ando meio desligado,19,ppP,kdb
RITA,26,Arrombou a festa,1,uppA,bajj
RITA,26,Arrombou a festa,2,uuuuppA,eebbjj
RITA,26,Arrombou a festa,3,puuAuu,ebjeeb
RITA,26,Arrombou a festa,4,upu,bje
RITA,26,Arrombou a festa,5,upPpPpPpPpPpP,ejjjjjjb
RITA,26,Arrombou a festa,6,PpPpPpPpPpPpP,ejjjjjjb
RITA,26,Arrombou a festa,7,ppPpPpPpPpPpP,ejjjjjjb
RITA,26,Arrombou a festa,8,uuuuuuuuAauuu,ejjjjjjb
RITA,26,Arrombou a festa,9,Auuuuuap,ejjjj
RITA,27,Baila comigo,1,PPu,kdb
RITA,27,Baila comigo,2,uPPppAp,ejbjj
RITA,27,Baila comigo,3,uPPPPpaPPa,ejjjjj
RITA,27,Baila comigo,4,uuappp,jjje
RITA,27,Baila comigo,5,uuappp,jjje
RITA,27,Baila comigo,6,SuaAp,ejjb
RITA,27,Baila comigo,7,PPuuu,jjj
RITA,27,Baila comigo,8,uuu,jj
RITA,27,Baila comigo,9,uuu,jj
RITA,27,Baila comigo,10,uuu,jj
RITA,27,Baila comigo,11,uaAp,bbaje
RITA,27,Baila comigo,12,uuuppAp,ejjje
RITA,27,Baila comigo,13,uaAp,bbaje
RITA,27,Baila comigo,14,uuAaaAp,ejjje
RITA,28,Balada do louco,1,PPSpa,jbje
RITA,28,Balada do louco,2,PPPa,jbj
RITA,28,Balada do louco,3,PPSpa,jbje
RITA,28,Balada do louco,4,PPPa,jbj
RITA,28,Balada do louco,5,uAuAu,jajaj
RITA,28,Balada do louco,6,pSuu,ojb
RITA,28,Balada do louco,7,pPa,jeb
RITA,28,Balada do louco,8,SppaAu,ekdbj
RITA,28,Balada do louco,9,SppP,ekdb
RITA,28,Balada do louco,10,SppP,ekdb
RITA,28,Balada do louco,11,APa,jaj
RITA,29,Barata tonta,1,uuuppAa,ejjje
RITA,29,Barata tonta,2,uppAa,ejje
RITA,29,Barata tonta,3,uPPppa,ejbje
RITA,29,Barata tonta,4,Sppup,ejjaaae
RITA,29,Barata tonta,5,AAuAa,jbje
RITA,29,Barata tonta,6,upPAa,ejje
RITA,29,Barata tonta,7,uuAppa,ejbje
RITA,29,Barata tonta,8,uPPPuu,ejjee
RITA,29,Barata tonta,9,PPpu,eejb
RITA,29,Barata tonta,10,ppAs,bbbbb
RITA,29,Barata tonta,11,ppup,bbbj
RITA,29,Barata tonta,12,PPppA,jjj
RITA,29,Barata tonta,13,aPPppS,ejjj
RITA,29,Barata tonta,14,uppA,ejj
RITA,29,Barata tonta,15,Appu,ebbaabb
RITA,29,Barata tonta,16,Ap,bbb
RITA,30,Brazil com s,1,PPPuuPu,urh
RITA,30,Brazil com s,2,AuuPpsPp,grrl
RITA,30,Brazil com s,3,App,gr
RITA,30,Brazil com s,4,PPApppPPppu,nrrv
RITA,30,Brazil com s,5,uPPaapp,grnn
RITA,30,Brazil com s,6,uPPaapp,urn
RITA,30,Brazil com s,7,uPPaaupp,urr
RITA,30,Brazil com s,8,aPPAaAp,urbb
RITA,31,Caso serio,1,uAPPppaA,baejbjee
RITA,31,Caso serio,2,ppppp,eebbbe
RITA,31,Caso serio,3,SPP,ejb
RITA,31,Caso serio,4,Appp,bbaabbe
RITA,31,Caso serio,5,pppaap,kdkdb
RITA,31,Caso serio,6,PPppaA,jjeee
RITA,31,Caso serio,7,ppppp,bakdbb
RITA,31,Caso serio,8,SPP,ejb
RITA,31,Caso serio,9,Appu,bbaabbb
RITA,31,Caso serio,10,pppaaS,kdkdb
RITA,31,Caso serio,11,ppp,ejb
RITA,31,Caso serio,12,Suppp,ejjb
RITA,31,Caso serio,13,ppp,ejb
RITA,31,Caso serio,14,uuupppPp,eqjeee
RITA,31,Caso serio,15,ppp,ejb
RITA,31,Caso serio,16,uuuppu,jjjb
RITA,32,Cor de rosa choque,1,uuuppPp,ejjje
RITA,32,Cor de rosa choque,2,upppp,ejbj
RITA,32,Cor de rosa choque,3,uppP,ejj
RITA,32,Cor de rosa choque,4,uauAp,ejje
RITA,32,Cor de rosa choque,5,aPp,bje
RITA,32,Cor de rosa choque,6,pppp,jbj
RITA,32,Cor de rosa choque,7,uppPaauAp,ejbbbjj
RITA,32,Cor de rosa choque,8,SpPpAa,ejbje
RITA,32,Cor de rosa choque,9,upPpuu,ejbje
RITA,32,Cor de rosa choque,10,PPAA,ejee
RITA,32,Cor de rosa choque,11,pPa,eje
RITA,32,Cor de rosa choque,12,upPpAu,ejbje
RITA,32,Cor de rosa choque,13,Apa,eje
RITA,32,Cor de rosa choque,14,upPpAu,ejbje
RITA,32,Cor de rosa choque,15,ApPpAa,ejbje
RITA,32,Cor de rosa choque,16,upPpuu,ejbje
RITA,33,Eu e o meu gato,1,uPuPp,bbbbbe
RITA,33,Eu e o meu gato,2,puPuPp,ebbbbbe
RITA,33,Eu e o meu gato,3,Sp,eaabe
RITA,33,Eu e o meu gato,4,a,be
RITA,33,Eu e o meu gato,5,pp,beaab
RITA,33,Eu e o meu gato,6,PPp,beabe
RITA,33,Eu e o meu gato,7,PPp,beabe
RITA,33,Eu e o meu gato,8,uupa,bbbbb
RITA,33,Eu e o meu gato,9,uus,bababab
RITA,33,Eu e o meu gato,10,uupa,jje
RITA,33,Eu e o meu gato,11,uupa,jje
RITA,33,Eu e o meu gato,12,uupa,jje
RITA,33,Eu e o meu gato,13,pPpPppaSp,jjbbbje
RITA,34,Lanca perfurme,1,APp,jj
RITA,34,Lanca perfurme,2,PpPpPpPp,ejjjj
RITA,34,Lanca perfurme,3,APp,jj
RITA,34,Lanca perfurme,4,PpAapaAp,ejjjj
RITA,34,Lanca perfurme,5,APp,jj
RITA,34,Lanca perfurme,6,pPpPpapPu,jjjbjb
RITA,34,Lanca perfurme,7,pPA,jj
RITA,34,Lanca perfurme,8,ppapPpPuA,bjjejj
RITA,34,Lanca perfurme,9,papPpPuA,jjejj
RITA,34,Lanca perfurme,10,ppapPpPA,bjjeje
RITA,34,Lanca perfurme,11,ppaA,ejj
RITA,34,Lanca perfurme,12,ppA,ejae
RITA,34,Lanca perfurme,13,p,bb
RITA,34,Lanca perfurme,14,papP,jje
RITA,34,Lanca perfurme,15,p,bb
RITA,34,Lanca perfurme,16,papP,jje
RITA,34,Lanca perfurme,17,p,bb
RITA,34,Lanca perfurme,18,pPA,bababab
RITA,35,Mania de voce,1,AaAaA,ebjeb
RITA,35,Mania de voce,2,ppup,jjb
RITA,35,Mania de voce,3,AaAaSp,ebjej
RITA,35,Mania de voce,4,ppPp,jjaaae
RITA,35,Mania de voce,5,SAaup,ebeej
RITA,35,Mania de voce,6,ppuPaaA,jebjee
RITA,35,Mania de voce,7,PPpPp,ebjeb
RITA,35,Mania de voce,8,up,bbaaab
RITA,35,Mania de voce,9,ppP,jj
RITA,35,Mania de voce,10,pP,ej
RITA,35,Mania de voce,11,aAa,ejb
RITA,35,Mania de voce,12,ppP,jj
RITA,35,Mania de voce,13,pP,ej
RITA,35,Mania de voce,14,Aap,ejaaaaaab
RITA,35,Mania de voce,15,SAapp,ebeej
RITA,35,Mania de voce,16,p,baaab
RITA,35,Mania de voce,17,AAp,baaabaaabaaab
RITA,35,Mania de voce,18,Supp,ejbb
RITA,35,Mania de voce,19,ppPP,jje
RITA,35,Mania de voce,20,Aau,eje
RITA,36,Nem luxo nem lixo,1,uPAA,jbj
RITA,36,Nem luxo nem lixo,2,uauP,ejj
RITA,36,Nem luxo nem lixo,3,uuuPAA,ejjj
RITA,36,Nem luxo nem lixo,4,uppA,ejj
RITA,36,Nem luxo nem lixo,5,uuuppPu,ejjje
RITA,36,Nem luxo nem lixo,6,uuAPpP,ejjj
RITA,36,Nem luxo nem lixo,7,upPpaup,ejjjae
RITA,36,Nem luxo nem lixo,8,upPppu,ejjj
RITA,36,Nem luxo nem lixo,9,uA,eeb
RITA,36,Nem luxo nem lixo,10,p,be
RITA,36,Nem luxo nem lixo,11,pp,bbe
RITA,36,Nem luxo nem lixo,12,uupppA,ejjj
RITA,36,Nem luxo nem lixo,13,pP,ej
RITA,36,Nem luxo nem lixo,14,PASp,ejbe
RITA,36,Nem luxo nem lixo,15,aP,bbe
RITA,36,Nem luxo nem lixo,16,uuuuppA,ejqj
RITA,36,Nem luxo nem lixo,17,pAp,ejb
RITA,37,Orra meu,1,upPpPu,ejjj
RITA,37,Orra meu,2,pPpPppPp,eejjje
RITA,37,Orra meu,3,upPpPu,ejjj
RITA,37,Orra meu,4,pPpPuppPA,eejqje
RITA,37,Orra meu,5,uAuAuPpAuppPp,jjjjjjj
RITA,37,Orra meu,6,p,ee
RITA,37,Orra meu,7,uAuAuPpAuppPp,jjjjjjj
RITA,37,Orra meu,8,uAuAuPpAuppPp,eejjjjjj
RITA,37,Orra meu,9,uAuAuPpAuupPpPP,eejjjjjjj
RITA,37,Orra meu,10,pp,ej
RITA,37,Orra meu,11,pp,ej
RITA,37,Orra meu,12,uuu,ejb
RITA,37,Orra meu,13,pP,ej
RITA,37,Orra meu,14,pu,eeb
RITA,38,Papai me empresta o carro,1,uuuupp,ejjj
RITA,38,Papai me empresta o carro,2,uuuupp,ejjj
RITA,38,Papai me empresta o carro,3,uuuuuuuuuuuuuuupp,ejjjjjjjje
RITA,38,Papai me empresta o carro,4,uuuuupp,ejjje
RITA,38,Papai me empresta o carro,5,PpAuaupuPp,ejjjjj
RITA,38,Papai me empresta o carro,6,PpAuaupuPp,ejjjjj
RITA,38,Papai me empresta o carro,7,PpAuaupuPpu,ejjjjje
RITA,38,Papai me empresta o carro,8,Puuupp,ejjj
RITA,38,Papai me empresta o carro,9,uuuuuu,ejjj
RITA,38,Papai me empresta o carro,10,uuuuuuuAuu,jjjjjb
RITA,39,Perigosa,1,uPP,jj
RITA,39,Perigosa,2,Suupp,ejje
RITA,39,Perigosa,3,Puuu,ejj
RITA,39,Perigosa,4,uuuPp,ejje
RITA,39,Perigosa,5,uPPuu,ejje
RITA,39,Perigosa,6,Suupp,ejje
RITA,39,Perigosa,7,Puuuu,ejje
RITA,39,Perigosa,8,uuuPp,ejje
RITA,39,Perigosa,9,puuuu,ejje
RITA,39,Perigosa,10,uuuuu,ejje
RITA,39,Perigosa,11,Puuuu,ejje
RITA,39,Perigosa,12,uPpPp,ejje
RITA,39,Perigosa,13,puuu,ejj
RITA,39,Perigosa,14,aS,ej
RITA,39,Perigosa,15,aSu,eje
RITA,39,Perigosa,16,PuuuuPpPp,ejjjje
RITA,39,Perigosa,17,pPp,eje
RITA,39,Perigosa,18,pSp,eje
RITA,39,Perigosa,19,paa,jbb
RITA,39,Perigosa,20,uAa,eje
RITA,39,Perigosa,21,paa,jbb
RITA,40,Perto do fogo,1,uPpp,sj
RITA,40,Perto do fogo,2,uAuAu,pv
RITA,40,Perto do fogo,3,uuuppup,ssj
RITA,40,Perto do fogo,4,aAaAuPPuuu,ntnv
RITA,40,Perto do fogo,5,upuupAp,uuj
RITA,40,Perto do fogo,6,upApsuu,rbbu
RITA,40,Perto do fogo,7,auapp,lbu
RITA,40,Perto do fogo,8,apsAu,lcjb
RITA,40,Perto do fogo,9,upaSpaSp,vsj
RITA,40,Perto do fogo,10,upPpPa,uv
RITA,40,Perto do fogo,11,PPPPpPp,otmc
RITA,40,Perto do fogo,12,pPp,nj
RITA,40,Perto do fogo,13,PppAS,sjb
RITA,40,Perto do fogo,14,uupaSusSp,gvsbab
RITA,40,Perto do fogo,15,PPPPpA,uejb
RITA,41,So de voce,1,A,j
RITA,41,So de voce,2,Au,je
RITA,41,So de voce,3,puaA,bjj
RITA,41,So de voce,4,PPAppPSpp,ejjjbj
RITA,41,So de voce,5,aaa,jj
RITA,41,So de voce,6,p,j
RITA,41,So de voce,7,p,j
RITA,41,So de voce,8,asASppp,ebbbbjaaaab
RITA,41,So de voce,9,PPPu,sj
RITA,41,So de voce,10,Pppp,jbbb
RITA,41,So de voce,11,PP,babab
RITA,41,So de voce,12,p,j
RITA,41,So de voce,13,SupupPPp,ejjjaj
RITA,41,So de voce,14,uSupupSap,bejjjee
RITA,41,So de voce,15,SupupPS,ejjje
RITA,42,Tititi,1,appaPAPAu,bbbjjje
RITA,42,Tititi,2,appaPAaa,bbbjjj
RITA,42,Tititi,3,PPP,ejb
RITA,42,Tititi,4,uupaA,ejjb
RITA,42,Tititi,5,uuPuuuuuuuPuu,ejjjjjje
RITA,42,Tititi,6,uapPpAuuu,bbjjjj
RITA,42,Tititi,7,uuapPpAuuu,ejjjjj
RITA,42,Tititi,8,uuuapPpAuuuap,jjjjjjj
RITA,42,Tititi,9,uuuuuuuPuuuuu,jjjjjjj
RITA,43,Corre-corre,1,upPp,ejj
RITA,43,Corre-corre,2,upPpPp,ejjj
RITA,43,Corre-corre,3,au,ej
RITA,43,Corre-corre,4,uuuuuuAauAa,ejjjjje
RITA,43,Corre-corre,5,upPp,ejj
RITA,43,Corre-corre,6,upPpPp,ejjj
RITA,43,Corre-corre,7,au,ej
RITA,43,Corre-corre,8,uuuuu,jjj
RITA,43,Corre-corre,9,uuuuuuup,jjjjb
RITA,43,Corre-corre,10,PpPpuP,ejjj
RITA,43,Corre-corre,11,PPpp,ejeb
RITA,43,Corre-corre,12,PpPpPp,ejjj
RITA,43,Corre-corre,13,APPpp,jjee
RITA,43,Corre-corre,14,uuupa,jjj
RITA,43,Corre-corre,15,aA,ej
RITA,44,Amor objeto,1,p,ee
RITA,44,Amor objeto,2,pSa,ejae
RITA,44,Amor objeto,3,uAuSp,jjj
RITA,44,Amor objeto,4,Appp,ejj
RITA,44,Amor objeto,5,pappSa,ebkdbe
RITA,44,Amor objeto,6,uuAuSp,ejjj
RITA,44,Amor objeto,7,aAaAppp,pljj
RITA,44,Amor objeto,8,Ap,ej
RITA,44,Amor objeto,9,uaAppp,eljj
RITA,44,Amor objeto,10,Suu,ejaab
RITA,44,Amor objeto,11,PPpuPpppA,jjejej
RITA,44,Amor objeto,12,Ap,ej
RITA,44,Amor objeto,13,aAuaAu,jjje
RITA,44,Amor objeto,14,SupupP,ejjj
RITA,44,Amor objeto,15,AuaAuPP,ejejj
RITA,44,Amor objeto,16,AuPuP,ejje
RITA,44,Amor objeto,17,AuaAuPP,ejejj
RITA,44,Amor objeto,18,AuPuP,ejje
RITA,44,Amor objeto,19,aAp,ejab
RITA,45,Ambicao,1,apaAP,bjabj
RITA,45,Ambicao,2,aAu,eej
RITA,45,Ambicao,3,Pppap,ebjeaaab
RITA,45,Ambicao,4,PPPp,eebj
RITA,45,Ambicao,5,PPPp,eebj
RITA,45,Ambicao,6,pa,je
RITA,45,Ambicao,7,PA,ej
RITA,45,Ambicao,8,uapuaAP,jjjj
RITA,45,Ambicao,9,PpPP,eebj
RITA,45,Ambicao,10,pap,jeab
RITA,45,Ambicao,11,PPuPp,eejeb
RITA,45,Ambicao,12,PPPp,eebj
RITA,45,Ambicao,13,pa,je
RITA,45,Ambicao,14,AaSuaP,ejjj
RITA,45,Ambicao,15,uPpAu,ejje
RITA,45,Ambicao,16,uppPs,ejje
RITA,45,Ambicao,17,uuupapPA,eeeejje
RITA,45,Ambicao,18,uuuuuu,ejjj
RITA,45,Ambicao,19,pPA,eje
RITA,45,Ambicao,20,uuupaPA,eeeeeje
RITA,45,Ambicao,21,uuuuuuupu,ejjjjb
RITA,45,Ambicao,22,pPp,eje
RITA,45,Ambicao,23,Sppap,bbeebb
RITA,46,Ando jururu,1,uuuaAuuaA,jtvb
RITA,46,Ando jururu,2,aAuaAuA,ptr
RITA,46,Ando jururu,3,uuuaAuuaA,jtvb
RITA,46,Ando jururu,4,uAuuuua,ptr
RITA,46,Ando jururu,5,uuuA,jt
RITA,46,Ando jururu,6,AuuuA,bjt
RITA,46,Ando jururu,7,uaAuuuAuuuuuuua,tvvvb
RITA,46,Ando jururu,8,pp,bbb
RITA,46,Ando jururu,9,pPpsuPA,kdkdbb
RITA,46,Ando jururu,10,uuuupPpsuPA,eskdkdbb
RITA,46,Ando jururu,11,uuuuupp,eejjj
RITA,46,Ando jururu,12,PAAu,ejeb
RITA,46,Ando jururu,13,pPpPpPu,olll
RITA,46,Ando jururu,14,PPuu,pje
RITA,46,Ando jururu,15,uuup,jje
RITA,46,Ando jururu,16,uuup,jjaab
RITA,47,Xuxuzinho,1,aaA,bbbb
RITA,47,Xuxuzinho,2,uuPpup,ejjbab
RITA,47,Xuxuzinho,3,aaP,bbbb
RITA,47,Xuxuzinho,4,ApsAp,ejej
RITA,47,Xuxuzinho,5,up,bj
RITA,47,Xuxuzinho,6,pupp,bbbeb
RITA,47,Xuxuzinho,7,aAp,eej
RITA,47,Xuxuzinho,8,PPppPpp,fdkdjb
RITA,47,Xuxuzinho,9,uaAa,ejj
RITA,47,Xuxuzinho,10,Pup,bje
RITA,47,Xuxuzinho,11,aAu,jj
RITA,47,Xuxuzinho,12,upP,jj
RITA,47,Xuxuzinho,13,AaAa,ejj
RITA,47,Xuxuzinho,14,Pup,bje
RITA,47,Xuxuzinho,15,pP,bj
RITA,47,Xuxuzinho,16,u,be
RITA,47,Xuxuzinho,17,upAP,jbj
RITA,47,Xuxuzinho,18,PpAupu,ejjj
RITA,47,Xuxuzinho,19,APp,bje
RITA,47,Xuxuzinho,20,upp,jj
RITA,47,Xuxuzinho,21,pPpPpPP,jjjj
RITA,47,Xuxuzinho,22,p,ee
RITA,47,Xuxuzinho,23,pPpPpuA,jjjj
RITA,47,Xuxuzinho,24,pP,ej
RITA,47,Xuxuzinho,25,u,baaab
RITA,47,Xuxuzinho,26,uSpPpPpu,bejjq
RITA,47,Xuxuzinho,27,upap,bbbeb
RITA,47,Xuxuzinho,28,upap,bbbeb
RITA,47,Xuxuzinho,29,PPppPpp,fdkdjb
RITA,48,Fruto proibido,1,Appp,ebbj
RITA,48,Fruto proibido,2,Apppu,ebbje
RITA,48,Fruto proibido,3,Appp,ejee
RITA,48,Fruto proibido,4,Apppuu,ejeej
RITA,48,Fruto proibido,5,pauu,jje
RITA,48,Fruto proibido,6,ApPP,ejj
RITA,48,Fruto proibido,7,Appp,ebbj
RITA,48,Fruto proibido,8,Sppp,ebbj
RITA,48,Fruto proibido,9,uPPP,ebbbb
RITA,48,Fruto proibido,10,uuap,ejj
RITA,48,Fruto proibido,11,Apppuu,ebbjj
RITA,48,Fruto proibido,12,papPu,jjeb
RITA,48,Fruto proibido,13,ApPP,ejj
RITA,49,Livre outra vez,1,upap,ejj
RITA,49,Livre outra vez,2,upaPp,ejbbb
RITA,49,Livre outra vez,3,Sppa,ejj
RITA,49,Livre outra vez,4,Sppa,ejj
RITA,49,Livre outra vez,5,upppp,jebj
RITA,49,Livre outra vez,6,uppa,ekdb
RITA,49,Livre outra vez,7,upaPp,ejbbe
RITA,49,Livre outra vez,8,pupupPupp,jjjjj
RITA,49,Livre outra vez,9,pp,ej
RITA,49,Livre outra vez,10,pupupPppPp,jjjbjeb
RITA,49,Livre outra vez,11,As,je
RITA,49,Livre outra vez,12,Pppu,bbbj
RITA,49,Livre outra vez,13,pp,je
RITA,49,Livre outra vez,14,Pu,je
RITA,49,Livre outra vez,15,Pu,ej
RITA,49,Livre outra vez,16,AApaa,ebjee
RITA,49,Livre outra vez,17,pPu,baje
RITA,49,Livre outra vez,18,Pu,ej
RITA,49,Livre outra vez,19,AApaa,ebjee
RITA,50,O futuro me absolve,1,uuuppuPuu,ejjjjb
RITA,50,O futuro me absolve,2,uuuuuuuuuupPp,ettthj
RITA,50,O futuro me absolve,3,PpAu,ejj
RITA,50,O futuro me absolve,4,ppPu,ejj
RITA,50,O futuro me absolve,5,uuuuuuuuuuuuuuuuupPp,ejrttvrj
RITA,50,O futuro me absolve,6,uuuuaa,eejje
RITA,50,O futuro me absolve,7,uuuuaa,eejje
RITA,50,O futuro me absolve,8,uuuuaa,eejje
RITA,50,O futuro me absolve,9,uuuuaa,eejje
RITA,50,O futuro me absolve,10,pPPPP,rjae
RITA,50,O futuro me absolve,11,PpPpPp,ejjj
RITA,50,O futuro me absolve,12,pPppS,rje
RITA,50,O futuro me absolve,13,uuuppPp,ejjjb
RITA,50,O futuro me absolve,14,Pp,ej
RITA,50,O futuro me absolve,15,pp,jb
