corpus_id,composition_id,composition_name,chord_index,root,bass,chord_type,chord_symbol,functional_category,key,mode,position
BOSCO,1,Agnus sei,1,4,4,z2,*m7.9,I,4,minor,1.0
BOSCO,1,Agnus sei,2,2,9,z2,*m7.9,bVIIm7,4,minor,8.0
BOSCO,1,Agnus sei,3,1,1,y0,*Ø,VI,4,minor,10.0
BOSCO,1,Agnus sei,4,0,0,Z0,*M7,VI,4,minor,11.0
BOSCO,1,Agnus sei,5,2,6,z1,*m6,II__X,4,minor,12.0
BOSCO,1,Agnus sei,6,7,7,Y2,*7.9,V/VI,4,minor,13.0
BOSCO,1,Agnus sei,7,0,0,Z1.1,*6.9,VI,4,minor,14.0
BOSCO,1,Agnus sei,8,6,6,y0,*Ø,II,4,minor,15.0
BOSCO,1,Agnus sei,9,11,11,Y2.3,*7(b9),V,4,minor,15.5
BOSCO,1,Agnus sei,10,4,4,z2,*m7.9,I,4,minor,16.0
BOSCO,1,Agnus sei,11,4,4,z1.1,*m6.9,I,4,minor,17.0
BOSCO,1,Agnus sei,12,4,4,z2,*m7.9,I,4,minor,19.0
BOSCO,1,Agnus sei,13,4,4,z1.1,*m6.9,I,4,minor,21.0
BOSCO,1,Agnus sei,14,4,4,z2,*m7.9,I,4,minor,23.0
BOSCO,1,Agnus sei,15,6,6,Y1,*4.7,V/V,4,minor,25.0
BOSCO,1,Agnus sei,16,5,5,Z3,*M7(#11),bII7M,4,minor,27.0
BOSCO,1,Agnus sei,17,4,4,z2,*m7.9,I,4,minor,29.0
BOSCO,2,Bala com bala,1,4,4,Y2.4,*7(#9),V,9,major,1.0
BOSCO,2,Bala com bala,2,9,9,Y4,*7.13,I,9,major,9.0
BOSCO,2,Bala com bala,3,2,2,Y2,*7.9,IV7,9,major,10.0
BOSCO,2,Bala com bala,4,7,7,Y4,*7.13,bVII7,9,major,11.0
BOSCO,2,Bala com bala,5,0,0,Y2,*7.9,SubV/II,9,major,12.0
BOSCO,2,Bala com bala,6,11,11,Y4,*7.13,V/V,9,major,13.0
BOSCO,2,Bala com bala,7,10,10,Y4,*7.13,SubV,9,major,14.0
BOSCO,2,Bala com bala,8,9,9,Y4,*7.13,I,9,major,15.0
BOSCO,2,Bala com bala,9,5,5,Y4,*7.13,SubV/V,9,major,16.0
BOSCO,2,Bala com bala,10,9,9,Y4,*7.13,V,9,major,16.5
BOSCO,2,Bala com bala,11,9,9,Y4,*7.13,V,9,major,17.0
BOSCO,3,A nivel de,1,0,0,Z0,*M7,IV,7,major,1.0
BOSCO,3,A nivel de,2,7,6,Z0,*M7,I,7,major,3.0
BOSCO,3,A nivel de,3,2,7,V0,*,V,7,major,4.0
BOSCO,3,A nivel de,4,0,7,Z0,*M7,I,7,major,5.0
BOSCO,3,A nivel de,5,11,6,z0,*m7,II__X,7,major,7.0
BOSCO,3,A nivel de,6,4,4,Y2.2.1.1,*7(b9.b13),V/II,7,major,8.5
BOSCO,3,A nivel de,7,9,9,z0,*m7,II,7,major,9.0
BOSCO,3,A nivel de,8,9,9,Y1,*4.7,V,7,major,9.5
BOSCO,3,A nivel de,9,4,4,z1,*m6,VI,7,major,10.0
BOSCO,3,A nivel de,10,0,0,z1,*m6,IVm7,7,major,10.5
BOSCO,3,A nivel de,11,4,4,Y1.1,*4.7.9,V/II,7,major,11.0
BOSCO,3,A nivel de,12,4,4,Y0,*7,V/II,7,major,12.0
BOSCO,3,A nivel de,13,1,1,Y2.1.3.1,*7(#9.#11.b13),SubV/IV,7,major,12.5
BOSCO,3,A nivel de,14,0,0,Z0,*M7,IV,7,major,13.0
BOSCO,3,A nivel de,15,5,5,Y2,*7.9,bVII7,7,major,14.0
BOSCO,3,A nivel de,16,9,9,z0,*m7,II,7,major,15.0
BOSCO,3,A nivel de,17,7,2,Z0,*M7,I,7,major,16.0
BOSCO,3,A nivel de,18,0,0,Z0,*M7,IV,7,major,17.0
BOSCO,3,A nivel de,19,5,5,Y2,*7.9,bVII7,7,major,18.0
BOSCO,3,A nivel de,20,9,9,z0,*m7,II,7,major,19.0
BOSCO,3,A nivel de,21,7,11,Z0,*M7,I,7,major,20.0
BOSCO,3,A nivel de,22,0,0,Z0,*M7,IV,7,major,21.0
BOSCO,3,A nivel de,23,5,5,Y2,*7.9,bVII7,7,major,22.0
BOSCO,3,A nivel de,24,9,9,z0,*m7,II,7,major,23.0
BOSCO,3,A nivel de,25,7,11,Z0,*M7,I,7,major,24.0
BOSCO,3,A nivel de,26,0,0,z1,*m6,IVm7,7,major,25.0
BOSCO,3,A nivel de,27,11,11,Y4,*7.13,V/VI,7,major,27.0
BOSCO,3,A nivel de,28,11,11,Y4.1,*7(b13),V/VI,7,major,27.5
BOSCO,3,A nivel de,29,4,4,z3,*m7.11,II__X,7,major,28.0
BOSCO,3,A nivel de,30,9,4,Y0,*7,V/V,7,major,29.0
BOSCO,3,A nivel de,31,0,4,Z1,*6,IV,7,major,30.0
BOSCO,3,A nivel de,32,2,2,Y1,*4.7,V,7,major,31.0
BOSCO,3,A nivel de,33,1,1,Y2.4,*7(#9),SubV/IV,7,major,32.5
BOSCO,3,A nivel de,34,0,0,Z0,*M7,IV,7,major,33.0
BOSCO,3,A nivel de,35,5,5,Y2,*7.9,bVII7,7,major,34.0
BOSCO,3,A nivel de,36,9,9,Y2,*7.9,V/V,7,major,35.0
BOSCO,3,A nivel de,37,9,9,z0,*m7,II,7,major,37.0
BOSCO,3,A nivel de,38,5,5,Y2,*7.9,bVII7,7,major,38.0
BOSCO,3,A nivel de,39,9,9,z0,*m7,II,7,major,39.0
BOSCO,3,A nivel de,40,7,11,Z0,*M7,I,7,major,40.0
BOSCO,3,A nivel de,41,0,0,Z0,*M7,IV,7,major,41.0
BOSCO,4,De frente pro crime,1,2,2,V0,*,I,2,major,1.0
BOSCO,4,De frente pro crime,2,7,7,Z2,*M7.9,IV,2,major,2.0
BOSCO,4,De frente pro crime,3,2,2,V0,*,I,2,major,3.0
BOSCO,4,De frente pro crime,4,7,7,Z2,*M7.9,IV,2,major,6.0
BOSCO,4,De frente pro crime,5,11,11,Y1.1,*4.7.9,V/II,2,major,7.0
BOSCO,4,De frente pro crime,6,4,11,z1.1,*m6.9,II,2,major,9.0
BOSCO,4,De frente pro crime,7,11,11,v0,*m,VI,2,major,11.0
BOSCO,4,De frente pro crime,8,11,9,z0,*m7,VI,2,major,12.0
BOSCO,4,De frente pro crime,9,7,7,Z2,*M7.9,IV,2,major,13.0
BOSCO,4,De frente pro crime,10,9,9,Y1,*4.7,V/V,2,major,14.0
BOSCO,4,De frente pro crime,11,2,2,Y0,*7,V,2,major,15.0
BOSCO,4,De frente pro crime,12,2,6,Y0,*7,V,2,major,16.0
BOSCO,4,De frente pro crime,13,7,7,Z1,*6,I,2,major,17.0
BOSCO,4,De frente pro crime,14,9,9,Y0,*7,V/V,2,major,18.0
BOSCO,4,De frente pro crime,15,2,2,Y0,*7,V,2,major,19.0
BOSCO,4,De frente pro crime,16,2,6,Y0,*7,V,2,major,20.0
BOSCO,4,De frente pro crime,17,7,7,Z1,*6,I,2,major,21.0
BOSCO,4,De frente pro crime,18,9,9,Y0,*7,V/V,2,major,22.0
BOSCO,4,De frente pro crime,19,2,2,Y0,*7,V,2,major,23.0
BOSCO,4,De frente pro crime,20,2,6,Y0,*7,V,2,major,24.0
BOSCO,4,De frente pro crime,21,7,7,Z1,*6,I,2,major,25.0
BOSCO,5,Boca de sapo,1,4,4,Z1,*6,I,4,major,1.0
BOSCO,5,Boca de sapo,2,9,9,V0,*,IV,4,major,3.0
BOSCO,5,Boca de sapo,3,11,11,Y0,*7,V,4,major,5.0
BOSCO,5,Boca de sapo,4,4,4,Z1,*6,I,4,major,7.0
BOSCO,5,Boca de sapo,5,11,11,Y0,*7,V,4,major,8.0
BOSCO,5,Boca de sapo,6,4,4,Z1,*6,I,4,major,9.0
BOSCO,5,Boca de sapo,7,4,4,Y0,*7,V/IV,4,major,10.0
BOSCO,5,Boca de sapo,8,9,9,V0,*,IV,4,major,11.0
BOSCO,5,Boca de sapo,9,11,9,Y0,*7,V,4,major,12.0
BOSCO,5,Boca de sapo,10,8,8,z3,*m7.11,II__X,4,major,13.0
BOSCO,5,Boca de sapo,11,1,1,Y2.3,*7(b9),V/II,4,major,14.0
BOSCO,5,Boca de sapo,12,6,6,z0,*m7,II,4,major,15.0
BOSCO,5,Boca de sapo,13,11,11,Y0,*7,V,4,major,16.0
BOSCO,5,Boca de sapo,14,4,4,Z1,*6,I,4,major,17.0
BOSCO,5,Boca de sapo,15,4,4,Y0,*7,V/IV,4,major,18.0
BOSCO,5,Boca de sapo,16,9,9,V0,*,IV,4,major,19.0
BOSCO,5,Boca de sapo,17,11,9,Y0,*7,V,4,major,20.0
BOSCO,5,Boca de sapo,18,8,8,z3,*m7.11,II__X,4,major,21.0
BOSCO,5,Boca de sapo,19,1,1,Y2.3,*7(b9),V/II,4,major,22.0
BOSCO,5,Boca de sapo,20,6,6,z0,*m7,II,4,major,23.0
BOSCO,5,Boca de sapo,21,11,11,Y0,*7,V,4,major,24.0
BOSCO,5,Boca de sapo,22,4,4,Z1,*6,I,4,major,25.0
BOSCO,5,Boca de sapo,23,9,9,V0,*,IV,4,major,27.0
BOSCO,5,Boca de sapo,24,4,4,Z1,*6,I,4,major,28.0
BOSCO,5,Boca de sapo,25,9,9,V0,*,IV,4,major,30.0
BOSCO,5,Boca de sapo,26,4,4,Z1,*6,I,4,major,31.0
BOSCO,6,Bijuterias,1,2,2,z2.1,*m7.9.11,I,2,minor,1.0
BOSCO,6,Bijuterias,2,2,2,z1.1.1,*m6.9.11,I,2,minor,3.0
BOSCO,6,Bijuterias,3,2,2,z2.1,*m7.9.11,I,2,minor,4.0
BOSCO,6,Bijuterias,4,2,2,z1.1.1,*m6.9.11,I,2,minor,5.0
BOSCO,6,Bijuterias,5,9,9,w1,*mM7.9,I,2,minor,6.0
BOSCO,6,Bijuterias,6,9,9,z2,*m7.9,I,2,minor,6.5
BOSCO,6,Bijuterias,7,9,9,w1,*mM7.9,I,2,minor,7.0
BOSCO,6,Bijuterias,8,9,9,z2,*m7.9,I,9,minor,8.0
BOSCO,6,Bijuterias,9,9,9,w1,*mM7.9,I,9,minor,8.5
BOSCO,6,Bijuterias,10,9,9,z2,*m7.9,I,9,minor,9.0
BOSCO,6,Bijuterias,11,9,9,w1,*mM7.9,I,9,minor,9.5
BOSCO,6,Bijuterias,12,9,9,z2,*m7.9,I,9,minor,10.0
BOSCO,6,Bijuterias,13,5,5,Z0,*M7,VI,9,minor,10.5
BOSCO,6,Bijuterias,14,6,6,z0,*m7,II,9,minor,11.0
BOSCO,6,Bijuterias,15,11,11,Y2.3,*7(b9),V,9,minor,11.5
BOSCO,6,Bijuterias,16,4,4,Z0,*M7,I,9,minor,12.0
BOSCO,6,Bijuterias,17,10,10,Y2,*7.9,V,4,major,13.0
BOSCO,6,Bijuterias,18,3,3,Z0,*M7,I,4,major,14.0
BOSCO,6,Bijuterias,19,2,2,Z0,*M7,I,4,major,15.0
BOSCO,6,Bijuterias,20,6,6,z2,*m7.9,II__X,3,major,16.0
BOSCO,6,Bijuterias,21,11,11,Y2.2.1.1,*7(b9.b13),V/II,3,major,17.0
BOSCO,6,Bijuterias,22,4,4,z2,*m7.9,II,2,major,18.0
BOSCO,6,Bijuterias,23,1,1,y0,*Ø,II__X,2,major,20.0
BOSCO,6,Bijuterias,24,6,6,Y2.2.1.1,*7(b9.b13),V/VI,2,major,21.0
BOSCO,6,Bijuterias,25,0,0,Y2.1,*7.9(#11),SubV/VI,2,major,22.0
BOSCO,6,Bijuterias,26,11,11,w0,*mM7,VI,2,major,23.0
BOSCO,6,Bijuterias,27,11,11,z0,*m7,VI,2,major,24.0
BOSCO,6,Bijuterias,28,11,11,w0,*mM7,II__X,2,major,24.5
BOSCO,6,Bijuterias,29,4,4,Y4.1,*7(b13),V/V,2,major,25.0
BOSCO,6,Bijuterias,30,9,9,w0,*mM7,Vm7,2,major,25.5
BOSCO,6,Bijuterias,31,9,9,Y4,*7.13,V,2,major,26.0
BOSCO,6,Bijuterias,32,2,2,Z1.1.1,*6.9(#11),I,2,major,26.5
BOSCO,6,Bijuterias,33,2,2,z1.1.1,*m6.9.11,I,2,major,27.0
BOSCO,6,Bijuterias,34,6,6,z0,*m7,?,2,major,27.5
BOSCO,6,Bijuterias,35,5,5,Z3,*M7(#11),III,2,major,29.0
BOSCO,6,Bijuterias,36,10,10,Z1,*6,Np/V,2,minor,30.0
BOSCO,6,Bijuterias,37,9,9,Y1.1.3,*4.7(b9),V,2,minor,31.0
BOSCO,6,Bijuterias,38,2,2,z2.1,*m7.9.11,I,2,minor,31.5
BOSCO,6,Bijuterias,39,2,2,w1,*mM7.9,I,2,minor,32.0
BOSCO,7,Escadas da Penha,1,9,9,v1,*m.9,I,9,minor,1.0
BOSCO,7,Escadas da Penha,2,7,7,V0,*,bVII7M,9,minor,2.5
BOSCO,7,Escadas da Penha,3,9,9,v1,*m.9,I,9,minor,3.0
BOSCO,7,Escadas da Penha,4,7,7,V0,*,bVII7M,9,minor,14.5
BOSCO,7,Escadas da Penha,5,9,9,Y0,*7,V/IV,9,minor,15.0
BOSCO,7,Escadas da Penha,6,2,2,Y0,*7,IV7,9,minor,16.0
BOSCO,7,Escadas da Penha,7,0,0,Y0,*7,?,9,minor,17.0
BOSCO,7,Escadas da Penha,8,10,10,Y0,*7,SubV,9,minor,18.0
BOSCO,7,Escadas da Penha,9,9,9,Y0,*7,V/IV,9,minor,19.0
BOSCO,7,Escadas da Penha,10,2,2,Y0,*7,IV7,9,minor,20.0
BOSCO,7,Escadas da Penha,11,7,7,Y0,*7,bVII7,9,minor,21.0
BOSCO,7,Escadas da Penha,12,5,5,Y0,*7,?,9,minor,22.0
BOSCO,7,Escadas da Penha,13,9,9,Y0,*7,V/IV,9,minor,23.0
BOSCO,7,Escadas da Penha,14,2,2,Y0,*7,IV7,9,minor,24.0
BOSCO,7,Escadas da Penha,15,0,0,Y0,*7,?,9,minor,25.0
BOSCO,7,Escadas da Penha,16,10,10,Y0,*7,SubV,9,minor,26.0
BOSCO,7,Escadas da Penha,17,9,9,Y0,*7,V/IV,9,minor,27.0
BOSCO,7,Escadas da Penha,18,2,2,Y0,*7,IV7,9,minor,28.0
BOSCO,7,Escadas da Penha,19,7,7,Y0,*7,bVII7,9,minor,29.0
BOSCO,7,Escadas da Penha,20,6,6,Y0,*7,?,9,minor,30.0
BOSCO,7,Escadas da Penha,21,5,5,Y0,*7,SubV/V,9,minor,31.0
BOSCO,7,Escadas da Penha,22,4,4,Y0,*7,V,9,minor,32.0
BOSCO,7,Escadas da Penha,23,9,9,v0,*m,I,9,minor,33.0
BOSCO,8,Casa de marimbondo,1,4,4,Y2.4,*7(#9),V/IV,4,minor,1.0
BOSCO,8,Casa de marimbondo,2,9,9,Y2.1.1,*7.9(#11)13,IV7,4,minor,2.0
BOSCO,8,Casa de marimbondo,3,4,4,Y2.4,*7(#9),V/IV,4,minor,3.0
BOSCO,8,Casa de marimbondo,4,9,9,Y4,*7.13,IV7,4,minor,5.0
BOSCO,8,Casa de marimbondo,5,2,2,Y2,*7.9,V/III,4,minor,6.0
BOSCO,8,Casa de marimbondo,6,7,7,Y4,*7.13,V/VI,4,minor,7.0
BOSCO,8,Casa de marimbondo,7,6,6,Y0,*7,?,4,minor,8.0
BOSCO,8,Casa de marimbondo,8,5,5,Y3,*7(#11),SubV,4,minor,8.5
BOSCO,8,Casa de marimbondo,9,4,4,Y2.4,*7(#9),V/IV,4,minor,9.0
BOSCO,8,Casa de marimbondo,10,9,9,Y2.1.1,*7.9(#11)13,IV7,4,minor,10.0
BOSCO,8,Casa de marimbondo,11,7,7,Y4,*7.13,V/VI,4,minor,11.0
BOSCO,8,Casa de marimbondo,12,0,0,Y0,*7,?,4,minor,12.0
BOSCO,8,Casa de marimbondo,13,9,9,Y4,*7.13,IV7,4,minor,13.0
BOSCO,8,Casa de marimbondo,14,11,11,Y1.1,*4.7.9,V,4,minor,14.0
BOSCO,8,Casa de marimbondo,15,4,4,z0,*m7,I,4,minor,15.0
BOSCO,8,Casa de marimbondo,16,9,4,V0,*,IV,4,minor,15.5
BOSCO,8,Casa de marimbondo,17,4,4,z0,*m7,I,4,minor,16.0
BOSCO,8,Casa de marimbondo,18,9,4,V0,*,IV,4,minor,16.5
BOSCO,8,Casa de marimbondo,19,4,4,Y0,*7,IV7,4,minor,17.0
BOSCO,8,Casa de marimbondo,20,9,9,Y0,*7,IV7,4,minor,18.0
BOSCO,8,Casa de marimbondo,21,2,2,Y0,*7,V/III,4,minor,19.0
BOSCO,8,Casa de marimbondo,22,7,7,Y0,*7,V/VI,4,minor,20.0
BOSCO,8,Casa de marimbondo,23,0,0,Y0,*7,SubV/V,4,minor,21.0
BOSCO,8,Casa de marimbondo,24,11,11,Y0,*7,V,4,minor,22.0
BOSCO,8,Casa de marimbondo,25,6,6,Y0,*7,V/V,4,minor,23.0
BOSCO,8,Casa de marimbondo,26,11,11,Y0,*7,V,4,minor,24.0
BOSCO,8,Casa de marimbondo,27,4,4,Y0,*7,IV7,4,minor,25.0
BOSCO,8,Casa de marimbondo,28,9,9,Y0,*7,IV7,4,minor,26.0
BOSCO,8,Casa de marimbondo,29,2,2,Y0,*7,V/III,4,minor,27.0
BOSCO,8,Casa de marimbondo,30,7,7,Y0,*7,V/VI,4,minor,28.0
BOSCO,8,Casa de marimbondo,31,0,0,Z2,*M7.9,VI,4,minor,30.0
BOSCO,8,Casa de marimbondo,32,9,9,Y0,*7,IV7,4,minor,31.0
BOSCO,8,Casa de marimbondo,33,11,11,Y0,*7,V,4,minor,32.0
BOSCO,8,Casa de marimbondo,34,11,11,W0,*(#5)7,V,4,minor,33.0
BOSCO,9,Dois pra la dois pra ca,1,4,4,v1,*m.9,I,4,minor,1.0
BOSCO,9,Dois pra la dois pra ca,2,11,6,z0,*m7,Vm7,4,minor,2.0
BOSCO,9,Dois pra la dois pra ca,3,4,4,v1,*m.9,I,4,minor,3.0
BOSCO,9,Dois pra la dois pra ca,4,11,6,z0,*m7,Vm7,4,minor,4.0
BOSCO,9,Dois pra la dois pra ca,5,4,4,v1,*m.9,I,4,minor,5.0
BOSCO,9,Dois pra la dois pra ca,6,11,6,z0,*m7,Vm7,4,minor,6.0
BOSCO,9,Dois pra la dois pra ca,7,1,5,Y0,*7,SubV/VI,4,minor,7.0
BOSCO,9,Dois pra la dois pra ca,8,6,4,Z0,*M7,VI,4,minor,8.0
BOSCO,9,Dois pra la dois pra ca,9,11,3,Y2.3,*7(b9),V,4,minor,9.0
BOSCO,9,Dois pra la dois pra ca,10,7,7,V1,*4,III,4,minor,10.0
BOSCO,9,Dois pra la dois pra ca,11,1,1,y0,*Ø,II__X,4,minor,11.0
BOSCO,9,Dois pra la dois pra ca,12,6,6,Y4.1,*7(b13),V/V,4,minor,11.5
BOSCO,9,Dois pra la dois pra ca,13,11,11,y0,*Ø,II,9,minor,12.0
BOSCO,9,Dois pra la dois pra ca,14,4,4,Y2.3,*7(b9),V,9,minor,13.0
BOSCO,9,Dois pra la dois pra ca,15,9,9,Y4,*7.13,V/IV,9,minor,14.0
BOSCO,9,Dois pra la dois pra ca,16,9,9,Y4.1,*7(b13),V/IV,9,minor,14.5
BOSCO,9,Dois pra la dois pra ca,17,2,2,Y1.1,*4.7.9,IV7,9,minor,15.0
BOSCO,9,Dois pra la dois pra ca,18,2,0,Y0,*7,IV7,9,minor,15.5
BOSCO,9,Dois pra la dois pra ca,19,11,11,y0,*Ø,II,9,minor,16.0
BOSCO,9,Dois pra la dois pra ca,20,7,7,Y2.2,*7.9.13,V,9,minor,16.5
BOSCO,9,Dois pra la dois pra ca,21,7,7,Y2.2.1,*7(b9)13,V,9,minor,16.75
BOSCO,9,Dois pra la dois pra ca,22,0,0,Z0,*M7,III,9,minor,18.0
BOSCO,9,Dois pra la dois pra ca,23,6,6,Y4,*7.13,V/V,4,minor,19.0
BOSCO,9,Dois pra la dois pra ca,24,6,6,Y4.1,*7(b13),V/V,4,minor,19.5
BOSCO,9,Dois pra la dois pra ca,25,9,0,z1,*m6,IV,4,minor,20.0
BOSCO,9,Dois pra la dois pra ca,26,11,11,Y0,*7,V,4,minor,20.5
BOSCO,9,Dois pra la dois pra ca,27,4,4,v1,*m.9,I,4,minor,21.0
BOSCO,10,Falso brilhante,1,4,4,z2,*m7.9,I,4,minor,1.0
BOSCO,10,Falso brilhante,2,4,11,w1,*mM7.9,I,4,minor,1.5
BOSCO,10,Falso brilhante,3,4,4,z2,*m7.9,I,4,minor,2.0
BOSCO,10,Falso brilhante,4,4,11,w1,*mM7.9,I,4,minor,2.5
BOSCO,10,Falso brilhante,5,4,4,z2,*m7.9,I,4,minor,3.0
BOSCO,10,Falso brilhante,6,4,11,w1,*mM7.9,I,4,minor,3.5
BOSCO,10,Falso brilhante,7,4,4,z2,*m7.9,I,4,minor,4.0
BOSCO,10,Falso brilhante,8,9,9,w0,*mM7,IV,4,minor,5.0
BOSCO,10,Falso brilhante,9,9,4,z0,*m7,I,4,minor,5.5
BOSCO,10,Falso brilhante,10,9,9,w0,*mM7,IV,4,minor,6.0
BOSCO,10,Falso brilhante,11,9,4,z0,*m7,I,4,minor,6.5
BOSCO,10,Falso brilhante,12,9,9,w0,*mM7,IV,4,minor,7.0
BOSCO,10,Falso brilhante,13,9,4,z0,*m7,I,4,minor,7.5
BOSCO,10,Falso brilhante,14,9,9,w0,*mM7,IV,4,minor,8.0
BOSCO,10,Falso brilhante,15,9,4,z0,*m7,I,4,minor,8.5
BOSCO,10,Falso brilhante,16,6,6,z2,*m7.9,II,4,minor,9.0
BOSCO,10,Falso brilhante,17,11,11,Y1.1,*4.7.9,V,4,minor,10.0
BOSCO,10,Falso brilhante,18,4,4,Z1.1.1,*6.9(#11),I,4,major,11.0
BOSCO,10,Falso brilhante,19,6,6,z2,*m7.9,II,4,major,12.0
BOSCO,10,Falso brilhante,20,11,11,Y4,*7.13,V,4,major,12.5
BOSCO,10,Falso brilhante,21,4,4,V2.2,*(#5)9,I,4,major,13.0
BOSCO,10,Falso brilhante,22,4,4,Z1.1,*6.9,I,4,major,13.5
BOSCO,10,Falso brilhante,23,10,10,W0,*(#5)7,SubV/IV,4,major,14.0
BOSCO,10,Falso brilhante,24,3,3,w0,*mM7,II__X,4,major,14.5
BOSCO,10,Falso brilhante,25,3,3,z0,*m7,II__X,4,major,15.0
BOSCO,10,Falso brilhante,26,8,8,Y4,*7.13,V/VI,4,major,15.5
BOSCO,10,Falso brilhante,27,1,1,w0,*mM7,II__X,4,major,16.0
BOSCO,10,Falso brilhante,28,1,1,z0,*m7,II__X,4,major,17.0
BOSCO,10,Falso brilhante,29,6,6,Y4,*7.13,V/V,4,major,17.5
BOSCO,10,Falso brilhante,30,11,11,Z0,*M7,I,11,major,18.0
BOSCO,10,Falso brilhante,31,1,1,z2,*m7.9,II,11,major,18.5
BOSCO,10,Falso brilhante,32,3,3,z2,*m7.9,II__X,11,major,19.0
BOSCO,10,Falso brilhante,33,8,8,Y4,*7.13,aSubV/II,11,major,19.5
BOSCO,10,Falso brilhante,34,9,9,z2,*m7.9,II,7,major,20.0
BOSCO,10,Falso brilhante,35,2,2,Y2.2,*7.9.13,V,7,major,21.0
BOSCO,10,Falso brilhante,36,7,7,Z0,*M7,I,7,major,22.0
BOSCO,10,Falso brilhante,37,9,9,z0,*m7,II,7,major,22.5
BOSCO,10,Falso brilhante,38,11,11,z0,*m7,III,7,major,23.0
BOSCO,10,Falso brilhante,39,2,2,z2,*m7.9,II__X,7,major,23.5
BOSCO,10,Falso brilhante,40,1,1,Y2.1,*7.9(#11),SubV/IV,7,major,23.75
BOSCO,10,Falso brilhante,41,0,0,Z0,*M7,IV,7,major,24.0
BOSCO,10,Falso brilhante,42,1,1,y3,*Ø(b13),#IVm7(b5),7,major,25.0
BOSCO,10,Falso brilhante,43,7,7,Z0,*M7,I,7,major,26.0
BOSCO,10,Falso brilhante,44,6,6,Y4,*7.13,V/III,7,major,26.5
BOSCO,10,Falso brilhante,45,5,5,Z5,*6.M7,Np/VI,7,major,27.0
BOSCO,10,Falso brilhante,46,4,4,Y2.3,*7(b9),V/II,7,major,27.5
BOSCO,10,Falso brilhante,47,9,9,z0,*m7,II,7,major,28.0
BOSCO,10,Falso brilhante,48,11,11,z0,*m7,III,7,major,28.5
BOSCO,10,Falso brilhante,49,0,0,Z1.1,*6.9,IV,7,major,29.0
BOSCO,10,Falso brilhante,50,2,2,Y2,*7.9,V,7,major,29.5
BOSCO,10,Falso brilhante,51,7,7,Z1.1,*6.9,I,7,major,30.0
BOSCO,10,Falso brilhante,52,9,9,z0,*m7,II,7,major,30.5
BOSCO,10,Falso brilhante,53,11,11,z2,*m7.9,II__X,7,major,31.0
BOSCO,10,Falso brilhante,54,4,4,Y4.1,*7(b13),V/II,7,major,31.5
BOSCO,10,Falso brilhante,55,9,9,z0,*m7,II,7,major,32.0
BOSCO,10,Falso brilhante,56,0,0,z1,*m6,IVm7,7,major,33.0
BOSCO,10,Falso brilhante,57,11,11,z0,*m7,III,7,major,34.0
BOSCO,10,Falso brilhante,58,10,10,z0,*m7,bIIIm7,7,major,35.5
BOSCO,10,Falso brilhante,59,9,9,z0,*m7,IV,4,minor,36.0
BOSCO,10,Falso brilhante,60,11,11,Y2.3,*7(b9),V,4,minor,37.0
BOSCO,10,Falso brilhante,61,4,4,z2,*m7.9,I,4,minor,38.0
BOSCO,11,Corsario,1,9,9,z1.3,*m(b6),I,9,minor,1.0
BOSCO,11,Corsario,2,9,9,y0,*Ø,I,9,minor,1.5
BOSCO,11,Corsario,3,9,9,z1.3,*m(b6),I,9,minor,2.0
BOSCO,11,Corsario,4,9,9,y0,*Ø,I,9,minor,2.5
BOSCO,11,Corsario,5,5,5,Y2,*7.9,bVII7,9,minor,3.0
BOSCO,11,Corsario,6,9,9,z1.3,*m(b6),I,9,minor,7.0
BOSCO,11,Corsario,7,9,9,y0,*Ø,I,9,minor,7.5
BOSCO,11,Corsario,8,9,9,z1.3,*m(b6),I,9,minor,8.0
BOSCO,11,Corsario,9,9,9,y0,*Ø,I,9,minor,8.5
BOSCO,11,Corsario,10,9,9,z1.3,*m(b6),I,9,minor,9.0
BOSCO,11,Corsario,11,9,9,y0,*Ø,I,9,minor,9.5
BOSCO,11,Corsario,12,9,9,z1.3,*m(b6),I,9,minor,10.0
BOSCO,11,Corsario,13,9,9,y0,*Ø,I,9,minor,10.5
BOSCO,11,Corsario,14,7,7,Y2,*7.9,bVII7,9,minor,11.0
BOSCO,11,Corsario,15,9,9,z1.3,*m(b6),I,9,minor,15.0
BOSCO,11,Corsario,16,9,9,y0,*Ø,I,9,minor,15.5
BOSCO,11,Corsario,17,9,9,z1.3,*m(b6),I,9,minor,16.0
BOSCO,11,Corsario,18,9,9,y0,*Ø,I,9,minor,16.6
BOSCO,11,Corsario,19,9,9,z1.3,*m(b6),I,9,minor,17.0
BOSCO,11,Corsario,20,9,9,y0,*Ø,I,9,minor,17.5
BOSCO,11,Corsario,21,6,6,y2,*Ø.11,VI,9,minor,18.0
BOSCO,11,Corsario,22,5,5,Z3,*M7(#11),SubV/V,9,minor,19.0
BOSCO,11,Corsario,23,4,4,Y1,*4.7,V,9,minor,20.0
BOSCO,11,Corsario,24,7,7,z1,*m6,bVIIm7,9,minor,22.0
BOSCO,11,Corsario,25,9,9,Y2.3,*7(b9),V/IV,9,minor,23.0
BOSCO,11,Corsario,26,2,2,v1,*m.9,IV,9,minor,24.0
BOSCO,11,Corsario,27,2,0,v1,*m.9,IV,9,minor,24.5
BOSCO,11,Corsario,28,11,11,y2,*Ø.11,II,9,minor,25.0
BOSCO,11,Corsario,29,4,4,Y2.3,*7(b9),V,9,minor,25.5
BOSCO,11,Corsario,30,9,9,z1.3,*m(b6),I,9,minor,26.0
BOSCO,11,Corsario,31,9,9,y0,*Ø,I,9,minor,26.5
BOSCO,11,Corsario,32,0,0,Y4,*7.13,SubV/II,9,minor,27.0
BOSCO,11,Corsario,33,11,11,Y0,*7,V/V,9,minor,28.0
BOSCO,11,Corsario,34,4,4,Y0,*7,V,9,minor,29.0
BOSCO,11,Corsario,35,9,9,z1.3,*m(b6),I,9,minor,30.0
BOSCO,11,Corsario,36,9,9,y0,*Ø,I,9,minor,30.5
BOSCO,11,Corsario,37,9,9,z1.3,*m(b6),I,9,minor,31.0
BOSCO,11,Corsario,38,9,9,y0,*Ø,I,9,minor,31.5
BOSCO,12,Feminismo no Estacio,1,0,0,V0,*,I,0,major,1.0
BOSCO,12,Feminismo no Estacio,2,9,9,z0,*m7,VI,0,major,2.0
BOSCO,12,Feminismo no Estacio,3,2,2,z0,*m7,II,0,major,3.0
BOSCO,12,Feminismo no Estacio,4,7,7,Y0,*7,V,0,major,5.0
BOSCO,12,Feminismo no Estacio,5,0,0,V0,*,I,0,major,7.0
BOSCO,12,Feminismo no Estacio,6,2,2,z0,*m7,II,0,major,11.0
BOSCO,12,Feminismo no Estacio,7,7,7,Y0,*7,V,0,major,13.0
BOSCO,12,Feminismo no Estacio,8,0,0,V0,*,I,0,major,15.0
BOSCO,12,Feminismo no Estacio,9,9,9,z0,*m7,VI,0,major,18.0
BOSCO,12,Feminismo no Estacio,10,2,2,z0,*m7,II,0,major,19.0
BOSCO,12,Feminismo no Estacio,11,0,0,V0,*,I,0,major,21.0
BOSCO,12,Feminismo no Estacio,12,7,7,Y0,*7,V,0,major,22.0
BOSCO,12,Feminismo no Estacio,13,0,0,V0,*,I,0,major,23.0
BOSCO,12,Feminismo no Estacio,14,7,7,Y0,*7,V,0,major,24.0
BOSCO,12,Feminismo no Estacio,15,0,0,V0,*,I,0,major,26.0
BOSCO,12,Feminismo no Estacio,16,0,0,Y0,*7,V/IV,0,major,28.0
BOSCO,12,Feminismo no Estacio,17,5,5,V0,*,IV,0,major,30.0
BOSCO,12,Feminismo no Estacio,18,6,6,x0,*°7,V°/V,0,major,33.0
BOSCO,12,Feminismo no Estacio,19,0,7,V0,*,I,0,major,34.0
BOSCO,12,Feminismo no Estacio,20,9,9,Y0,*7,V/II,0,major,35.0
BOSCO,12,Feminismo no Estacio,21,2,2,z0,*m7,II,0,major,36.0
BOSCO,12,Feminismo no Estacio,22,7,7,Y0,*7,V,0,major,37.0
BOSCO,12,Feminismo no Estacio,23,0,0,V0,*,I,0,major,38.0
BOSCO,12,Feminismo no Estacio,24,9,9,Y0,*7,V/II,0,major,41.0
BOSCO,12,Feminismo no Estacio,25,2,2,z0,*m7,II,0,major,42.0
BOSCO,12,Feminismo no Estacio,26,0,7,V0,*,I,0,major,44.0
BOSCO,12,Feminismo no Estacio,27,7,7,Y0,*7,V,0,major,45.0
BOSCO,12,Feminismo no Estacio,28,0,0,V0,*,I,0,major,46.0
BOSCO,13,Gol anulado,1,11,11,w0,*mM7,I,11,minor,1.0
BOSCO,13,Gol anulado,2,7,11,V0,*,VI,11,minor,2.0
BOSCO,13,Gol anulado,3,4,4,Y2,*7.9,IV7,11,minor,3.0
BOSCO,13,Gol anulado,4,4,4,z2,*m7.9,IV,11,minor,5.0
BOSCO,13,Gol anulado,5,6,6,Y4.1,*7(b13),V,11,minor,6.0
BOSCO,13,Gol anulado,6,7,7,Z5,*6.M7,VI,11,minor,7.0
BOSCO,13,Gol anulado,7,1,1,y2,*Ø.11,II,11,minor,9.0
BOSCO,13,Gol anulado,8,6,6,Y4.1,*7(b13),V,11,minor,10.0
BOSCO,13,Gol anulado,9,11,11,w0,*mM7,I,11,minor,11.0
BOSCO,13,Gol anulado,10,11,11,z0,*m7,I,11,minor,12.0
BOSCO,13,Gol anulado,11,8,8,x0,*°7,?,11,minor,13.0
BOSCO,13,Gol anulado,12,7,7,x0,*°7,V°,11,minor,15.0
BOSCO,13,Gol anulado,13,6,6,Y4.1,*7(b13),V,11,minor,16.0
BOSCO,13,Gol anulado,14,6,6,y0,*Ø,II__X,11,minor,17.0
BOSCO,13,Gol anulado,15,11,11,Y2.3,*7(b9),V/IV,11,minor,18.0
BOSCO,13,Gol anulado,16,4,4,Y2,*7.9,IV7,11,minor,19.0
BOSCO,13,Gol anulado,17,7,7,z1,*m6,IV,11,minor,21.0
BOSCO,13,Gol anulado,18,9,9,Y2,*7.9,V/III,11,minor,22.0
BOSCO,13,Gol anulado,19,2,9,Z1.1,*6.9,III,11,minor,23.0
BOSCO,13,Gol anulado,20,2,2,Z1.1,*6.9,III,11,minor,24.0
BOSCO,13,Gol anulado,21,6,1,z0,*m7,Vm7,11,minor,24.5
BOSCO,13,Gol anulado,22,11,11,w0,*mM7,I,11,minor,25.0
BOSCO,13,Gol anulado,23,11,11,z0,*m7,I,11,minor,26.0
BOSCO,13,Gol anulado,24,11,11,z1,*m6,I,11,minor,27.0
BOSCO,13,Gol anulado,25,1,1,y2,*Ø.11,II,11,minor,29.0
BOSCO,13,Gol anulado,26,0,0,x0,*°7,V°/IV,11,minor,33.0
BOSCO,13,Gol anulado,27,11,11,Y1,*4.7,V/IV,11,minor,36.0
BOSCO,13,Gol anulado,28,11,11,Y0,*7,V/IV,11,minor,36.5
BOSCO,13,Gol anulado,29,4,4,z2,*m7.9,IV,11,minor,37.0
BOSCO,13,Gol anulado,30,7,7,z1,*m6,bVIm7,11,minor,41.0
BOSCO,13,Gol anulado,31,6,6,Y4.1,*7(b13),V,11,minor,42.0
BOSCO,13,Gol anulado,32,11,11,w0,*mM7,I,11,minor,43.0
BOSCO,13,Gol anulado,33,11,9,z0,*m7,I,11,minor,44.0
BOSCO,13,Gol anulado,34,8,8,x0,*°7,V°/V,11,minor,45.0
BOSCO,13,Gol anulado,35,1,1,y2,*Ø.11,II,11,minor,47.0
BOSCO,13,Gol anulado,36,6,6,Y4.1,*7(b13),V,11,minor,48.0
BOSCO,13,Gol anulado,37,6,6,y0,*Ø,II__X,11,minor,49.0
BOSCO,13,Gol anulado,38,11,11,Y2.3,*7(b9),V/IV,11,minor,50.0
BOSCO,13,Gol anulado,39,4,4,Y2,*7.9,IV7,11,minor,51.0
BOSCO,13,Gol anulado,40,7,7,z1,*m6,IVm7,2,major,53.0
BOSCO,13,Gol anulado,41,9,9,Y2,*7.9,V,2,major,54.0
BOSCO,13,Gol anulado,42,2,2,Z1.1,*6.9,I,2,major,55.0
BOSCO,13,Gol anulado,43,8,8,y0,*Ø,#IVm7(b5),2,major,57.0
BOSCO,13,Gol anulado,44,7,7,z1,*m6,IVm7,2,major,58.0
BOSCO,13,Gol anulado,45,2,6,V0,*,I,2,major,59.0
BOSCO,13,Gol anulado,46,5,5,x0,*°7,bIII°,2,major,60.0
BOSCO,13,Gol anulado,47,4,4,z2,*m7.9,II,2,major,61.0
BOSCO,13,Gol anulado,48,6,6,Y2.3,*7(b9),V,11,minor,62.0
BOSCO,13,Gol anulado,49,11,11,w0,*mM7,I,11,minor,63.0
BOSCO,14,Desenho de giz,1,2,2,w0,*mM7,II,0,major,1.0
BOSCO,14,Desenho de giz,2,7,7,Y1.1,*4.7.9,V,0,major,2.0
BOSCO,14,Desenho de giz,3,7,7,Y2.3,*7(b9),V,0,major,2.5
BOSCO,14,Desenho de giz,4,0,0,Z4,*(#5)M7,I,0,major,3.0
BOSCO,14,Desenho de giz,5,4,11,Y0,*7,V/VI,0,major,3.5
BOSCO,14,Desenho de giz,6,9,9,v1,*m.9,VI,0,major,4.0
BOSCO,14,Desenho de giz,7,5,5,Z0,*M7,IV,0,major,5.0
BOSCO,14,Desenho de giz,8,5,5,w0,*mM7,IVm7,0,major,6.0
BOSCO,14,Desenho de giz,9,4,4,Y4.1,*7(b13),V/VI,0,major,6.5
BOSCO,14,Desenho de giz,10,0,3,v0,*m,Im7,0,major,7.0
BOSCO,14,Desenho de giz,11,2,2,Y1,*4.7,V/V,0,major,8.0
BOSCO,14,Desenho de giz,12,7,7,V0,*,V,0,major,9.0
BOSCO,14,Desenho de giz,13,11,6,Y0,*7,V/III,0,major,9.5
BOSCO,14,Desenho de giz,14,4,4,v1,*m.9,III,0,major,10.0
BOSCO,14,Desenho de giz,15,4,2,z0,*m7,III,0,major,10.5
BOSCO,14,Desenho de giz,16,7,7,Y1.1.2,*4.7.9.13,V,0,major,11.0
BOSCO,14,Desenho de giz,17,7,7,Y2.2.1,*7(b9)13,V,0,major,12.0
BOSCO,14,Desenho de giz,18,0,0,Z0,*M7,I,0,major,13.0
BOSCO,14,Desenho de giz,19,4,11,Y0,*7,V/VI,0,major,13.5
BOSCO,14,Desenho de giz,20,9,9,Y1,*4.7,V/II,0,major,14.0
BOSCO,14,Desenho de giz,21,9,9,v0,*m,VI,0,major,14.5
BOSCO,14,Desenho de giz,22,7,7,z0,*m7,II__X,0,major,15.0
BOSCO,14,Desenho de giz,23,0,0,Y2,*7.9,V/IV,0,major,16.0
BOSCO,14,Desenho de giz,24,0,0,Y2.3,*7(b9),V/IV,0,major,16.5
BOSCO,14,Desenho de giz,25,5,5,Z5,*6.M7,IV,0,major,17.0
BOSCO,14,Desenho de giz,26,6,6,y0,*Ø,II__X,0,major,18.0
BOSCO,14,Desenho de giz,27,11,11,Y2.3,*7(b9),V/III,0,major,18.5
BOSCO,14,Desenho de giz,28,7,10,z1,*m6,Vm7,0,major,19.0
BOSCO,14,Desenho de giz,29,9,9,Y4.1,*7(b13),V/II,0,major,20.0
BOSCO,14,Desenho de giz,30,2,2,Y4,*7.13,V/V,0,major,21.0
BOSCO,14,Desenho de giz,31,2,2,Y2.1,*7.9(#11),V/V,0,major,21.5
BOSCO,14,Desenho de giz,32,7,7,Y1.1.2,*4.7.9.13,V,0,major,22.0
BOSCO,14,Desenho de giz,33,1,1,Y2,*7.9,SubV,0,major,22.5
BOSCO,14,Desenho de giz,34,0,0,Z1.1,*6.9,I,0,major,23.0
BOSCO,15,Kid cavaquinho,1,2,2,V0,*,I,2,major,1.0
BOSCO,15,Kid cavaquinho,2,9,9,Y0,*7,V,2,major,4.0
BOSCO,15,Kid cavaquinho,3,7,7,V0,*,IV,2,major,5.0
BOSCO,15,Kid cavaquinho,4,2,2,V0,*,I,2,major,8.0
BOSCO,15,Kid cavaquinho,5,2,2,Y0,*7,V/IV,2,major,9.0
BOSCO,15,Kid cavaquinho,6,11,11,Y0,*7,V/II,2,major,10.0
BOSCO,15,Kid cavaquinho,7,4,4,Y0,*7,V/V,2,major,12.0
BOSCO,15,Kid cavaquinho,8,9,9,Y0,*7,V,2,major,14.0
BOSCO,15,Kid cavaquinho,9,2,2,V0,*,I,2,major,16.0
BOSCO,15,Kid cavaquinho,10,7,7,V0,*,IV,2,major,20.0
BOSCO,15,Kid cavaquinho,11,9,9,Y0,*7,V,2,major,22.0
BOSCO,15,Kid cavaquinho,12,2,2,Y0,*7,V/IV,2,major,23.0
BOSCO,15,Kid cavaquinho,13,1,1,Y0,*7,V/III,2,major,24.0
BOSCO,15,Kid cavaquinho,14,0,0,Y0,*7,SubV/VI,2,major,24.5
BOSCO,15,Kid cavaquinho,15,11,11,Y0,*7,V/II,2,major,25.0
BOSCO,15,Kid cavaquinho,16,4,4,Y0,*7,V/V,2,major,27.0
BOSCO,15,Kid cavaquinho,17,9,9,Y0,*7,V,2,major,29.0
BOSCO,15,Kid cavaquinho,18,2,2,V0,*,I,2,major,31.0
BOSCO,15,Kid cavaquinho,19,11,11,Y0,*7,V/II,2,major,33.0
BOSCO,15,Kid cavaquinho,20,4,4,Y0,*7,V/V,2,major,35.0
BOSCO,15,Kid cavaquinho,21,9,9,Y0,*7,V,2,major,37.0
BOSCO,15,Kid cavaquinho,22,2,2,V0,*,I,2,major,39.0
BOSCO,16,Jogador,1,4,4,Z1,*6,I,4,major,1.0
BOSCO,16,Jogador,2,9,9,V0,*,IV,4,major,3.0
BOSCO,16,Jogador,3,10,10,x0,*°7,I°,4,major,4.0
BOSCO,16,Jogador,4,4,4,Z1,*6,I,4,major,5.0
BOSCO,16,Jogador,5,1,1,Y0,*7,V°/II,4,major,7.0
BOSCO,16,Jogador,6,6,6,Y0,*7,V/V,4,major,9.0
BOSCO,16,Jogador,7,11,11,Y0,*7,V,4,major,11.0
BOSCO,16,Jogador,8,4,4,Z1,*6,I,4,major,13.0
BOSCO,16,Jogador,9,8,8,Y0,*7,V/VI,4,major,15.0
BOSCO,16,Jogador,10,1,1,z0,*m7,VI,4,major,19.0
BOSCO,16,Jogador,11,11,11,Y0,*7,V,4,major,23.0
BOSCO,16,Jogador,12,8,8,Y0,*7,V/VI,4,major,24.0
BOSCO,16,Jogador,13,1,1,Y4,*7.13,V/II,4,major,25.0
BOSCO,16,Jogador,14,1,1,Y4.1,*7(b13),V/II,4,major,25.5
BOSCO,16,Jogador,15,6,6,Y2,*7.9,V/V,4,major,26.0
BOSCO,16,Jogador,16,11,11,Y0,*7,V,4,major,27.0
BOSCO,16,Jogador,17,1,1,Y0,*7,V/II,4,major,28.0
BOSCO,16,Jogador,18,6,6,Y0,*7,V/V,4,major,28.5
BOSCO,16,Jogador,19,11,11,Y0,*7,V,4,major,29.0
BOSCO,16,Jogador,20,4,4,Z1,*6,I,4,major,30.0
BOSCO,17,Linha de passe,1,9,9,V0,*,I,9,major,1.0
BOSCO,17,Linha de passe,2,9,9,z1,*m6,Im7,9,major,2.0
BOSCO,17,Linha de passe,3,9,9,V0,*,I,9,major,3.0
BOSCO,17,Linha de passe,4,9,9,z1,*m6,Im7,9,major,4.0
BOSCO,17,Linha de passe,5,9,9,V0,*,I,9,major,5.0
BOSCO,17,Linha de passe,6,9,9,z1,*m6,Im7,9,major,6.0
BOSCO,17,Linha de passe,7,9,9,V0,*,I,9,major,7.0
BOSCO,17,Linha de passe,8,9,9,Y0,*7,V/IV,9,major,8.0
BOSCO,17,Linha de passe,9,2,2,V0,*,IV,9,major,9.0
BOSCO,17,Linha de passe,10,3,3,x0,*°7,V°/V,9,major,10.0
BOSCO,17,Linha de passe,11,9,4,V0,*,I,9,major,11.0
BOSCO,17,Linha de passe,12,6,6,Y0,*7,V/II,9,major,12.0
BOSCO,17,Linha de passe,13,11,11,Y0,*7,V/V,9,major,13.0
BOSCO,17,Linha de passe,14,4,4,Y0,*7,V,9,major,14.0
BOSCO,17,Linha de passe,15,9,9,V0,*,I,9,major,15.0
BOSCO,17,Linha de passe,16,1,1,Y0,*7,V/VI,9,major,17.0
BOSCO,17,Linha de passe,17,6,6,z0,*m7,VI,9,major,19.0
BOSCO,17,Linha de passe,18,1,1,Y0,*7,V/VI,9,major,21.0
BOSCO,17,Linha de passe,19,6,6,z0,*m7,VI,9,major,23.0
BOSCO,17,Linha de passe,20,11,11,Y0,*7,V/V,9,major,25.0
BOSCO,17,Linha de passe,21,4,4,Y0,*7,V,9,major,27.0
BOSCO,17,Linha de passe,22,11,11,Y0,*7,V/V,9,major,29.0
BOSCO,17,Linha de passe,23,4,4,Y0,*7,V,9,major,31.0
BOSCO,17,Linha de passe,24,9,9,V0,*,I,9,major,33.0
BOSCO,17,Linha de passe,25,9,9,z1,*m6,Im7,9,major,34.0
BOSCO,17,Linha de passe,26,9,9,V0,*,I,9,major,35.0
BOSCO,17,Linha de passe,27,9,9,z1,*m6,Im7,9,major,36.0
BOSCO,17,Linha de passe,28,9,9,V0,*,I,9,major,37.0
BOSCO,17,Linha de passe,29,9,9,z1,*m6,Im7,9,major,38.0
BOSCO,17,Linha de passe,30,9,9,V0,*,I,9,major,39.0
BOSCO,17,Linha de passe,31,9,9,z1,*m6,Im7,9,major,40.0
BOSCO,18,Jade,1,4,4,z2,*m7.9,I,4,minor,1.0
BOSCO,18,Jade,2,0,0,z1,*m6,bVIm7,4,minor,5.0
BOSCO,18,Jade,3,11,11,Y4.1,*7(b13),V,4,minor,6.0
BOSCO,18,Jade,4,4,4,w2,*mM711,I,4,minor,7.0
BOSCO,18,Jade,5,4,11,z3,*m7.11,I,4,minor,8.0
BOSCO,18,Jade,6,11,11,Y2.4,*7(#9),V,4,minor,8.5
BOSCO,18,Jade,7,4,4,z2,*m7.9,I,4,minor,9.0
BOSCO,18,Jade,8,0,0,z1,*m6,bVIm7,4,minor,13.0
BOSCO,18,Jade,9,11,11,Y4.1,*7(b13),V,4,minor,14.0
BOSCO,18,Jade,10,4,4,w2,*mM711,I,4,minor,15.0
BOSCO,18,Jade,11,4,11,z3,*m7.11,I,4,minor,16.0
BOSCO,18,Jade,12,11,11,Y2.4,*7(#9),V,4,minor,16.5
BOSCO,18,Jade,13,0,0,v0,*m,I,0,minor,17.0
BOSCO,18,Jade,14,0,0,w0,*mM7,I,0,minor,17.5
BOSCO,18,Jade,15,0,0,z0,*m7,I,0,minor,18.0
BOSCO,18,Jade,16,0,0,z1,*m6,I,0,minor,18.5
BOSCO,18,Jade,17,7,7,v0,*m,Vm7,0,minor,19.0
BOSCO,18,Jade,18,7,7,w0,*mM7,Vm7,0,minor,19.5
BOSCO,18,Jade,19,7,7,z0,*m7,Vm7,0,minor,20.0
BOSCO,18,Jade,20,7,7,z1,*m6,Vm7,0,minor,20.5
BOSCO,18,Jade,21,0,0,z0,*m7,I,0,minor,21.0
BOSCO,18,Jade,22,0,10,z0,*m7,I,0,minor,21.75
BOSCO,18,Jade,23,0,0,z0,*m7,I,0,minor,22.0
BOSCO,18,Jade,24,0,10,z0,*m7,I,0,minor,22.75
BOSCO,18,Jade,25,9,9,z2,*m7.9,II,7,major,23.0
BOSCO,18,Jade,26,2,2,Y2.2,*7.9.13,V,7,major,24.0
BOSCO,18,Jade,27,7,7,Z0,*M7,I,7,major,25.0
BOSCO,18,Jade,28,0,0,V1,*4,IV,7,major,26.0
BOSCO,18,Jade,29,11,11,Y4,*7.13,V/VI,7,major,27.0
BOSCO,18,Jade,30,5,5,Y0,*7,SubV/VI,7,major,27.5
BOSCO,18,Jade,31,4,4,Y2,*7.9,V/II,7,major,28.0
BOSCO,18,Jade,32,4,4,Y2.4,*7(#9),V/II,7,major,28.5
BOSCO,18,Jade,33,9,9,Y2,*7.9,V/V,7,major,29.0
BOSCO,18,Jade,34,2,2,Y2.2,*7.9.13,V,7,major,30.0
BOSCO,18,Jade,35,2,0,Y0,*7,V,7,major,30.5
BOSCO,18,Jade,36,7,11,Z1,*6,I,7,major,31.0
BOSCO,19,O rancho da goiabada,1,4,4,v0,*m,I,4,minor,1.0
BOSCO,19,O rancho da goiabada,2,9,9,z0,*m7,IV,4,minor,7.0
BOSCO,19,O rancho da goiabada,3,11,11,Y0,*7,V,4,minor,11.0
BOSCO,19,O rancho da goiabada,4,4,4,v0,*m,I,4,minor,15.0
BOSCO,19,O rancho da goiabada,5,11,11,Y0,*7,V,4,minor,16.0
BOSCO,19,O rancho da goiabada,6,4,4,v0,*m,I,4,minor,17.0
BOSCO,19,O rancho da goiabada,7,4,4,Y0,*7,V/IV,4,minor,20.0
BOSCO,19,O rancho da goiabada,8,9,9,z0,*m7,IV,4,minor,22.0
BOSCO,19,O rancho da goiabada,9,4,4,Y0,*7,V/IV,4,minor,23.0
BOSCO,19,O rancho da goiabada,10,9,9,z0,*m7,IV,4,minor,24.0
BOSCO,19,O rancho da goiabada,11,11,11,Y0,*7,V,4,minor,25.0
BOSCO,19,O rancho da goiabada,12,4,4,v0,*m,I,4,minor,26.0
BOSCO,19,O rancho da goiabada,13,4,7,z0,*m7,I,4,minor,27.0
BOSCO,19,O rancho da goiabada,14,6,6,Y0,*7,V/V,4,minor,28.0
BOSCO,19,O rancho da goiabada,15,11,11,Y0,*7,V,4,minor,29.0
BOSCO,19,O rancho da goiabada,16,4,4,v0,*m,I,4,minor,30.0
BOSCO,19,O rancho da goiabada,17,1,1,Y0,*7,V/II,4,minor,30.5
BOSCO,19,O rancho da goiabada,18,6,6,z0,*m7,II,4,major,31.0
BOSCO,19,O rancho da goiabada,19,11,11,Y0,*7,V,4,major,31.5
BOSCO,19,O rancho da goiabada,20,4,4,V0,*,I,4,major,32.0
BOSCO,19,O rancho da goiabada,21,1,1,Y4.1,*7(b13),V/II,4,major,40.0
BOSCO,19,O rancho da goiabada,22,6,6,z0,*m7,II,4,major,41.0
BOSCO,19,O rancho da goiabada,23,11,11,Y0,*7,V,4,major,46.0
BOSCO,19,O rancho da goiabada,24,4,7,v0,*m,I,4,minor,48.0
BOSCO,19,O rancho da goiabada,25,11,6,Y0,*7,V,4,minor,49.0
BOSCO,19,O rancho da goiabada,26,4,4,v0,*m,I,4,minor,50.0
BOSCO,19,O rancho da goiabada,27,11,3,Y0,*7,V,4,minor,51.0
BOSCO,19,O rancho da goiabada,28,4,2,z0,*m7,I,4,minor,52.0
BOSCO,19,O rancho da goiabada,29,4,1,z1,*m6,I,4,minor,53.0
BOSCO,19,O rancho da goiabada,30,0,0,Z0,*M7,VI,4,minor,54.0
BOSCO,19,O rancho da goiabada,31,11,11,Y0,*7,V,4,minor,55.0
BOSCO,19,O rancho da goiabada,32,4,8,V0,*,V/IV,4,minor,56.0
BOSCO,19,O rancho da goiabada,33,4,2,Y0,*7,V/IV,4,minor,57.0
BOSCO,19,O rancho da goiabada,34,1,1,Y2.3,*7(b9),V/II,4,minor,58.0
BOSCO,19,O rancho da goiabada,35,6,6,z0,*m7,II,4,minor,60.0
BOSCO,19,O rancho da goiabada,36,11,11,Y0,*7,V,4,minor,62.0
BOSCO,19,O rancho da goiabada,37,4,4,v0,*m,I,4,minor,64.0
BOSCO,20,Miss Sueter,1,2,2,Z1.1.1,*6.9(#11),I,2,major,1.0
BOSCO,20,Miss Sueter,2,11,11,z2.1,*m7.9.11,VI,2,major,2.0
BOSCO,20,Miss Sueter,3,11,6,Y0,*7,V/II,2,major,3.0
BOSCO,20,Miss Sueter,4,4,4,Y2,*7.9,V/V,2,major,5.0
BOSCO,20,Miss Sueter,5,7,7,Z1,*6,IV,2,major,6.0
BOSCO,20,Miss Sueter,6,9,9,Y4,*7.13,V,2,major,6.5
BOSCO,20,Miss Sueter,7,2,2,Z1.1.1,*6.9(#11),I,2,major,7.0
BOSCO,20,Miss Sueter,8,4,4,z0,*m7,II,2,major,9.0
BOSCO,20,Miss Sueter,9,6,6,z0,*m7,III,2,major,10.0
BOSCO,20,Miss Sueter,10,4,4,z0,*m7,II,2,major,11.0
BOSCO,20,Miss Sueter,11,7,7,Z0,*M7,IV,2,major,12.0
BOSCO,20,Miss Sueter,12,9,9,Y4,*7.13,V,2,major,12.5
BOSCO,20,Miss Sueter,13,11,11,z2.1,*m7.9.11,VI,2,major,13.0
BOSCO,20,Miss Sueter,14,4,4,z0,*m7,II,2,major,17.0
BOSCO,20,Miss Sueter,15,6,6,z0,*m7,III,2,major,18.0
BOSCO,20,Miss Sueter,16,4,4,z0,*m7,II,2,major,19.0
BOSCO,20,Miss Sueter,17,7,7,Z0,*M7,IV,2,major,20.0
BOSCO,20,Miss Sueter,18,9,9,Y4,*7.13,V,2,major,20.5
BOSCO,20,Miss Sueter,19,11,11,z2.1,*m7.9.11,VI,2,major,21.0
BOSCO,20,Miss Sueter,20,4,4,z0,*m7,II,2,major,25.0
BOSCO,20,Miss Sueter,21,6,6,z0,*m7,III,2,major,26.0
BOSCO,20,Miss Sueter,22,4,4,z0,*m7,II,2,major,27.0
BOSCO,20,Miss Sueter,23,7,7,Z0,*M7,IV,2,major,28.0
BOSCO,20,Miss Sueter,24,9,9,Y4,*7.13,V,2,major,28.5
BOSCO,20,Miss Sueter,25,2,2,Z1.1.1,*6.9(#11),I,2,major,29.0
BOSCO,21,O mestre-sala dos mares,1,4,4,V0,*,I,4,major,1.0
BOSCO,21,O mestre-sala dos mares,2,4,4,Z0,*M7,I,4,major,3.0
BOSCO,21,O mestre-sala dos mares,3,4,8,Z0,*M7,I,4,major,5.0
BOSCO,21,O mestre-sala dos mares,4,7,7,x3,*°7(b13),bIII°,4,major,6.0
BOSCO,21,O mestre-sala dos mares,5,6,6,z0,*m7,II,4,major,7.0
BOSCO,21,O mestre-sala dos mares,6,11,11,Y0,*7,V,4,major,11.0
BOSCO,21,O mestre-sala dos mares,7,4,4,Z1,*6,I,4,major,15.0
BOSCO,21,O mestre-sala dos mares,8,8,8,y0,*Ø,II__X,4,major,17.0
BOSCO,21,O mestre-sala dos mares,9,1,1,Y2.3,*7(b9),V/II,4,major,18.0
BOSCO,21,O mestre-sala dos mares,10,6,6,Y4,*7.13,V/V,4,major,19.0
BOSCO,21,O mestre-sala dos mares,11,6,6,Y4.1,*7(b13),V/V,4,major,20.0
BOSCO,21,O mestre-sala dos mares,12,3,3,y0,*Ø,II__X,4,major,21.0
BOSCO,21,O mestre-sala dos mares,13,8,8,Y0,*7,V/VI,4,major,22.0
BOSCO,21,O mestre-sala dos mares,14,1,1,v0,*m,VI,4,major,23.0
BOSCO,21,O mestre-sala dos mares,15,1,1,z0,*m7,VI,4,major,24.0
BOSCO,21,O mestre-sala dos mares,16,1,1,w0,*mM7,VI,4,major,25.0
BOSCO,21,O mestre-sala dos mares,17,1,1,z0,*m7,VI,4,major,26.0
BOSCO,21,O mestre-sala dos mares,18,6,6,Y0,*7,V/V,4,major,27.0
BOSCO,21,O mestre-sala dos mares,19,9,0,z1,*m6,IVm7,4,major,34.0
BOSCO,21,O mestre-sala dos mares,20,11,11,Y0,*7,V,4,major,35.0
BOSCO,21,O mestre-sala dos mares,21,4,4,V0,*,I,4,major,36.0
BOSCO,21,O mestre-sala dos mares,22,11,2,z1,*m6,Vm7,4,major,38.0
BOSCO,21,O mestre-sala dos mares,23,1,1,Y4.1,*7(b13),V/II,4,major,39.0
BOSCO,21,O mestre-sala dos mares,24,6,6,Y0,*7,V/V,4,major,40.0
BOSCO,21,O mestre-sala dos mares,25,3,3,y0,*Ø,II__X,4,major,42.0
BOSCO,21,O mestre-sala dos mares,26,8,8,Y0,*7,V/VI,4,major,43.0
BOSCO,21,O mestre-sala dos mares,27,1,1,z0,*m7,VI,4,major,44.0
BOSCO,21,O mestre-sala dos mares,28,6,6,Y0,*7,V/V,4,major,48.0
BOSCO,21,O mestre-sala dos mares,29,9,9,z1,*m6,IVm7,4,major,52.0
BOSCO,21,O mestre-sala dos mares,30,11,11,Y0,*7,V,4,major,53.0
BOSCO,21,O mestre-sala dos mares,31,4,4,V0,*,I,4,major,54.0
BOSCO,21,O mestre-sala dos mares,32,11,11,Y0,*7,V,4,major,55.0
BOSCO,21,O mestre-sala dos mares,33,4,4,V0,*,I,4,major,56.0
BOSCO,21,O mestre-sala dos mares,34,4,8,V0,*,I,4,major,57.0
BOSCO,21,O mestre-sala dos mares,35,6,6,z0,*m7,II,4,major,59.0
BOSCO,21,O mestre-sala dos mares,36,11,11,Y0,*7,V,4,major,60.0
BOSCO,21,O mestre-sala dos mares,37,11,9,Y0,*7,V,4,major,61.0
BOSCO,21,O mestre-sala dos mares,38,4,8,V0,*,I,4,major,62.0
BOSCO,21,O mestre-sala dos mares,39,11,6,Y0,*7,V,4,major,63.0
BOSCO,21,O mestre-sala dos mares,40,11,11,Y0,*7,V,4,major,63.5
BOSCO,21,O mestre-sala dos mares,41,4,4,V0,*,I,4,major,64.0
BOSCO,21,O mestre-sala dos mares,42,4,8,V0,*,I,4,major,65.0
BOSCO,21,O mestre-sala dos mares,43,2,2,Y0,*7,SubV/VI,4,major,67.0
BOSCO,21,O mestre-sala dos mares,44,1,1,Y0,*7,V/II,4,major,68.0
BOSCO,21,O mestre-sala dos mares,45,2,2,Y0,*7,SubV/VI,4,major,69.0
BOSCO,21,O mestre-sala dos mares,46,1,1,Y0,*7,V/II,4,major,70.0
BOSCO,21,O mestre-sala dos mares,47,2,2,Y0,*7,SubV/VI,4,major,71.0
BOSCO,21,O mestre-sala dos mares,48,1,1,Y0,*7,V/II,4,major,72.0
BOSCO,21,O mestre-sala dos mares,49,2,2,Y0,*7,SubV/VI,4,major,73.0
BOSCO,21,O mestre-sala dos mares,50,1,1,Y0,*7,V/II,4,major,74.0
BOSCO,21,O mestre-sala dos mares,51,9,9,V0,*,IV,4,major,75.0
BOSCO,21,O mestre-sala dos mares,52,9,9,V4,*(#5),IV,4,major,76.0
BOSCO,21,O mestre-sala dos mares,53,9,9,Z1,*6,I,4,major,77.0
BOSCO,21,O mestre-sala dos mares,54,9,9,V4,*(#5),IV,4,major,78.0
BOSCO,21,O mestre-sala dos mares,55,9,9,V0,*,IV,4,major,78.5
BOSCO,21,O mestre-sala dos mares,56,10,10,x0,*°7,V°/V,4,major,79.0
BOSCO,21,O mestre-sala dos mares,57,4,11,V0,*,I,4,major,83.0
BOSCO,21,O mestre-sala dos mares,58,1,1,Y0,*7,V/II,4,major,85.0
BOSCO,21,O mestre-sala dos mares,59,6,6,Y0,*7,V/V,4,major,87.0
BOSCO,21,O mestre-sala dos mares,60,9,0,z1,*m6,IVm7,4,major,89.0
BOSCO,21,O mestre-sala dos mares,61,11,11,Y0,*7,V,4,major,90.0
BOSCO,21,O mestre-sala dos mares,62,4,4,V0,*,I,4,major,91.0
BOSCO,22,Galos de briga,1,9,9,z1.1.2,*m(b6)9,I,9,minor,1.0
BOSCO,22,Galos de briga,2,9,9,v1,*m.9,I,9,minor,1.5
BOSCO,22,Galos de briga,3,9,9,z1.1.2,*m(b6)9,I,9,minor,2.0
BOSCO,22,Galos de briga,4,9,9,v1,*m.9,I,9,minor,2.5
BOSCO,22,Galos de briga,5,9,9,z1.1.2,*m(b6)9,I,9,minor,3.0
BOSCO,22,Galos de briga,6,9,9,v1,*m.9,I,9,minor,3.5
BOSCO,22,Galos de briga,7,9,9,z1.1.2,*m(b6)9,I,9,minor,4.0
BOSCO,22,Galos de briga,8,9,9,v1,*m.9,I,9,minor,4.5
BOSCO,22,Galos de briga,9,9,9,z1.1.2,*m(b6)9,I,9,minor,5.0
BOSCO,22,Galos de briga,10,9,9,v1,*m.9,I,9,minor,5.5
BOSCO,22,Galos de briga,11,9,9,z1.1.2,*m(b6)9,I,9,minor,6.0
BOSCO,22,Galos de briga,12,9,9,v1,*m.9,I,9,minor,6.5
BOSCO,22,Galos de briga,13,9,9,z1.1.2,*m(b6)9,I,9,minor,7.0
BOSCO,22,Galos de briga,14,9,9,v1,*m.9,I,9,minor,7.5
BOSCO,22,Galos de briga,15,9,9,z1.1.2,*m(b6)9,I,9,minor,8.0
BOSCO,22,Galos de briga,16,9,9,v1,*m.9,I,9,minor,8.5
BOSCO,22,Galos de briga,17,2,2,z1.1,*m6.9,IV,9,minor,9.0
BOSCO,22,Galos de briga,18,5,0,Z3,*M7(#11),VI,9,minor,9.5
BOSCO,22,Galos de briga,19,11,11,y2,*Ø.11,II,9,minor,10.0
BOSCO,22,Galos de briga,20,5,5,V0,*,VI,9,minor,11.0
BOSCO,22,Galos de briga,21,4,4,V1,*4,V,9,minor,12.0
BOSCO,22,Galos de briga,22,9,9,z1.1.2,*m(b6)9,I,9,minor,13.0
BOSCO,22,Galos de briga,23,9,9,v1,*m.9,I,9,minor,13.5
BOSCO,22,Galos de briga,24,9,9,z1.1.2,*m(b6)9,I,9,minor,14.0
BOSCO,22,Galos de briga,25,9,9,v1,*m.9,I,9,minor,14.5
BOSCO,22,Galos de briga,26,9,9,z1.1.2,*m(b6)9,I,9,minor,15.0
BOSCO,22,Galos de briga,27,9,9,v1,*m.9,I,9,minor,15.5
BOSCO,22,Galos de briga,28,9,9,z1.1.2,*m(b6)9,I,9,minor,16.0
BOSCO,22,Galos de briga,29,9,9,v1,*m.9,I,9,minor,16.5
BOSCO,22,Galos de briga,30,9,9,z1.1.2,*m(b6)9,I,9,minor,17.0
BOSCO,22,Galos de briga,31,9,9,v1,*m.9,I,9,minor,17.5
BOSCO,22,Galos de briga,32,6,6,Z0,*M7,VI,9,minor,18.0
BOSCO,22,Galos de briga,33,7,7,Y0,*7,bVII7,9,minor,18.5
BOSCO,22,Galos de briga,34,9,9,v1,*m.9,I,9,minor,19.0
BOSCO,23,Zona de fronteira,1,2,2,Y2,*7.9,I,2,major,1.0
BOSCO,23,Zona de fronteira,2,2,2,Y2.2,*7.9.13,I,2,major,9.0
BOSCO,24,Pirata azul,1,9,9,z2,*m7.9,I,9,minor,1.0
BOSCO,24,Pirata azul,2,5,5,Z0,*M7,VI,9,minor,2.0
BOSCO,24,Pirata azul,3,7,7,Y1.1.2,*4.7.9.13,V/III,9,minor,3.0
BOSCO,24,Pirata azul,4,7,7,Y2.2.1,*7(b9)13,V/III,9,minor,3.5
BOSCO,24,Pirata azul,5,0,0,Z4,*(#5)M7,III,9,minor,4.0
BOSCO,24,Pirata azul,6,4,11,Y0,*7,V,9,minor,4.5
BOSCO,24,Pirata azul,7,9,9,Y1,*4.7,V/IV,9,minor,5.0
BOSCO,24,Pirata azul,8,9,9,z0,*m7,I,9,minor,5.5
BOSCO,24,Pirata azul,9,5,5,w0,*mM7,bVIm7,9,minor,6.0
BOSCO,24,Pirata azul,10,5,4,w0,*mM7,bVIm7,9,minor,6.5
BOSCO,24,Pirata azul,11,4,2,Y2.2.1.1,*7(b9.b13),V,9,minor,7.0
BOSCO,24,Pirata azul,12,9,9,z2,*m7.9,I,9,minor,8.0
BOSCO,24,Pirata azul,13,9,9,v1,*m.9,I,9,minor,8.5
BOSCO,24,Pirata azul,14,5,5,Z0,*M7,VI,9,minor,9.0
BOSCO,24,Pirata azul,15,7,7,Y1.1.2,*4.7.9.13,V/III,9,minor,10.0
BOSCO,24,Pirata azul,16,7,7,Y2.2.1,*7(b9)13,V/III,9,minor,10.5
BOSCO,24,Pirata azul,17,0,0,Z4,*(#5)M7,III,9,minor,11.0
BOSCO,24,Pirata azul,18,4,11,Y0,*7,V,9,minor,11.5
BOSCO,24,Pirata azul,19,9,9,z0,*m7,I,9,minor,12.0
BOSCO,24,Pirata azul,20,5,5,w0,*mM7,bVIm7,9,minor,13.0
BOSCO,24,Pirata azul,21,5,4,w0,*mM7,bVIm7,9,minor,13.5
BOSCO,24,Pirata azul,22,4,2,Y2.2.1.1,*7(b9.b13),V,9,minor,14.0
BOSCO,24,Pirata azul,23,9,9,z2,*m7.9,I,9,minor,15.0
BOSCO,24,Pirata azul,24,9,9,v1,*m.9,I,9,minor,15.5
BOSCO,24,Pirata azul,25,9,9,z2,*m7.9,I,9,minor,16.0
BOSCO,24,Pirata azul,26,9,9,v1,*m.9,I,9,minor,16.5
BOSCO,24,Pirata azul,27,0,0,Z0,*M7,III,9,minor,17.0
BOSCO,24,Pirata azul,28,1,1,w0,*mM7,V°/IV,9,minor,18.0
BOSCO,24,Pirata azul,29,2,2,v0,*m,IV,9,minor,19.0
BOSCO,24,Pirata azul,30,2,2,w0,*mM7,IV,9,minor,19.5
BOSCO,24,Pirata azul,31,2,2,z0,*m7,IV,9,minor,20.0
BOSCO,24,Pirata azul,32,2,2,w0,*mM7,IV,9,minor,20.5
BOSCO,24,Pirata azul,33,2,2,v0,*m,IV,9,minor,21.0
BOSCO,24,Pirata azul,34,2,1,w0,*mM7,IV,9,minor,21.5
BOSCO,24,Pirata azul,35,11,11,x0,*°7,V°,9,minor,22.0
BOSCO,24,Pirata azul,36,0,0,Y0,*7,V/VI,9,minor,23.0
BOSCO,24,Pirata azul,37,11,11,y2,*Ø.11,II,9,minor,25.0
BOSCO,24,Pirata azul,38,4,4,Y0,*7,V,9,minor,26.0
BOSCO,24,Pirata azul,39,5,0,Z3,*M7(#11),VI,9,minor,27.0
BOSCO,24,Pirata azul,40,9,9,z2,*m7.9,I,9,minor,27.5
BOSCO,24,Pirata azul,41,5,0,Z3,*M7(#11),VI,9,minor,28.0
BOSCO,24,Pirata azul,42,9,9,z2,*m7.9,I,9,minor,28.5
BOSCO,24,Pirata azul,43,11,11,y2,*Ø.11,II,9,minor,29.0
BOSCO,24,Pirata azul,44,4,4,Y0,*7,V,9,minor,30.0
BOSCO,24,Pirata azul,45,9,0,v0,*m,I,9,minor,31.0
BOSCO,24,Pirata azul,46,4,11,Y0,*7,V,9,minor,31.5
BOSCO,24,Pirata azul,47,9,9,z2,*m7.9,I,9,minor,32.0
BOSCO,25,Jandira da gandaia,1,4,4,z2.1,*m7.9.11,I,4,minor,1.0
BOSCO,25,Jandira da gandaia,2,9,9,z1.1,*m6.9,IV,4,minor,3.0
BOSCO,25,Jandira da gandaia,3,3,3,x3,*°7(b13),V°,4,minor,5.0
BOSCO,25,Jandira da gandaia,4,9,9,x1,*°7.9,V°,4,minor,6.0
BOSCO,25,Jandira da gandaia,5,4,4,z2.1,*m7.9.11,I,4,minor,7.0
BOSCO,25,Jandira da gandaia,6,9,9,z1.1,*m6.9,IV,4,minor,9.0
BOSCO,25,Jandira da gandaia,7,9,9,x1,*°7.9,V°,4,minor,11.0
BOSCO,25,Jandira da gandaia,8,4,4,z2.1,*m7.9.11,I,4,minor,12.0
BOSCO,25,Jandira da gandaia,9,7,2,Y0,*7,SubV/II,4,minor,13.0
BOSCO,25,Jandira da gandaia,10,7,7,Y0,*7,SubV/II,4,minor,14.0
BOSCO,25,Jandira da gandaia,11,6,1,Y0,*7,V/V,4,minor,15.0
BOSCO,25,Jandira da gandaia,12,6,6,Y0,*7,V/V,4,minor,16.0
BOSCO,25,Jandira da gandaia,13,7,7,Y4,*7.13,V/VI,4,minor,17.0
BOSCO,25,Jandira da gandaia,14,9,0,z1,*m6,IV,4,minor,19.0
BOSCO,25,Jandira da gandaia,15,11,11,Y1,*4.7,V,4,minor,20.0
BOSCO,25,Jandira da gandaia,16,11,11,Y0,*7,V,4,minor,20.5
BOSCO,25,Jandira da gandaia,17,4,4,z2.1,*m7.9.11,I,4,minor,21.0
BOSCO,25,Jandira da gandaia,18,9,9,z1.1,*m6.9,IV,4,minor,23.0
BOSCO,25,Jandira da gandaia,19,3,3,x3,*°7(b13),V°,4,minor,24.0
BOSCO,25,Jandira da gandaia,20,2,2,z2,*m7.9,II__X,4,minor,25.0
BOSCO,25,Jandira da gandaia,21,7,7,Y2,*7.9,V/VI,4,minor,26.0
BOSCO,25,Jandira da gandaia,22,1,1,y0,*Ø,VI,4,minor,27.0
BOSCO,25,Jandira da gandaia,23,0,0,Z0,*M7,VI,4,minor,29.0
BOSCO,25,Jandira da gandaia,24,6,6,Y3,*7(#11),V/V,4,minor,30.0
BOSCO,25,Jandira da gandaia,25,4,4,z2.1,*m7.9.11,I,4,minor,31.0
BOSCO,25,Jandira da gandaia,26,4,2,z0,*m7,I,4,minor,33.0
BOSCO,25,Jandira da gandaia,27,6,1,Y0,*7,V/V,4,minor,35.0
BOSCO,25,Jandira da gandaia,28,6,6,Y0,*7,V/V,4,minor,36.0
BOSCO,25,Jandira da gandaia,29,7,7,Y4,*7.13,V/VI,4,minor,37.0
BOSCO,25,Jandira da gandaia,30,9,0,z1,*m6,IV,4,minor,39.0
BOSCO,25,Jandira da gandaia,31,11,11,Y1,*4.7,V,4,minor,40.0
BOSCO,25,Jandira da gandaia,32,11,11,Y0,*7,V,4,minor,40.5
BOSCO,25,Jandira da gandaia,33,4,4,z2.1,*m7.9.11,I,4,minor,41.0
BOSCO,26,Latin lover,1,9,9,z2,*m7.9,I,9,minor,1.0
BOSCO,26,Latin lover,2,9,9,w0,*mM7,I,9,minor,2.0
BOSCO,26,Latin lover,3,7,7,z3,*m7.11,VIIm7,9,minor,3.0
BOSCO,26,Latin lover,4,7,7,w0,*mM7,VIIm7,9,minor,4.0
BOSCO,26,Latin lover,5,11,11,y1,*Ø.9,II,9,minor,5.0
BOSCO,26,Latin lover,6,4,4,Y2.2.2.1,*7(#9.b13),V,9,minor,6.0
BOSCO,26,Latin lover,7,9,9,Z2,*M7.9,I,9,major,7.0
BOSCO,26,Latin lover,8,9,9,Y1.1,*4.7.9,V/IV,9,major,9.0
BOSCO,26,Latin lover,9,9,9,Y2,*7.9,V/IV,9,major,10.0
BOSCO,26,Latin lover,10,8,8,y0,*Ø,II__X,9,major,11.0
BOSCO,26,Latin lover,11,1,1,Y2.1.2,*7(b9.#11),V/VI,9,major,12.0
BOSCO,26,Latin lover,12,6,6,w0,*mM7,II__X,9,major,13.0
BOSCO,26,Latin lover,13,11,11,Y2,*7.9,V/V,9,major,14.0
BOSCO,26,Latin lover,14,2,2,z1,*m6,IVm7,9,major,15.0
BOSCO,26,Latin lover,15,4,4,Y2.3,*7(b9),V,9,major,16.0
BOSCO,26,Latin lover,16,9,9,Z0,*M7,I,9,major,17.0
BOSCO,26,Latin lover,17,9,9,Z1,*6,I,9,major,17.5
BOSCO,26,Latin lover,18,9,9,Z0,*M7,I,9,major,18.0
BOSCO,26,Latin lover,19,7,7,z2,*m7.9,II__X,9,major,19.0
BOSCO,26,Latin lover,20,0,0,Y2.1,*7.9(#11),V/bVI,9,major,20.0
BOSCO,26,Latin lover,21,5,5,Z0,*M7,bVI7M,9,major,21.0
BOSCO,26,Latin lover,22,2,2,z2,*m7.9,IV,9,minor,22.0
BOSCO,26,Latin lover,23,11,11,y2,*Ø.11,II,9,minor,23.0
BOSCO,26,Latin lover,24,4,5,Y2.3,*7(b9),V,9,minor,24.0
BOSCO,26,Latin lover,25,9,9,w1,*mM7.9,I,9,minor,25.0
BOSCO,26,Latin lover,26,9,9,w2,*mM711,I,9,minor,26.0
BOSCO,27,Beirando a rumba,1,2,2,Y0,*7,I,2,major,1.0
BOSCO,27,Beirando a rumba,2,2,2,Y1.1.3,*4.7(b9),I,2,major,25.0
BOSCO,27,Beirando a rumba,3,2,2,Y2.3,*7(b9),I,2,major,29.0
BOSCO,27,Beirando a rumba,4,2,2,Y4.1,*7(b13),I,2,major,33.0
BOSCO,27,Beirando a rumba,5,2,2,Y0,*7,I,2,major,38.0
BOSCO,27,Beirando a rumba,6,3,3,V0,*,bII7M,2,major,42.0
BOSCO,27,Beirando a rumba,7,7,7,Y2.3,*7(b9),IV7,2,major,46.0
BOSCO,27,Beirando a rumba,8,0,0,z0,*m7,bVIIm7,2,major,50.0
BOSCO,27,Beirando a rumba,9,2,2,Y2.3,*7(b9),I,2,major,54.0
BOSCO,28,Preta-porter de tafeta,1,2,2,Z1.1,*6.9,I,2,major,1.0
BOSCO,28,Preta-porter de tafeta,2,7,7,Y4,*7.13,IV7,2,major,3.0
BOSCO,28,Preta-porter de tafeta,3,2,2,Z1.1,*6.9,I,2,major,5.0
BOSCO,28,Preta-porter de tafeta,4,0,0,Y4,*7.13,SubV/VI,2,major,7.0
BOSCO,28,Preta-porter de tafeta,5,11,11,Y0,*7,V/II,2,major,9.0
BOSCO,28,Preta-porter de tafeta,6,6,6,y0,*Ø,II__X,2,major,11.0
BOSCO,28,Preta-porter de tafeta,7,11,11,Y2.3,*7(b9),V/II,2,major,12.0
BOSCO,28,Preta-porter de tafeta,8,4,4,v1,*m.9,II,2,major,13.0
BOSCO,28,Preta-porter de tafeta,9,4,4,w0,*mM7,II,2,major,14.0
BOSCO,28,Preta-porter de tafeta,10,4,4,v1,*m.9,II,2,major,15.0
BOSCO,28,Preta-porter de tafeta,11,4,4,w0,*mM7,II,2,major,16.0
BOSCO,28,Preta-porter de tafeta,12,7,7,Z1,*6,IV,2,major,17.0
BOSCO,28,Preta-porter de tafeta,13,8,8,x0,*°7,V°,2,major,19.0
BOSCO,28,Preta-porter de tafeta,14,2,9,Z1.1,*6.9,I,2,major,21.0
BOSCO,28,Preta-porter de tafeta,15,0,0,Y2,*7.9,SubV/VI,2,major,22.0
BOSCO,28,Preta-porter de tafeta,16,11,11,Y2.4,*7(#9),V/II,2,major,23.0
BOSCO,28,Preta-porter de tafeta,17,11,11,Y2.3,*7(b9),V/II,2,major,24.0
BOSCO,28,Preta-porter de tafeta,18,4,4,Y2,*7.9,V/V,2,major,25.0
BOSCO,28,Preta-porter de tafeta,19,9,9,Y2,*7.9,V,2,major,27.0
BOSCO,28,Preta-porter de tafeta,20,9,9,Y2.3,*7(b9),V,2,major,28.0
BOSCO,28,Preta-porter de tafeta,21,2,2,Y1.1,*4.7.9,V/IV,2,major,29.0
BOSCO,28,Preta-porter de tafeta,22,2,2,Y2,*7.9,V/IV,2,major,31.0
BOSCO,28,Preta-porter de tafeta,23,2,0,Y0,*7,V/IV,2,major,32.0
BOSCO,28,Preta-porter de tafeta,24,7,11,Z1,*6,IV,2,major,33.0
BOSCO,28,Preta-porter de tafeta,25,3,11,Z4,*(#5)M7,bII7M,2,major,34.0
BOSCO,28,Preta-porter de tafeta,26,7,11,V0,*,IV,2,major,35.0
BOSCO,28,Preta-porter de tafeta,27,9,9,Y2,*7.9,V,2,major,36.0
BOSCO,28,Preta-porter de tafeta,28,2,2,Z2,*M7.9,I,2,major,37.0
BOSCO,28,Preta-porter de tafeta,29,9,9,W1.1,*4(#5)7.9,V,2,major,38.0
BOSCO,28,Preta-porter de tafeta,30,2,2,Z2,*M7.9,I,2,major,39.0
BOSCO,28,Preta-porter de tafeta,31,6,6,y0,*Ø,II__X,2,major,41.0
BOSCO,28,Preta-porter de tafeta,32,11,11,Y2.3,*7(b9),V/II,2,major,43.0
BOSCO,28,Preta-porter de tafeta,33,4,4,Y2,*7.9,V/V,2,major,45.0
BOSCO,28,Preta-porter de tafeta,34,9,9,Y2,*7.9,V,2,major,47.0
BOSCO,28,Preta-porter de tafeta,35,9,9,Y2.3,*7(b9),V,2,major,48.0
BOSCO,28,Preta-porter de tafeta,36,2,2,Z1.1,*6.9,I,2,major,49.0
BOSCO,28,Preta-porter de tafeta,37,9,9,Y1.1,*4.7.9,V,2,major,51.0
BOSCO,28,Preta-porter de tafeta,38,6,10,V0,*,V/VI,2,major,53.0
BOSCO,28,Preta-porter de tafeta,39,9,9,z1,*m6,II__X,2,major,55.0
BOSCO,28,Preta-porter de tafeta,40,2,2,Y2,*7.9,V/IV,2,major,56.0
BOSCO,28,Preta-porter de tafeta,41,8,8,x0,*°7,#IVm7(b5),2,major,57.0
BOSCO,28,Preta-porter de tafeta,42,7,7,z1,*m6,IVm7,2,major,58.0
BOSCO,28,Preta-porter de tafeta,43,6,6,Y4.1,*7(b13),V/VI,2,major,59.0
BOSCO,28,Preta-porter de tafeta,44,5,5,Y4,*7.13,SubV/II,2,major,60.0
BOSCO,28,Preta-porter de tafeta,45,4,4,Y2,*7.9,V/V,2,major,61.0
BOSCO,28,Preta-porter de tafeta,46,9,9,Y4,*7.13,V,2,major,62.0
BOSCO,28,Preta-porter de tafeta,47,2,2,Y1.1,*4.7.9,V/IV,2,major,63.0
BOSCO,28,Preta-porter de tafeta,48,2,2,Y2,*7.9,V/IV,2,major,64.0
BOSCO,28,Preta-porter de tafeta,49,8,8,x0,*°7,#IVm7(b5),2,major,65.0
BOSCO,28,Preta-porter de tafeta,50,7,7,z1,*m6,IVm7,2,major,66.0
BOSCO,28,Preta-porter de tafeta,51,6,6,Y4.1,*7(b13),V/VI,2,major,67.0
BOSCO,28,Preta-porter de tafeta,52,5,5,Y4,*7.13,SubV/II,2,major,68.0
BOSCO,28,Preta-porter de tafeta,53,4,4,Y2,*7.9,V/V,2,major,69.0
BOSCO,28,Preta-porter de tafeta,54,9,9,Y4,*7.13,V,2,major,70.0
BOSCO,28,Preta-porter de tafeta,55,2,2,Z1.1,*6.9,I,2,major,71.0
BOSCO,29,Meu caro visconde,1,9,9,v1,*m.9,I,9,minor,1.0
BOSCO,29,Meu caro visconde,2,9,9,z2,*m7.9,I,9,minor,3.0
BOSCO,29,Meu caro visconde,3,9,9,v1,*m.9,I,9,minor,5.0
BOSCO,29,Meu caro visconde,4,9,9,z2,*m7.9,I,9,minor,7.0
BOSCO,29,Meu caro visconde,5,2,9,Y0,*7,IV7,9,minor,11.0
BOSCO,29,Meu caro visconde,6,9,9,z2,*m7.9,I,9,minor,13.0
BOSCO,29,Meu caro visconde,7,2,9,Y0,*7,IV7,9,minor,15.0
BOSCO,29,Meu caro visconde,8,2,9,z0,*m7,IV,9,minor,17.0
BOSCO,29,Meu caro visconde,9,5,5,z1,*m6,bVIm7,9,minor,18.0
BOSCO,29,Meu caro visconde,10,4,4,Y4,*7.13,V,9,minor,19.0
BOSCO,29,Meu caro visconde,11,9,9,Y2,*7.9,V/IV,9,minor,20.0
BOSCO,29,Meu caro visconde,12,2,2,Y2,*7.9,IV7,9,minor,21.0
BOSCO,29,Meu caro visconde,13,7,7,Y3,*7(#11),bVII7,9,minor,22.0
BOSCO,29,Meu caro visconde,14,7,7,z1,*m6,bVIIm7,9,minor,23.0
BOSCO,29,Meu caro visconde,15,6,6,y0,*Ø,II,9,minor,25.0
BOSCO,29,Meu caro visconde,16,5,5,z1,*m6,bVIm7,9,minor,26.0
BOSCO,29,Meu caro visconde,17,4,4,Y4,*7.13,V,9,minor,27.0
BOSCO,29,Meu caro visconde,18,9,9,Y2,*7.9,V/IV,9,minor,28.0
BOSCO,29,Meu caro visconde,19,2,2,Y2,*7.9,IV7,9,minor,29.0
BOSCO,29,Meu caro visconde,20,4,4,Y4.1,*7(b13),V,9,minor,30.0
BOSCO,29,Meu caro visconde,21,9,9,z2,*m7.9,I,9,minor,31.0
BOSCO,29,Meu caro visconde,22,0,0,Y2,*7.9,V/VI,9,minor,32.0
BOSCO,29,Meu caro visconde,23,2,2,Y2,*7.9,IV7,9,minor,33.0
BOSCO,29,Meu caro visconde,24,4,4,Y4.1,*7(b13),V,9,minor,34.0
BOSCO,29,Meu caro visconde,25,9,9,z2,*m7.9,I,9,minor,35.0
BOSCO,30,Nacao,1,2,2,v0,*m,II,0,major,1.0
BOSCO,30,Nacao,2,2,2,w0,*mM7,II,0,major,2.0
BOSCO,30,Nacao,3,2,2,z0,*m7,II,0,major,3.0
BOSCO,30,Nacao,4,2,2,z1,*m6,II,0,major,4.0
BOSCO,30,Nacao,5,9,9,w0,*mM7,VI,0,major,5.0
BOSCO,30,Nacao,6,9,9,w1,*mM7.9,VI,0,major,6.0
BOSCO,30,Nacao,7,9,9,v0,*m,VI,0,major,7.0
BOSCO,30,Nacao,8,9,9,z0,*m7,VI,0,major,8.0
BOSCO,30,Nacao,9,6,6,x0,*°7,V°/V,0,major,9.0
BOSCO,30,Nacao,10,0,7,Z1.1,*6.9,I,0,major,11.0
BOSCO,30,Nacao,11,9,9,Y4.1,*7(b13),V/II,0,major,12.0
BOSCO,30,Nacao,12,2,2,z2,*m7.9,II,0,major,13.0
BOSCO,30,Nacao,13,7,7,W0,*(#5)7,V,0,major,14.0
BOSCO,30,Nacao,14,0,0,Z0,*M7,I,0,major,15.0
BOSCO,30,Nacao,15,9,9,Y4.1,*7(b13),V/II,0,major,38.0
BOSCO,30,Nacao,16,2,2,z0,*m7,II,0,major,39.0
BOSCO,30,Nacao,17,9,9,Y4.1,*7(b13),V/II,0,major,41.0
BOSCO,30,Nacao,18,3,3,Y2.1,*7.9(#11),SubV/II,0,major,42.0
BOSCO,30,Nacao,19,2,2,v0,*m,II,0,major,43.0
BOSCO,30,Nacao,20,2,2,w0,*mM7,II,0,major,45.0
BOSCO,30,Nacao,21,7,7,Y4,*7.13,V,0,major,47.0
BOSCO,30,Nacao,22,1,1,Y2,*7.9,SubV,0,major,53.0
BOSCO,30,Nacao,23,0,0,Z0,*M7,I,0,major,54.0
BOSCO,30,Nacao,24,0,0,Z4,*(#5)M7,I,0,major,55.0
BOSCO,30,Nacao,25,0,0,Z5,*6.M7,I,0,major,60.0
BOSCO,30,Nacao,26,4,4,Y4,*7.13,V/VI,0,major,61.0
BOSCO,30,Nacao,27,9,9,z0,*m7,VI,0,major,62.0
BOSCO,30,Nacao,28,7,7,z0,*m7,II__X,0,major,66.0
BOSCO,30,Nacao,29,0,0,Y2,*7.9,V/IV,0,major,68.0
BOSCO,30,Nacao,30,0,0,Y2.3,*7(b9),V/IV,0,major,69.0
BOSCO,30,Nacao,31,5,5,Z1.1,*6.9,IV,0,major,70.0
BOSCO,30,Nacao,32,6,6,y0,*Ø,#IVm7(b5),0,major,74.0
BOSCO,30,Nacao,33,6,6,x0,*°7,V°/V,0,major,76.0
BOSCO,30,Nacao,34,0,7,Z1.1,*6.9,I,0,major,78.0
BOSCO,30,Nacao,35,9,9,Y4.1,*7(b13),V/II,0,major,80.0
BOSCO,30,Nacao,36,3,3,Y2.1,*7.9(#11),SubV/II,0,major,81.0
BOSCO,30,Nacao,37,2,2,z2,*m7.9,II,0,major,82.0
BOSCO,30,Nacao,38,7,7,Y4,*7.13,V,0,major,84.0
BOSCO,30,Nacao,39,1,1,Y2,*7.9,SubV,0,major,85.0
BOSCO,30,Nacao,40,0,0,Z0,*M7,I,0,major,86.0
BOSCO,31,Quando o amor acontece,1,4,4,V1,*4,I,4,major,1.0
BOSCO,31,Quando o amor acontece,2,7,7,x0,*°7,bIII°,4,major,6.0
BOSCO,31,Quando o amor acontece,3,6,6,z0,*m7,II,4,major,7.0
BOSCO,31,Quando o amor acontece,4,11,11,Y1,*4.7,V,4,major,9.0
BOSCO,31,Quando o amor acontece,5,6,6,z0,*m7,II,4,major,11.0
BOSCO,31,Quando o amor acontece,6,11,11,Y1,*4.7,V,4,major,13.0
BOSCO,31,Quando o amor acontece,7,11,11,Y1.1.3,*4.7(b9),V,4,major,15.0
BOSCO,31,Quando o amor acontece,8,4,4,V1,*4,I,4,major,16.0
BOSCO,31,Quando o amor acontece,9,11,11,z2.1,*m7.9.11,II__X,4,major,20.0
BOSCO,31,Quando o amor acontece,10,4,4,Y2.2.1,*7(b9)13,V/IV,4,major,21.0
BOSCO,31,Quando o amor acontece,11,9,9,Z2,*M7.9,IV,4,major,22.0
BOSCO,31,Quando o amor acontece,12,9,9,z2,*m7.9,IVm7,4,major,24.0
BOSCO,31,Quando o amor acontece,13,2,2,Y2,*7.9,bVII7,4,major,25.0
BOSCO,31,Quando o amor acontece,14,4,8,V0,*,I,4,major,26.0
BOSCO,31,Quando o amor acontece,15,1,1,z0,*m7,VI,4,major,28.0
BOSCO,31,Quando o amor acontece,16,6,6,z0,*m7,II,4,major,30.0
BOSCO,31,Quando o amor acontece,17,11,11,Y1,*4.7,V,4,major,32.0
BOSCO,31,Quando o amor acontece,18,11,11,Y1.1.3,*4.7(b9),V,4,major,34.0
BOSCO,31,Quando o amor acontece,19,4,4,V1,*4,I,4,major,35.0
BOSCO,32,Nossas ultimas viagens,1,2,2,Y2.3,*7(b9),V/II,5,major,1.0
BOSCO,32,Nossas ultimas viagens,2,7,7,z0,*m7,II,5,major,2.0
BOSCO,32,Nossas ultimas viagens,3,10,10,z1,*m6,IVm7,5,major,3.0
BOSCO,32,Nossas ultimas viagens,4,9,9,z0,*m7,III,5,major,4.0
BOSCO,32,Nossas ultimas viagens,5,2,2,z0,*m7,VI,5,major,5.0
BOSCO,32,Nossas ultimas viagens,6,7,7,z0,*m7,II,5,major,6.0
BOSCO,32,Nossas ultimas viagens,7,0,0,Y1.1,*4.7.9,V,5,major,7.0
BOSCO,32,Nossas ultimas viagens,8,0,0,Y1.1.3,*4.7(b9),V,5,major,7.5
BOSCO,32,Nossas ultimas viagens,9,5,5,Z0,*M7,I,5,major,8.0
BOSCO,32,Nossas ultimas viagens,10,5,5,Y2,*7.9,V/IV,5,major,9.0
BOSCO,32,Nossas ultimas viagens,11,5,5,Y2.2.1,*7(b9)13,V/IV,5,major,9.5
BOSCO,32,Nossas ultimas viagens,12,10,10,Z0,*M7,IV,5,major,10.0
BOSCO,32,Nossas ultimas viagens,13,11,11,y0,*Ø,II__X,5,major,11.0
BOSCO,32,Nossas ultimas viagens,14,4,4,Y2.2.1.1,*7(b9.b13),V/III,5,major,11.5
BOSCO,32,Nossas ultimas viagens,15,9,9,z0,*m7,II__X,5,major,12.0
BOSCO,32,Nossas ultimas viagens,16,2,2,Y1.1,*4.7.9,V/III,5,major,13.0
BOSCO,32,Nossas ultimas viagens,17,2,2,Y2.3,*7(b9),V/II,5,major,13.5
BOSCO,32,Nossas ultimas viagens,18,7,7,z0,*m7,II,5,major,14.0
BOSCO,32,Nossas ultimas viagens,19,0,0,Y1.1,*4.7.9,V,5,major,15.0
BOSCO,32,Nossas ultimas viagens,20,0,0,Y2.3,*7(b9),V,5,major,15.5
BOSCO,32,Nossas ultimas viagens,21,9,9,y0,*Ø,III,5,major,16.0
BOSCO,32,Nossas ultimas viagens,22,9,9,y1,*Ø.9,II__X,5,major,16.5
BOSCO,32,Nossas ultimas viagens,23,2,2,Y2.2.1.1,*7(b9.b13),V/II,5,major,17.0
BOSCO,32,Nossas ultimas viagens,24,7,7,z0,*m7,II,5,major,18.0
BOSCO,32,Nossas ultimas viagens,25,10,10,z1,*m6,IVm7,5,major,19.0
BOSCO,32,Nossas ultimas viagens,26,9,9,Y2.2,*7.9.13,V/VI,5,major,20.0
BOSCO,32,Nossas ultimas viagens,27,9,9,Y2.2.1.1,*7(b9.b13),V/VI,5,major,20.5
BOSCO,32,Nossas ultimas viagens,28,2,2,Y1.1,*4.7.9,V/II,5,major,21.0
BOSCO,32,Nossas ultimas viagens,29,2,2,x0,*°7,V°/V,5,major,21.75
BOSCO,32,Nossas ultimas viagens,30,7,7,Y2.2,*7.9.13,V/V,5,major,22.0
BOSCO,32,Nossas ultimas viagens,31,7,7,Y1.1.3,*4.7(b9),V/V,5,major,22.5
BOSCO,32,Nossas ultimas viagens,32,0,0,Y1.1,*4.7.9,V,5,major,23.0
BOSCO,32,Nossas ultimas viagens,33,0,0,Y1.1.3,*4.7(b9),V,5,major,23.5
BOSCO,32,Nossas ultimas viagens,34,5,5,Z1,*6,I,5,major,24.0
BOSCO,33,Plataforma,1,9,9,V0,*,I,9,major,1.0
BOSCO,33,Plataforma,2,7,7,Y0,*7,SubV/VI,9,major,3.0
BOSCO,33,Plataforma,3,6,6,Y0,*7,V/II,9,major,4.0
BOSCO,33,Plataforma,4,11,11,v0,*m,II,9,major,5.0
BOSCO,33,Plataforma,5,11,11,w0,*mM7,II,9,major,9.5
BOSCO,33,Plataforma,6,11,11,z0,*m7,II,9,major,11.0
BOSCO,33,Plataforma,7,4,4,Y2,*7.9,V,9,major,12.0
BOSCO,33,Plataforma,8,9,9,V0,*,I,9,major,14.0
BOSCO,33,Plataforma,9,9,9,Y0,*7,V/IV,9,major,19.0
BOSCO,33,Plataforma,10,2,2,Z1,*6,IV,9,major,23.0
BOSCO,33,Plataforma,11,3,3,x0,*°7,V°,9,major,25.0
BOSCO,33,Plataforma,12,9,4,V0,*,I,9,major,27.0
BOSCO,33,Plataforma,13,7,7,Y0,*7,SubV/VI,9,major,27.5
BOSCO,33,Plataforma,14,6,6,Y0,*7,V/II,9,major,28.0
BOSCO,33,Plataforma,15,11,11,z0,*m7,II,9,major,29.0
BOSCO,33,Plataforma,16,4,4,Y0,*7,V,9,major,30.0
BOSCO,33,Plataforma,17,9,9,V0,*,I,9,major,31.0
BOSCO,34,Querido diario,1,4,4,z2.1,*m7.9.11,I,4,minor,1.0
BOSCO,34,Querido diario,2,2,2,z0,*m7,II__X,4,minor,2.0
BOSCO,34,Querido diario,3,2,2,z1,*m6,II__X,4,minor,2.5
BOSCO,34,Querido diario,4,7,7,Y2,*7.9,V/VI,4,minor,3.0
BOSCO,34,Querido diario,5,4,4,Z0,*M7,I,4,major,4.0
BOSCO,34,Querido diario,6,1,1,z0,*m7,II__X,4,major,5.0
BOSCO,34,Querido diario,7,6,6,Y1.1,*4.7.9,V/V,4,major,6.0
BOSCO,34,Querido diario,8,6,6,Y2,*7.9,V/V,4,major,6.5
BOSCO,34,Querido diario,9,11,11,Y1.1.3,*4.7(b9),V,4,minor,7.0
BOSCO,34,Querido diario,10,11,11,Y2.2.1,*7(b9)13,V,4,minor,7.5
BOSCO,34,Querido diario,11,4,4,z2.1,*m7.9.11,I,4,minor,8.0
BOSCO,34,Querido diario,12,6,6,z3,*m7.11,II,4,minor,9.0
BOSCO,34,Querido diario,13,5,5,Y1.1.2,*4.7.9.13,SubV,4,minor,9.5
BOSCO,34,Querido diario,14,4,4,z3,*m7.11,I,4,minor,10.0
BOSCO,34,Querido diario,15,8,9,V0,*,?,4,major,10.5
BOSCO,34,Querido diario,16,11,0,V0,*,V,4,major,11.0
BOSCO,34,Querido diario,17,4,4,Z2,*M7.9,I,4,major,12.0
BOSCO,34,Querido diario,18,1,1,z2,*m7.9,VI,4,major,13.0
BOSCO,34,Querido diario,19,2,2,Y2,*7.9,bVII7,4,major,14.0
BOSCO,34,Querido diario,20,11,11,Y2.2.1,*7(b9)13,V,4,major,15.0
BOSCO,34,Querido diario,21,4,4,Z2,*M7.9,I,4,major,16.0
BOSCO,34,Querido diario,22,8,8,z0,*m7,III,4,major,16.75
BOSCO,34,Querido diario,23,1,1,z2,*m7.9,VI,4,major,17.0
BOSCO,34,Querido diario,24,9,9,z1,*m6,IVm7,4,major,17.75
BOSCO,34,Querido diario,25,8,8,z1,*m6,II__X,4,major,18.0
BOSCO,34,Querido diario,26,1,1,Y2.3,*7(b9),V/II,4,major,19.0
BOSCO,34,Querido diario,27,6,6,Y2,*7.9,V/V,4,major,20.0
BOSCO,34,Querido diario,28,7,7,Y2,*7.9,SubV/II,4,major,20.5
BOSCO,34,Querido diario,29,6,6,Y2,*7.9,V/V,4,major,21.0
BOSCO,34,Querido diario,30,9,9,Y4,*7.13,SubV/III,4,major,21.75
BOSCO,34,Querido diario,31,8,8,Y4,*7.13,V/VI,4,major,22.0
BOSCO,34,Querido diario,32,8,8,Y4.1,*7(b13),V/VI,4,major,22.5
BOSCO,34,Querido diario,33,1,1,Y1.1,*4.7.9,V/II,4,major,23.0
BOSCO,34,Querido diario,34,1,1,Y2.3,*7(b9),V/II,4,major,23.5
BOSCO,34,Querido diario,35,6,6,Y2,*7.9,V/V,4,major,24.0
BOSCO,34,Querido diario,36,0,0,Y2,*7.9,SubV/V,4,major,24.75
BOSCO,34,Querido diario,37,11,11,Y2.2.1.1,*7(b9.b13),V,4,minor,25.0
BOSCO,34,Querido diario,38,4,4,z2.1,*m7.9.11,I,4,minor,26.0
BOSCO,34,Querido diario,39,6,6,z2,*m7.9,II,4,minor,27.0
BOSCO,34,Querido diario,40,4,4,z2.1,*m7.9.11,I,4,minor,28.0
BOSCO,35,Samba do pouso,1,4,4,V1,*4,I,4,major,1.0
BOSCO,35,Samba do pouso,2,6,9,z1,*m6,II,4,major,2.0
BOSCO,35,Samba do pouso,3,8,8,y0,*Ø,II__X,4,major,3.0
BOSCO,35,Samba do pouso,4,1,1,Y2.3,*7(b9),V/II,4,major,4.0
BOSCO,35,Samba do pouso,5,6,6,z0,*m7,II,4,major,5.0
BOSCO,35,Samba do pouso,6,7,7,x0,*°7,V°/III,4,major,6.0
BOSCO,35,Samba do pouso,7,8,8,z0,*m7,III,4,major,7.0
BOSCO,35,Samba do pouso,8,11,11,z2,*m7.9,II__X,4,major,8.0
BOSCO,35,Samba do pouso,9,4,4,Y2.2.1,*7(b9)13,V/IV,4,major,8.5
BOSCO,35,Samba do pouso,10,9,9,Z1,*6,IV,4,major,9.0
BOSCO,35,Samba do pouso,11,11,9,Y0,*7,V,4,major,10.0
BOSCO,35,Samba do pouso,12,8,8,z0,*m7,II__X,4,major,11.0
BOSCO,35,Samba do pouso,13,7,7,Y4,*7.13,V/bVI,4,major,11.5
BOSCO,35,Samba do pouso,14,0,0,Z0,*M7,bVI7M,4,major,12.0
BOSCO,35,Samba do pouso,15,11,11,Y4,*7.13,V,4,major,12.5
BOSCO,35,Samba do pouso,16,4,4,V1,*4,I,4,major,13.0
BOSCO,35,Samba do pouso,17,6,9,z1,*m6,II,4,major,14.0
BOSCO,35,Samba do pouso,18,8,8,y0,*Ø,II__X,4,major,15.0
BOSCO,35,Samba do pouso,19,1,1,Y2.3,*7(b9),V/II,4,major,16.0
BOSCO,35,Samba do pouso,20,6,6,z0,*m7,II,4,major,17.0
BOSCO,35,Samba do pouso,21,7,7,x0,*°7,V°/III,4,major,18.0
BOSCO,35,Samba do pouso,22,8,8,z0,*m7,III,4,major,19.0
BOSCO,35,Samba do pouso,23,11,11,z2,*m7.9,II__X,4,major,20.0
BOSCO,35,Samba do pouso,24,4,4,Y2.2.1,*7(b9)13,V/IV,4,major,20.5
BOSCO,35,Samba do pouso,25,9,9,Z1,*6,IV,4,major,21.0
BOSCO,35,Samba do pouso,26,11,9,Y0,*7,V,4,major,22.0
BOSCO,35,Samba do pouso,27,8,8,z0,*m7,III,4,major,23.0
BOSCO,35,Samba do pouso,28,1,1,z0,*m7,VI,4,major,24.0
BOSCO,35,Samba do pouso,29,9,9,z0,*m7,II,7,major,25.0
BOSCO,35,Samba do pouso,30,2,2,Y2,*7.9,V,7,major,26.0
BOSCO,35,Samba do pouso,31,7,7,x0,*°7,I°,7,major,27.0
BOSCO,35,Samba do pouso,32,7,7,Z1,*6,I,7,major,28.0
BOSCO,35,Samba do pouso,33,0,0,z0,*m7,II,10,major,29.0
BOSCO,35,Samba do pouso,34,5,5,Y4,*7.13,V,10,major,30.0
BOSCO,35,Samba do pouso,35,10,10,Z0,*M7,I,10,major,31.0
BOSCO,35,Samba do pouso,36,11,11,y0,*Ø,II__X,4,major,33.0
BOSCO,35,Samba do pouso,37,4,4,Y0,*7,V/IV,4,major,34.0
BOSCO,35,Samba do pouso,38,9,9,z0,*m7,IVm7,4,major,35.0
BOSCO,35,Samba do pouso,39,9,7,z0,*m7,IVm7,4,major,36.0
BOSCO,35,Samba do pouso,40,6,6,y0,*Ø,IIm7(b5),4,major,37.0
BOSCO,35,Samba do pouso,41,11,11,Y1.1,*4.7.9,V,4,major,39.0
BOSCO,35,Samba do pouso,42,11,11,Y2.2,*7.9.13,V,4,major,40.0
BOSCO,35,Samba do pouso,43,4,4,V1,*4,I,4,major,41.0
BOSCO,36,Nesta data,1,2,2,z0,*m7,I,2,minor,1.0
BOSCO,36,Nesta data,2,2,2,z1,*m6,I,2,minor,16.0
BOSCO,36,Nesta data,3,7,2,z0,*m7,IV,2,minor,16.5
BOSCO,36,Nesta data,4,2,2,z0,*m7,I,2,minor,17.0
BOSCO,36,Nesta data,5,2,2,z1,*m6,I,2,minor,18.0
BOSCO,36,Nesta data,6,7,2,z0,*m7,IV,2,minor,18.5
BOSCO,36,Nesta data,7,5,5,V1,*4,I,5,major,19.0
BOSCO,36,Nesta data,8,5,5,V1.1,*4.9,I,5,major,20.0
BOSCO,36,Nesta data,9,5,5,V1,*4,I,5,major,20.5
BOSCO,36,Nesta data,10,0,4,Z1,*6,I,5,major,21.0
BOSCO,36,Nesta data,11,4,4,v2,*m.11,VIIm7,5,major,23.0
BOSCO,36,Nesta data,12,5,5,V1,*4,I,5,major,25.0
BOSCO,36,Nesta data,13,9,9,v0,*m,III,5,major,27.0
BOSCO,36,Nesta data,14,9,7,z0,*m7,III,5,major,28.0
BOSCO,36,Nesta data,15,5,5,Z0,*M7,I,5,major,29.0
BOSCO,36,Nesta data,16,9,4,v0,*m,III,5,major,31.0
BOSCO,36,Nesta data,17,5,5,Z0,*M7,I,5,major,33.0
BOSCO,36,Nesta data,18,4,4,v0,*m,VIIm7,5,major,35.0
BOSCO,36,Nesta data,19,9,9,v0,*m,III,5,major,37.0
BOSCO,36,Nesta data,20,5,5,Z0,*M7,I,5,major,38.0
BOSCO,36,Nesta data,21,4,4,v0,*m,VIIm7,5,major,39.0
BOSCO,37,Profissionalismo e isso ai,1,4,4,Y0,*7,I,4,major,1.0
BOSCO,37,Profissionalismo e isso ai,2,9,9,Y0,*7,IV7,4,major,3.0
BOSCO,37,Profissionalismo e isso ai,3,4,4,Y0,*7,I,4,major,5.0
BOSCO,37,Profissionalismo e isso ai,4,9,9,Y0,*7,IV7,4,major,7.0
BOSCO,37,Profissionalismo e isso ai,5,4,4,Y0,*7,I,4,major,9.0
BOSCO,37,Profissionalismo e isso ai,6,9,9,Y0,*7,IV7,4,major,11.0
BOSCO,37,Profissionalismo e isso ai,7,8,8,Y0,*7,V/VI,4,major,13.0
BOSCO,37,Profissionalismo e isso ai,8,7,7,Y0,*7,SubV/II,4,major,13.5
BOSCO,37,Profissionalismo e isso ai,9,6,6,Y0,*7,V/V,4,major,14.0
BOSCO,37,Profissionalismo e isso ai,10,5,5,Y0,*7,SubV,4,major,14.5
BOSCO,37,Profissionalismo e isso ai,11,4,4,Y0,*7,I,4,major,15.0
BOSCO,37,Profissionalismo e isso ai,12,9,9,Y0,*7,IV7,4,major,17.0
BOSCO,37,Profissionalismo e isso ai,13,1,1,Y2.4,*7(#9),V/II,4,major,19.0
BOSCO,37,Profissionalismo e isso ai,14,6,6,X0,*(b5)7,V/V,4,major,21.0
BOSCO,37,Profissionalismo e isso ai,15,11,11,Y0,*7,V,4,major,23.0
BOSCO,37,Profissionalismo e isso ai,16,4,4,Z1,*6,I,4,major,25.0
BOSCO,37,Profissionalismo e isso ai,17,1,1,Y2.4,*7(#9),V/II,4,major,27.0
BOSCO,37,Profissionalismo e isso ai,18,9,9,Y0,*7,IV7,4,major,29.0
BOSCO,37,Profissionalismo e isso ai,19,6,6,Y1,*4.7,V/V,4,major,31.0
BOSCO,37,Profissionalismo e isso ai,20,6,6,Y3,*7(#11),V/V,4,major,32.0
BOSCO,37,Profissionalismo e isso ai,21,4,4,Z1,*6,I,4,major,33.0
BOSCO,37,Profissionalismo e isso ai,22,9,9,Y0,*7,IV7,4,major,35.0
BOSCO,37,Profissionalismo e isso ai,23,4,4,Y0,*7,I,4,major,37.0
BOSCO,37,Profissionalismo e isso ai,24,9,9,Y0,*7,IV7,4,major,39.0
BOSCO,37,Profissionalismo e isso ai,25,4,4,Y0,*7,I,4,major,41.0
BOSCO,37,Profissionalismo e isso ai,26,9,9,Y0,*7,IV7,4,major,43.0
BOSCO,37,Profissionalismo e isso ai,27,4,4,Y0,*7,I,4,major,45.0
BOSCO,38,Siameses,1,9,9,Z2,*M7.9,I,9,major,1.0
BOSCO,38,Siameses,2,9,9,Z4,*(#5)M7,I,9,major,2.0
BOSCO,38,Siameses,3,6,1,z3,*m7.11,VI,9,major,3.0
BOSCO,38,Siameses,4,2,2,z1,*m6,IVm7,9,major,4.0
BOSCO,38,Siameses,5,11,11,z2,*m7.9,II,9,major,5.0
BOSCO,38,Siameses,6,1,1,z2,*m7.9,III,9,major,5.5
BOSCO,38,Siameses,7,2,2,Z2,*M7.9,IV,9,major,6.0
BOSCO,38,Siameses,8,7,7,Y3,*7(#11),SubV/VI,9,major,6.5
BOSCO,38,Siameses,9,6,6,z2,*m7.9,II,9,major,7.0
BOSCO,38,Siameses,10,4,4,z2,*m7.9,II__X,9,major,8.0
BOSCO,38,Siameses,11,9,9,Y2.2,*7.9.13,V/IV,9,major,9.0
BOSCO,38,Siameses,12,9,9,Y2.2.1,*7(b9)13,V/IV,9,major,9.5
BOSCO,38,Siameses,13,2,2,Z2,*M7.9,IV,9,major,10.0
BOSCO,38,Siameses,14,2,2,Z1.1,*6.9,IV,9,major,10.5
BOSCO,38,Siameses,15,1,1,y0,*Ø,II__X,9,major,11.0
BOSCO,38,Siameses,16,6,6,Y4.1,*7(b13),V/II,9,major,11.5
BOSCO,38,Siameses,17,6,6,z1,*m6,VI,9,major,12.0
BOSCO,38,Siameses,18,11,11,z2.1,*m7.9.11,II,9,major,13.0
BOSCO,38,Siameses,19,4,4,Y2.2.1,*7(b9)13,V,9,major,14.0
BOSCO,38,Siameses,20,9,9,Y2,*7.9,I,9,major,15.0
BOSCO,38,Siameses,21,9,9,Z4,*(#5)M7,I,9,major,16.0
BOSCO,38,Siameses,22,1,8,Y0,*7,V/VI,9,major,16.5
BOSCO,38,Siameses,23,6,6,z0,*m7,VI,9,major,17.0
BOSCO,38,Siameses,24,6,6,z1,*m6,VI,9,major,17.5
BOSCO,38,Siameses,25,8,8,Y2.3,*7(b9),V/III,9,major,18.0
BOSCO,38,Siameses,26,1,1,Y2.3,*7(b9),V/VI,9,major,19.0
BOSCO,38,Siameses,27,6,6,v0,*m,VI,9,major,20.0
BOSCO,38,Siameses,28,6,6,w0,*mM7,VI,9,major,20.5
BOSCO,38,Siameses,29,6,6,z0,*m7,VI,9,major,21.0
BOSCO,38,Siameses,30,6,6,z1,*m6,VI,9,major,21.5
BOSCO,38,Siameses,31,8,8,y0,*Ø,II__X,9,major,22.0
BOSCO,38,Siameses,32,1,1,Y2.3,*7(b9),V/VI,9,major,23.0
BOSCO,38,Siameses,33,1,1,z3,*m7.11,II__X,9,major,24.0
BOSCO,38,Siameses,34,6,6,Y1.1.3,*4.7(b9),V/II,9,major,25.0
BOSCO,38,Siameses,35,10,10,x0,*°7,V°/II,9,major,25.5
BOSCO,38,Siameses,36,11,11,z2,*m7.9,II,9,major,26.0
BOSCO,38,Siameses,37,0,0,x0,*°7,V°/III,9,major,27.0
BOSCO,38,Siameses,38,8,8,Y4.1,*7(b13),V/III,9,major,27.5
BOSCO,38,Siameses,39,1,1,Y1.1,*4.7.9,V/VI,9,major,28.0
BOSCO,38,Siameses,40,4,7,z1,*m6,Vm7,9,major,29.0
BOSCO,38,Siameses,41,6,6,Y4.1,*7(b13),V/II,9,major,29.5
BOSCO,38,Siameses,42,6,1,z1,*m6,VI,9,major,30.0
BOSCO,38,Siameses,43,10,10,Y2,*7.9,SubV,9,major,31.0
BOSCO,38,Siameses,44,4,4,Y2.2.1,*7(b9)13,V,9,major,31.5
BOSCO,38,Siameses,45,9,9,Z2,*M7.9,I,9,major,32.0
BOSCO,39,O bebado e a equilibrista,1,4,4,Z1.1,*6.9,I,4,major,1.0
BOSCO,39,O bebado e a equilibrista,2,9,9,Y2.2,*7.9.13,SubV/III,4,major,2.0
BOSCO,39,O bebado e a equilibrista,3,8,8,z0,*m7,III,4,major,3.0
BOSCO,39,O bebado e a equilibrista,4,9,9,Z2,*M7.9,IV,4,major,4.0
BOSCO,39,O bebado e a equilibrista,5,4,4,Z1.1,*6.9,I,4,major,5.0
BOSCO,39,O bebado e a equilibrista,6,9,9,Y2.2,*7.9.13,SubV/III,4,major,6.0
BOSCO,39,O bebado e a equilibrista,7,8,8,z0,*m7,III,4,major,7.0
BOSCO,39,O bebado e a equilibrista,8,6,6,z0,*m7,II,4,major,8.0
BOSCO,39,O bebado e a equilibrista,9,4,4,Z0,*M7,I,4,major,9.0
BOSCO,39,O bebado e a equilibrista,10,4,4,Z1,*6,I,4,major,10.0
BOSCO,39,O bebado e a equilibrista,11,8,8,y0,*Ø,II__X,4,major,11.0
BOSCO,39,O bebado e a equilibrista,12,1,1,Y0,*7,V/II,4,major,12.0
BOSCO,39,O bebado e a equilibrista,13,6,6,w0,*mM7,II,4,major,13.0
BOSCO,39,O bebado e a equilibrista,14,6,6,z0,*m7,II,4,major,14.0
BOSCO,39,O bebado e a equilibrista,15,9,9,Z0,*M7,IV,4,major,15.0
BOSCO,39,O bebado e a equilibrista,16,8,8,z0,*m7,III,4,major,16.0
BOSCO,39,O bebado e a equilibrista,17,6,6,z0,*m7,II,4,major,17.0
BOSCO,39,O bebado e a equilibrista,18,9,9,Z0,*M7,IV,4,major,19.0
BOSCO,39,O bebado e a equilibrista,19,8,8,z0,*m7,III,4,major,20.0
BOSCO,39,O bebado e a equilibrista,20,6,6,z0,*m7,II,4,major,21.0
BOSCO,39,O bebado e a equilibrista,21,0,0,Y4,*7.13,SubV/V,4,major,22.0
BOSCO,39,O bebado e a equilibrista,22,11,11,Y4,*7.13,V,4,major,23.0
BOSCO,39,O bebado e a equilibrista,23,6,6,z2,*m7.9,II,4,major,25.0
BOSCO,39,O bebado e a equilibrista,24,11,11,Y4,*7.13,V,4,major,26.0
BOSCO,39,O bebado e a equilibrista,25,2,2,Y4,*7.13,SubV/VI,4,major,27.0
BOSCO,39,O bebado e a equilibrista,26,1,1,Y4,*7.13,V/II,4,major,27.5
BOSCO,39,O bebado e a equilibrista,27,0,0,Y4,*7.13,SubV/V,4,major,28.0
BOSCO,39,O bebado e a equilibrista,28,11,11,Y4,*7.13,V,4,major,28.5
BOSCO,39,O bebado e a equilibrista,29,4,4,Z1.1,*6.9,I,4,major,29.0
BOSCO,39,O bebado e a equilibrista,30,11,11,Y1.1,*4.7.9,V,4,major,31.0
BOSCO,39,O bebado e a equilibrista,31,4,4,Z2,*M7.9,I,4,major,33.0
BOSCO,39,O bebado e a equilibrista,32,11,11,Y1.1,*4.7.9,V,4,major,35.0
BOSCO,39,O bebado e a equilibrista,33,8,8,y0,*Ø,II__X,4,major,37.0
BOSCO,39,O bebado e a equilibrista,34,1,1,Y0,*7,V/II,4,major,38.0
BOSCO,39,O bebado e a equilibrista,35,2,2,Y0,*7,SubV/VI,4,major,39.0
BOSCO,39,O bebado e a equilibrista,36,1,1,Y0,*7,V/II,4,major,40.0
BOSCO,39,O bebado e a equilibrista,37,6,6,w0,*mM7,II,4,major,41.0
BOSCO,39,O bebado e a equilibrista,38,6,6,z0,*m7,II,4,major,42.0
BOSCO,39,O bebado e a equilibrista,39,9,9,z0,*m7,IVm7,4,major,43.0
BOSCO,39,O bebado e a equilibrista,40,9,9,w0,*mM7,IVm7,4,major,44.0
BOSCO,39,O bebado e a equilibrista,41,9,9,z0,*m7,IVm7,4,major,45.0
BOSCO,39,O bebado e a equilibrista,42,6,6,z0,*m7,II,4,major,46.0
BOSCO,39,O bebado e a equilibrista,43,3,3,Y2.4,*7(#9),aSubV,4,major,46.5
BOSCO,39,O bebado e a equilibrista,44,4,4,Z1.1,*6.9,I,4,major,47.0
BOSCO,39,O bebado e a equilibrista,45,9,9,Y2.2,*7.9.13,SubV/III,4,major,48.0
BOSCO,39,O bebado e a equilibrista,46,8,8,z0,*m7,III,4,major,49.0
BOSCO,39,O bebado e a equilibrista,47,1,1,z0,*m7,II__X,4,major,50.0
BOSCO,39,O bebado e a equilibrista,48,6,6,Y1.1,*4.7.9,V/V,4,major,51.0
BOSCO,39,O bebado e a equilibrista,49,6,6,Y2,*7.9,V/V,4,major,52.0
BOSCO,39,O bebado e a equilibrista,50,2,2,Y2,*7.9,bVII7,4,major,53.0
BOSCO,39,O bebado e a equilibrista,51,11,11,Y4,*7.13,V,4,major,54.0
BOSCO,39,O bebado e a equilibrista,52,4,4,Z1.1,*6.9,I,4,major,55.0
BOSCO,40,Tenho dito,1,9,9,v0,*m,I,9,minor,1.0
BOSCO,40,Tenho dito,2,4,4,V0,*,V,9,minor,9.0
BOSCO,40,Tenho dito,3,5,5,Z3,*M7(#11),VI,9,minor,9.75
BOSCO,40,Tenho dito,4,4,4,V0,*,V,9,minor,10.0
BOSCO,40,Tenho dito,5,5,5,Z3,*M7(#11),VI,9,minor,10.75
BOSCO,40,Tenho dito,6,4,4,V0,*,V,9,minor,11.0
BOSCO,40,Tenho dito,7,5,5,Z3,*M7(#11),VI,9,minor,11.75
BOSCO,40,Tenho dito,8,4,4,V0,*,V,9,minor,12.0
BOSCO,40,Tenho dito,9,5,5,Z3,*M7(#11),VI,9,minor,12.75
BOSCO,40,Tenho dito,10,9,9,v0,*m,I,9,minor,13.0
BOSCO,40,Tenho dito,11,4,4,V0,*,V,9,minor,20.0
BOSCO,40,Tenho dito,12,5,5,Z3,*M7(#11),VI,9,minor,20.75
BOSCO,40,Tenho dito,13,4,4,V0,*,V,9,minor,21.0
BOSCO,40,Tenho dito,14,5,5,Z3,*M7(#11),VI,9,minor,21.75
BOSCO,40,Tenho dito,15,4,4,V0,*,V,9,minor,22.0
BOSCO,40,Tenho dito,16,5,5,Z3,*M7(#11),VI,9,minor,24.0
BOSCO,40,Tenho dito,17,4,4,V0,*,V,9,minor,25.0
BOSCO,40,Tenho dito,18,9,9,v0,*m,I,9,minor,26.0
BOSCO,40,Tenho dito,19,5,5,z1,*m6,bVIm7,9,minor,29.0
BOSCO,40,Tenho dito,20,4,4,Y2.3,*7(b9),V,9,minor,30.0
BOSCO,40,Tenho dito,21,9,9,v0,*m,I,9,minor,31.0
BOSCO,40,Tenho dito,22,5,5,Z3,*M7(#11),VI,9,minor,33.0
BOSCO,40,Tenho dito,23,4,4,V0,*,V,9,minor,35.0
BOSCO,40,Tenho dito,24,9,9,v0,*m,I,9,minor,36.0
BOSCO,40,Tenho dito,25,5,5,Z3,*M7(#11),VI,9,minor,37.0
BOSCO,40,Tenho dito,26,4,4,V0,*,V,9,minor,38.0
BOSCO,40,Tenho dito,27,5,5,Z3,*M7(#11),VI,9,minor,39.0
BOSCO,40,Tenho dito,28,4,4,V0,*,V,9,minor,39.5
BOSCO,40,Tenho dito,29,9,9,v0,*m,I,9,minor,40.0
BOSCO,41,Trilha sonora,1,9,9,Z2,*M7.9,I,9,major,1.0
BOSCO,41,Trilha sonora,2,2,2,Z0,*M7,IV,9,major,2.0
BOSCO,41,Trilha sonora,3,2,2,z0,*m7,IVm7,9,major,3.0
BOSCO,41,Trilha sonora,4,1,1,Y2.2.1.1,*7(b9.b13),V/VI,9,major,3.25
BOSCO,41,Trilha sonora,5,6,6,Y1.3,*4.7.13,V/II,9,major,4.0
BOSCO,41,Trilha sonora,6,7,7,Y4,*7.13,SubV/VI,9,major,5.0
BOSCO,41,Trilha sonora,7,6,6,Y4,*7.13,V/II,9,major,5.5
BOSCO,41,Trilha sonora,8,6,6,Y4.1,*7(b13),V/II,9,major,5.75
BOSCO,41,Trilha sonora,9,11,11,z2,*m7.9,II,9,major,6.0
BOSCO,41,Trilha sonora,10,7,7,Y4,*7.13,SubV/VI,9,major,7.0
BOSCO,41,Trilha sonora,11,6,6,Y4,*7.13,V/II,9,major,7.5
BOSCO,41,Trilha sonora,12,0,0,Y2,*7.9,SubV/II,9,major,7.75
BOSCO,41,Trilha sonora,13,11,11,z2,*m7.9,II,9,major,8.0
BOSCO,41,Trilha sonora,14,7,7,Y4,*7.13,bVII7,9,major,9.0
BOSCO,41,Trilha sonora,15,10,10,Y4,*7.13,SubV,9,major,10.0
BOSCO,41,Trilha sonora,16,9,9,Z2,*M7.9,I,9,major,11.0
BOSCO,41,Trilha sonora,17,4,4,z2,*m7.9,II__X,9,major,12.0
BOSCO,41,Trilha sonora,18,9,9,X0,*(b5)7,V/IV,9,major,12.5
BOSCO,41,Trilha sonora,19,2,2,Z2,*M7.9,IV,9,major,13.0
BOSCO,41,Trilha sonora,20,7,7,Y1.1.2,*4.7.9.13,SubV/VI,9,major,14.0
BOSCO,41,Trilha sonora,21,6,6,Y1.3,*4.7.13,V/II,9,major,15.0
BOSCO,41,Trilha sonora,22,7,7,Y4,*7.13,SubV/VI,9,major,16.0
BOSCO,41,Trilha sonora,23,6,6,Y4,*7.13,V/II,9,major,16.5
BOSCO,41,Trilha sonora,24,0,0,Y2,*7.9,SubV/II,9,major,16.75
BOSCO,41,Trilha sonora,25,11,11,z2,*m7.9,II,9,major,17.0
BOSCO,41,Trilha sonora,26,4,4,Y2.2.1,*7(b9)13,V,9,major,18.0
BOSCO,41,Trilha sonora,27,7,7,Y2.2,*7.9.13,SubV/VI,9,major,19.0
BOSCO,41,Trilha sonora,28,6,6,Y4,*7.13,V/II,9,major,20.0
BOSCO,41,Trilha sonora,29,6,6,Y4.1,*7(b13),V/II,9,major,20.5
BOSCO,41,Trilha sonora,30,2,2,Z1.1,*6.9,IV,9,major,21.0
BOSCO,41,Trilha sonora,31,7,7,Y2.2,*7.9.13,SubV/VI,9,major,22.0
BOSCO,41,Trilha sonora,32,6,6,Y1.3,*4.7.13,V/II,9,major,23.0
BOSCO,41,Trilha sonora,33,7,7,Y4,*7.13,SubV/VI,9,major,23.75
BOSCO,41,Trilha sonora,34,6,6,Y4,*7.13,V/II,9,major,24.0
BOSCO,41,Trilha sonora,35,6,6,Y4.1,*7(b13),V/II,9,major,24.5
BOSCO,41,Trilha sonora,36,11,11,z2,*m7.9,II,9,major,25.0
BOSCO,41,Trilha sonora,37,4,4,Y1.1.3,*4.7(b9),V,9,major,26.0
BOSCO,41,Trilha sonora,38,9,9,Z0,*M7,I,9,major,27.0
BOSCO,41,Trilha sonora,39,9,9,x0,*°7,I°,9,major,28.0
BOSCO,41,Trilha sonora,40,9,9,Z2,*M7.9,I,9,major,29.0
BOSCO,42,Oficio de um puxador,1,2,2,Z1.1,*6.9,I,2,major,1.0
BOSCO,42,Oficio de um puxador,2,11,11,Y0,*7,V/II,2,major,3.0
BOSCO,42,Oficio de um puxador,3,4,4,Y2,*7.9,V/V,2,major,5.0
BOSCO,42,Oficio de um puxador,4,9,9,Y1.1,*4.7.9,V,2,major,7.0
BOSCO,42,Oficio de um puxador,5,2,2,Z1.1,*6.9,I,2,major,8.0
BOSCO,42,Oficio de um puxador,6,11,11,Y0,*7,V/II,2,major,9.0
BOSCO,42,Oficio de um puxador,7,4,4,Y2,*7.9,V/V,2,major,11.0
BOSCO,42,Oficio de um puxador,8,9,9,Y2,*7.9,V,2,major,13.0
BOSCO,42,Oficio de um puxador,9,2,2,Z1.1,*6.9,I,2,major,15.0
BOSCO,42,Oficio de um puxador,10,6,6,Y4.1,*7(b13),V/II,2,major,16.0
BOSCO,42,Oficio de um puxador,11,11,11,v0,*m,VI,2,major,17.0
BOSCO,42,Oficio de um puxador,12,11,11,w0,*mM7,VI,2,major,18.0
BOSCO,42,Oficio de um puxador,13,11,11,z0,*m7,VI,2,major,19.0
BOSCO,42,Oficio de um puxador,14,11,11,z0,*m7,VI,2,major,20.0
BOSCO,42,Oficio de um puxador,15,11,11,w0,*mM7,VI,2,major,21.0
BOSCO,42,Oficio de um puxador,16,11,11,v0,*m,VI,2,major,22.0
BOSCO,42,Oficio de um puxador,17,11,11,w0,*mM7,VI,2,major,23.0
BOSCO,42,Oficio de um puxador,18,11,11,z0,*m7,VI,2,major,24.0
BOSCO,42,Oficio de um puxador,19,11,11,z0,*m7,VI,2,major,25.0
BOSCO,42,Oficio de um puxador,20,4,4,v0,*m,II,2,major,26.0
BOSCO,42,Oficio de um puxador,21,4,4,w0,*mM7,II,2,major,27.0
BOSCO,42,Oficio de um puxador,22,4,4,z0,*m7,II,2,major,28.0
BOSCO,42,Oficio de um puxador,23,4,4,z1,*m6,II,2,major,29.0
BOSCO,42,Oficio de um puxador,24,7,7,Z1,*6,IV,2,major,30.0
BOSCO,42,Oficio de um puxador,25,6,6,Y4.1,*7(b13),V/VI,2,major,31.0
BOSCO,42,Oficio de um puxador,26,11,11,z2,*m7.9,VI,2,major,32.0
BOSCO,42,Oficio de um puxador,27,7,7,z1,*m6,IVm7,2,major,33.0
BOSCO,42,Oficio de um puxador,28,6,6,Y4.1,*7(b13),V/VI,2,major,34.0
BOSCO,42,Oficio de um puxador,29,11,11,Y2,*7.9,V/II,2,major,35.0
BOSCO,42,Oficio de um puxador,30,4,4,Y2,*7.9,V/V,2,major,36.0
BOSCO,42,Oficio de um puxador,31,9,9,Y2,*7.9,V,2,major,37.0
BOSCO,42,Oficio de um puxador,32,0,0,Y2,*7.9,SubV/VI,2,major,38.0
BOSCO,42,Oficio de um puxador,33,11,11,Y2.4,*7(#9),V/II,2,major,39.0
BOSCO,42,Oficio de um puxador,34,4,4,z0,*m7,II,2,major,40.0
BOSCO,42,Oficio de um puxador,35,6,6,Y4.1,*7(b13),V,2,major,41.0
BOSCO,42,Oficio de um puxador,36,11,11,z2,*m7.9,VI,2,major,42.0
BOSCO,42,Oficio de um puxador,37,7,7,z1,*m6,IVm7,2,major,43.0
BOSCO,42,Oficio de um puxador,38,6,6,Y4.1,*7(b13),V/VI,2,major,44.0
BOSCO,42,Oficio de um puxador,39,11,11,Y2,*7.9,V/II,2,major,45.0
BOSCO,42,Oficio de um puxador,40,4,4,Y2,*7.9,V/V,2,major,46.0
BOSCO,42,Oficio de um puxador,41,9,9,Y2,*7.9,V,2,major,47.0
BOSCO,42,Oficio de um puxador,42,2,2,Z1.1,*6.9,I,2,major,48.0
BOSCO,42,Oficio de um puxador,43,9,9,X1,*4(b5)7,V,2,major,49.0
BOSCO,42,Oficio de um puxador,44,2,2,Z1.1,*6.9,I,2,major,50.0
BOSCO,42,Oficio de um puxador,45,11,11,Y2,*7.9,V/II,2,major,51.0
BOSCO,42,Oficio de um puxador,46,4,4,v0,*m,II,2,major,52.0
BOSCO,42,Oficio de um puxador,47,4,4,w0,*mM7,II,2,major,53.0
BOSCO,42,Oficio de um puxador,48,4,4,z0,*m7,II,2,major,54.0
BOSCO,42,Oficio de um puxador,49,9,9,Y2,*7.9,V,2,major,55.0
BOSCO,42,Oficio de um puxador,50,2,2,Z1.1,*6.9,I,2,major,56.0
BOSCO,42,Oficio de um puxador,51,9,9,Y2,*7.9,V,2,major,60.0
BOSCO,42,Oficio de um puxador,52,2,2,Z1.1,*6.9,I,2,major,63.0
BOSCO,43,Papel mache,1,5,5,Z1,*6,IV,0,major,1.0
BOSCO,43,Papel mache,2,2,2,z2.1,*m7.9.11,II,0,major,2.0
BOSCO,43,Papel mache,3,0,0,Z4,*(#5)M7,I,0,major,3.0
BOSCO,43,Papel mache,4,9,9,Y2,*7.9,V/II,0,major,4.0
BOSCO,43,Papel mache,5,9,9,Y4.1,*7(b13),V/II,0,major,4.5
BOSCO,43,Papel mache,6,5,5,z2.1,*m7.9.11,IVm7,0,major,5.0
BOSCO,43,Papel mache,7,7,7,Y2.2,*7.9.13,V,0,major,6.0
BOSCO,43,Papel mache,8,1,1,Y2.4,*7(#9),SubV,0,major,6.5
BOSCO,43,Papel mache,9,0,0,Z0,*M7,I,0,major,7.0
BOSCO,43,Papel mache,10,4,11,z0,*m7,III,0,major,7.5
BOSCO,43,Papel mache,11,9,9,z2,*m7.9,VI,0,major,8.0
BOSCO,43,Papel mache,12,9,9,Y4.1,*7(b13),V/II,0,major,8.5
BOSCO,43,Papel mache,13,2,2,Y2.1,*7.9(#11),V/V,0,major,9.0
BOSCO,43,Papel mache,14,7,7,Y2.2,*7.9.13,V,0,major,9.5
BOSCO,43,Papel mache,15,1,1,Y2.4,*7(#9),SubV,0,major,9.75
BOSCO,43,Papel mache,16,0,0,Z0,*M7,I,0,major,10.0
BOSCO,43,Papel mache,17,4,4,Y2.2.1,*7(b9)13,V/VI,0,major,11.0
BOSCO,43,Papel mache,18,4,4,Y4,*7.13,V/VI,0,major,11.25
BOSCO,43,Papel mache,19,4,4,Y4.1,*7(b13),V/VI,0,major,11.5
BOSCO,43,Papel mache,20,4,4,Y0,*7,V/VI,0,major,11.75
BOSCO,43,Papel mache,21,9,9,w0,*mM7,VI,0,major,12.0
BOSCO,43,Papel mache,22,5,5,Z1.1,*6.9,IV,0,major,13.0
BOSCO,43,Papel mache,23,2,2,z2.1,*m7.9.11,II,0,major,14.0
BOSCO,43,Papel mache,24,4,4,z0,*m7,II__X,0,major,15.0
BOSCO,43,Papel mache,25,9,9,Y2.2.1,*7(b9)13,V/II,0,major,16.0
BOSCO,43,Papel mache,26,5,5,Z1.1,*6.9,IV,0,major,17.0
BOSCO,43,Papel mache,27,2,2,z2.1,*m7.9.11,II,0,major,18.0
BOSCO,43,Papel mache,28,0,0,Z4,*(#5)M7,I,0,major,19.0
BOSCO,43,Papel mache,29,9,9,Y4.1,*7(b13),V/II,0,major,20.0
BOSCO,43,Papel mache,30,2,2,Y2,*7.9,V/V,0,major,21.0
BOSCO,43,Papel mache,31,2,2,Y2.1,*7.9(#11),V/V,0,major,21.5
BOSCO,43,Papel mache,32,7,7,Y2.2,*7.9.13,V,0,major,22.0
BOSCO,43,Papel mache,33,1,1,Y2.4,*7(#9),SubV,0,major,22.5
BOSCO,43,Papel mache,34,0,0,Z0,*M7,I,0,major,23.0
BOSCO,44,Violeta de Belford Roxo,1,2,2,v1,*m.9,I,2,minor,1.0
BOSCO,44,Violeta de Belford Roxo,2,7,7,z2,*m7.9,IV,2,minor,9.0
BOSCO,44,Violeta de Belford Roxo,3,5,5,Z0,*M7,III,2,minor,11.0
BOSCO,44,Violeta de Belford Roxo,4,5,4,Z0,*M7,III,2,minor,12.0
BOSCO,44,Violeta de Belford Roxo,5,7,7,z1,*m6,IV,2,minor,13.0
BOSCO,44,Violeta de Belford Roxo,6,5,5,Z0,*M7,III,2,minor,15.0
BOSCO,44,Violeta de Belford Roxo,7,5,4,Z0,*M7,III,2,minor,16.0
BOSCO,44,Violeta de Belford Roxo,8,2,2,Y2,*7.9,?,2,minor,17.0
BOSCO,44,Violeta de Belford Roxo,9,2,2,z2,*m7.9,IV,9,minor,18.0
BOSCO,44,Violeta de Belford Roxo,10,9,4,z3,*m7.11,I,9,minor,20.0
BOSCO,44,Violeta de Belford Roxo,11,9,9,z3,*m7.11,I,9,minor,21.0
BOSCO,44,Violeta de Belford Roxo,12,7,7,z1,*m6,bVIIm7,9,minor,23.0
BOSCO,44,Violeta de Belford Roxo,13,5,5,V3,*(#11),VI,9,minor,25.0
BOSCO,44,Violeta de Belford Roxo,14,4,4,Y1,*4.7,V,9,minor,27.0
BOSCO,44,Violeta de Belford Roxo,15,4,4,Y0,*7,V,2,minor,27.5
BOSCO,44,Violeta de Belford Roxo,16,9,9,v2,*m.11,I,9,minor,28.0
BOSCO,44,Violeta de Belford Roxo,17,9,7,z3,*m7.11,I,9,minor,29.0
BOSCO,44,Violeta de Belford Roxo,18,2,2,Y2.3,*7(b9),V/II,5,major,30.0
BOSCO,44,Violeta de Belford Roxo,19,7,7,Y2,*7.9,V/V,5,major,31.0
BOSCO,44,Violeta de Belford Roxo,20,0,0,Y2,*7.9,V,5,major,31.5
BOSCO,44,Violeta de Belford Roxo,21,4,4,x0,*°7,V°,5,major,32.0
BOSCO,44,Violeta de Belford Roxo,22,5,5,Y1,*4.7,V/IV,5,major,33.0
BOSCO,44,Violeta de Belford Roxo,23,10,10,V1,*4,IV,5,major,34.0
BOSCO,44,Violeta de Belford Roxo,24,10,9,Z0,*M7,VI,2,minor,36.0
BOSCO,44,Violeta de Belford Roxo,25,4,4,y2,*Ø.11,II,2,minor,37.0
BOSCO,44,Violeta de Belford Roxo,26,9,9,Y1.1.3,*4.7(b9),V,2,minor,39.0
BOSCO,44,Violeta de Belford Roxo,27,9,9,Y2.3,*7(b9),V,2,minor,40.0
BOSCO,44,Violeta de Belford Roxo,28,2,2,Y2.3,*7(b9),V/IV,2,minor,41.0
BOSCO,44,Violeta de Belford Roxo,29,2,2,Y0,*7,V/IV,2,minor,42.0
BOSCO,44,Violeta de Belford Roxo,30,7,7,Y2,*7.9,IV7,2,minor,43.0
BOSCO,44,Violeta de Belford Roxo,31,0,0,Y2,*7.9,V/III,2,minor,44.0
BOSCO,44,Violeta de Belford Roxo,32,4,4,x0,*°7,V°,2,minor,45.0
BOSCO,44,Violeta de Belford Roxo,33,2,2,v1,*m.9,I,2,minor,46.0
BOSCO,44,Violeta de Belford Roxo,34,7,7,z1,*m6,IV,2,minor,48.0
BOSCO,44,Violeta de Belford Roxo,35,9,9,Y1.1.3,*4.7(b9),V,2,minor,49.0
BOSCO,44,Violeta de Belford Roxo,36,2,2,v1,*m.9,I,2,minor,50.0
BOSCO,45,Siri recheado e o cacete,1,2,2,V0,*,I,2,major,1.0
BOSCO,45,Siri recheado e o cacete,2,2,6,Z1,*6,I,2,major,5.0
BOSCO,45,Siri recheado e o cacete,3,2,5,z1,*m6,Im7,2,major,6.0
BOSCO,45,Siri recheado e o cacete,4,4,4,z0,*m7,II,2,major,7.0
BOSCO,45,Siri recheado e o cacete,5,11,11,Y0,*7,V/II,2,major,8.0
BOSCO,45,Siri recheado e o cacete,6,4,4,v0,*m,II,2,major,9.0
BOSCO,45,Siri recheado e o cacete,7,4,4,w0,*mM7,II,2,major,10.0
BOSCO,45,Siri recheado e o cacete,8,4,4,z0,*m7,II,2,major,11.0
BOSCO,45,Siri recheado e o cacete,9,7,7,Z1,*6,IV,2,major,13.0
BOSCO,45,Siri recheado e o cacete,10,8,8,x0,*°7,V°,2,major,14.0
BOSCO,45,Siri recheado e o cacete,11,2,9,Z1.1,*6.9,I,2,major,15.0
BOSCO,45,Siri recheado e o cacete,12,0,0,Y0,*7,SubV/VI,2,major,15.5
BOSCO,45,Siri recheado e o cacete,13,11,11,Y0,*7,V/II,2,major,16.0
BOSCO,45,Siri recheado e o cacete,14,4,4,z0,*m7,II,2,major,17.0
BOSCO,45,Siri recheado e o cacete,15,9,9,Y0,*7,V,2,major,18.0
BOSCO,45,Siri recheado e o cacete,16,2,2,V0,*,I,2,major,19.0
BOSCO,45,Siri recheado e o cacete,17,9,9,Y0,*7,V,2,major,21.0
BOSCO,45,Siri recheado e o cacete,18,2,2,V0,*,I,2,major,23.0
BOSCO,45,Siri recheado e o cacete,19,1,1,y0,*Ø,II__X,2,major,25.0
BOSCO,45,Siri recheado e o cacete,20,6,6,Y4.1,*7(b13),V/VI,2,major,26.0
BOSCO,45,Siri recheado e o cacete,21,11,11,z0,*m7,VI,2,major,27.0
BOSCO,45,Siri recheado e o cacete,22,7,7,Z1,*6,IV,2,major,29.0
BOSCO,45,Siri recheado e o cacete,23,8,8,x0,*°7,V°,2,major,30.0
BOSCO,45,Siri recheado e o cacete,24,2,9,Z1.1,*6.9,I,2,major,31.0
BOSCO,45,Siri recheado e o cacete,25,0,0,Y0,*7,SubV/VI,2,major,31.5
BOSCO,45,Siri recheado e o cacete,26,11,11,Y0,*7,V/II,2,major,32.0
BOSCO,45,Siri recheado e o cacete,27,4,4,Y0,*7,V/V,2,major,33.0
BOSCO,45,Siri recheado e o cacete,28,9,9,Y0,*7,V,2,major,35.0
BOSCO,46,Denuncia vazia,1,2,2,Z1.1,*6.9,I,2,major,1.0
BOSCO,46,Denuncia vazia,2,2,2,z2,*m7.9,Im7,2,major,3.0
BOSCO,46,Denuncia vazia,3,3,10,Z0,*M7,bII7M,2,major,4.5
BOSCO,46,Denuncia vazia,4,2,2,Z0,*M7,I,2,major,5.0
BOSCO,46,Denuncia vazia,5,11,11,z2.1,*m7.9.11,VI,2,major,5.5
BOSCO,46,Denuncia vazia,6,4,4,z0,*m7,II,2,major,6.0
BOSCO,46,Denuncia vazia,7,7,7,z1,*m6,IVm7,2,major,6.5
BOSCO,46,Denuncia vazia,8,6,6,Y4,*7.13,V/VI,2,major,7.0
BOSCO,46,Denuncia vazia,9,11,11,Y2.4,*7(#9),V/II,2,major,8.0
BOSCO,46,Denuncia vazia,10,4,4,z0,*m7,II,2,major,9.0
BOSCO,46,Denuncia vazia,11,9,9,Y1.1,*4.7.9,V,2,major,10.0
BOSCO,46,Denuncia vazia,12,2,2,Z1.1,*6.9,I,2,major,12.0
BOSCO,46,Denuncia vazia,13,2,2,z2,*m7.9,Im7,2,major,14.0
BOSCO,46,Denuncia vazia,14,3,10,Z0,*M7,bII7M,2,major,15.5
BOSCO,46,Denuncia vazia,15,2,2,Z0,*M7,I,2,major,16.0
BOSCO,46,Denuncia vazia,16,11,11,z2.1,*m7.9.11,VI,2,major,16.5
BOSCO,46,Denuncia vazia,17,4,4,z0,*m7,II,2,major,17.0
BOSCO,46,Denuncia vazia,18,6,6,Y4,*7.13,V/VI,2,major,17.5
BOSCO,46,Denuncia vazia,19,6,6,Y4.1,*7(b13),V/VI,2,major,17.75
BOSCO,46,Denuncia vazia,20,11,11,z2,*m7.9,VI,2,major,18.0
BOSCO,46,Denuncia vazia,21,1,1,Y2.3,*7(b9),V/III,2,major,18.5
BOSCO,46,Denuncia vazia,22,7,7,z0,*m7,IVm7,2,major,19.0
BOSCO,46,Denuncia vazia,23,6,6,z0,*m7,II__X,2,major,19.5
BOSCO,46,Denuncia vazia,24,11,11,Y2.3,*7(b9),V/II,2,major,20.0
BOSCO,46,Denuncia vazia,25,4,4,z0,*m7,II,2,major,21.0
BOSCO,46,Denuncia vazia,26,6,6,Y4,*7.13,V/VI,2,major,22.0
BOSCO,46,Denuncia vazia,27,11,11,Y2.4,*7(#9),V/II,2,major,23.0
BOSCO,46,Denuncia vazia,28,4,4,z0,*m7,II,2,major,24.0
BOSCO,46,Denuncia vazia,29,9,9,Y1,*4.7,V,2,major,25.0
BOSCO,46,Denuncia vazia,30,2,2,Z1.1,*6.9,I,2,major,26.0
BOSCO,47,Tabelas,1,2,2,z1,*m6,I,2,minor,1.0
BOSCO,47,Tabelas,2,9,9,Y4.1,*7(b13),V,2,minor,1.5
BOSCO,47,Tabelas,3,2,2,z1,*m6,I,2,minor,2.0
BOSCO,47,Tabelas,4,7,7,z1,*m6,IV,2,minor,2.5
BOSCO,47,Tabelas,5,2,5,v0,*m,I,2,minor,3.0
BOSCO,47,Tabelas,6,7,10,v0,*m,IV,2,minor,3.5
BOSCO,47,Tabelas,7,2,2,z1,*m6,I,2,minor,4.0
BOSCO,47,Tabelas,8,9,9,Y4.1,*7(b13),V,2,minor,4.5
BOSCO,47,Tabelas,9,2,2,z1,*m6,I,2,minor,5.0
BOSCO,47,Tabelas,10,9,9,Y4.1,*7(b13),V,2,minor,5.5
BOSCO,47,Tabelas,11,2,2,Y0,*7,V/IV,2,minor,6.0
BOSCO,47,Tabelas,12,2,2,Y2.3,*7(b9),V/IV,2,minor,7.0
BOSCO,47,Tabelas,13,7,7,w0,*mM7,IV,2,minor,8.0
BOSCO,47,Tabelas,14,7,7,z0,*m7,IV,2,minor,8.5
BOSCO,47,Tabelas,15,7,7,w0,*mM7,IV,2,minor,9.0
BOSCO,47,Tabelas,16,7,7,z0,*m7,IV,2,minor,9.5
BOSCO,47,Tabelas,17,5,5,Z0,*M7,III,2,minor,10.0
BOSCO,47,Tabelas,18,10,10,Z0,*M7,VI,2,minor,10.5
BOSCO,47,Tabelas,19,4,4,Y0,*7,V/V,2,minor,11.0
BOSCO,47,Tabelas,20,9,9,Y4,*7.13,V,2,minor,12.0
BOSCO,47,Tabelas,21,9,9,Y2.2.1,*7(b9)13,V,2,minor,12.5
BOSCO,47,Tabelas,22,9,9,Y1.1.2,*4.7.9.13,V,2,minor,13.0
BOSCO,47,Tabelas,23,9,9,Y2.2,*7.9.13,V,2,minor,13.5
BOSCO,47,Tabelas,24,2,2,Z1.1.1,*6.9(#11),I,2,major,14.0
BOSCO,47,Tabelas,25,11,11,Y2.3,*7(b9),V/II,2,major,15.0
BOSCO,47,Tabelas,26,4,4,z2,*m7.9,II,2,major,16.0
BOSCO,47,Tabelas,27,7,7,z1,*m6,IVm7,2,major,17.0
BOSCO,47,Tabelas,28,2,6,Z0,*M7,I,2,major,18.0
BOSCO,47,Tabelas,29,11,11,Y1.1,*4.7.9,V/II,2,major,18.5
BOSCO,47,Tabelas,30,1,1,Y2.3,*7(b9),V/III,2,major,18.75
BOSCO,47,Tabelas,31,6,6,z2,*m7.9,III,2,major,19.0
BOSCO,47,Tabelas,32,2,2,Z1.1,*6.9,I,2,major,19.5
BOSCO,47,Tabelas,33,7,7,Z2,*M7.9,IV,2,major,20.0
BOSCO,47,Tabelas,34,9,9,Y1.1,*4.7.9,V,2,major,21.0
BOSCO,47,Tabelas,35,9,9,Y2,*7.9,V,2,major,21.5
BOSCO,47,Tabelas,36,11,11,Y4,*7.13,V/II,2,major,22.0
BOSCO,47,Tabelas,37,11,11,Y4.1,*7(b13),V/II,2,major,22.5
BOSCO,47,Tabelas,38,4,4,v0,*m,II,2,major,23.0
BOSCO,47,Tabelas,39,4,4,w0,*mM7,II,2,major,23.5
BOSCO,47,Tabelas,40,9,9,Y1.1,*4.7.9,V,2,major,24.0
BOSCO,47,Tabelas,41,9,9,Y2,*7.9,V,2,major,24.5
BOSCO,47,Tabelas,42,10,10,Z1.1,*6.9,bVI7M,2,major,25.0
BOSCO,47,Tabelas,43,3,3,Z2,*M7.9,bII7M,2,major,25.5
BOSCO,47,Tabelas,44,2,2,Z2,*M7.9,I,2,major,26.0
BOSCO,48,Terra dourada,1,7,7,Z2,*M7.9,I,7,major,1.0
BOSCO,48,Terra dourada,2,11,11,z0,*m7,II__X,7,major,2.0
BOSCO,48,Terra dourada,3,4,4,Y2,*7.9,V/II,7,major,3.0
BOSCO,48,Terra dourada,4,9,9,Y4,*7.13,V/V,7,major,5.0
BOSCO,48,Terra dourada,5,9,9,z1,*m6,II,7,major,7.0
BOSCO,48,Terra dourada,6,8,8,W0,*(#5)7,SubV,7,major,8.0
BOSCO,48,Terra dourada,7,1,1,w0,*mM7,VI,4,major,10.0
BOSCO,48,Terra dourada,8,1,1,z0,*m7,VI,4,major,11.0
BOSCO,48,Terra dourada,9,8,8,z3,*m7.11,II__X,4,major,12.0
BOSCO,48,Terra dourada,10,1,1,Y0,*7,V/II,4,major,13.0
BOSCO,48,Terra dourada,11,1,1,Y2.3,*7(b9),V/II,4,major,14.0
BOSCO,48,Terra dourada,12,8,8,z3,*m7.11,II__X,4,major,15.0
BOSCO,48,Terra dourada,13,1,1,Y0,*7,V/II,4,major,16.0
BOSCO,48,Terra dourada,14,1,1,Y2.3,*7(b9),V/II,4,major,16.5
BOSCO,48,Terra dourada,15,8,8,x0,*°7,V°/II,4,major,17.0
BOSCO,48,Terra dourada,16,6,6,z0,*m7,II,4,major,19.0
BOSCO,48,Terra dourada,17,9,9,z1,*m6,IVm7,4,major,20.0
BOSCO,48,Terra dourada,18,8,8,Y4.1,*7(b13),V/VI,4,major,21.0
BOSCO,48,Terra dourada,19,1,1,Y2,*7.9,V/II,4,major,22.0
BOSCO,48,Terra dourada,20,6,6,Y4,*7.13,V/V,4,major,23.0
BOSCO,48,Terra dourada,21,5,5,Y4,*7.13,SubV,4,major,24.0
BOSCO,48,Terra dourada,22,4,4,Z1.1,*6.9,I,4,major,25.0
BOSCO,48,Terra dourada,23,8,8,V0,*,V/VI,4,major,26.0
BOSCO,48,Terra dourada,24,0,0,V0,*,IV,7,major,27.0
BOSCO,48,Terra dourada,25,8,8,V0,*,bII7M,7,major,29.0
BOSCO,48,Terra dourada,26,7,7,V1,*4,I,7,major,31.0
BOSCO,49,Tiro de misericordia,1,9,9,v2,*m.11,I,9,minor,1.0
BOSCO,49,Tiro de misericordia,2,9,9,z0,*m7,I,9,minor,43.0
BOSCO,49,Tiro de misericordia,3,11,9,z0,*m7,II,9,minor,44.0
BOSCO,49,Tiro de misericordia,4,9,9,z0,*m7,I,9,minor,45.0
BOSCO,49,Tiro de misericordia,5,11,9,z0,*m7,II,9,minor,46.0
BOSCO,49,Tiro de misericordia,6,9,9,z0,*m7,I,9,minor,47.0
BOSCO,49,Tiro de misericordia,7,11,9,z0,*m7,II,9,minor,48.0
BOSCO,49,Tiro de misericordia,8,9,9,z0,*m7,I,9,minor,49.0
BOSCO,49,Tiro de misericordia,9,11,9,z0,*m7,II,9,minor,50.0
BOSCO,49,Tiro de misericordia,10,9,9,z0,*m7,I,9,minor,51.0
BOSCO,49,Tiro de misericordia,11,11,9,z0,*m7,II,9,minor,52.0
BOSCO,49,Tiro de misericordia,12,9,9,z0,*m7,I,9,minor,53.0
BOSCO,50,Um por todos,1,0,0,z2,*m7.9,I,0,minor,1.0
BOSCO,50,Um por todos,2,6,6,x3,*°7(b13),V°/V,0,minor,1.5
BOSCO,50,Um por todos,3,7,7,z1,*m6,Vm7,0,minor,1.75
BOSCO,50,Um por todos,4,0,0,z2,*m7.9,I,0,minor,2.0
BOSCO,50,Um por todos,5,6,6,x3,*°7(b13),V°/V,0,minor,2.5
BOSCO,50,Um por todos,6,7,7,z1,*m6,Vm7,0,minor,2.75
BOSCO,50,Um por todos,7,0,0,z2,*m7.9,I,0,minor,3.0
BOSCO,50,Um por todos,8,6,6,x3,*°7(b13),V°/V,0,minor,3.5
BOSCO,50,Um por todos,9,7,7,z1,*m6,Vm7,0,minor,3.75
BOSCO,50,Um por todos,10,0,0,z2,*m7.9,I,0,minor,4.0
BOSCO,50,Um por todos,11,6,6,x3,*°7(b13),V°/V,0,minor,4.5
BOSCO,50,Um por todos,12,7,7,z1,*m6,Vm7,0,minor,4.75
BOSCO,50,Um por todos,13,0,0,z2,*m7.9,I,0,minor,5.0
BOSCO,50,Um por todos,14,6,6,x3,*°7(b13),V°/V,0,minor,5.5
BOSCO,50,Um por todos,15,7,7,z1,*m6,Vm7,0,minor,5.75
BOSCO,50,Um por todos,16,8,8,Z0,*M7,VI,0,minor,6.0
BOSCO,50,Um por todos,17,5,5,z0,*m7,IV,0,minor,6.5
BOSCO,50,Um por todos,18,7,7,Y0,*7,V,0,minor,7.0
BOSCO,50,Um por todos,19,8,8,V0,*,VI,0,minor,8.0
BOSCO,50,Um por todos,20,7,7,Y1,*4.7,V,0,minor,9.0
BOSCO,50,Um por todos,21,7,7,Y0,*7,V,0,minor,9.5
BOSCO,50,Um por todos,22,8,8,V0,*,VI,0,minor,10.0
BOSCO,50,Um por todos,23,7,7,Y1,*4.7,V,0,minor,11.0
BOSCO,50,Um por todos,24,7,7,Y0,*7,V,0,minor,11.5
BOSCO,50,Um por todos,25,5,5,z2,*m7.9,IV,0,minor,12.0
BOSCO,50,Um por todos,26,3,3,Z2,*M7.9,III,0,minor,12.5
BOSCO,50,Um por todos,27,2,2,y0,*Ø,II,0,minor,13.0
BOSCO,50,Um por todos,28,8,8,Y0,*7,SubV/V,0,minor,13.5
BOSCO,50,Um por todos,29,7,7,Y1.1,*4.7.9,V,0,minor,14.0
BOSCO,50,Um por todos,30,0,0,v0,*m,I,0,minor,18.0
BOSCO,50,Um por todos,31,0,0,z1.3,*m(b6),I,0,minor,19.0
BOSCO,50,Um por todos,32,0,0,z1,*m6,I,0,minor,20.0
BOSCO,50,Um por todos,33,0,0,z0,*m7,I,0,minor,21.0
BOSCO,50,Um por todos,34,8,8,Z0,*M7,VI,0,minor,22.0
BOSCO,50,Um por todos,35,5,5,z0,*m7,IV,0,minor,23.0
BOSCO,50,Um por todos,36,2,2,Y1.1,*4.7.9,V/V,0,minor,24.0
BOSCO,50,Um por todos,37,1,1,Y2.1,*7.9(#11),SubV,0,minor,25.0
BOSCO,50,Um por todos,38,0,0,z0,*m7,I,0,minor,26.0
CAETANO,1,A filha da Chiquita Bacana,1,0,0,V0,*,I,0,major,1.0
CAETANO,1,A filha da Chiquita Bacana,2,5,5,V0,*,IV,0,major,2.0
CAETANO,1,A filha da Chiquita Bacana,3,0,0,V0,*,I,0,major,3.0
CAETANO,1,A filha da Chiquita Bacana,4,8,8,V0,*,Np/V,0,major,4.0
CAETANO,1,A filha da Chiquita Bacana,5,7,7,V0,*,V,0,major,5.0
CAETANO,1,A filha da Chiquita Bacana,6,8,8,V0,*,Np/V,0,major,6.0
CAETANO,1,A filha da Chiquita Bacana,7,7,7,V0,*,V,0,major,7.0
CAETANO,1,A filha da Chiquita Bacana,8,6,6,V0,*,Np/IV,0,major,7.5
CAETANO,1,A filha da Chiquita Bacana,9,5,5,V0,*,IV,0,major,8.0
CAETANO,1,A filha da Chiquita Bacana,10,0,0,V0,*,I,0,major,10.0
CAETANO,1,A filha da Chiquita Bacana,11,5,5,V0,*,IV,0,major,12.0
CAETANO,1,A filha da Chiquita Bacana,12,0,0,V0,*,I,0,major,14.0
CAETANO,1,A filha da Chiquita Bacana,13,5,5,V0,*,IV,0,major,16.0
CAETANO,1,A filha da Chiquita Bacana,14,0,0,V0,*,I,0,major,18.0
CAETANO,1,A filha da Chiquita Bacana,15,8,8,Y0,*7,SubV/V,0,major,19.0
CAETANO,1,A filha da Chiquita Bacana,16,7,7,Y0,*7,V,0,major,19.5
CAETANO,1,A filha da Chiquita Bacana,17,0,0,V0,*,I,0,major,20.0
CAETANO,1,A filha da Chiquita Bacana,18,4,4,Y0,*7,V/VI,0,major,22.0
CAETANO,1,A filha da Chiquita Bacana,19,5,5,Y0,*7,IV7,0,major,26.0
CAETANO,1,A filha da Chiquita Bacana,20,7,7,Y0,*7,V,0,major,30.0
CAETANO,1,A filha da Chiquita Bacana,21,0,0,V0,*,I,0,major,32.0
CAETANO,1,A filha da Chiquita Bacana,22,4,4,Y0,*7,V/VI,0,major,34.0
CAETANO,1,A filha da Chiquita Bacana,23,5,5,V0,*,IV,0,major,39.0
CAETANO,1,A filha da Chiquita Bacana,24,0,0,V0,*,I,0,major,43.0
CAETANO,1,A filha da Chiquita Bacana,25,8,8,Y0,*7,SubV/V,0,major,44.0
CAETANO,1,A filha da Chiquita Bacana,26,7,7,Y0,*7,V,0,major,44.5
CAETANO,1,A filha da Chiquita Bacana,27,0,0,V0,*,I,0,major,45.0
CAETANO,2,A outra banda da terra,1,0,0,Z2,*M7.9,I,0,major,1.0
CAETANO,2,A outra banda da terra,2,5,5,z0,*m7,II__X,0,major,2.0
CAETANO,2,A outra banda da terra,3,10,10,Y2,*7.9,SubV/VI,0,major,2.5
CAETANO,2,A outra banda da terra,4,3,3,Z2,*M7.9,bIII7M,0,major,3.0
CAETANO,2,A outra banda da terra,5,8,8,Z0,*M7,bVI7M,0,major,4.0
CAETANO,2,A outra banda da terra,6,2,2,y0,*Ø,IIm7(b5),0,major,5.0
CAETANO,2,A outra banda da terra,7,7,7,Y0,*7,V,0,major,6.0
CAETANO,2,A outra banda da terra,8,7,7,z0,*m7,II__X,0,major,7.0
CAETANO,2,A outra banda da terra,9,0,0,Y2.3,*7(b9),V/IV,0,major,8.0
CAETANO,2,A outra banda da terra,10,5,5,Z0,*M7,IV,0,major,9.0
CAETANO,2,A outra banda da terra,11,5,5,z1,*m6,IVm7,0,major,10.0
CAETANO,2,A outra banda da terra,12,4,4,z0,*m7,II__X,0,major,11.0
CAETANO,2,A outra banda da terra,13,9,9,Y2.3,*7(b9),V/II,0,major,12.0
CAETANO,2,A outra banda da terra,14,2,2,Y1.1,*4.7.9,V/V,0,major,13.0
CAETANO,2,A outra banda da terra,15,4,4,Y1.1,*4.7.9,V/VI,0,major,14.0
CAETANO,2,A outra banda da terra,16,2,2,Y1.1,*4.7.9,V/V,0,major,15.0
CAETANO,2,A outra banda da terra,17,4,4,Y1.1,*4.7.9,V/VI,0,major,16.0
CAETANO,2,A outra banda da terra,18,2,2,Y1.1,*4.7.9,V/V,0,major,17.0
CAETANO,2,A outra banda da terra,19,4,4,Y1.1,*4.7.9,V/VI,0,major,18.0
CAETANO,2,A outra banda da terra,20,2,2,Y1.1,*4.7.9,V/V,0,major,19.0
CAETANO,2,A outra banda da terra,21,7,7,W0,*(#5)7,V,0,major,20.0
CAETANO,2,A outra banda da terra,22,0,0,Z2,*M7.9,I,0,major,21.0
CAETANO,3,Atras do trio eletrico,1,5,5,V0,*,I,5,major,1.0
CAETANO,3,Atras do trio eletrico,2,10,10,V0,*,IV,5,major,3.0
CAETANO,3,Atras do trio eletrico,3,0,0,Y0,*7,V,5,major,4.0
CAETANO,3,Atras do trio eletrico,4,5,5,V0,*,I,5,major,5.0
CAETANO,3,Atras do trio eletrico,5,10,10,V0,*,IV,5,major,7.0
CAETANO,3,Atras do trio eletrico,6,0,0,V0,*,V,5,major,8.0
CAETANO,3,Atras do trio eletrico,7,10,10,V0,*,IV,5,major,9.0
CAETANO,3,Atras do trio eletrico,8,0,0,V0,*,V,5,major,10.0
CAETANO,3,Atras do trio eletrico,9,10,10,V0,*,IV,5,major,11.0
CAETANO,3,Atras do trio eletrico,10,0,0,V0,*,V,5,major,12.0
CAETANO,3,Atras do trio eletrico,11,5,5,V0,*,I,5,major,16.0
CAETANO,3,Atras do trio eletrico,12,0,0,Y0,*7,V,5,major,20.0
CAETANO,3,Atras do trio eletrico,13,5,5,V0,*,I,5,major,22.0
CAETANO,3,Atras do trio eletrico,14,5,5,Y0,*7,V/IV,5,major,24.0
CAETANO,3,Atras do trio eletrico,15,10,10,V0,*,IV,5,major,25.0
CAETANO,3,Atras do trio eletrico,16,11,11,x0,*°7,V°/V,5,major,26.0
CAETANO,3,Atras do trio eletrico,17,5,0,V0,*,I,5,major,27.0
CAETANO,3,Atras do trio eletrico,18,0,0,Y0,*7,V,5,major,28.0
CAETANO,3,Atras do trio eletrico,19,5,5,V0,*,I,5,major,29.0
CAETANO,4,Baby,1,9,9,V0,*,I,9,major,1.0
CAETANO,4,Baby,2,2,2,V0,*,IV,9,major,2.0
CAETANO,4,Baby,3,9,9,V0,*,I,9,major,3.0
CAETANO,4,Baby,4,2,2,V0,*,IV,9,major,4.0
CAETANO,4,Baby,5,9,9,V0,*,I,9,major,5.0
CAETANO,4,Baby,6,2,2,V0,*,IV,9,major,6.0
CAETANO,4,Baby,7,9,9,V0,*,I,9,major,7.0
CAETANO,4,Baby,8,2,2,V0,*,IV,9,major,8.0
CAETANO,4,Baby,9,9,9,V0,*,I,9,major,9.0
CAETANO,4,Baby,10,2,2,V0,*,IV,9,major,10.0
CAETANO,4,Baby,11,6,6,z0,*m7,VI,9,major,11.0
CAETANO,4,Baby,12,11,11,z0,*m7,II,9,major,12.0
CAETANO,4,Baby,13,4,4,W0,*(#5)7,V,9,major,13.0
CAETANO,4,Baby,14,9,9,V0,*,I,9,major,14.0
CAETANO,4,Baby,15,6,6,z0,*m7,VI,9,major,15.0
CAETANO,4,Baby,16,11,11,z0,*m7,II,9,major,16.0
CAETANO,4,Baby,17,4,4,W0,*(#5)7,V,9,major,17.0
CAETANO,4,Baby,18,9,9,V0,*,I,9,major,18.0
CAETANO,5,Cajuina,1,0,0,v0,*m,I,0,minor,1.0
CAETANO,5,Cajuina,2,2,2,y0,*Ø,II,0,minor,2.0
CAETANO,5,Cajuina,3,7,7,Y0,*7,V,0,minor,3.0
CAETANO,5,Cajuina,4,0,0,v0,*m,I,0,minor,4.0
CAETANO,5,Cajuina,5,0,0,Y0,*7,V/IV,0,minor,5.0
CAETANO,5,Cajuina,6,5,5,v0,*m,IV,0,minor,6.0
CAETANO,5,Cajuina,7,10,10,Y0,*7,V/III,0,minor,7.0
CAETANO,5,Cajuina,8,3,3,Z0,*M7,III,0,minor,8.0
CAETANO,5,Cajuina,9,8,8,V0,*,VI,0,minor,9.0
CAETANO,5,Cajuina,10,7,7,V0,*,V,0,minor,10.0
CAETANO,5,Cajuina,11,7,7,Y0,*7,V,0,minor,11.0
CAETANO,5,Cajuina,12,0,0,Y0,*7,V/IV,0,minor,12.0
CAETANO,5,Cajuina,13,5,5,v0,*m,IV,0,minor,14.0
CAETANO,5,Cajuina,14,7,7,Y0,*7,V,0,minor,15.0
CAETANO,5,Cajuina,15,0,0,v0,*m,I,0,minor,16.0
CAETANO,6,Cinema Olimpia,1,0,0,V0,*,I,0,major,1.0
CAETANO,6,Cinema Olimpia,2,5,5,V0,*,IV,0,major,2.0
CAETANO,6,Cinema Olimpia,3,0,0,V0,*,I,0,major,3.0
CAETANO,6,Cinema Olimpia,4,5,5,V0,*,IV,0,major,4.0
CAETANO,6,Cinema Olimpia,5,0,0,V0,*,I,0,major,5.0
CAETANO,6,Cinema Olimpia,6,5,5,V0,*,IV,0,major,6.0
CAETANO,6,Cinema Olimpia,7,0,0,V0,*,I,0,major,7.0
CAETANO,6,Cinema Olimpia,8,5,5,V0,*,IV,0,major,8.0
CAETANO,6,Cinema Olimpia,9,9,9,z0,*m7,II__X,0,major,9.0
CAETANO,6,Cinema Olimpia,10,2,2,Y0,*7,V/V,0,major,10.0
CAETANO,6,Cinema Olimpia,11,9,9,z0,*m7,II__X,0,major,11.0
CAETANO,6,Cinema Olimpia,12,2,2,Y0,*7,V/V,0,major,12.0
CAETANO,6,Cinema Olimpia,13,9,9,z0,*m7,II__X,0,major,13.0
CAETANO,6,Cinema Olimpia,14,2,2,Y0,*7,V/V,0,major,14.0
CAETANO,6,Cinema Olimpia,15,7,7,V0,*,V,0,major,15.0
CAETANO,6,Cinema Olimpia,16,7,7,Y0,*7,V,0,major,16.0
CAETANO,6,Cinema Olimpia,17,0,0,V0,*,I,0,major,17.0
CAETANO,6,Cinema Olimpia,18,5,5,V0,*,IV,0,major,18.0
CAETANO,6,Cinema Olimpia,19,10,10,V0,*,bVII7M,0,major,19.0
CAETANO,6,Cinema Olimpia,20,7,7,Y0,*7,V,0,major,20.0
CAETANO,6,Cinema Olimpia,21,0,0,V0,*,I,0,major,21.0
CAETANO,6,Cinema Olimpia,22,5,5,V0,*,IV,0,major,22.0
CAETANO,6,Cinema Olimpia,23,10,10,V0,*,bVII7M,0,major,23.0
CAETANO,6,Cinema Olimpia,24,7,7,Y0,*7,V,0,major,24.0
CAETANO,7,Chuva suor e cerveja,1,2,2,Z1.1,*6.9,I,2,major,1.0
CAETANO,7,Chuva suor e cerveja,2,9,9,W0,*(#5)7,V,2,major,2.0
CAETANO,7,Chuva suor e cerveja,3,2,2,Z1.1,*6.9,I,2,major,3.0
CAETANO,7,Chuva suor e cerveja,4,9,9,W0,*(#5)7,V,2,major,4.0
CAETANO,7,Chuva suor e cerveja,5,2,2,Z1.1,*6.9,I,2,major,5.0
CAETANO,7,Chuva suor e cerveja,6,5,5,x0,*°7,bIII°,2,major,6.0
CAETANO,7,Chuva suor e cerveja,7,4,4,z0,*m7,II,2,major,7.0
CAETANO,7,Chuva suor e cerveja,8,11,11,Y4.1,*7(b13),V/II,2,major,8.0
CAETANO,7,Chuva suor e cerveja,9,2,2,z0,*m7,II,2,major,9.0
CAETANO,7,Chuva suor e cerveja,10,5,5,Y2,*7.9,SubV/II,2,major,10.0
CAETANO,7,Chuva suor e cerveja,11,4,4,z0,*m7,II,2,major,11.0
CAETANO,7,Chuva suor e cerveja,12,11,11,Y4.1,*7(b13),V/II,2,major,12.0
CAETANO,7,Chuva suor e cerveja,13,4,4,z0,*m7,II,2,major,13.0
CAETANO,7,Chuva suor e cerveja,14,9,9,Y2,*7.9,V,2,major,14.0
CAETANO,7,Chuva suor e cerveja,15,2,2,Z1.1,*6.9,I,2,major,15.0
CAETANO,7,Chuva suor e cerveja,16,9,9,W0,*(#5)7,V,2,major,16.0
CAETANO,7,Chuva suor e cerveja,17,2,2,Z1.1,*6.9,I,2,major,17.0
CAETANO,7,Chuva suor e cerveja,18,9,9,W0,*(#5)7,V,2,major,18.0
CAETANO,7,Chuva suor e cerveja,19,2,2,Z1.1,*6.9,I,2,major,19.0
CAETANO,7,Chuva suor e cerveja,20,9,9,W0,*(#5)7,V,2,major,20.0
CAETANO,7,Chuva suor e cerveja,21,9,9,z0,*m7,II__X,2,major,21.0
CAETANO,7,Chuva suor e cerveja,22,2,2,Y2,*7.9,V/IV,2,major,22.0
CAETANO,7,Chuva suor e cerveja,23,7,7,V0,*,IV,2,major,23.0
CAETANO,7,Chuva suor e cerveja,24,8,8,x0,*°7,V°/V,2,major,24.0
CAETANO,7,Chuva suor e cerveja,25,2,9,V0,*,I,2,major,25.0
CAETANO,7,Chuva suor e cerveja,26,11,11,z0,*m7,VI,2,major,26.0
CAETANO,7,Chuva suor e cerveja,27,4,4,z0,*m7,II,2,major,27.0
CAETANO,7,Chuva suor e cerveja,28,9,9,Y2,*7.9,V,2,major,28.0
CAETANO,7,Chuva suor e cerveja,29,2,2,Z1.1,*6.9,I,2,major,29.0
CAETANO,7,Chuva suor e cerveja,30,9,9,W0,*(#5)7,V,2,major,30.0
CAETANO,7,Chuva suor e cerveja,31,2,2,Z1.1,*6.9,I,2,major,31.0
CAETANO,7,Chuva suor e cerveja,32,5,5,x0,*°7,bIII°,2,major,32.0
CAETANO,7,Chuva suor e cerveja,33,4,4,z0,*m7,II,2,major,33.0
CAETANO,7,Chuva suor e cerveja,34,9,9,Y2,*7.9,V,2,major,34.0
CAETANO,7,Chuva suor e cerveja,35,2,2,Z1.1,*6.9,I,2,major,35.0
CAETANO,7,Chuva suor e cerveja,36,5,5,x0,*°7,bIII°,2,major,36.0
CAETANO,7,Chuva suor e cerveja,37,4,4,z0,*m7,II,2,major,37.0
CAETANO,7,Chuva suor e cerveja,38,9,9,Y2,*7.9,V,2,major,38.0
CAETANO,7,Chuva suor e cerveja,39,2,2,Z1.1,*6.9,I,2,major,39.0
CAETANO,8,Coracao vagabundo,1,7,7,z0,*m7,I,7,minor,1.0
CAETANO,8,Coracao vagabundo,2,9,9,Y0,*7,V/V,7,minor,2.0
CAETANO,8,Coracao vagabundo,3,9,9,y0,*Ø,II,7,minor,3.0
CAETANO,8,Coracao vagabundo,4,2,2,Y2.3,*7(b9),V,7,minor,4.0
CAETANO,8,Coracao vagabundo,5,7,7,z0,*m7,I,7,minor,4.5
CAETANO,8,Coracao vagabundo,6,7,7,Y2.3,*7(b9),V/IV,7,minor,5.0
CAETANO,8,Coracao vagabundo,7,7,7,X0,*(b5)7,V/IV,7,minor,6.0
CAETANO,8,Coracao vagabundo,8,0,0,z2,*m7.9,IV,7,minor,6.5
CAETANO,8,Coracao vagabundo,9,9,9,Y4,*7.13,V/V,7,minor,7.0
CAETANO,8,Coracao vagabundo,10,9,9,Y4.1,*7(b13),V/V,7,minor,8.0
CAETANO,8,Coracao vagabundo,11,9,9,z0,*m7,II,7,minor,8.5
CAETANO,8,Coracao vagabundo,12,2,2,Y2.3,*7(b9),V,7,minor,9.0
CAETANO,8,Coracao vagabundo,13,7,7,z0,*m7,I,7,minor,9.5
CAETANO,8,Coracao vagabundo,14,9,9,Y0,*7,V/V,7,minor,10.0
CAETANO,8,Coracao vagabundo,15,9,9,y0,*Ø,II,7,minor,11.0
CAETANO,8,Coracao vagabundo,16,2,2,Y2.3,*7(b9),V,7,minor,11.5
CAETANO,8,Coracao vagabundo,17,7,7,Y0,*7,V/IV,7,minor,12.0
CAETANO,8,Coracao vagabundo,18,7,7,Y2.3,*7(b9),V/IV,7,minor,12.5
CAETANO,8,Coracao vagabundo,19,0,0,z0,*m7,IV,7,minor,13.0
CAETANO,8,Coracao vagabundo,20,5,5,Y0,*7,V/III,7,minor,13.5
CAETANO,8,Coracao vagabundo,21,10,10,Y0,*7,V/VI,7,minor,14.0
CAETANO,8,Coracao vagabundo,22,3,3,Y2,*7.9,SubV/V,7,minor,14.5
CAETANO,8,Coracao vagabundo,23,4,4,x0,*°7,?,7,minor,15.0
CAETANO,8,Coracao vagabundo,24,6,3,x0,*°7,V°,7,minor,15.5
CAETANO,8,Coracao vagabundo,25,7,7,z0,*m7,I,7,minor,16.0
CAETANO,9,Alegria alegria,1,7,7,V0,*,I,7,major,1.0
CAETANO,9,Alegria alegria,2,0,0,V0,*,IV,7,major,2.0
CAETANO,9,Alegria alegria,3,2,2,V0,*,V,7,major,2.5
CAETANO,9,Alegria alegria,4,7,7,V0,*,I,7,major,3.0
CAETANO,9,Alegria alegria,5,0,0,V0,*,IV,7,major,4.0
CAETANO,9,Alegria alegria,6,5,5,V0,*,bVII7M,7,major,5.0
CAETANO,9,Alegria alegria,7,2,6,V0,*,V,7,major,5.5
CAETANO,9,Alegria alegria,8,7,7,V0,*,I,7,major,6.0
CAETANO,9,Alegria alegria,9,0,0,V0,*,IV,7,major,8.0
CAETANO,9,Alegria alegria,10,2,2,V0,*,V,7,major,8.5
CAETANO,9,Alegria alegria,11,7,7,V0,*,I,7,major,9.0
CAETANO,9,Alegria alegria,12,0,0,V0,*,IV,7,major,10.0
CAETANO,9,Alegria alegria,13,5,5,V0,*,bVII7M,7,major,11.0
CAETANO,9,Alegria alegria,14,2,6,V0,*,V,7,major,11.5
CAETANO,9,Alegria alegria,15,7,7,V0,*,I,7,major,12.0
CAETANO,9,Alegria alegria,16,9,9,Y0,*7,V/V,7,major,17.0
CAETANO,9,Alegria alegria,17,4,4,v0,*m,VI,7,major,18.0
CAETANO,9,Alegria alegria,18,9,9,Y0,*7,V/V,7,major,19.0
CAETANO,9,Alegria alegria,19,4,4,v0,*m,VI,7,major,20.0
CAETANO,9,Alegria alegria,20,2,6,V0,*,V,7,major,21.0
CAETANO,9,Alegria alegria,21,5,5,V0,*,IV,0,major,21.5
CAETANO,9,Alegria alegria,22,0,4,V0,*,I,0,major,22.0
CAETANO,9,Alegria alegria,23,5,5,V0,*,IV,0,major,23.0
CAETANO,9,Alegria alegria,24,7,7,V0,*,V,0,major,23.5
CAETANO,9,Alegria alegria,25,0,0,V0,*,I,0,major,24.0
CAETANO,9,Alegria alegria,26,5,5,V0,*,IV,0,major,25.0
CAETANO,9,Alegria alegria,27,10,10,V0,*,bVII7M,0,major,26.0
CAETANO,9,Alegria alegria,28,7,7,V0,*,I,7,major,27.0
CAETANO,9,Alegria alegria,29,0,0,V0,*,IV,7,major,28.0
CAETANO,9,Alegria alegria,30,7,7,V0,*,I,7,major,29.0
CAETANO,9,Alegria alegria,31,0,0,V0,*,IV,7,major,30.0
CAETANO,9,Alegria alegria,32,7,7,V0,*,I,7,major,31.0
CAETANO,9,Alegria alegria,33,0,0,V0,*,IV,7,major,32.0
CAETANO,9,Alegria alegria,34,7,7,V0,*,I,7,major,33.0
CAETANO,10,A tua presenca morena,1,2,2,Y2,*7.9,I,2,major,1.0
CAETANO,10,A tua presenca morena,2,0,0,Y2,*7.9,bVII7,2,major,2.0
CAETANO,10,A tua presenca morena,3,10,10,Y2,*7.9,SubV/V,2,major,3.0
CAETANO,10,A tua presenca morena,4,9,9,Y0,*7,V,2,major,4.0
CAETANO,10,A tua presenca morena,5,2,2,Y2,*7.9,I,2,major,5.0
CAETANO,10,A tua presenca morena,6,0,0,Y2,*7.9,bVII7,2,major,6.0
CAETANO,10,A tua presenca morena,7,10,10,Y2,*7.9,SubV/V,2,major,7.0
CAETANO,10,A tua presenca morena,8,9,9,Y0,*7,V,2,major,8.0
CAETANO,10,A tua presenca morena,9,2,2,Y2,*7.9,I,2,major,9.0
CAETANO,10,A tua presenca morena,10,0,0,Y2,*7.9,bVII7,2,major,10.0
CAETANO,10,A tua presenca morena,11,10,10,Y2,*7.9,SubV/V,2,major,11.0
CAETANO,10,A tua presenca morena,12,9,9,Y0,*7,V,2,major,12.0
CAETANO,10,A tua presenca morena,13,2,2,Y2,*7.9,I,2,major,13.0
CAETANO,10,A tua presenca morena,14,0,0,Y2,*7.9,bVII7,2,major,14.0
CAETANO,10,A tua presenca morena,15,10,10,Y2,*7.9,SubV/V,2,major,15.0
CAETANO,10,A tua presenca morena,16,9,9,Y0,*7,V,2,major,16.0
CAETANO,10,A tua presenca morena,17,2,2,Y2,*7.9,I,2,major,17.0
CAETANO,10,A tua presenca morena,18,0,0,Y2,*7.9,bVII7,2,major,18.0
CAETANO,10,A tua presenca morena,19,10,10,Y2,*7.9,SubV/V,2,major,19.0
CAETANO,10,A tua presenca morena,20,9,9,Y0,*7,V,2,major,20.0
CAETANO,10,A tua presenca morena,21,2,2,Y2,*7.9,I,2,major,21.0
CAETANO,10,A tua presenca morena,22,0,0,Y2,*7.9,bVII7,2,major,22.0
CAETANO,10,A tua presenca morena,23,7,7,V0,*,IV,2,major,23.0
CAETANO,10,A tua presenca morena,24,11,11,Y0,*7,V/II,2,major,24.0
CAETANO,10,A tua presenca morena,25,4,4,v0,*m,II,2,major,25.0
CAETANO,10,A tua presenca morena,26,2,2,Y2,*7.9,I,2,major,26.0
CAETANO,10,A tua presenca morena,27,0,0,Y2,*7.9,bVII7,2,major,27.0
CAETANO,10,A tua presenca morena,28,10,10,Y2,*7.9,SubV/V,2,major,28.0
CAETANO,10,A tua presenca morena,29,9,9,Y0,*7,V,2,major,29.0
CAETANO,10,A tua presenca morena,30,2,2,V0,*,I,2,major,30.0
CAETANO,11,Avarandado,1,9,9,Z0,*M7,I,9,major,1.0
CAETANO,11,Avarandado,2,9,9,Z1,*6,I,9,major,1.5
CAETANO,11,Avarandado,3,11,11,z0,*m7,II,9,major,2.0
CAETANO,11,Avarandado,4,4,4,Y2,*7.9,V,9,major,3.0
CAETANO,11,Avarandado,5,9,9,x0,*°7,I°,9,major,4.0
CAETANO,11,Avarandado,6,9,9,Z0,*M7,I,9,major,4.5
CAETANO,11,Avarandado,7,9,9,Z1,*6,I,9,major,5.0
CAETANO,11,Avarandado,8,3,3,z0,*m7,II__X,9,major,6.0
CAETANO,11,Avarandado,9,8,8,Y0,*7,V/III,9,major,6.5
CAETANO,11,Avarandado,10,1,1,z0,*m7,III,9,major,7.0
CAETANO,11,Avarandado,11,4,4,Y2.3,*7(b9),V,9,major,7.5
CAETANO,11,Avarandado,12,9,9,Z0,*M7,I,9,major,8.0
CAETANO,11,Avarandado,13,9,9,z0,*m7,I,9,minor,9.0
CAETANO,11,Avarandado,14,2,2,Y2,*7.9,V/bVII,9,minor,10.0
CAETANO,11,Avarandado,15,7,7,Y0,*7,V/III,9,minor,11.0
CAETANO,11,Avarandado,16,7,7,z1,*m6,bVIIm7,9,minor,12.0
CAETANO,11,Avarandado,17,5,5,Y2,*7.9,SubV/V,9,minor,13.0
CAETANO,11,Avarandado,18,10,10,Z0,*M7,bII7M,9,minor,14.0
CAETANO,11,Avarandado,19,4,4,Y2,*7.9,V,9,minor,14.5
CAETANO,11,Avarandado,20,9,9,z0,*m7,I,9,minor,15.0
CAETANO,11,Avarandado,21,11,11,z3,*m7.11,II,9,minor,16.0
CAETANO,11,Avarandado,22,4,4,Y2.3,*7(b9),V,9,minor,16.5
CAETANO,11,Avarandado,23,9,9,z0,*m7,I,9,minor,17.0
CAETANO,11,Avarandado,24,11,11,z3,*m7.11,II,9,minor,18.0
CAETANO,11,Avarandado,25,4,4,Y2.3,*7(b9),V,9,minor,18.5
CAETANO,11,Avarandado,26,9,9,Z0,*M7,I,9,major,19.0
CAETANO,11,Avarandado,27,11,11,z0,*m7,II,9,major,20.0
CAETANO,11,Avarandado,28,4,4,Y2,*7.9,V,9,major,21.0
CAETANO,11,Avarandado,29,9,9,z0,*m7,I°,9,major,22.0
CAETANO,11,Avarandado,30,9,9,Z0,*M7,I,9,major,22.5
CAETANO,11,Avarandado,31,9,9,Z1,*6,I,9,major,23.0
CAETANO,11,Avarandado,32,3,3,y0,*Ø,II__X,9,major,24.0
CAETANO,11,Avarandado,33,8,8,Y4.1,*7(b13),V/III,9,major,24.5
CAETANO,11,Avarandado,34,1,1,z0,*m7,II__X,9,major,25.0
CAETANO,11,Avarandado,35,6,6,Y2.3,*7(b9),V/II,9,major,25.5
CAETANO,11,Avarandado,36,11,11,z0,*m7,II,9,major,26.0
CAETANO,11,Avarandado,37,4,4,Y2.3,*7(b9),V,9,major,26.5
CAETANO,11,Avarandado,38,1,1,z0,*m7,II__X,9,major,27.0
CAETANO,11,Avarandado,39,6,6,Y2.3,*7(b9),V/II,9,major,27.5
CAETANO,11,Avarandado,40,11,11,z0,*m7,II,9,major,28.0
CAETANO,11,Avarandado,41,4,4,Y2.3,*7(b9),V,9,major,28.5
CAETANO,11,Avarandado,42,1,1,z0,*m7,II__X,9,major,29.0
CAETANO,11,Avarandado,43,6,6,Y2.3,*7(b9),V/II,9,major,29.5
CAETANO,11,Avarandado,44,11,11,Y2,*7.9,V/V,9,major,30.0
CAETANO,11,Avarandado,45,4,4,Y2,*7.9,V,9,major,30.5
CAETANO,11,Avarandado,46,5,5,Z0,*M7,bVI7M,9,major,31.0
CAETANO,11,Avarandado,47,9,9,Z0,*M7,I,9,major,32.0
CAETANO,12,Beleza pura,1,0,0,V0,*,I,0,major,1.0
CAETANO,12,Beleza pura,2,9,9,z0,*m7,VI,0,major,1.5
CAETANO,12,Beleza pura,3,2,2,z0,*m7,II,0,major,2.0
CAETANO,12,Beleza pura,4,7,7,Y0,*7,V,0,major,2.5
CAETANO,12,Beleza pura,5,0,0,V0,*,I,0,major,3.0
CAETANO,12,Beleza pura,6,9,9,z0,*m7,VI,0,major,3.5
CAETANO,12,Beleza pura,7,2,2,z0,*m7,II,0,major,4.0
CAETANO,12,Beleza pura,8,7,7,Y0,*7,V,0,major,4.5
CAETANO,12,Beleza pura,9,0,0,V0,*,I,0,major,5.0
CAETANO,12,Beleza pura,10,9,9,z0,*m7,VI,0,major,5.5
CAETANO,12,Beleza pura,11,2,2,z0,*m7,II,0,major,6.0
CAETANO,12,Beleza pura,12,7,7,Y0,*7,V,0,major,6.5
CAETANO,12,Beleza pura,13,0,0,V0,*,I,0,major,7.0
CAETANO,12,Beleza pura,14,9,9,z0,*m7,VI,0,major,7.5
CAETANO,12,Beleza pura,15,2,2,z0,*m7,II,0,major,8.0
CAETANO,12,Beleza pura,16,7,7,Y0,*7,V,0,major,8.5
CAETANO,12,Beleza pura,17,11,11,z0,*m7,I,11,minor,9.0
CAETANO,12,Beleza pura,18,4,4,Y0,*7,V,11,minor,10.0
CAETANO,12,Beleza pura,19,11,11,z0,*m7,I,11,minor,11.0
CAETANO,12,Beleza pura,20,4,4,Y0,*7,V,11,minor,12.0
CAETANO,12,Beleza pura,21,11,11,z0,*m7,I,11,minor,13.0
CAETANO,12,Beleza pura,22,4,4,Y0,*7,V,11,minor,14.0
CAETANO,12,Beleza pura,23,9,9,Y0,*7,V/II,0,major,15.0
CAETANO,12,Beleza pura,24,2,2,Y0,*7,V/V,0,major,16.0
CAETANO,12,Beleza pura,25,7,7,Y0,*7,V,0,major,17.0
CAETANO,12,Beleza pura,26,0,0,V0,*,I,0,major,18.0
CAETANO,13,Cavaleiro de Jorge,1,2,2,z2,*m7.9,I,2,minor,1.0
CAETANO,13,Cavaleiro de Jorge,2,10,10,Z0,*M7,VI,2,minor,2.0
CAETANO,13,Cavaleiro de Jorge,3,4,4,z3,*m7.11,II,2,minor,3.0
CAETANO,13,Cavaleiro de Jorge,4,9,9,Y2.3,*7(b9),V,2,minor,4.0
CAETANO,13,Cavaleiro de Jorge,5,2,2,z2,*m7.9,I,2,minor,5.0
CAETANO,13,Cavaleiro de Jorge,6,10,10,Z0,*M7,VI,2,minor,6.0
CAETANO,13,Cavaleiro de Jorge,7,4,4,z3,*m7.11,II,2,minor,7.0
CAETANO,13,Cavaleiro de Jorge,8,9,9,Y2.3,*7(b9),V,2,minor,8.0
CAETANO,13,Cavaleiro de Jorge,9,2,2,Y0,*7,V,7,minor,9.0
CAETANO,13,Cavaleiro de Jorge,10,2,2,Y4.1,*7(b13),V,7,minor,9.5
CAETANO,13,Cavaleiro de Jorge,11,7,7,v0,*m,I,7,minor,10.0
CAETANO,13,Cavaleiro de Jorge,12,7,7,z1,*m6,I,7,minor,10.5
CAETANO,13,Cavaleiro de Jorge,13,5,5,v0,*m,I,5,minor,11.0
CAETANO,13,Cavaleiro de Jorge,14,5,5,z1,*m6,I,5,minor,11.5
CAETANO,13,Cavaleiro de Jorge,15,7,7,v0,*m,I,7,minor,12.0
CAETANO,13,Cavaleiro de Jorge,16,7,7,z1,*m6,I,7,minor,12.5
CAETANO,13,Cavaleiro de Jorge,17,5,5,v0,*m,I,5,minor,13.0
CAETANO,13,Cavaleiro de Jorge,18,5,5,z1,*m6,I,5,minor,13.5
CAETANO,13,Cavaleiro de Jorge,19,4,4,V0,*,I,4,major,14.0
CAETANO,13,Cavaleiro de Jorge,20,4,4,Z1,*6,I,4,major,14.5
CAETANO,13,Cavaleiro de Jorge,21,6,6,z0,*m7,II,4,major,15.0
CAETANO,13,Cavaleiro de Jorge,22,11,11,Y0,*7,V,4,major,15.5
CAETANO,13,Cavaleiro de Jorge,23,11,11,z0,*m7,II__X,4,major,16.0
CAETANO,13,Cavaleiro de Jorge,24,4,4,Y0,*7,V/IV,4,major,16.5
CAETANO,13,Cavaleiro de Jorge,25,9,9,Y1,*4.7,V,2,minor,17.0
CAETANO,13,Cavaleiro de Jorge,26,9,9,Y0,*7,V,2,minor,17.5
CAETANO,13,Cavaleiro de Jorge,27,2,2,z2,*m7.9,I,2,minor,18.0
CAETANO,13,Cavaleiro de Jorge,28,10,10,Z0,*M7,VI,2,minor,19.0
CAETANO,13,Cavaleiro de Jorge,29,4,4,z3,*m7.11,II,2,minor,20.0
CAETANO,13,Cavaleiro de Jorge,30,9,9,Y2.3,*7(b9),V,2,minor,21.0
CAETANO,13,Cavaleiro de Jorge,31,2,2,z2,*m7.9,I,2,minor,22.0
CAETANO,14,Como dois e dois,1,0,0,V0,*,I,0,major,1.0
CAETANO,14,Como dois e dois,2,4,4,Y0,*7,V/VI,0,major,2.0
CAETANO,14,Como dois e dois,3,9,9,z0,*m7,VI,0,major,3.0
CAETANO,14,Como dois e dois,4,4,4,Y0,*7,V/VI,0,major,4.0
CAETANO,14,Como dois e dois,5,5,5,V0,*,IV,0,major,5.0
CAETANO,14,Como dois e dois,6,0,0,V0,*,I,0,major,6.0
CAETANO,14,Como dois e dois,7,9,9,Y0,*7,V/II,0,major,6.5
CAETANO,14,Como dois e dois,8,2,2,Y0,*7,V/V,0,major,7.0
CAETANO,14,Como dois e dois,9,7,7,Y0,*7,V,0,major,8.0
CAETANO,14,Como dois e dois,10,7,7,W0,*(#5)7,V,0,major,8.5
CAETANO,14,Como dois e dois,11,0,0,V0,*,I,0,major,9.0
CAETANO,14,Como dois e dois,12,0,0,Y0,*7,V/IV,0,major,9.5
CAETANO,14,Como dois e dois,13,5,5,V0,*,IV,0,major,10.0
CAETANO,14,Como dois e dois,14,6,6,x0,*°7,V°/V,0,major,10.5
CAETANO,14,Como dois e dois,15,0,7,V0,*,I,0,major,11.0
CAETANO,14,Como dois e dois,16,0,0,Y0,*7,V/IV,0,major,11.5
CAETANO,14,Como dois e dois,17,5,5,V0,*,IV,0,major,12.0
CAETANO,14,Como dois e dois,18,6,6,x0,*°7,V°/V,0,major,12.5
CAETANO,14,Como dois e dois,19,7,7,Y0,*7,V,0,major,13.0
CAETANO,14,Como dois e dois,20,0,0,V0,*,I,0,major,14.0
CAETANO,15,Drama,1,2,2,V0,*,I,2,major,1.0
CAETANO,15,Drama,2,11,11,Y0,*7,V/II,2,major,1.5
CAETANO,15,Drama,3,4,4,v0,*m,II,2,major,2.0
CAETANO,15,Drama,4,6,6,Y0,*7,V/VI,2,major,2.5
CAETANO,15,Drama,5,11,11,v0,*m,VI,2,major,3.0
CAETANO,15,Drama,6,11,9,z0,*m7,VI,2,major,3.5
CAETANO,15,Drama,7,4,4,V0,*,V/V,2,major,4.0
CAETANO,15,Drama,8,6,6,Y0,*7,V/VI,2,major,4.5
CAETANO,15,Drama,9,7,7,V0,*,IV,2,major,5.0
CAETANO,15,Drama,10,8,8,x0,*°7,V°/V,2,major,5.5
CAETANO,15,Drama,11,2,9,V0,*,I,2,major,6.0
CAETANO,15,Drama,12,11,11,v0,*m,VI,2,major,6.5
CAETANO,15,Drama,13,4,4,v0,*m,II,2,major,7.0
CAETANO,15,Drama,14,9,9,Y0,*7,V,2,major,7.5
CAETANO,15,Drama,15,2,2,v0,*m,I,2,major,8.0
CAETANO,15,Drama,16,6,6,Y0,*7,V,11,minor,8.5
CAETANO,15,Drama,17,11,11,v0,*m,I,11,minor,9.0
CAETANO,15,Drama,18,6,10,Y0,*7,V,11,minor,10.0
CAETANO,15,Drama,19,11,9,Y0,*7,V/IV,11,minor,11.0
CAETANO,15,Drama,20,4,8,Y0,*7,IV7,11,minor,12.0
CAETANO,15,Drama,21,4,7,v0,*m,IV,11,minor,13.0
CAETANO,15,Drama,22,6,6,Y0,*7,V,11,minor,14.0
CAETANO,15,Drama,23,11,11,v0,*m,I,11,minor,15.0
CAETANO,15,Drama,24,11,9,Y0,*7,V/IV,11,minor,16.0
CAETANO,15,Drama,25,4,8,Y0,*7,IV7,11,minor,17.0
CAETANO,15,Drama,26,4,7,v0,*m,IV,11,minor,18.0
CAETANO,15,Drama,27,6,6,Y0,*7,V,11,minor,18.5
CAETANO,15,Drama,28,11,11,v0,*m,I,11,minor,19.0
CAETANO,15,Drama,29,6,10,Y0,*7,V,11,minor,20.0
CAETANO,15,Drama,30,11,9,Y0,*7,V/IV,11,minor,21.0
CAETANO,15,Drama,31,4,8,Y0,*7,IV7,11,minor,22.0
CAETANO,15,Drama,32,4,4,v0,*m,IV,11,minor,23.0
CAETANO,15,Drama,33,6,6,Y0,*7,V,11,minor,24.0
CAETANO,15,Drama,34,11,11,Y1.1,*4.7.9,V/IV,11,minor,25.0
CAETANO,15,Drama,35,11,11,Y0,*7,V/IV,11,minor,25.5
CAETANO,15,Drama,36,4,4,v0,*m,IV,11,minor,26.0
CAETANO,15,Drama,37,5,5,x0,*°7,V°/V,11,minor,26.5
CAETANO,15,Drama,38,11,6,v0,*m,I,11,minor,27.0
CAETANO,15,Drama,39,7,7,V0,*,VI,11,minor,27.5
CAETANO,15,Drama,40,1,1,y0,*Ø,II,11,minor,28.0
CAETANO,15,Drama,41,6,6,Y0,*7,V,11,minor,28.5
CAETANO,15,Drama,42,11,11,v0,*m,I,11,minor,29.0
CAETANO,15,Drama,43,4,4,v0,*m,IV,11,minor,30.0
CAETANO,15,Drama,44,5,5,x0,*°7,V°/V,11,minor,30.5
CAETANO,15,Drama,45,11,6,v0,*m,I,11,minor,31.0
CAETANO,15,Drama,46,7,7,V0,*,VI,11,minor,31.5
CAETANO,15,Drama,47,1,1,y0,*Ø,II,11,minor,32.0
CAETANO,15,Drama,48,6,6,Y0,*7,V,11,minor,32.5
CAETANO,15,Drama,49,11,11,v0,*m,I,11,minor,33.0
CAETANO,16,Luz do sol,1,3,3,Z1.1,*6.9,I,3,major,1.0
CAETANO,16,Luz do sol,2,10,10,z0,*m7,II__X,3,major,2.0
CAETANO,16,Luz do sol,3,3,3,Y2,*7.9,V/IV,3,major,2.5
CAETANO,16,Luz do sol,4,8,8,Z0,*M7,IV,3,major,3.0
CAETANO,16,Luz do sol,5,8,8,z1,*m6,IVm7,3,major,4.0
CAETANO,16,Luz do sol,6,7,7,z0,*m7,II__X,3,major,5.0
CAETANO,16,Luz do sol,7,0,0,Y2,*7.9,V/II,3,major,6.0
CAETANO,16,Luz do sol,8,11,11,Z0,*M7,bVI7M,3,major,7.0
CAETANO,16,Luz do sol,9,3,3,Z2,*M7.9,I,3,major,9.0
CAETANO,16,Luz do sol,10,3,3,Y1.1,*4.7.9,V/IV,3,major,10.0
CAETANO,16,Luz do sol,11,3,3,Y2,*7.9,V/IV,3,major,10.5
CAETANO,16,Luz do sol,12,8,8,Z0,*M7,IV,3,major,11.0
CAETANO,16,Luz do sol,13,8,8,z1,*m6,IVm7,3,major,12.0
CAETANO,16,Luz do sol,14,3,3,Z2,*M7.9,I,3,major,13.0
CAETANO,16,Luz do sol,15,3,3,Y1.1,*4.7.9,V/IV,3,major,14.0
CAETANO,16,Luz do sol,16,3,3,Y2,*7.9,V/IV,3,major,14.5
CAETANO,16,Luz do sol,17,8,8,Z0,*M7,IV,3,major,15.0
CAETANO,16,Luz do sol,18,8,8,z1,*m6,IVm7,3,major,16.0
CAETANO,16,Luz do sol,19,3,3,Z2,*M7.9,I,3,major,17.0
CAETANO,16,Luz do sol,20,2,2,z3,*m7.11,II__X,3,major,19.0
CAETANO,16,Luz do sol,21,1,1,Y4,*7.13,SubV/VI,3,major,20.0
CAETANO,16,Luz do sol,22,0,0,z0,*m7,VI,3,major,21.0
CAETANO,16,Luz do sol,23,0,0,z1,*m6,VI,3,major,22.0
CAETANO,16,Luz do sol,24,5,5,z2,*m7.9,II,3,major,23.0
CAETANO,16,Luz do sol,25,10,10,Y4,*7.13,V,3,major,24.0
CAETANO,16,Luz do sol,26,3,3,Z2,*M7.9,I,3,major,25.0
CAETANO,16,Luz do sol,27,9,9,y0,*Ø,II__X,3,major,27.0
CAETANO,16,Luz do sol,28,8,8,Y3,*7(#11),SubV/III,3,major,28.0
CAETANO,16,Luz do sol,29,7,7,z0,*m7,II__X,3,major,29.0
CAETANO,16,Luz do sol,30,0,0,Y2,*7.9,V/II,3,major,30.0
CAETANO,16,Luz do sol,31,5,5,Y4,*7.13,V/V,3,major,31.0
CAETANO,16,Luz do sol,32,5,5,z0,*m7,II,3,major,33.0
CAETANO,16,Luz do sol,33,10,10,Y2,*7.9,V,3,major,33.5
CAETANO,16,Luz do sol,34,3,3,Z2,*M7.9,I,3,major,34.0
CAETANO,16,Luz do sol,35,10,10,z0,*m7,II__X,3,major,35.0
CAETANO,16,Luz do sol,36,3,3,Y2,*7.9,V/IV,3,major,35.5
CAETANO,16,Luz do sol,37,8,8,Z0,*M7,IV,3,major,36.0
CAETANO,16,Luz do sol,38,8,8,z1,*m6,IVm7,3,major,37.0
CAETANO,16,Luz do sol,39,7,7,z0,*m7,II__X,3,major,38.0
CAETANO,16,Luz do sol,40,0,0,Y2,*7.9,V/II,3,major,39.0
CAETANO,16,Luz do sol,41,11,11,Z0,*M7,bVI7M,3,major,40.0
CAETANO,16,Luz do sol,42,3,3,Z2,*M7.9,I,3,major,42.0
CAETANO,17,Dom de iludir,1,10,10,Z0,*M7,I,10,major,1.0
CAETANO,17,Dom de iludir,2,8,8,z0,*m7,II__X,10,major,2.0
CAETANO,17,Dom de iludir,3,1,1,Y2,*7.9,V/bVI,10,major,2.5
CAETANO,17,Dom de iludir,4,6,6,Z0,*M7,I,6,major,3.0
CAETANO,17,Dom de iludir,5,10,10,z3,*m7.11,II__X,6,major,4.0
CAETANO,17,Dom de iludir,6,3,3,Y0,*7,V/II,6,major,4.5
CAETANO,17,Dom de iludir,7,8,8,w0,*mM7,II,6,major,5.0
CAETANO,17,Dom de iludir,8,8,8,z0,*m7,II,6,major,5.5
CAETANO,17,Dom de iludir,9,11,11,z2,*m7.9,II__X,2,major,6.0
CAETANO,17,Dom de iludir,10,4,4,Y0,*7,V/V,2,major,6.5
CAETANO,17,Dom de iludir,11,4,4,z0,*m7,II,2,major,7.0
CAETANO,17,Dom de iludir,12,9,9,Y0,*7,V,2,major,8.0
CAETANO,17,Dom de iludir,13,3,3,Y2.1,*7.9(#11),SubV,2,major,8.5
CAETANO,17,Dom de iludir,14,2,2,Z0,*M7,I,2,major,9.0
CAETANO,17,Dom de iludir,15,0,0,z0,*m7,II,10,major,10.0
CAETANO,17,Dom de iludir,16,5,5,Y0,*7,V,10,major,10.5
CAETANO,17,Dom de iludir,17,10,10,Z0,*M7,I,10,major,11.0
CAETANO,17,Dom de iludir,18,7,7,Y1,*4.7,V/II,10,major,12.0
CAETANO,17,Dom de iludir,19,7,7,Y0,*7,V/II,10,major,12.5
CAETANO,17,Dom de iludir,20,0,0,Y2,*7.9,V/V,10,major,13.0
CAETANO,17,Dom de iludir,21,5,5,Y1.1,*4.7.9,V,10,major,14.0
CAETANO,17,Dom de iludir,22,5,5,Y0,*7,V,10,major,14.5
CAETANO,17,Dom de iludir,23,8,8,Y1.1,*4.7.9,bVII7,10,major,15.0
CAETANO,17,Dom de iludir,24,8,8,Y0,*7,bVII7,10,major,15.5
CAETANO,17,Dom de iludir,25,10,10,Z0,*M7,I,10,major,16.0
CAETANO,18,Lua lua lua lua,1,5,5,Z0,*M7,I,5,major,1.0
CAETANO,18,Lua lua lua lua,2,8,5,x0,*°7,bIII°,5,major,2.0
CAETANO,18,Lua lua lua lua,3,7,7,z0,*m7,II,5,major,3.0
CAETANO,18,Lua lua lua lua,4,0,0,Y2,*7.9,V,5,major,4.0
CAETANO,18,Lua lua lua lua,5,5,5,Z0,*M7,I,5,major,5.0
CAETANO,18,Lua lua lua lua,6,7,7,z0,*m7,II,5,major,7.0
CAETANO,18,Lua lua lua lua,7,0,0,Y2,*7.9,V,5,major,9.0
CAETANO,18,Lua lua lua lua,8,5,5,Z0,*M7,I,5,major,10.0
CAETANO,18,Lua lua lua lua,9,10,10,z1,*m6,IVm7,5,major,11.0
CAETANO,18,Lua lua lua lua,10,5,5,Z0,*M7,I,5,major,12.0
CAETANO,18,Lua lua lua lua,11,8,5,x0,*°7,bIII°,5,major,13.0
CAETANO,18,Lua lua lua lua,12,7,7,z0,*m7,II,5,major,14.0
CAETANO,18,Lua lua lua lua,13,0,0,Y2,*7.9,V,5,major,15.0
CAETANO,18,Lua lua lua lua,14,5,5,Z0,*M7,I,5,major,16.0
CAETANO,18,Lua lua lua lua,15,8,5,x0,*°7,bIII°,5,major,17.0
CAETANO,18,Lua lua lua lua,16,7,7,z0,*m7,II,5,major,18.0
CAETANO,18,Lua lua lua lua,17,0,0,Y2,*7.9,V,5,major,19.0
CAETANO,18,Lua lua lua lua,18,5,5,Z0,*M7,I,5,major,20.0
CAETANO,18,Lua lua lua lua,19,8,5,x0,*°7,bIII°,5,major,21.0
CAETANO,18,Lua lua lua lua,20,5,5,Z0,*M7,I,5,major,22.0
CAETANO,18,Lua lua lua lua,21,8,5,x0,*°7,bIII°,5,major,23.0
CAETANO,19,Jeito de corpo,1,4,4,y0,*Ø,II__X,5,major,1.0
CAETANO,19,Jeito de corpo,2,9,9,Y0,*7,V/VI,5,major,1.5
CAETANO,19,Jeito de corpo,3,4,4,y0,*Ø,II__X,5,major,2.0
CAETANO,19,Jeito de corpo,4,9,9,Y0,*7,V/VI,5,major,2.5
CAETANO,19,Jeito de corpo,5,7,7,z0,*m7,II,5,major,3.0
CAETANO,19,Jeito de corpo,6,0,0,Y0,*7,V,5,major,3.5
CAETANO,19,Jeito de corpo,7,5,5,Z0,*M7,I,5,major,4.0
CAETANO,19,Jeito de corpo,8,4,4,y0,*Ø,II__X,5,major,5.0
CAETANO,19,Jeito de corpo,9,9,9,Y0,*7,V/VI,5,major,5.5
CAETANO,19,Jeito de corpo,10,4,4,y0,*Ø,II__X,5,major,6.0
CAETANO,19,Jeito de corpo,11,9,9,Y0,*7,V/VI,5,major,6.5
CAETANO,19,Jeito de corpo,12,7,7,z0,*m7,II,5,major,7.0
CAETANO,19,Jeito de corpo,13,0,0,Y0,*7,V,5,major,7.5
CAETANO,19,Jeito de corpo,14,5,5,Z0,*M7,I,5,major,8.0
CAETANO,19,Jeito de corpo,15,5,5,z0,*m7,II,3,major,9.0
CAETANO,19,Jeito de corpo,16,10,10,Y0,*7,V,3,major,9.5
CAETANO,19,Jeito de corpo,17,3,3,Z0,*M7,I,3,major,10.0
CAETANO,19,Jeito de corpo,18,2,2,y0,*Ø,II__X,3,major,11.0
CAETANO,19,Jeito de corpo,19,7,7,Y4.1,*7(b13),V/VI,3,major,11.5
CAETANO,19,Jeito de corpo,20,0,0,z0,*m7,VI,3,major,12.0
CAETANO,19,Jeito de corpo,21,4,4,y0,*Ø,II__X,5,major,13.0
CAETANO,19,Jeito de corpo,22,9,9,Y0,*7,V/VI,5,major,13.5
CAETANO,19,Jeito de corpo,23,4,4,y0,*Ø,II__X,5,major,14.0
CAETANO,19,Jeito de corpo,24,9,9,Y0,*7,V/VI,5,major,14.5
CAETANO,19,Jeito de corpo,25,7,7,z0,*m7,II,5,major,15.0
CAETANO,19,Jeito de corpo,26,0,0,Y0,*7,V,5,major,15.5
CAETANO,19,Jeito de corpo,27,5,5,Z0,*M7,I,5,major,16.0
CAETANO,19,Jeito de corpo,28,4,4,y0,*Ø,II__X,5,major,17.0
CAETANO,19,Jeito de corpo,29,9,9,Y0,*7,V/VI,5,major,17.5
CAETANO,19,Jeito de corpo,30,4,4,y0,*Ø,II__X,5,major,18.0
CAETANO,19,Jeito de corpo,31,9,9,Y0,*7,V/VI,5,major,18.5
CAETANO,19,Jeito de corpo,32,7,7,z0,*m7,II,5,major,19.0
CAETANO,19,Jeito de corpo,33,0,0,Y0,*7,V,5,major,19.5
CAETANO,19,Jeito de corpo,34,5,5,Z0,*M7,I,5,major,20.0
CAETANO,19,Jeito de corpo,35,5,5,z0,*m7,II,3,major,21.0
CAETANO,19,Jeito de corpo,36,10,10,Y0,*7,V,3,major,21.5
CAETANO,19,Jeito de corpo,37,3,3,Z0,*M7,I,3,major,22.0
CAETANO,19,Jeito de corpo,38,2,2,y0,*Ø,II__X,3,major,23.0
CAETANO,19,Jeito de corpo,39,7,7,Y4.1,*7(b13),V/VI,3,major,23.5
CAETANO,19,Jeito de corpo,40,0,0,z0,*m7,VI,3,major,24.0
CAETANO,19,Jeito de corpo,41,10,10,z0,*m7,II__X,3,major,25.0
CAETANO,19,Jeito de corpo,42,3,3,Y0,*7,V/IV,3,major,25.5
CAETANO,19,Jeito de corpo,43,8,8,Z0,*M7,IV,3,major,26.0
CAETANO,19,Jeito de corpo,44,8,8,z0,*m7,IVm7,3,major,27.0
CAETANO,19,Jeito de corpo,45,1,1,Y0,*7,bVII7,3,major,27.5
CAETANO,19,Jeito de corpo,46,7,7,z0,*m7,II__X,3,major,28.0
CAETANO,19,Jeito de corpo,47,0,0,Y0,*7,V/II,3,major,28.5
CAETANO,19,Jeito de corpo,48,5,5,z0,*m7,II,3,major,29.0
CAETANO,19,Jeito de corpo,49,10,10,Y0,*7,V,3,major,29.5
CAETANO,19,Jeito de corpo,50,3,3,Z0,*M7,I,3,major,30.0
CAETANO,20,Eclipse oculto,1,4,4,V0,*,I,4,major,1.0
CAETANO,20,Eclipse oculto,2,9,9,V0,*,IV,4,major,2.0
CAETANO,20,Eclipse oculto,3,4,4,V0,*,I,4,major,3.0
CAETANO,20,Eclipse oculto,4,9,9,V0,*,IV,4,major,4.0
CAETANO,20,Eclipse oculto,5,4,4,V0,*,I,4,major,5.0
CAETANO,20,Eclipse oculto,6,11,11,v0,*m,Vm7,4,major,6.0
CAETANO,20,Eclipse oculto,7,6,6,v0,*m,II,4,major,7.0
CAETANO,20,Eclipse oculto,8,7,7,V0,*,bIII7M,4,major,8.0
CAETANO,20,Eclipse oculto,9,6,6,V0,*,?,4,major,9.0
CAETANO,20,Eclipse oculto,10,5,5,Y0,*7,SubV,4,major,9.5
CAETANO,20,Eclipse oculto,11,4,4,V0,*,I,4,major,10.0
CAETANO,20,Eclipse oculto,12,9,9,V0,*,IV,4,major,11.0
CAETANO,20,Eclipse oculto,13,4,4,V0,*,I,4,major,12.0
CAETANO,20,Eclipse oculto,14,9,9,V0,*,IV,4,major,13.0
CAETANO,20,Eclipse oculto,15,4,4,V0,*,I,4,major,14.0
CAETANO,20,Eclipse oculto,16,9,9,V0,*,IV,4,major,15.0
CAETANO,20,Eclipse oculto,17,4,4,V0,*,I,4,major,16.0
CAETANO,20,Eclipse oculto,18,9,9,V0,*,IV,4,major,17.0
CAETANO,20,Eclipse oculto,19,4,4,V0,*,I,4,major,18.0
CAETANO,20,Eclipse oculto,20,9,9,V0,*,IV,4,major,19.0
CAETANO,20,Eclipse oculto,21,6,6,V0,*,?,4,major,20.0
CAETANO,20,Eclipse oculto,22,5,5,V0,*,SubV,4,major,21.0
CAETANO,20,Eclipse oculto,23,4,4,V0,*,I,4,major,22.0
CAETANO,20,Eclipse oculto,24,9,9,V0,*,IV,4,major,23.0
CAETANO,20,Eclipse oculto,25,4,4,V0,*,I,4,major,24.0
CAETANO,21,Ele me deu um beijo na boca,1,1,1,z0,*m7,I,1,minor,1.0
CAETANO,21,Ele me deu um beijo na boca,2,6,6,Y0,*7,V,1,minor,2.0
CAETANO,21,Ele me deu um beijo na boca,3,1,1,z0,*m7,I,1,minor,3.0
CAETANO,21,Ele me deu um beijo na boca,4,1,11,z0,*m7,I,1,minor,4.0
CAETANO,21,Ele me deu um beijo na boca,5,10,10,x0,*°7,V°,1,minor,5.0
CAETANO,21,Ele me deu um beijo na boca,6,9,9,V0,*,bVI7M,1,minor,6.0
CAETANO,21,Ele me deu um beijo na boca,7,6,6,Y0,*7,V,1,minor,7.0
CAETANO,21,Ele me deu um beijo na boca,8,1,1,z0,*m7,I,1,minor,9.0
CAETANO,21,Ele me deu um beijo na boca,9,1,11,z0,*m7,I,1,minor,10.0
CAETANO,21,Ele me deu um beijo na boca,10,10,10,x0,*°7,V°,1,minor,11.0
CAETANO,21,Ele me deu um beijo na boca,11,9,9,V0,*,bVI7M,1,minor,12.0
CAETANO,21,Ele me deu um beijo na boca,12,6,6,Y0,*7,V,1,minor,13.0
CAETANO,21,Ele me deu um beijo na boca,13,1,1,z0,*m7,I,1,minor,15.0
CAETANO,21,Ele me deu um beijo na boca,14,6,6,Y0,*7,V,1,minor,18.0
CAETANO,21,Ele me deu um beijo na boca,15,1,1,z0,*m7,I,1,minor,19.0
CAETANO,21,Ele me deu um beijo na boca,16,1,11,z0,*m7,I,1,minor,20.0
CAETANO,21,Ele me deu um beijo na boca,17,10,10,x0,*°7,V°,1,minor,21.0
CAETANO,21,Ele me deu um beijo na boca,18,9,9,V0,*,bVI7M,1,minor,22.0
CAETANO,21,Ele me deu um beijo na boca,19,6,6,Y0,*7,V,1,minor,23.0
CAETANO,21,Ele me deu um beijo na boca,20,1,1,z0,*m7,I,1,minor,25.0
CAETANO,21,Ele me deu um beijo na boca,21,6,6,Y0,*7,V,1,minor,28.0
CAETANO,21,Ele me deu um beijo na boca,22,11,11,Y0,*7,V/III,1,minor,28.5
CAETANO,21,Ele me deu um beijo na boca,23,4,4,Z0,*M7,III,1,minor,29.0
CAETANO,21,Ele me deu um beijo na boca,24,3,3,y2,*Ø.11,II,1,minor,31.0
CAETANO,21,Ele me deu um beijo na boca,25,8,8,Y2.4,*7(#9),V,1,minor,32.0
CAETANO,21,Ele me deu um beijo na boca,26,1,1,z0,*m7,I,1,minor,33.0
CAETANO,21,Ele me deu um beijo na boca,27,1,11,z0,*m7,I,1,minor,34.0
CAETANO,21,Ele me deu um beijo na boca,28,10,10,x0,*°7,V°,1,minor,35.0
CAETANO,21,Ele me deu um beijo na boca,29,9,9,V0,*,bVI7M,1,minor,36.0
CAETANO,21,Ele me deu um beijo na boca,30,6,6,Y0,*7,V,1,minor,37.0
CAETANO,21,Ele me deu um beijo na boca,31,1,1,z0,*m7,I,1,minor,39.0
CAETANO,22,Esse cara,1,2,2,V0,*,I,2,major,1.0
CAETANO,22,Esse cara,2,1,1,z0,*m7,II__X,2,major,2.0
CAETANO,22,Esse cara,3,6,6,Y0,*7,V/VI,2,major,2.5
CAETANO,22,Esse cara,4,11,11,z0,*m7,VI,2,major,3.0
CAETANO,22,Esse cara,5,9,9,z2,*m7.9,II__X,2,major,4.0
CAETANO,22,Esse cara,6,2,2,Y0,*7,V/IV,2,major,4.5
CAETANO,22,Esse cara,7,7,7,Z0,*M7,IV,2,major,5.0
CAETANO,22,Esse cara,8,0,0,z0,*m7,II__X,2,major,6.0
CAETANO,22,Esse cara,9,5,5,Y0,*7,V/bVI,2,major,6.5
CAETANO,22,Esse cara,10,10,10,Z0,*M7,bVI7M,2,major,7.0
CAETANO,22,Esse cara,11,11,11,z0,*m7,II__X,2,major,8.0
CAETANO,22,Esse cara,12,4,4,Y0,*7,V/V,2,major,8.5
CAETANO,22,Esse cara,13,4,4,z0,*m7,II,2,major,9.0
CAETANO,22,Esse cara,14,9,9,Y0,*7,V,2,major,10.0
CAETANO,22,Esse cara,15,9,9,z0,*m7,II__X,2,major,11.0
CAETANO,22,Esse cara,16,2,2,Y0,*7,V/IV,2,major,13.0
CAETANO,22,Esse cara,17,7,7,Z0,*M7,IV,2,major,14.0
CAETANO,22,Esse cara,18,7,7,z0,*m7,II__X,2,major,15.0
CAETANO,22,Esse cara,19,0,0,Y0,*7,V/bIII,2,major,15.5
CAETANO,22,Esse cara,20,5,5,Z0,*M7,bIII7M,2,major,16.0
CAETANO,22,Esse cara,21,6,6,z0,*m7,II__X,2,major,17.0
CAETANO,22,Esse cara,22,11,11,Y2.3,*7(b9),V/II,2,major,17.5
CAETANO,22,Esse cara,23,4,4,z0,*m7,II,2,major,18.0
CAETANO,22,Esse cara,24,3,3,Z0,*M7,bII7M,2,major,19.0
CAETANO,22,Esse cara,25,2,2,z0,*m7,II,0,major,20.0
CAETANO,22,Esse cara,26,7,7,Y0,*7,V,0,major,21.0
CAETANO,22,Esse cara,27,0,0,Z0,*M7,I,0,major,22.0
CAETANO,22,Esse cara,28,5,5,Y0,*7,V,10,major,23.0
CAETANO,22,Esse cara,29,10,10,Z0,*M7,I,10,major,24.0
CAETANO,22,Esse cara,30,4,4,z0,*m7,II,2,major,25.0
CAETANO,22,Esse cara,31,9,9,Y0,*7,V,2,major,25.5
CAETANO,22,Esse cara,32,2,2,V0,*,I,2,major,26.0
CAETANO,23,Gema,1,0,0,Z1.1,*6.9,I,0,major,1.0
CAETANO,23,Gema,2,2,2,z2,*m7.9,II,0,major,3.0
CAETANO,23,Gema,3,7,7,Y4,*7.13,V,0,major,5.0
CAETANO,23,Gema,4,9,9,z0,*m7,VI,0,major,7.0
CAETANO,23,Gema,5,5,5,z0,*m7,II,3,major,9.0
CAETANO,23,Gema,6,10,10,Y0,*7,V,3,major,10.0
CAETANO,23,Gema,7,3,3,Z0,*M7,I,3,major,11.0
CAETANO,23,Gema,8,3,3,Y2,*7.9,V/IV,3,major,12.0
CAETANO,23,Gema,9,8,8,Z0,*M7,IV,3,major,13.0
CAETANO,23,Gema,10,1,1,Z2,*M7.9,bVII7M,3,major,14.0
CAETANO,23,Gema,11,2,2,z2,*m7.9,II,0,major,15.0
CAETANO,23,Gema,12,7,7,Y4,*7.13,V,0,major,16.0
CAETANO,23,Gema,13,0,0,Z1.1,*6.9,I,0,major,17.0
CAETANO,23,Gema,14,2,2,z2,*m7.9,II,0,major,19.0
CAETANO,23,Gema,15,7,7,Y4,*7.13,V,0,major,21.0
CAETANO,23,Gema,16,9,9,z0,*m7,VI,0,major,23.0
CAETANO,24,Gente,1,0,0,Z1.1,*6.9,I,0,major,1.0
CAETANO,24,Gente,2,11,11,Y1.1,*4.7.9,V/III,0,major,3.0
CAETANO,24,Gente,3,4,4,X2.1,*(b5)7(b9),V/VI,0,major,4.0
CAETANO,24,Gente,4,9,9,z0,*m7,VI,0,major,5.0
CAETANO,24,Gente,5,7,7,z0,*m7,II__X,0,major,7.0
CAETANO,24,Gente,6,0,0,Y2,*7.9,V/IV,0,major,8.0
CAETANO,24,Gente,7,8,8,V0,*,bVI7M,0,major,9.0
CAETANO,24,Gente,8,0,7,z0,*m7,Im7,0,major,11.0
CAETANO,24,Gente,9,8,8,V0,*,bVI7M,0,major,13.0
CAETANO,24,Gente,10,7,7,Y1,*4.7,V,0,major,15.0
CAETANO,24,Gente,11,7,7,Y0,*7,V,0,major,16.0
CAETANO,24,Gente,12,0,0,V0,*,I,0,major,17.0
CAETANO,24,Gente,13,0,0,Y0,*7,V/IV,0,major,18.0
CAETANO,24,Gente,14,5,5,V0,*,IV,0,major,19.0
CAETANO,24,Gente,15,6,6,x0,*°7,V°/V,0,major,20.0
CAETANO,24,Gente,16,0,7,V0,*,I,0,major,21.0
CAETANO,24,Gente,17,8,8,V0,*,bVI7M,0,major,22.0
CAETANO,24,Gente,18,0,0,V0,*,I,0,major,23.0
CAETANO,25,Irene,1,5,5,V0,*,I,5,major,1.0
CAETANO,25,Irene,2,0,10,Y0,*7,V,5,major,2.0
CAETANO,25,Irene,3,5,5,V0,*,I,5,major,3.0
CAETANO,25,Irene,4,10,10,V0,*,IV,5,major,4.0
CAETANO,25,Irene,5,0,0,Y0,*7,V,5,major,5.0
CAETANO,25,Irene,6,10,10,V0,*,IV,5,major,6.0
CAETANO,25,Irene,7,0,0,Y0,*7,V,5,major,7.0
CAETANO,25,Irene,8,10,10,V0,*,IV,5,major,8.0
CAETANO,25,Irene,9,0,0,Y0,*7,V,5,major,9.0
CAETANO,25,Irene,10,5,5,V0,*,I,5,major,10.0
CAETANO,25,Irene,11,1,1,V0,*,bVI7M,5,major,11.0
CAETANO,25,Irene,12,10,10,V0,*,IV,5,major,12.0
CAETANO,25,Irene,13,5,5,V0,*,I,5,major,13.0
CAETANO,25,Irene,14,0,0,Y0,*7,V,5,major,14.0
CAETANO,25,Irene,15,10,10,V0,*,IV,5,major,15.0
CAETANO,25,Irene,16,0,0,Y0,*7,V,5,major,16.0
CAETANO,25,Irene,17,10,10,V0,*,IV,5,major,17.0
CAETANO,25,Irene,18,0,0,Y0,*7,V,5,major,18.0
CAETANO,25,Irene,19,10,10,V0,*,IV,5,major,19.0
CAETANO,25,Irene,20,0,0,Y0,*7,V,5,major,20.0
CAETANO,25,Irene,21,10,10,V0,*,IV,5,major,21.0
CAETANO,25,Irene,22,5,5,V0,*,I,5,major,22.0
CAETANO,26,London London,1,0,0,V0,*,I,0,major,1.0
CAETANO,26,London London,2,7,7,Y0,*7,V,0,major,2.0
CAETANO,26,London London,3,0,0,V0,*,I,0,major,3.0
CAETANO,26,London London,4,0,0,Y0,*7,V/IV,0,major,4.0
CAETANO,26,London London,5,5,5,V0,*,IV,0,major,5.0
CAETANO,26,London London,6,7,7,Y0,*7,V,0,major,6.0
CAETANO,26,London London,7,0,0,V0,*,I,0,major,7.0
CAETANO,26,London London,8,0,0,Y0,*7,V/IV,0,major,8.0
CAETANO,26,London London,9,5,5,V0,*,IV,0,major,9.0
CAETANO,26,London London,10,7,7,V0,*,V,0,major,10.0
CAETANO,26,London London,11,7,5,Y0,*7,V,0,major,10.5
CAETANO,26,London London,12,4,4,z0,*m7,II__X,0,major,11.0
CAETANO,26,London London,13,9,9,Y0,*7,V/II,0,major,12.0
CAETANO,26,London London,14,2,2,Y0,*7,V/V,0,major,13.0
CAETANO,26,London London,15,7,7,Y0,*7,V,0,major,14.0
CAETANO,26,London London,16,0,0,V0,*,I,0,major,15.0
CAETANO,26,London London,17,0,0,Y0,*7,V/IV,0,major,15.5
CAETANO,26,London London,18,5,5,V0,*,IV,0,major,16.0
CAETANO,26,London London,19,7,7,Y0,*7,V,0,major,17.0
CAETANO,26,London London,20,5,5,V0,*,IV,0,major,18.0
CAETANO,26,London London,21,7,7,Y0,*7,V,0,major,18.5
CAETANO,26,London London,22,0,0,V0,*,I,0,major,19.0
CAETANO,26,London London,23,0,0,Y0,*7,V/IV,0,major,19.5
CAETANO,26,London London,24,5,5,V0,*,IV,0,major,20.0
CAETANO,26,London London,25,7,7,Y0,*7,V,0,major,21.0
CAETANO,26,London London,26,5,5,V0,*,IV,0,major,22.0
CAETANO,26,London London,27,7,7,Y0,*7,V,0,major,22.5
CAETANO,26,London London,28,0,0,V0,*,I,0,major,23.0
CAETANO,27,Milagres do povo,1,10,10,V0,*,I,10,major,1.0
CAETANO,27,Milagres do povo,2,5,5,v0,*m,Vm7,10,major,2.0
CAETANO,27,Milagres do povo,3,0,0,v0,*m,II,10,major,3.0
CAETANO,27,Milagres do povo,4,7,7,v0,*m,VI,10,major,4.0
CAETANO,27,Milagres do povo,5,8,8,Z0,*M7,bVII7M,10,major,5.0
CAETANO,27,Milagres do povo,6,10,10,Y0,*7,I,10,major,6.0
CAETANO,27,Milagres do povo,7,5,5,v0,*m,Vm7,10,major,7.0
CAETANO,27,Milagres do povo,8,0,0,v0,*m,II,10,major,8.0
CAETANO,27,Milagres do povo,9,7,7,v0,*m,VI,10,major,9.0
CAETANO,27,Milagres do povo,10,8,8,Z0,*M7,bVII7M,10,major,10.0
CAETANO,27,Milagres do povo,11,10,10,Y0,*7,I,10,major,11.0
CAETANO,27,Milagres do povo,12,5,5,z0,*m7,Vm7,10,major,12.0
CAETANO,27,Milagres do povo,13,10,10,Y0,*7,I,10,major,12.5
CAETANO,27,Milagres do povo,14,0,0,V0,*,I,0,major,13.0
CAETANO,27,Milagres do povo,15,5,5,V0,*,IV,0,major,14.0
CAETANO,27,Milagres do povo,16,0,0,V0,*,I,0,major,15.0
CAETANO,27,Milagres do povo,17,10,10,Z0,*M7,bVII7M,0,major,16.0
CAETANO,27,Milagres do povo,18,0,0,V0,*,I,0,major,17.0
CAETANO,27,Milagres do povo,19,5,5,V0,*,IV,0,major,18.0
CAETANO,27,Milagres do povo,20,0,0,V0,*,I,0,major,19.0
CAETANO,27,Milagres do povo,21,10,2,Z0,*M7,bVII7M,0,major,20.0
CAETANO,27,Milagres do povo,22,0,0,V0,*,I,0,major,21.0
CAETANO,27,Milagres do povo,23,5,5,V0,*,IV,0,major,22.0
CAETANO,27,Milagres do povo,24,0,0,V0,*,I,0,major,23.0
CAETANO,27,Milagres do povo,25,10,2,Z0,*M7,bVII7M,0,major,24.0
CAETANO,27,Milagres do povo,26,0,0,V0,*,I,0,major,25.0
CAETANO,27,Milagres do povo,27,5,5,V0,*,IV,0,major,26.0
CAETANO,27,Milagres do povo,28,0,0,V0,*,I,0,major,27.0
CAETANO,27,Milagres do povo,29,10,2,Z0,*M7,bVII7M,0,major,28.0
CAETANO,27,Milagres do povo,30,0,0,V0,*,I,0,major,29.0
CAETANO,27,Milagres do povo,31,5,5,V0,*,IV,0,major,30.0
CAETANO,27,Milagres do povo,32,0,0,V0,*,I,0,major,31.0
CAETANO,27,Milagres do povo,33,0,0,v0,*m,II,10,major,35.0
CAETANO,27,Milagres do povo,34,10,10,V0,*,I,10,major,36.0
CAETANO,28,Louco por voce,1,7,7,z2,*m7.9,I,7,minor,1.0
CAETANO,28,Louco por voce,2,2,2,z2,*m7.9,Vm7,7,minor,2.0
CAETANO,28,Louco por voce,3,4,4,z2,*m7.9,II__X,7,minor,3.0
CAETANO,28,Louco por voce,4,9,9,Y0,*7,aSubV/III,7,minor,4.0
CAETANO,28,Louco por voce,5,10,10,Z0,*M7,III,7,minor,5.0
CAETANO,28,Louco por voce,6,3,3,Z2,*M7.9,VI,7,minor,6.0
CAETANO,28,Louco por voce,7,9,9,y0,*Ø,II__X,7,minor,7.0
CAETANO,28,Louco por voce,8,8,8,Y3,*7(#11),SubV,7,minor,8.0
CAETANO,28,Louco por voce,9,7,7,z2,*m7.9,I,7,minor,9.0
CAETANO,28,Louco por voce,10,2,2,z2,*m7.9,Vm7,7,minor,10.0
CAETANO,28,Louco por voce,11,4,4,z2,*m7.9,II__X,7,minor,11.0
CAETANO,28,Louco por voce,12,5,5,z0,*m7,II__X,7,minor,12.0
CAETANO,28,Louco por voce,13,10,10,Y2,*7.9,V/VI,7,minor,12.5
CAETANO,28,Louco por voce,14,3,3,Z2,*M7.9,VI,7,minor,13.0
CAETANO,28,Louco por voce,15,2,2,z0,*m7,II,0,minor,14.0
CAETANO,28,Louco por voce,16,7,7,Y0,*7,V,0,minor,14.5
CAETANO,28,Louco por voce,17,0,0,z0,*m7,I,0,minor,15.0
CAETANO,28,Louco por voce,18,5,5,Y0,*7,IV7,0,minor,16.0
CAETANO,28,Louco por voce,19,0,0,z0,*m7,I,0,minor,17.0
CAETANO,28,Louco por voce,20,5,5,Y0,*7,IV7,0,minor,18.0
CAETANO,28,Louco por voce,21,0,0,z0,*m7,I,0,minor,19.0
CAETANO,28,Louco por voce,22,5,5,Y0,*7,IV7,0,minor,20.0
CAETANO,28,Louco por voce,23,0,0,z0,*m7,I,0,minor,21.0
CAETANO,28,Louco por voce,24,5,5,Y0,*7,IV7,0,minor,22.0
CAETANO,28,Louco por voce,25,7,7,z2,*m7.9,I,7,minor,23.0
CAETANO,29,Lua de Sao Jorge,1,9,9,V0,*,I,9,major,1.0
CAETANO,29,Lua de Sao Jorge,2,6,6,Y4.1,*7(b13),V/II,9,major,1.5
CAETANO,29,Lua de Sao Jorge,3,11,11,Y2,*7.9,V/V,9,major,2.0
CAETANO,29,Lua de Sao Jorge,4,4,4,Y2,*7.9,V,9,major,3.0
CAETANO,29,Lua de Sao Jorge,5,9,9,V0,*,I,9,major,4.0
CAETANO,29,Lua de Sao Jorge,6,4,4,Y2,*7.9,V,9,major,4.5
CAETANO,29,Lua de Sao Jorge,7,9,9,V0,*,I,9,major,5.0
CAETANO,29,Lua de Sao Jorge,8,6,6,Y4.1,*7(b13),V/II,9,major,5.5
CAETANO,29,Lua de Sao Jorge,9,11,11,Y2,*7.9,V/V,9,major,6.0
CAETANO,29,Lua de Sao Jorge,10,4,4,Y2,*7.9,V,9,major,7.0
CAETANO,29,Lua de Sao Jorge,11,6,6,z0,*m7,VI,9,major,8.0
CAETANO,29,Lua de Sao Jorge,12,1,1,z0,*m7,III,9,major,8.5
CAETANO,29,Lua de Sao Jorge,13,2,2,Z0,*M7,IV,9,major,9.0
CAETANO,29,Lua de Sao Jorge,14,2,2,z1,*m6,IVm7,9,major,9.5
CAETANO,29,Lua de Sao Jorge,15,1,1,z0,*m7,II__X,9,major,10.0
CAETANO,29,Lua de Sao Jorge,16,6,6,Y4.1,*7(b13),V/II,9,major,10.5
CAETANO,29,Lua de Sao Jorge,17,11,11,Y2,*7.9,V/V,9,major,11.0
CAETANO,29,Lua de Sao Jorge,18,4,4,Y2,*7.9,V,9,major,11.5
CAETANO,29,Lua de Sao Jorge,19,9,9,V0,*,I,9,major,12.0
CAETANO,30,Minha voz minha vida,1,2,2,Z1.1,*6.9,I,2,major,1.0
CAETANO,30,Minha voz minha vida,2,1,1,y0,*Ø,II__X,2,major,2.0
CAETANO,30,Minha voz minha vida,3,6,6,Y2.3,*7(b9),V/VI,2,major,2.5
CAETANO,30,Minha voz minha vida,4,11,11,v0,*m,VI,2,major,3.0
CAETANO,30,Minha voz minha vida,5,11,9,z0,*m7,VI,2,major,3.5
CAETANO,30,Minha voz minha vida,6,8,8,z3,*m7.11,?,2,major,4.0
CAETANO,30,Minha voz minha vida,7,7,7,Y3,*7(#11),SubV/III,2,major,4.5
CAETANO,30,Minha voz minha vida,8,6,6,z0,*m7,II__X,2,major,5.0
CAETANO,30,Minha voz minha vida,9,11,11,Y2.3,*7(b9),V/II,2,major,5.5
CAETANO,30,Minha voz minha vida,10,8,8,y0,*Ø,#IVm7(b5),2,major,6.0
CAETANO,30,Minha voz minha vida,11,4,4,z2,*m7.9,II,2,major,7.0
CAETANO,30,Minha voz minha vida,12,9,9,Y0,*7,V,2,major,7.5
CAETANO,30,Minha voz minha vida,13,5,5,Z0,*M7,Np/II,2,major,8.0
CAETANO,30,Minha voz minha vida,14,4,4,z2,*m7.9,II,2,major,8.5
CAETANO,30,Minha voz minha vida,15,9,9,Y0,*7,V,2,major,8.75
CAETANO,30,Minha voz minha vida,16,2,2,Z1.1,*6.9,I,2,major,9.0
CAETANO,30,Minha voz minha vida,17,1,1,y0,*Ø,II__X,2,major,10.0
CAETANO,30,Minha voz minha vida,18,6,6,Y2.3,*7(b9),V/VI,2,major,10.5
CAETANO,30,Minha voz minha vida,19,11,11,v0,*m,VI,2,major,11.0
CAETANO,30,Minha voz minha vida,20,11,9,z0,*m7,VI,2,major,11.5
CAETANO,30,Minha voz minha vida,21,8,8,z3,*m7.11,?,2,major,12.0
CAETANO,30,Minha voz minha vida,22,7,7,Y3,*7(#11),SubV/III,2,major,12.5
CAETANO,30,Minha voz minha vida,23,6,6,z0,*m7,II__X,2,major,13.0
CAETANO,30,Minha voz minha vida,24,11,11,Y2.3,*7(b9),V/II,2,major,13.5
CAETANO,30,Minha voz minha vida,25,8,8,y0,*Ø,#IVm7(b5),2,major,14.0
CAETANO,30,Minha voz minha vida,26,4,4,z2,*m7.9,II,2,major,15.0
CAETANO,30,Minha voz minha vida,27,9,9,Y0,*7,V,2,major,15.5
CAETANO,30,Minha voz minha vida,28,2,2,Z1.1,*6.9,I,2,major,16.0
CAETANO,30,Minha voz minha vida,29,2,2,W0,*(#5)7,V/IV,2,major,16.5
CAETANO,30,Minha voz minha vida,30,7,7,Z0,*M7,IV,2,major,17.0
CAETANO,30,Minha voz minha vida,31,0,0,Y2,*7.9,IV7,2,major,17.5
CAETANO,30,Minha voz minha vida,32,6,6,z0,*m7,II__X,2,major,18.0
CAETANO,30,Minha voz minha vida,33,11,11,Y4,*7.13,V/II,2,major,18.5
CAETANO,30,Minha voz minha vida,34,4,4,Y2,*7.9,V/V,2,major,19.0
CAETANO,30,Minha voz minha vida,35,4,4,z2,*m7.9,II,2,major,20.0
CAETANO,30,Minha voz minha vida,36,9,9,W0,*(#5)7,V,2,major,20.5
CAETANO,30,Minha voz minha vida,37,2,2,Z1.1,*6.9,I,2,major,21.0
CAETANO,31,Menino do Rio,1,5,5,V0,*,I,5,major,1.0
CAETANO,31,Menino do Rio,2,8,8,x0,*°7,bIII°,5,major,2.0
CAETANO,31,Menino do Rio,3,7,7,z0,*m7,II,5,major,3.0
CAETANO,31,Menino do Rio,4,0,0,Y2,*7.9,V,5,major,3.5
CAETANO,31,Menino do Rio,5,7,7,z0,*m7,II,5,major,4.0
CAETANO,31,Menino do Rio,6,0,0,Y2,*7.9,V,5,major,4.5
CAETANO,31,Menino do Rio,7,0,0,z1,*m6,II__X,5,major,5.0
CAETANO,31,Menino do Rio,8,5,5,Y0,*7,V/IV,5,major,5.5
CAETANO,31,Menino do Rio,9,10,10,Z0,*M7,IV,5,major,6.0
CAETANO,31,Menino do Rio,10,10,10,z1,*m6,IVm7,5,major,6.5
CAETANO,31,Menino do Rio,11,5,5,V0,*,I,5,major,7.0
CAETANO,31,Menino do Rio,12,8,8,x0,*°7,bIII°,5,major,8.0
CAETANO,31,Menino do Rio,13,7,7,z0,*m7,II,5,major,9.0
CAETANO,31,Menino do Rio,14,0,0,Y2,*7.9,V,5,major,9.5
CAETANO,31,Menino do Rio,15,5,5,V0,*,I,5,major,10.0
CAETANO,31,Menino do Rio,16,9,9,z0,*m7,II__X,5,major,11.0
CAETANO,31,Menino do Rio,17,2,2,Y2.3,*7(b9),V/II,5,major,11.5
CAETANO,31,Menino do Rio,18,7,7,Y4,*7.13,V/V,5,major,12.0
CAETANO,31,Menino do Rio,19,7,7,Y4.1,*7(b13),V/V,5,major,12.5
CAETANO,31,Menino do Rio,20,7,7,z0,*m7,II,5,major,13.0
CAETANO,31,Menino do Rio,21,0,0,Y2,*7.9,V,5,major,13.5
CAETANO,31,Menino do Rio,22,5,5,V0,*,I,5,major,14.0
CAETANO,31,Menino do Rio,23,9,9,z0,*m7,II__X,5,major,15.0
CAETANO,31,Menino do Rio,24,2,2,Y2.3,*7(b9),V/II,5,major,15.5
CAETANO,31,Menino do Rio,25,7,7,v0,*m,II,5,major,16.0
CAETANO,31,Menino do Rio,26,8,8,x0,*°7,V°/III,5,major,16.5
CAETANO,31,Menino do Rio,27,9,9,v0,*m,II__X,5,major,17.0
CAETANO,31,Menino do Rio,28,2,2,Y0,*7,V/II,5,major,17.5
CAETANO,31,Menino do Rio,29,1,1,V0,*,bVI7M,5,major,18.0
CAETANO,31,Menino do Rio,30,5,5,V0,*,I,5,major,20.0
CAETANO,31,Menino do Rio,31,8,8,x0,*°7,bIII°,5,major,21.0
CAETANO,31,Menino do Rio,32,7,7,z0,*m7,II,5,major,22.0
CAETANO,31,Menino do Rio,33,0,0,Y2,*7.9,V,5,major,22.5
CAETANO,31,Menino do Rio,34,5,5,V0,*,I,5,major,23.0
CAETANO,32,No dia em que eu vim-me embora,1,2,2,Y0,*7,I,2,major,1.0
CAETANO,32,No dia em que eu vim-me embora,2,9,9,z0,*m7,Vm7,2,major,1.5
CAETANO,32,No dia em que eu vim-me embora,3,2,2,Y0,*7,I,2,major,2.0
CAETANO,32,No dia em que eu vim-me embora,4,7,7,V0,*,IV,2,major,2.5
CAETANO,32,No dia em que eu vim-me embora,5,4,4,v0,*m,II,2,major,3.0
CAETANO,32,No dia em que eu vim-me embora,6,0,0,V0,*,bVII7M,2,major,3.5
CAETANO,32,No dia em que eu vim-me embora,7,2,2,Y0,*7,V,2,major,3.75
CAETANO,32,No dia em que eu vim-me embora,8,7,7,V0,*,IV,2,major,4.0
CAETANO,32,No dia em que eu vim-me embora,9,9,9,Y0,*7,V,2,major,4.5
CAETANO,32,No dia em que eu vim-me embora,10,2,2,Y0,*7,I,2,major,5.0
CAETANO,32,No dia em que eu vim-me embora,11,0,0,V0,*,bVII7M,2,major,6.0
CAETANO,32,No dia em que eu vim-me embora,12,11,11,z0,*m7,VI,2,major,7.0
CAETANO,32,No dia em que eu vim-me embora,13,9,9,V0,*,V,2,major,9.0
CAETANO,32,No dia em que eu vim-me embora,14,7,7,V0,*,IV,2,major,10.0
CAETANO,32,No dia em que eu vim-me embora,15,9,9,V0,*,V,2,major,11.0
CAETANO,32,No dia em que eu vim-me embora,16,2,2,V0,*,I,2,major,12.0
CAETANO,32,No dia em que eu vim-me embora,17,9,9,V0,*,V,2,major,13.0
CAETANO,32,No dia em que eu vim-me embora,18,7,7,V0,*,IV,2,major,14.0
CAETANO,32,No dia em que eu vim-me embora,19,9,9,V0,*,V,2,major,15.0
CAETANO,32,No dia em que eu vim-me embora,20,2,2,V0,*,I,2,major,16.0
CAETANO,32,No dia em que eu vim-me embora,21,9,9,V0,*,V,2,major,17.0
CAETANO,32,No dia em que eu vim-me embora,22,7,7,V0,*,IV,2,major,18.0
CAETANO,32,No dia em que eu vim-me embora,23,9,9,V0,*,V,2,major,19.0
CAETANO,32,No dia em que eu vim-me embora,24,2,2,V0,*,I,2,major,20.0
CAETANO,33,Massa real,1,9,9,V0,*,I,9,major,1.0
CAETANO,33,Massa real,2,6,6,Y0,*7,V/II,9,major,6.0
CAETANO,33,Massa real,3,11,11,z0,*m7,II,9,major,7.0
CAETANO,33,Massa real,4,7,7,z1,*m6,bVIIm7,9,major,8.0
CAETANO,33,Massa real,5,11,11,z0,*m7,II,9,major,9.0
CAETANO,33,Massa real,6,4,4,Y0,*7,V,9,major,10.0
CAETANO,33,Massa real,7,1,1,Y2.4,*7(#9),V/VI,9,major,11.0
CAETANO,33,Massa real,8,6,6,Y4.1,*7(b13),V/II,9,major,12.0
CAETANO,33,Massa real,9,11,11,Y0,*7,V/V,9,major,13.0
CAETANO,33,Massa real,10,4,4,Y0,*7,V,9,major,14.0
CAETANO,33,Massa real,11,9,9,V0,*,I,9,major,15.0
CAETANO,33,Massa real,12,9,9,Y0,*7,V/IV,9,major,16.0
CAETANO,33,Massa real,13,2,2,V0,*,I,2,major,17.0
CAETANO,33,Massa real,14,7,7,V0,*,IV,2,major,18.0
CAETANO,33,Massa real,15,2,2,V0,*,I,2,major,19.0
CAETANO,33,Massa real,16,4,4,Y0,*7,V/V,2,major,21.0
CAETANO,33,Massa real,17,9,9,V0,*,V,2,major,23.0
CAETANO,33,Massa real,18,9,9,Y0,*7,V,2,major,24.0
CAETANO,33,Massa real,19,2,2,V0,*,I,2,major,25.0
CAETANO,33,Massa real,20,7,7,V0,*,IV,2,major,26.0
CAETANO,33,Massa real,21,2,2,V0,*,I,2,major,27.0
CAETANO,33,Massa real,22,1,1,Y0,*7,V/VI,9,major,29.0
CAETANO,33,Massa real,23,6,6,Y1,*4.7,V/II,9,major,31.0
CAETANO,33,Massa real,24,6,6,Y0,*7,V,9,major,32.0
CAETANO,33,Massa real,25,11,11,V0,*,V/V,9,major,33.0
CAETANO,33,Massa real,26,11,11,Y0,*7,V/V,9,major,35.0
CAETANO,33,Massa real,27,4,4,Y0,*7,V,9,major,37.0
CAETANO,33,Massa real,28,9,9,V0,*,I,9,major,39.0
CAETANO,33,Massa real,29,6,6,Y0,*7,V/II,9,major,40.0
CAETANO,33,Massa real,30,11,11,V0,*,V/V,9,major,43.0
CAETANO,33,Massa real,31,11,11,Y0,*7,V/V,9,major,45.0
CAETANO,33,Massa real,32,4,4,Y0,*7,V,9,major,47.0
CAETANO,33,Massa real,33,9,9,V0,*,I,9,major,49.0
CAETANO,34,Mel,1,7,7,V0,*,I,7,major,1.0
CAETANO,34,Mel,2,10,10,x0,*°7,bIII°,7,major,2.0
CAETANO,34,Mel,3,9,9,z0,*m7,II,7,major,3.0
CAETANO,34,Mel,4,2,2,Y0,*7,V,7,major,4.0
CAETANO,34,Mel,5,7,7,V0,*,I,7,major,5.0
CAETANO,34,Mel,6,4,4,Y0,*7,V/II,7,major,6.0
CAETANO,34,Mel,7,11,11,z3,*m7.11,II__X,7,major,7.0
CAETANO,34,Mel,8,4,4,Y0,*7,V/II,7,major,8.0
CAETANO,34,Mel,9,9,9,z0,*m7,II,7,major,9.0
CAETANO,34,Mel,10,2,2,Y0,*7,V,7,major,10.0
CAETANO,34,Mel,11,7,7,V0,*,I,7,major,11.0
CAETANO,34,Mel,12,4,4,Y0,*7,V/II,7,major,12.0
CAETANO,34,Mel,13,9,9,z0,*m7,II,7,major,13.0
CAETANO,34,Mel,14,0,0,z1,*m6,IVm7,7,major,14.0
CAETANO,34,Mel,15,11,11,z0,*m7,III,7,major,15.0
CAETANO,34,Mel,16,5,5,Y0,*7,SubV/VI,7,major,16.0
CAETANO,34,Mel,17,4,4,Y0,*7,V/II,7,major,16.5
CAETANO,34,Mel,18,9,9,Y0,*7,V/V,7,major,17.0
CAETANO,34,Mel,19,2,2,Y0,*7,V,7,major,18.0
CAETANO,34,Mel,20,7,7,V0,*,I,7,major,19.0
CAETANO,34,Mel,21,7,7,Y0,*7,V/IV,7,major,20.0
CAETANO,34,Mel,22,0,0,V0,*,IV,7,major,21.0
CAETANO,34,Mel,23,11,11,z0,*m7,II__X,7,major,22.0
CAETANO,34,Mel,24,4,4,Y0,*7,V/II,7,major,22.5
CAETANO,34,Mel,25,9,9,z0,*m7,II,7,major,23.0
CAETANO,34,Mel,26,2,2,Y0,*7,V,7,major,24.0
CAETANO,34,Mel,27,7,7,V0,*,I,7,major,25.0
CAETANO,34,Mel,28,7,7,Y0,*7,V/IV,7,major,26.0
CAETANO,34,Mel,29,0,0,V0,*,IV,7,major,27.0
CAETANO,34,Mel,30,11,11,z0,*m7,II__X,7,major,28.0
CAETANO,34,Mel,31,4,4,Y0,*7,V/II,7,major,28.5
CAETANO,34,Mel,32,9,9,z0,*m7,II,7,major,29.0
CAETANO,34,Mel,33,2,2,Y0,*7,V,7,major,30.0
CAETANO,34,Mel,34,7,7,V0,*,I,7,major,31.0
CAETANO,34,Mel,35,6,6,z0,*m7,II__X,7,major,32.0
CAETANO,34,Mel,36,11,11,Y0,*7,V/VI,7,major,32.5
CAETANO,34,Mel,37,4,4,v0,*m,VI,7,major,33.0
CAETANO,34,Mel,38,2,2,z0,*m7,II__X,7,major,34.0
CAETANO,34,Mel,39,7,7,Y0,*7,V/IV,7,major,34.5
CAETANO,34,Mel,40,0,0,V0,*,IV,7,major,35.0
CAETANO,34,Mel,41,11,11,z0,*m7,II__X,7,major,36.0
CAETANO,34,Mel,42,4,4,Y0,*7,V/II,7,major,36.5
CAETANO,34,Mel,43,9,9,z0,*m7,II,7,major,37.0
CAETANO,34,Mel,44,2,2,Y0,*7,V,7,major,38.0
CAETANO,34,Mel,45,9,9,z0,*m7,II,7,major,39.0
CAETANO,34,Mel,46,2,2,Y0,*7,V,7,major,40.0
CAETANO,34,Mel,47,11,11,z0,*m7,II__X,7,major,41.0
CAETANO,34,Mel,48,4,4,Y0,*7,V/II,7,major,42.0
CAETANO,34,Mel,49,9,9,z0,*m7,II,7,major,43.0
CAETANO,34,Mel,50,2,2,Y0,*7,V,7,major,44.0
CAETANO,34,Mel,51,9,9,z0,*m7,II,7,major,45.0
CAETANO,34,Mel,52,2,2,Y0,*7,V,7,major,46.0
CAETANO,34,Mel,53,11,11,z0,*m7,II__X,7,major,47.0
CAETANO,34,Mel,54,4,4,Y0,*7,V,7,major,48.0
CAETANO,34,Mel,55,11,11,z0,*m7,II__X,7,major,49.0
CAETANO,34,Mel,56,4,4,Y0,*7,V,7,major,50.0
CAETANO,34,Mel,57,9,9,z0,*m7,II,7,major,51.0
CAETANO,34,Mel,58,2,2,Y0,*7,V,7,major,52.0
CAETANO,34,Mel,59,9,9,z0,*m7,II,7,major,53.0
CAETANO,34,Mel,60,2,2,Y0,*7,V,7,major,54.0
CAETANO,34,Mel,61,7,7,V0,*,I,7,major,55.0
CAETANO,35,Meu bem meu mal,1,2,2,Z1.1,*6.9,I,2,major,1.0
CAETANO,35,Meu bem meu mal,2,1,1,y0,*Ø,II__X,2,major,2.0
CAETANO,35,Meu bem meu mal,3,6,6,Y4.1,*7(b13),V/VI,2,major,2.5
CAETANO,35,Meu bem meu mal,4,11,11,z2,*m7.9,II__X,2,major,3.0
CAETANO,35,Meu bem meu mal,5,4,4,Y0,*7,V/V,2,major,3.5
CAETANO,35,Meu bem meu mal,6,9,9,z0,*m7,II__X,2,major,4.0
CAETANO,35,Meu bem meu mal,7,2,2,Y2,*7.9,V/IV,2,major,4.5
CAETANO,35,Meu bem meu mal,8,7,7,Z0,*M7,IV,2,major,5.0
CAETANO,35,Meu bem meu mal,9,0,0,Y2,*7.9,bVII7,2,major,6.0
CAETANO,35,Meu bem meu mal,10,2,2,Z1.1,*6.9,I,2,major,7.0
CAETANO,35,Meu bem meu mal,11,1,1,y0,*Ø,II__X,2,major,8.0
CAETANO,35,Meu bem meu mal,12,6,6,Y4.1,*7(b13),V/VI,2,major,8.5
CAETANO,35,Meu bem meu mal,13,11,11,z2,*m7.9,II__X,2,major,9.0
CAETANO,35,Meu bem meu mal,14,4,4,Y0,*7,V/V,2,major,9.5
CAETANO,35,Meu bem meu mal,15,9,9,z0,*m7,II__X,2,major,10.0
CAETANO,35,Meu bem meu mal,16,8,8,Y3,*7(#11),SubV/IV,2,major,10.5
CAETANO,35,Meu bem meu mal,17,7,7,Z0,*M7,IV,2,major,11.0
CAETANO,35,Meu bem meu mal,18,0,0,Y2,*7.9,bVII7,2,major,12.0
CAETANO,35,Meu bem meu mal,19,6,6,y0,*Ø,II__X,2,major,13.0
CAETANO,35,Meu bem meu mal,20,11,11,Y2.3,*7(b9),V/II,2,major,14.0
CAETANO,35,Meu bem meu mal,21,4,4,Y2,*7.9,V/V,2,major,15.0
CAETANO,35,Meu bem meu mal,22,9,9,Y2,*7.9,V,2,major,16.0
CAETANO,35,Meu bem meu mal,23,9,7,Y0,*7,V,2,major,16.5
CAETANO,35,Meu bem meu mal,24,6,6,y0,*Ø,II__X,2,major,17.0
CAETANO,35,Meu bem meu mal,25,11,11,Y2.3,*7(b9),V/II,2,major,18.0
CAETANO,35,Meu bem meu mal,26,4,4,w2,*mM711,II,2,major,19.0
CAETANO,35,Meu bem meu mal,27,4,4,z2,*m7.9,II,2,major,20.0
CAETANO,35,Meu bem meu mal,28,7,7,z1,*m6,IVm7,2,major,21.0
CAETANO,35,Meu bem meu mal,29,6,6,z0,*m7,II__X,2,major,22.0
CAETANO,35,Meu bem meu mal,30,11,11,Y2,*7.9,V/II,2,major,23.0
CAETANO,35,Meu bem meu mal,31,11,11,Y2.4,*7(#9),V/II,2,major,24.0
CAETANO,35,Meu bem meu mal,32,4,4,z0,*m7,II,2,major,25.0
CAETANO,35,Meu bem meu mal,33,9,9,Y0,*7,V,2,major,27.0
CAETANO,35,Meu bem meu mal,34,2,2,Z1.1,*6.9,I,2,major,28.0
CAETANO,35,Meu bem meu mal,35,8,8,Y3,*7(#11),SubV/IV,2,major,28.5
CAETANO,35,Meu bem meu mal,36,7,7,Z1.1,*6.9,IV,2,major,29.0
CAETANO,35,Meu bem meu mal,37,9,9,W2.1,*(#5)7(b9),V,2,major,30.0
CAETANO,35,Meu bem meu mal,38,2,2,Z1.1,*6.9,I,2,major,31.0
CAETANO,35,Meu bem meu mal,39,11,11,Y1.1,*4.7.9,V/II,2,major,32.0
CAETANO,35,Meu bem meu mal,40,11,11,Y2.3,*7(b9),V/II,2,major,33.0
CAETANO,35,Meu bem meu mal,41,4,4,z2,*m7.9,II,2,major,34.0
CAETANO,35,Meu bem meu mal,42,9,9,X0,*(b5)7,V,2,major,35.0
CAETANO,35,Meu bem meu mal,43,2,2,Z1.1,*6.9,I,2,major,36.0
CAETANO,35,Meu bem meu mal,44,0,0,Y1.1,*4.7.9,SubV/VI,2,major,36.5
CAETANO,35,Meu bem meu mal,45,11,11,Y2.3,*7(b9),V/II,2,major,37.0
CAETANO,35,Meu bem meu mal,46,9,9,Y1.1,*4.7.9,V,2,major,38.0
CAETANO,35,Meu bem meu mal,47,9,9,W2.1,*(#5)7(b9),V,2,major,39.0
CAETANO,35,Meu bem meu mal,48,2,2,Z1.1,*6.9,I,2,major,40.0
CAETANO,35,Meu bem meu mal,49,11,11,Y2.3,*7(b9),V/II,2,major,40.5
CAETANO,35,Meu bem meu mal,50,9,9,Y1.1,*4.7.9,V,2,major,41.0
CAETANO,35,Meu bem meu mal,51,9,9,W2.1,*(#5)7(b9),V,2,major,42.0
CAETANO,35,Meu bem meu mal,52,2,2,Z1.1,*6.9,I,2,major,43.0
CAETANO,36,Muito,1,7,7,V0,*,I,7,major,1.0
CAETANO,36,Muito,2,5,5,Z0,*M7,Np/VI,7,major,2.0
CAETANO,36,Muito,3,4,4,v0,*m,VI,7,major,3.0
CAETANO,36,Muito,4,3,3,Z0,*M7,bVI7M,7,major,4.0
CAETANO,36,Muito,5,0,0,V0,*,IV,7,major,5.0
CAETANO,36,Muito,6,3,3,Z0,*M7,bVI7M,7,major,6.0
CAETANO,36,Muito,7,5,5,V0,*,bVII7M,7,major,6.5
CAETANO,36,Muito,8,10,10,V0,*,bIII7M,7,major,7.0
CAETANO,36,Muito,9,9,9,y0,*Ø,IIm7(b5),7,major,8.0
CAETANO,36,Muito,10,2,2,Y0,*7,V,7,major,8.5
CAETANO,36,Muito,11,7,7,Z0,*M7,I,7,major,9.0
CAETANO,36,Muito,12,5,5,Z0,*M7,Np/VI,7,major,10.0
CAETANO,36,Muito,13,4,4,v0,*m,VI,7,major,11.0
CAETANO,36,Muito,14,3,3,Z0,*M7,bVI7M,7,major,12.0
CAETANO,36,Muito,15,0,0,V0,*,IV,7,major,13.0
CAETANO,36,Muito,16,3,3,Z0,*M7,bVI7M,7,major,14.0
CAETANO,36,Muito,17,5,5,V0,*,bVII7M,7,major,14.5
CAETANO,36,Muito,18,10,10,V0,*,bIII7M,7,major,15.0
CAETANO,36,Muito,19,9,9,y0,*Ø,IIm7(b5),7,major,16.0
CAETANO,36,Muito,20,2,2,Y0,*7,V,7,major,16.5
CAETANO,36,Muito,21,7,7,Z0,*M7,I,7,major,17.0
CAETANO,36,Muito,22,5,5,Z0,*M7,bVII7M,7,major,18.0
CAETANO,36,Muito,23,11,11,y0,*Ø,II__X,7,major,19.0
CAETANO,36,Muito,24,4,4,Y0,*7,V/II,7,major,20.0
CAETANO,36,Muito,25,1,1,y0,*Ø,#IVm7(b5),7,major,21.0
CAETANO,36,Muito,26,0,0,Z0,*M7,IV,7,major,22.0
CAETANO,36,Muito,27,11,11,y0,*Ø,II__X,7,major,23.0
CAETANO,36,Muito,28,4,4,Y0,*7,V/II,7,major,24.0
CAETANO,36,Muito,29,9,9,Y4,*7.13,V/V,7,major,25.0
CAETANO,36,Muito,30,9,9,Y4.1,*7(b13),V/V,7,major,25.5
CAETANO,36,Muito,31,2,2,Y2,*7.9,V,7,major,26.0
CAETANO,36,Muito,32,2,2,Y2.3,*7(b9),V,7,major,26.5
CAETANO,36,Muito,33,7,7,V0,*,I,7,major,27.0
CAETANO,37,Nao identificado,1,2,2,V0,*,I,2,major,1.0
CAETANO,37,Nao identificado,2,7,7,V0,*,IV,2,major,2.0
CAETANO,37,Nao identificado,3,11,11,v0,*m,VI,2,major,3.0
CAETANO,37,Nao identificado,4,4,4,v0,*m,II,2,major,4.0
CAETANO,37,Nao identificado,5,9,9,Y0,*7,V,2,major,5.0
CAETANO,37,Nao identificado,6,2,2,V0,*,I,2,major,6.0
CAETANO,37,Nao identificado,7,7,7,V0,*,IV,2,major,7.0
CAETANO,37,Nao identificado,8,2,2,V0,*,I,2,major,8.0
CAETANO,37,Nao identificado,9,7,7,V0,*,IV,2,major,9.0
CAETANO,37,Nao identificado,10,2,2,V0,*,I,2,major,10.0
CAETANO,37,Nao identificado,11,7,7,V0,*,IV,2,major,11.0
CAETANO,37,Nao identificado,12,11,11,v0,*m,VI,2,major,12.0
CAETANO,37,Nao identificado,13,4,4,v0,*m,II,2,major,13.0
CAETANO,37,Nao identificado,14,9,9,Y1,*4.7,V,2,major,14.0
CAETANO,37,Nao identificado,15,9,9,Y0,*7,V,2,major,14.5
CAETANO,37,Nao identificado,16,2,2,V0,*,I,2,major,15.0
CAETANO,37,Nao identificado,17,7,7,W0,*(#5)7,V,0,major,16.0
CAETANO,37,Nao identificado,18,0,0,Z0,*M7,I,0,major,17.0
CAETANO,37,Nao identificado,19,7,7,W0,*(#5)7,V,0,major,18.0
CAETANO,37,Nao identificado,20,0,0,Z0,*M7,I,0,major,19.0
CAETANO,37,Nao identificado,21,7,7,W0,*(#5)7,V,0,major,20.0
CAETANO,37,Nao identificado,22,0,0,Z0,*M7,I,0,major,21.0
CAETANO,37,Nao identificado,23,7,7,W0,*(#5)7,V,0,major,22.0
CAETANO,37,Nao identificado,24,0,0,Z0,*M7,I,0,major,23.0
CAETANO,37,Nao identificado,25,2,2,V0,*,I,2,major,24.0
CAETANO,38,Nosso estranho amor,1,4,4,V0,*,I,4,major,1.0
CAETANO,38,Nosso estranho amor,2,9,9,V0,*,IV,4,major,2.0
CAETANO,38,Nosso estranho amor,3,6,6,Y0,*7,V/V,4,major,3.0
CAETANO,38,Nosso estranho amor,4,11,11,Y0,*7,V,4,major,4.0
CAETANO,38,Nosso estranho amor,5,4,4,V0,*,I,4,major,5.0
CAETANO,38,Nosso estranho amor,6,9,9,V0,*,IV,4,major,6.0
CAETANO,38,Nosso estranho amor,7,6,6,Y0,*7,V/V,4,major,7.0
CAETANO,38,Nosso estranho amor,8,11,11,Y0,*7,V,4,major,8.0
CAETANO,38,Nosso estranho amor,9,1,1,v0,*m,VI,4,major,9.0
CAETANO,38,Nosso estranho amor,10,8,8,v0,*m,III,4,major,9.5
CAETANO,38,Nosso estranho amor,11,3,3,v0,*m,VIIm7,4,major,10.0
CAETANO,38,Nosso estranho amor,12,4,4,V0,*,I,4,major,10.5
CAETANO,38,Nosso estranho amor,13,9,9,V0,*,IV,4,major,11.0
CAETANO,38,Nosso estranho amor,14,9,9,z1,*m6,IVm7,4,major,11.5
CAETANO,38,Nosso estranho amor,15,8,8,z0,*m7,II__X,4,major,12.0
CAETANO,38,Nosso estranho amor,16,1,1,Y2.3,*7(b9),V/II,4,major,12.25
CAETANO,38,Nosso estranho amor,17,6,6,Y0,*7,V/V,4,major,12.5
CAETANO,38,Nosso estranho amor,18,11,11,Y0,*7,V,4,major,12.75
CAETANO,38,Nosso estranho amor,19,1,1,v0,*m,VI,4,major,13.0
CAETANO,38,Nosso estranho amor,20,8,8,v0,*m,III,4,major,13.5
CAETANO,38,Nosso estranho amor,21,3,3,v0,*m,VIIm7,4,major,14.0
CAETANO,38,Nosso estranho amor,22,4,4,V0,*,I,4,major,14.5
CAETANO,38,Nosso estranho amor,23,9,9,V0,*,IV,4,major,15.0
CAETANO,38,Nosso estranho amor,24,9,9,z1,*m6,IVm7,4,major,15.5
CAETANO,38,Nosso estranho amor,25,8,8,z0,*m7,II__X,4,major,16.0
CAETANO,38,Nosso estranho amor,26,1,1,Y2.3,*7(b9),V/II,4,major,16.25
CAETANO,38,Nosso estranho amor,27,6,6,Y0,*7,V/V,4,major,16.5
CAETANO,38,Nosso estranho amor,28,11,11,Y0,*7,V,4,major,16.75
CAETANO,38,Nosso estranho amor,29,4,4,V0,*,I,4,major,17.0
CAETANO,39,Odara,1,9,9,z0,*m7,IV,4,minor,1.0
CAETANO,39,Odara,2,2,2,Y0,*7,bVII7,4,minor,2.0
CAETANO,39,Odara,3,4,4,z0,*m7,I,4,minor,3.0
CAETANO,39,Odara,4,9,9,z0,*m7,IV,4,minor,5.0
CAETANO,39,Odara,5,2,2,Y0,*7,bVII7,4,minor,6.0
CAETANO,39,Odara,6,4,4,z0,*m7,I,4,minor,7.0
CAETANO,39,Odara,7,9,9,z0,*m7,IV,4,minor,9.0
CAETANO,39,Odara,8,2,2,Y0,*7,SubV/VI,4,major,10.0
CAETANO,39,Odara,9,1,1,z0,*m7,VI,4,major,11.0
CAETANO,39,Odara,10,0,0,Z0,*M7,bVI7M,4,major,12.0
CAETANO,39,Odara,11,11,11,z2,*m7.9,II__X,4,major,13.0
CAETANO,39,Odara,12,4,4,Y2,*7.9,V/IV,4,major,14.0
CAETANO,39,Odara,13,9,9,z0,*m7,IV,4,minor,15.0
CAETANO,39,Odara,14,2,2,Y0,*7,bVII7,4,minor,16.0
CAETANO,39,Odara,15,4,4,z0,*m7,I,4,minor,17.0
CAETANO,40,O leaozinho,1,0,0,V0,*,I,0,major,1.0
CAETANO,40,O leaozinho,2,7,7,Y0,*7,V,0,major,2.0
CAETANO,40,O leaozinho,3,9,9,v0,*m,VI,0,major,3.0
CAETANO,40,O leaozinho,4,4,4,v0,*m,III,0,major,4.0
CAETANO,40,O leaozinho,5,5,5,V0,*,IV,0,major,5.0
CAETANO,40,O leaozinho,6,10,10,V0,*,bVII7M,0,major,6.0
CAETANO,40,O leaozinho,7,0,0,V0,*,I,0,major,7.0
CAETANO,40,O leaozinho,8,9,9,v0,*m,I,9,minor,9.0
CAETANO,40,O leaozinho,9,9,9,w0,*mM7,I,9,minor,10.0
CAETANO,40,O leaozinho,10,9,9,z0,*m7,I,9,minor,11.0
CAETANO,40,O leaozinho,11,9,9,z1,*m6,I,9,minor,12.0
CAETANO,40,O leaozinho,12,5,5,V0,*,VI,9,minor,13.0
CAETANO,40,O leaozinho,13,9,4,v0,*m,I,9,minor,14.0
CAETANO,40,O leaozinho,14,2,2,z0,*m7,II,0,major,15.0
CAETANO,40,O leaozinho,15,7,7,Y0,*7,V,0,major,16.0
CAETANO,40,O leaozinho,16,0,0,V0,*,I,0,major,17.0
CAETANO,41,O quereres,1,0,0,V0,*,I,0,major,1.0
CAETANO,41,O quereres,2,2,6,Y0,*7,V/V,0,major,2.0
CAETANO,41,O quereres,3,0,0,V0,*,I,0,major,3.0
CAETANO,41,O quereres,4,2,6,Y0,*7,V/V,0,major,4.0
CAETANO,41,O quereres,5,9,9,v0,*m,VI,0,major,5.0
CAETANO,41,O quereres,6,9,9,x0,*°7,?,0,major,6.0
CAETANO,41,O quereres,7,9,9,v0,*m,VI,0,major,7.0
CAETANO,41,O quereres,8,5,5,V0,*,IV,0,major,8.0
CAETANO,41,O quereres,9,5,5,z1,*m6,IVm7,0,major,8.5
CAETANO,41,O quereres,10,0,0,V0,*,I,0,major,9.0
CAETANO,41,O quereres,11,9,9,z0,*m7,II__X,0,major,10.0
CAETANO,41,O quereres,12,2,2,Y1,*4.7,V/V,0,major,11.0
CAETANO,41,O quereres,13,9,9,z0,*m7,II__X,0,major,12.0
CAETANO,41,O quereres,14,2,2,Y1,*4.7,V/V,0,major,13.0
CAETANO,41,O quereres,15,5,5,V0,*,IV,0,major,13.5
CAETANO,41,O quereres,16,0,0,V0,*,I,0,major,14.0
CAETANO,42,Os argonautas,1,11,11,v0,*m,I,11,minor,1.0
CAETANO,42,Os argonautas,2,2,2,x0,*°7,bIII°,11,minor,1.5
CAETANO,42,Os argonautas,3,1,1,y0,*Ø,II,11,minor,2.0
CAETANO,42,Os argonautas,4,6,6,Y0,*7,V,11,minor,2.5
CAETANO,42,Os argonautas,5,11,11,v0,*m,I,11,minor,3.0
CAETANO,42,Os argonautas,6,2,2,x0,*°7,bIII°,11,minor,3.5
CAETANO,42,Os argonautas,7,1,1,y0,*Ø,II,11,minor,4.0
CAETANO,42,Os argonautas,8,6,6,Y0,*7,V,11,minor,4.5
CAETANO,42,Os argonautas,9,7,7,V0,*,VI,11,minor,5.0
CAETANO,42,Os argonautas,10,9,9,Y0,*7,V/III,11,minor,6.0
CAETANO,42,Os argonautas,11,2,2,V0,*,III,11,minor,7.0
CAETANO,42,Os argonautas,12,1,1,y0,*Ø,II,11,minor,8.0
CAETANO,42,Os argonautas,13,6,6,Y0,*7,V,11,minor,8.5
CAETANO,42,Os argonautas,14,11,11,v0,*m,I,11,minor,9.0
CAETANO,42,Os argonautas,15,2,2,x0,*°7,bIII°,11,minor,9.5
CAETANO,42,Os argonautas,16,1,1,y0,*Ø,II,11,minor,10.0
CAETANO,42,Os argonautas,17,6,6,Y0,*7,V,11,minor,10.5
CAETANO,42,Os argonautas,18,11,11,v0,*m,I,11,minor,11.0
CAETANO,42,Os argonautas,19,7,7,V0,*,VI,11,minor,13.0
CAETANO,42,Os argonautas,20,9,9,Y0,*7,V/III,11,minor,14.0
CAETANO,42,Os argonautas,21,11,11,V0,*,I,11,major,15.0
CAETANO,42,Os argonautas,22,3,3,v0,*m,III,11,major,16.0
CAETANO,42,Os argonautas,23,1,1,Y0,*7,V/V,11,major,17.0
CAETANO,42,Os argonautas,24,6,6,Y0,*7,V,11,major,18.0
CAETANO,42,Os argonautas,25,11,11,V0,*,I,11,major,19.0
CAETANO,42,Os argonautas,26,3,3,v0,*m,III,11,major,20.0
CAETANO,42,Os argonautas,27,1,1,Y0,*7,V/V,11,major,21.0
CAETANO,42,Os argonautas,28,6,6,Y0,*7,V,11,major,22.0
CAETANO,42,Os argonautas,29,11,11,v0,*m,I,11,minor,23.0
CAETANO,43,Quero ir a Cuba,1,0,0,V0,*,I,0,major,1.0
CAETANO,43,Quero ir a Cuba,2,4,4,v0,*m,III,0,major,1.5
CAETANO,43,Quero ir a Cuba,3,2,2,z0,*m7,II,0,major,2.0
CAETANO,43,Quero ir a Cuba,4,7,7,Y0,*7,V,0,major,2.5
CAETANO,43,Quero ir a Cuba,5,0,0,V0,*,I,0,major,3.0
CAETANO,43,Quero ir a Cuba,6,4,4,v0,*m,III,0,major,3.5
CAETANO,43,Quero ir a Cuba,7,2,2,z0,*m7,II,0,major,4.0
CAETANO,43,Quero ir a Cuba,8,7,7,Y0,*7,V,0,major,4.5
CAETANO,43,Quero ir a Cuba,9,0,0,V0,*,I,0,major,5.0
CAETANO,43,Quero ir a Cuba,10,4,4,v0,*m,III,0,major,5.5
CAETANO,43,Quero ir a Cuba,11,2,2,z0,*m7,II,0,major,6.0
CAETANO,43,Quero ir a Cuba,12,7,7,Y0,*7,V,0,major,6.5
CAETANO,43,Quero ir a Cuba,13,0,0,V0,*,I,0,major,7.0
CAETANO,43,Quero ir a Cuba,14,4,4,v0,*m,III,0,major,7.5
CAETANO,43,Quero ir a Cuba,15,2,2,z0,*m7,II,0,major,8.0
CAETANO,43,Quero ir a Cuba,16,7,7,Y0,*7,V,0,major,8.5
CAETANO,43,Quero ir a Cuba,17,0,0,V0,*,I,0,major,9.0
CAETANO,43,Quero ir a Cuba,18,4,4,v0,*m,III,0,major,9.5
CAETANO,43,Quero ir a Cuba,19,2,2,z0,*m7,II,0,major,10.0
CAETANO,43,Quero ir a Cuba,20,7,7,Y0,*7,V,0,major,10.5
CAETANO,43,Quero ir a Cuba,21,0,0,V0,*,I,0,major,11.0
CAETANO,43,Quero ir a Cuba,22,4,4,v0,*m,III,0,major,11.5
CAETANO,43,Quero ir a Cuba,23,2,2,z0,*m7,II,0,major,12.0
CAETANO,43,Quero ir a Cuba,24,7,7,Y0,*7,V,0,major,12.5
CAETANO,43,Quero ir a Cuba,25,4,4,v0,*m,II__X,0,major,13.0
CAETANO,43,Quero ir a Cuba,26,9,9,Y0,*7,V/II,0,major,13.5
CAETANO,43,Quero ir a Cuba,27,5,5,v0,*m,II__X,0,major,14.0
CAETANO,43,Quero ir a Cuba,28,10,10,Y0,*7,SubV/VI,0,major,14.5
CAETANO,43,Quero ir a Cuba,29,4,4,v0,*m,III,0,major,15.0
CAETANO,43,Quero ir a Cuba,30,4,4,Y0,*7,V,9,minor,15.5
CAETANO,43,Quero ir a Cuba,31,9,9,v0,*m,I,9,minor,16.0
CAETANO,43,Quero ir a Cuba,32,4,4,Y0,*7,V,9,minor,17.0
CAETANO,43,Quero ir a Cuba,33,9,9,v0,*m,I,9,minor,18.0
CAETANO,43,Quero ir a Cuba,34,4,4,Y0,*7,V,9,minor,19.0
CAETANO,43,Quero ir a Cuba,35,9,9,v0,*m,I,9,minor,20.0
CAETANO,43,Quero ir a Cuba,36,4,4,Y0,*7,V,9,minor,21.0
CAETANO,43,Quero ir a Cuba,37,9,9,v0,*m,I,9,minor,22.0
CAETANO,43,Quero ir a Cuba,38,4,4,Y0,*7,V,9,minor,23.0
CAETANO,43,Quero ir a Cuba,39,9,9,v0,*m,I,9,minor,24.0
CAETANO,43,Quero ir a Cuba,40,4,4,Y0,*7,V,9,minor,25.0
CAETANO,43,Quero ir a Cuba,41,9,9,v0,*m,I,9,minor,26.0
CAETANO,43,Quero ir a Cuba,42,4,4,Y0,*7,V,9,minor,27.0
CAETANO,43,Quero ir a Cuba,43,9,9,v0,*m,I,9,minor,28.0
CAETANO,43,Quero ir a Cuba,44,7,7,Y0,*7,V,0,major,29.0
CAETANO,43,Quero ir a Cuba,45,0,0,V0,*,I,0,major,30.0
CAETANO,43,Quero ir a Cuba,46,4,4,v0,*m,III,0,major,30.5
CAETANO,43,Quero ir a Cuba,47,2,2,z0,*m7,II,0,major,31.0
CAETANO,43,Quero ir a Cuba,48,7,7,Y0,*7,V,0,major,31.5
CAETANO,43,Quero ir a Cuba,49,0,0,V0,*,I,0,major,32.0
CAETANO,44,Outras palavras,1,0,0,z0,*m7,II,10,major,1.0
CAETANO,44,Outras palavras,2,5,5,Y0,*7,V,10,major,1.5
CAETANO,44,Outras palavras,3,0,0,z0,*m7,II,10,major,2.0
CAETANO,44,Outras palavras,4,5,5,Y0,*7,V,10,major,2.5
CAETANO,44,Outras palavras,5,0,0,z0,*m7,II,10,major,3.0
CAETANO,44,Outras palavras,6,5,5,Y0,*7,V,10,major,3.5
CAETANO,44,Outras palavras,7,0,0,z0,*m7,II,10,major,4.0
CAETANO,44,Outras palavras,8,5,5,Y0,*7,V,10,major,4.5
CAETANO,44,Outras palavras,9,0,0,z0,*m7,II,10,major,5.0
CAETANO,44,Outras palavras,10,5,5,Y0,*7,V,10,major,5.5
CAETANO,44,Outras palavras,11,0,0,z0,*m7,II,10,major,6.0
CAETANO,44,Outras palavras,12,5,5,Y0,*7,V,10,major,6.5
CAETANO,44,Outras palavras,13,0,0,z0,*m7,II,10,major,7.0
CAETANO,44,Outras palavras,14,5,5,Y0,*7,V,10,major,7.5
CAETANO,44,Outras palavras,15,7,7,z2,*m7.9,II,5,major,8.0
CAETANO,44,Outras palavras,16,2,2,z2,*m7.9,VI,5,major,8.5
CAETANO,44,Outras palavras,17,7,7,z2,*m7.9,II,5,major,9.0
CAETANO,44,Outras palavras,18,2,2,z2,*m7.9,VI,5,major,9.5
CAETANO,44,Outras palavras,19,7,7,z2,*m7.9,II,5,major,10.0
CAETANO,44,Outras palavras,20,0,0,z0,*m7,II__X,5,major,10.5
CAETANO,44,Outras palavras,21,5,5,Y0,*7,V/IV,5,major,10.75
CAETANO,44,Outras palavras,22,1,1,Z0,*M7,bVI7M,5,major,11.0
CAETANO,44,Outras palavras,23,7,7,z0,*m7,II,5,major,11.5
CAETANO,44,Outras palavras,24,0,0,Y2,*7.9,V,5,major,11.75
CAETANO,44,Outras palavras,25,5,5,Z0,*M7,I,5,major,12.0
CAETANO,44,Outras palavras,26,1,1,Z0,*M7,bVI7M,5,major,13.0
CAETANO,44,Outras palavras,27,7,7,z0,*m7,II,5,major,13.5
CAETANO,44,Outras palavras,28,0,0,Y2,*7.9,V,5,major,13.75
CAETANO,44,Outras palavras,29,2,2,z2,*m7.9,VI,5,major,14.0
CAETANO,44,Outras palavras,30,1,1,Z0,*M7,bVI7M,5,major,15.0
CAETANO,44,Outras palavras,31,7,7,z0,*m7,II,5,major,15.5
CAETANO,44,Outras palavras,32,0,0,Y2,*7.9,V,5,major,15.75
CAETANO,44,Outras palavras,33,5,5,Z0,*M7,I,5,major,16.0
CAETANO,44,Outras palavras,34,1,1,Z0,*M7,bVI7M,5,major,17.0
CAETANO,44,Outras palavras,35,7,7,z0,*m7,II,5,major,17.5
CAETANO,44,Outras palavras,36,0,0,Y2,*7.9,V,5,major,17.75
CAETANO,44,Outras palavras,37,10,10,Z0,*M7,I,10,major,18.0
CAETANO,45,Pecado original,1,9,9,z0,*m7,I,9,minor,1.0
CAETANO,45,Pecado original,2,11,11,z3,*m7.11,II,9,minor,2.0
CAETANO,45,Pecado original,3,10,10,Y3,*7(#11),SubV,9,minor,2.5
CAETANO,45,Pecado original,4,9,9,z0,*m7,I,9,minor,3.0
CAETANO,45,Pecado original,5,8,8,Y0,*7,SubV/V,0,major,4.0
CAETANO,45,Pecado original,6,7,7,z3,*m7.11,II__X,0,major,5.0
CAETANO,45,Pecado original,7,6,6,Y3,*7(#11),SubV/IV,0,major,6.0
CAETANO,45,Pecado original,8,5,5,Z0,*M7,IV,0,major,7.0
CAETANO,45,Pecado original,9,5,5,z1,*m6,IVm7,0,major,8.0
CAETANO,45,Pecado original,10,4,4,z0,*m7,II__X,0,major,9.0
CAETANO,45,Pecado original,11,3,3,Y2,*7.9,SubV/II,0,major,10.0
CAETANO,45,Pecado original,12,2,2,z2,*m7.9,II,0,major,11.0
CAETANO,45,Pecado original,13,7,7,Y4,*7.13,V,0,major,12.0
CAETANO,45,Pecado original,14,7,7,Y4.1,*7(b13),V,0,major,12.5
CAETANO,45,Pecado original,15,0,0,Z0,*M7,I,0,major,13.0
CAETANO,45,Pecado original,16,6,6,y0,*Ø,II__X,0,major,14.0
CAETANO,45,Pecado original,17,11,11,Y2.3,*7(b9),V/III,0,major,14.5
CAETANO,45,Pecado original,18,4,4,Z0,*M7,I,4,major,15.0
CAETANO,45,Pecado original,19,5,5,Z0,*M7,bII7M,4,major,17.0
CAETANO,45,Pecado original,20,6,6,z0,*m7,II,4,major,19.0
CAETANO,45,Pecado original,21,11,11,Y2,*7.9,V,4,major,20.0
CAETANO,45,Pecado original,22,11,11,z2,*m7.9,II,9,minor,21.0
CAETANO,45,Pecado original,23,4,4,Y4.1,*7(b13),V,9,minor,22.0
CAETANO,45,Pecado original,24,9,9,z0,*m7,I,9,minor,23.0
CAETANO,46,Rapte-me camaleoa,1,9,9,V0,*,I,9,major,1.0
CAETANO,46,Rapte-me camaleoa,2,7,7,V0,*,bVII7M,9,major,3.0
CAETANO,46,Rapte-me camaleoa,3,6,6,z0,*m7,II__X,9,major,4.0
CAETANO,46,Rapte-me camaleoa,4,11,11,Y2,*7.9,V/V,9,major,5.0
CAETANO,46,Rapte-me camaleoa,5,6,6,z0,*m7,II__X,9,major,6.0
CAETANO,46,Rapte-me camaleoa,6,11,11,Y2,*7.9,V/V,9,major,7.0
CAETANO,46,Rapte-me camaleoa,7,6,6,z0,*m7,II__X,9,major,8.0
CAETANO,46,Rapte-me camaleoa,8,11,11,Y2,*7.9,V/V,9,major,9.0
CAETANO,46,Rapte-me camaleoa,9,4,4,V0,*,V,9,major,10.0
CAETANO,46,Rapte-me camaleoa,10,2,2,V0,*,IV,9,major,11.0
CAETANO,46,Rapte-me camaleoa,11,4,4,V0,*,V,9,major,12.0
CAETANO,46,Rapte-me camaleoa,12,2,2,V0,*,IV,9,major,13.0
CAETANO,46,Rapte-me camaleoa,13,4,4,V0,*,V,9,major,14.0
CAETANO,46,Rapte-me camaleoa,14,2,2,V0,*,IV,9,major,15.0
CAETANO,46,Rapte-me camaleoa,15,4,4,V0,*,V,9,major,16.0
CAETANO,46,Rapte-me camaleoa,16,2,2,V0,*,IV,9,major,17.0
CAETANO,46,Rapte-me camaleoa,17,9,9,V0,*,I,9,major,18.0
CAETANO,46,Rapte-me camaleoa,18,7,7,V0,*,bVII7M,9,major,19.0
CAETANO,46,Rapte-me camaleoa,19,9,9,V0,*,I,9,major,20.0
CAETANO,47,Podres poderes,1,9,9,V0,*,I,9,major,1.0
CAETANO,47,Podres poderes,2,11,9,Y0,*7,V/V,9,major,3.0
CAETANO,47,Podres poderes,3,2,2,V0,*,IV,9,major,5.0
CAETANO,47,Podres poderes,4,4,4,V0,*,V,9,major,6.0
CAETANO,47,Podres poderes,5,5,5,V0,*,aNP/VI,9,major,6.5
CAETANO,47,Podres poderes,6,6,6,v0,*m,VI,9,major,7.0
CAETANO,47,Podres poderes,7,0,0,V0,*,I,0,major,9.0
CAETANO,47,Podres poderes,8,4,4,Y0,*7,aSubV/IV,0,major,11.0
CAETANO,47,Podres poderes,9,5,5,V0,*,IV,0,major,13.0
CAETANO,47,Podres poderes,10,10,10,Y0,*7,bVII7,0,major,15.0
CAETANO,47,Podres poderes,11,0,0,V0,*,I,0,major,17.0
CAETANO,47,Podres poderes,12,4,4,Y0,*7,aSubV/IV,0,major,19.0
CAETANO,47,Podres poderes,13,5,5,V0,*,IV,0,major,21.0
CAETANO,47,Podres poderes,14,10,10,Y0,*7,SubV,9,major,23.0
CAETANO,47,Podres poderes,15,9,9,V0,*,I,9,major,25.0
CAETANO,48,Sim nao,1,7,7,V0,*,I,7,major,1.0
CAETANO,48,Sim nao,2,0,0,V0,*,IV,7,major,2.0
CAETANO,48,Sim nao,3,2,2,Y0,*7,V,7,major,2.5
CAETANO,48,Sim nao,4,7,7,V0,*,I,7,major,3.0
CAETANO,48,Sim nao,5,0,0,V0,*,IV,7,major,4.0
CAETANO,48,Sim nao,6,2,2,Y0,*7,V,7,major,4.5
CAETANO,48,Sim nao,7,7,7,V0,*,I,7,major,5.0
CAETANO,48,Sim nao,8,0,0,V0,*,IV,7,major,5.5
CAETANO,48,Sim nao,9,2,2,Y0,*7,V,7,major,6.0
CAETANO,48,Sim nao,10,0,0,V0,*,IV,7,major,7.0
CAETANO,48,Sim nao,11,2,2,Y0,*7,V,7,major,7.5
CAETANO,48,Sim nao,12,7,7,V0,*,I,7,major,8.0
CAETANO,48,Sim nao,13,0,0,V0,*,IV,7,major,9.0
CAETANO,48,Sim nao,14,2,2,Y0,*7,V,7,major,9.5
CAETANO,48,Sim nao,15,7,7,V0,*,I,7,major,10.0
CAETANO,49,Sampa,1,0,0,Z0,*M7,I,0,major,1.0
CAETANO,49,Sampa,2,11,11,z3,*m7.11,II__X,0,major,2.0
CAETANO,49,Sampa,3,4,4,Y2.3,*7(b9),V/VI,0,major,2.5
CAETANO,49,Sampa,4,9,9,w0,*mM7,VI,0,major,3.0
CAETANO,49,Sampa,5,9,9,z0,*m7,VI,0,major,3.5
CAETANO,49,Sampa,6,7,7,z0,*m7,II__X,0,major,4.0
CAETANO,49,Sampa,7,6,6,Y3,*7(#11),SubV/IV,0,major,4.5
CAETANO,49,Sampa,8,5,5,V0,*,IV,0,major,5.0
CAETANO,49,Sampa,9,9,9,Y0,*7,V/II,0,major,6.0
CAETANO,49,Sampa,10,2,2,z0,*m7,II,0,major,7.0
CAETANO,49,Sampa,11,7,7,Y0,*7,V,0,major,9.0
CAETANO,49,Sampa,12,8,8,x0,*°7,V°/VI,0,major,10.0
CAETANO,49,Sampa,13,9,9,z0,*m7,VI,0,major,11.0
CAETANO,49,Sampa,14,2,2,Y2,*7.9,V/V,0,major,13.0
CAETANO,49,Sampa,15,2,2,z2,*m7.9,II,0,major,17.0
CAETANO,49,Sampa,16,7,7,Y4,*7.13,V,0,major,18.0
CAETANO,49,Sampa,17,7,7,Y4.1,*7(b13),V,0,major,18.5
CAETANO,49,Sampa,18,7,7,z0,*m7,II__X,0,major,19.0
CAETANO,49,Sampa,19,0,0,Y2,*7.9,V/IV,0,major,20.0
CAETANO,49,Sampa,20,5,5,Z0,*M7,IV,0,major,21.0
CAETANO,49,Sampa,21,6,6,x0,*°7,V°/V,0,major,22.0
CAETANO,49,Sampa,22,0,7,V0,*,I,0,major,23.0
CAETANO,49,Sampa,23,9,9,Y0,*7,V/II,0,major,23.5
CAETANO,49,Sampa,24,2,2,z0,*m7,II,0,major,24.0
CAETANO,49,Sampa,25,7,7,Y0,*7,V,0,major,24.5
CAETANO,49,Sampa,26,4,4,Y0,*7,V/VI,0,major,25.0
CAETANO,49,Sampa,27,9,9,Y0,*7,V/II,0,major,26.0
CAETANO,49,Sampa,28,2,2,Y2,*7.9,V/V,0,major,27.0
CAETANO,49,Sampa,29,8,8,z1,*m6,bVIm7,0,major,28.0
CAETANO,49,Sampa,30,7,7,Y0,*7,V,0,major,28.5
CAETANO,49,Sampa,31,0,0,Z1.1,*6.9,I,0,major,29.0
CAETANO,50,Superbacana,1,0,0,V0,*,I,0,major,1.0
CAETANO,50,Superbacana,2,7,11,V0,*,V,0,major,1.5
CAETANO,50,Superbacana,3,9,9,z0,*m7,VI,0,major,2.0
CAETANO,50,Superbacana,4,0,7,Y0,*7,V/IV,0,major,2.5
CAETANO,50,Superbacana,5,5,5,Z0,*M7,IV,0,major,3.0
CAETANO,50,Superbacana,6,10,10,Y2,*7.9,SubV/VI,0,major,3.5
CAETANO,50,Superbacana,7,9,9,Z0,*M7,I,9,major,4.0
CAETANO,50,Superbacana,8,6,6,z0,*m7,VI,9,major,4.5
CAETANO,50,Superbacana,9,11,11,z0,*m7,II,9,major,5.0
CAETANO,50,Superbacana,10,4,4,Y2,*7.9,V,9,major,5.5
CAETANO,50,Superbacana,11,1,1,Y4,*7.13,V/VI,9,major,6.0
CAETANO,50,Superbacana,12,1,1,Y4.1,*7(b13),V/VI,9,major,6.5
CAETANO,50,Superbacana,13,6,6,Y2,*7.9,V/II,9,major,7.0
CAETANO,50,Superbacana,14,11,11,Y4,*7.13,V/V,9,major,8.0
CAETANO,50,Superbacana,15,4,4,Y2,*7.9,V,9,major,9.0
CAETANO,50,Superbacana,16,9,9,V0,*,I,9,major,10.0
CAETANO,50,Superbacana,17,6,6,z0,*m7,VI,9,major,10.5
CAETANO,50,Superbacana,18,11,11,z0,*m7,II,9,major,11.0
CAETANO,50,Superbacana,19,4,4,Y2,*7.9,V,9,major,11.5
CAETANO,50,Superbacana,20,9,9,Z0,*M7,I,9,major,12.0
CAETANO,50,Superbacana,21,6,6,z0,*m7,VI,9,major,12.5
CAETANO,50,Superbacana,22,11,11,z0,*m7,II,9,major,13.0
CAETANO,50,Superbacana,23,4,4,Y2,*7.9,V,9,major,13.5
CAETANO,50,Superbacana,24,0,0,V0,*,I,0,major,14.0
CAETANO,50,Superbacana,25,7,11,V0,*,V,0,major,14.5
CAETANO,50,Superbacana,26,9,9,z0,*m7,VI,0,major,15.0
CAETANO,50,Superbacana,27,0,7,Y0,*7,V/IV,0,major,15.5
CAETANO,50,Superbacana,28,5,5,Z0,*M7,IV,0,major,16.0
CAETANO,50,Superbacana,29,10,10,Y2,*7.9,SubV,9,major,16.5
CAETANO,50,Superbacana,30,9,9,Z0,*M7,I,9,major,17.0
CAETANO,50,Superbacana,31,6,6,z0,*m7,VI,9,major,17.5
CAETANO,50,Superbacana,32,11,11,z0,*m7,II,9,major,18.0
CAETANO,50,Superbacana,33,4,4,Y2,*7.9,V,9,major,18.5
CAETANO,50,Superbacana,34,1,1,Y4,*7.13,V/VI,9,major,19.0
CAETANO,50,Superbacana,35,1,1,Y4.1,*7(b13),V/VI,9,major,20.0
CAETANO,50,Superbacana,36,6,6,Y2,*7.9,V/II,9,major,21.0
CAETANO,50,Superbacana,37,11,11,Y4,*7.13,V/V,9,major,22.0
CAETANO,50,Superbacana,38,11,11,z0,*m7,II,9,major,23.0
CAETANO,50,Superbacana,39,4,4,Y2,*7.9,V,9,major,23.5
CAETANO,50,Superbacana,40,9,9,V0,*,I,9,major,24.0
CHICO,1,A banda,1,2,2,Z1.1,*6.9,I,2,major,1.0
CHICO,1,A banda,2,9,9,Y0,*7,V,2,major,3.0
CHICO,1,A banda,3,6,6,z0,*m7,II__X,2,major,5.0
CHICO,1,A banda,4,11,11,Y0,*7,V/II,2,major,6.0
CHICO,1,A banda,5,4,4,z2,*m7.9,II,2,major,7.0
CHICO,1,A banda,6,9,9,Y0,*7,V,2,major,8.0
CHICO,1,A banda,7,2,2,Z1.1,*6.9,I,2,major,9.0
CHICO,1,A banda,8,9,9,Y0,*7,V,2,major,11.0
CHICO,1,A banda,9,6,6,z0,*m7,II__X,2,major,13.0
CHICO,1,A banda,10,11,11,Y0,*7,V/II,2,major,14.0
CHICO,1,A banda,11,4,4,z2,*m7.9,II,2,major,15.0
CHICO,1,A banda,12,9,9,Y0,*7,V,2,major,16.0
CHICO,1,A banda,13,2,2,Z1.1,*6.9,I,2,major,17.0
CHICO,1,A banda,14,2,2,Z0,*M7,I,2,major,19.0
CHICO,1,A banda,15,9,9,Y0,*7,V,2,major,21.0
CHICO,1,A banda,16,6,9,y0,*Ø,II__X,2,major,23.0
CHICO,1,A banda,17,11,11,Y0,*7,V/II,2,major,24.0
CHICO,1,A banda,18,4,4,z0,*m7,II,2,major,25.0
CHICO,1,A banda,19,1,1,z0,*m7,II__X,2,major,27.0
CHICO,1,A banda,20,6,6,Y2,*7.9,II__X,2,major,28.0
CHICO,1,A banda,21,6,6,z0,*m7,II__X,2,major,29.0
CHICO,1,A banda,22,11,11,Y0,*7,V/II,2,major,30.0
CHICO,1,A banda,23,4,4,Y2,*7.9,V/V,2,major,31.0
CHICO,1,A banda,24,4,4,z2,*m7.9,II,2,major,33.0
CHICO,1,A banda,25,9,9,Y0,*7,V,2,major,34.0
CHICO,1,A banda,26,2,2,Z0,*M7,I,2,major,35.0
CHICO,1,A banda,27,9,9,Y0,*7,V,2,major,37.0
CHICO,1,A banda,28,6,9,y0,*Ø,II__X,2,major,39.0
CHICO,1,A banda,29,11,11,Y0,*7,V/II,2,major,40.0
CHICO,1,A banda,30,4,4,z0,*m7,II,2,major,41.0
CHICO,1,A banda,31,1,1,z0,*m7,II__X,2,major,43.0
CHICO,1,A banda,32,6,6,Y2,*7.9,V/VI,2,major,44.0
CHICO,1,A banda,33,6,6,z0,*m7,II__X,2,major,45.0
CHICO,1,A banda,34,11,11,Y0,*7,V/II,2,major,46.0
CHICO,1,A banda,35,4,4,Y2,*7.9,V/V,2,major,47.0
CHICO,1,A banda,36,9,9,Y0,*7,V,2,major,48.0
CHICO,1,A banda,37,2,2,Z1.1,*6.9,I,2,major,49.0
CHICO,1,A banda,38,9,9,Y0,*7,V,2,major,51.0
CHICO,1,A banda,39,6,6,z0,*m7,II__X,2,major,53.0
CHICO,1,A banda,40,11,11,Y0,*7,V/II,2,major,54.0
CHICO,1,A banda,41,4,4,Y2,*7.9,V/V,2,major,55.0
CHICO,1,A banda,42,9,9,Y0,*7,V,2,major,56.0
CHICO,1,A banda,43,2,2,Z1.1,*6.9,I,2,major,57.0
CHICO,1,A banda,44,9,9,Y0,*7,V,2,major,59.0
CHICO,1,A banda,45,6,6,z0,*m7,II__X,2,major,61.0
CHICO,1,A banda,46,11,11,Y0,*7,V/II,2,major,62.0
CHICO,1,A banda,47,4,4,Y2,*7.9,V/V,2,major,63.0
CHICO,1,A banda,48,9,9,Y0,*7,V,2,major,64.0
CHICO,1,A banda,49,2,2,Z1.1,*6.9,I,2,major,65.0
CHICO,1,A banda,50,11,11,Y0,*7,V/II,2,major,66.0
CHICO,1,A banda,51,4,4,Y2,*7.9,V/V,2,major,67.0
CHICO,1,A banda,52,9,9,Y0,*7,V,2,major,68.0
CHICO,1,A banda,53,2,2,Z1.1,*6.9,I,2,major,69.0
CHICO,2,A Rita,1,11,11,z0,*m7,II,9,major,1.0
CHICO,2,A Rita,2,4,4,Y2,*7.9,V,9,major,2.0
CHICO,2,A Rita,3,9,9,Z0,*M7,I,9,major,3.0
CHICO,2,A Rita,4,9,9,Z1,*6,I,9,major,4.0
CHICO,2,A Rita,5,4,4,z0,*m7,II__X,9,major,5.0
CHICO,2,A Rita,6,9,9,Y0,*7,V/IV,9,major,6.0
CHICO,2,A Rita,7,2,2,Z0,*M7,IV,9,major,7.0
CHICO,2,A Rita,8,2,2,Z1,*6,IV,9,major,8.0
CHICO,2,A Rita,9,2,2,z1,*m6,IVm7,9,major,9.0
CHICO,2,A Rita,10,1,1,z1,*m6,II__X,9,major,11.0
CHICO,2,A Rita,11,6,6,Y2.3,*7(b9),V/II,9,major,12.0
CHICO,2,A Rita,12,11,11,Y0,*7,V/V,9,major,13.0
CHICO,2,A Rita,13,4,4,Y2,*7.9,V,9,major,15.0
CHICO,2,A Rita,14,9,9,Z1,*6,I,9,major,16.0
CHICO,3,Acorda amor,1,7,7,Z1,*6,I,7,major,1.0
CHICO,3,Acorda amor,2,1,1,y0,*Ø,II__X,7,major,2.0
CHICO,3,Acorda amor,3,6,6,Y4.1,*7(b13),V/III,7,major,2.5
CHICO,3,Acorda amor,4,11,11,z0,*m7,III,7,major,3.0
CHICO,3,Acorda amor,5,2,5,v0,*m,Vm7,7,major,4.0
CHICO,3,Acorda amor,6,4,4,Y2,*7.9,V/II,7,major,4.5
CHICO,3,Acorda amor,7,9,9,z0,*m7,II,7,major,5.0
CHICO,3,Acorda amor,8,2,2,Y2,*7.9,V,7,major,6.0
CHICO,3,Acorda amor,9,2,2,z0,*m7,II__X,7,major,7.0
CHICO,3,Acorda amor,10,7,7,W0,*(#5)7,V/IV,7,major,8.0
CHICO,3,Acorda amor,11,0,0,z0,*m7,IVm7,7,major,9.0
CHICO,3,Acorda amor,12,0,0,z1,*m6,IVm7,7,major,10.0
CHICO,3,Acorda amor,13,11,11,z0,*m7,II__X,7,major,11.0
CHICO,3,Acorda amor,14,4,4,Y2,*7.9,V/II,7,major,12.0
CHICO,3,Acorda amor,15,9,9,Y2,*7.9,V/V,7,major,13.0
CHICO,3,Acorda amor,16,2,2,Y2,*7.9,V,7,major,14.0
CHICO,3,Acorda amor,17,7,7,Y0,*7,V/IV,7,major,15.0
CHICO,3,Acorda amor,18,7,7,Y4.1,*7(b13),V/IV,7,major,16.0
CHICO,3,Acorda amor,19,1,1,y0,*Ø,II__X,7,major,17.0
CHICO,3,Acorda amor,20,6,6,Y4.1,*7(b13),V/III,7,major,18.0
CHICO,3,Acorda amor,21,11,11,z0,*m7,III,7,major,19.0
CHICO,3,Acorda amor,22,2,5,v0,*m,Vm7,7,major,20.0
CHICO,3,Acorda amor,23,4,4,Y0,*7,V/II,7,major,20.5
CHICO,3,Acorda amor,24,9,9,z0,*m7,II,7,major,21.0
CHICO,3,Acorda amor,25,2,2,Y2,*7.9,V,7,major,22.0
CHICO,3,Acorda amor,26,2,2,z0,*m7,II__X,7,major,23.0
CHICO,3,Acorda amor,27,7,7,W0,*(#5)7,V/IV,7,major,24.0
CHICO,3,Acorda amor,28,0,0,z0,*m7,IVm7,7,major,25.0
CHICO,3,Acorda amor,29,0,0,z1,*m6,IVm7,7,major,26.0
CHICO,3,Acorda amor,30,11,11,z0,*m7,III,7,major,27.0
CHICO,3,Acorda amor,31,4,4,z0,*m7,II__X,7,major,28.0
CHICO,3,Acorda amor,32,9,9,Y1.1,*4.7.9,V/V,7,major,29.0
CHICO,3,Acorda amor,33,9,9,Y2,*7.9,V/V,7,major,30.0
CHICO,3,Acorda amor,34,9,9,y0,*Ø,IIm7(b5),7,major,31.0
CHICO,3,Acorda amor,35,8,8,Y3,*7(#11),SubV,7,major,32.0
CHICO,4,Agora falando serio,1,4,4,v0,*m,I,4,minor,1.0
CHICO,4,Agora falando serio,2,9,9,v0,*m,IV,4,minor,1.5
CHICO,4,Agora falando serio,3,4,4,v0,*m,I,4,minor,1.75
CHICO,4,Agora falando serio,4,9,9,v0,*m,IV,4,minor,2.0
CHICO,4,Agora falando serio,5,11,11,Y0,*7,V,4,minor,3.0
CHICO,4,Agora falando serio,6,4,4,V0,*,V/IV,4,minor,4.0
CHICO,4,Agora falando serio,7,4,4,V4,*(#5),V/IV,4,minor,5.0
CHICO,4,Agora falando serio,8,2,2,Y2,*7.9,V/III,4,minor,5.5
CHICO,4,Agora falando serio,9,7,7,V0,*,III,4,minor,6.0
CHICO,4,Agora falando serio,10,6,6,Y0,*7,V/V,4,minor,7.0
CHICO,4,Agora falando serio,11,11,11,Y0,*7,V,4,minor,9.0
CHICO,4,Agora falando serio,12,2,2,Y2,*7.9,V/III,4,minor,10.0
CHICO,4,Agora falando serio,13,7,7,V0,*,III,4,minor,11.0
CHICO,4,Agora falando serio,14,6,6,Y0,*7,V/V,4,minor,12.0
CHICO,4,Agora falando serio,15,11,11,Y0,*7,V,4,minor,13.0
CHICO,4,Agora falando serio,16,4,4,v0,*m,I,4,minor,14.0
CHICO,4,Agora falando serio,17,9,9,v0,*m,IV,4,minor,15.0
CHICO,4,Agora falando serio,18,4,4,v0,*m,I,4,minor,16.0
CHICO,5,Atras da porta,1,9,9,v1,*m.9,I,9,minor,1.0
CHICO,5,Atras da porta,2,1,7,v1,*m.9,I,9,minor,2.0
CHICO,5,Atras da porta,3,6,6,y0,*Ø,II__X,9,minor,3.0
CHICO,5,Atras da porta,4,11,11,X0,*(b5)7,V/V,9,minor,4.0
CHICO,5,Atras da porta,5,11,11,Y0,*7,V/V,9,minor,4.5
CHICO,5,Atras da porta,6,0,0,Z3,*M7(#11),III,9,minor,5.0
CHICO,5,Atras da porta,7,0,0,Y3,*7(#11),SubV/II,9,minor,6.0
CHICO,5,Atras da porta,8,11,11,Y1.1,*4.7.9,V/V,9,minor,7.0
CHICO,5,Atras da porta,9,11,11,Y2.3,*7(b9),V/V,9,minor,8.0
CHICO,5,Atras da porta,10,4,4,Y1.1,*4.7.9,V,9,minor,9.0
CHICO,5,Atras da porta,11,4,4,Y1.1.3,*4.7(b9),V,9,minor,9.5
CHICO,5,Atras da porta,12,4,4,Y2.3,*7(b9),V,9,minor,10.0
CHICO,5,Atras da porta,13,9,9,w1,*mM7.9,I,9,minor,11.0
CHICO,5,Atras da porta,14,9,7,v1,*m.9,I,9,minor,12.0
CHICO,5,Atras da porta,15,6,6,Y1,*4.7,V/II,9,minor,13.0
CHICO,5,Atras da porta,16,0,0,Z3,*M7(#11),III,9,minor,14.0
CHICO,5,Atras da porta,17,0,0,Y3,*7(#11),SubV/II,9,minor,14.5
CHICO,5,Atras da porta,18,11,11,Y1.1,*4.7.9,V/V,9,minor,15.0
CHICO,5,Atras da porta,19,11,11,Y1.1.3,*4.7(b9),V/V,9,minor,16.0
CHICO,5,Atras da porta,20,11,9,Y0,*7,V/V,9,minor,16.5
CHICO,5,Atras da porta,21,7,7,Z1,*6,bVII7M,9,minor,17.0
CHICO,5,Atras da porta,22,0,7,Z0,*M7,III,9,minor,18.0
CHICO,5,Atras da porta,23,0,7,Z1,*6,III,9,minor,18.5
CHICO,5,Atras da porta,24,6,6,y1,*Ø.9,II__X,9,minor,19.0
CHICO,5,Atras da porta,25,6,6,y0,*Ø,II__X,9,minor,19.5
CHICO,5,Atras da porta,26,11,11,Y1.1.3,*4.7(b9),V/V,9,minor,20.0
CHICO,5,Atras da porta,27,11,11,Y2.3,*7(b9),V/V,9,minor,20.5
CHICO,5,Atras da porta,28,9,4,Z1,*6,IV,4,major,21.0
CHICO,5,Atras da porta,29,4,4,Z2,*M7.9,I,4,major,21.5
CHICO,5,Atras da porta,30,9,9,Z0,*M7,IV,4,major,22.0
CHICO,5,Atras da porta,31,3,3,y1,*Ø.9,II__X,4,major,23.0
CHICO,5,Atras da porta,32,3,3,y0,*Ø,II__X,4,major,23.5
CHICO,5,Atras da porta,33,8,8,Y2.3,*7(b9),V/VI,4,major,24.0
CHICO,5,Atras da porta,34,1,1,z0,*m7,II__X,4,major,25.0
CHICO,5,Atras da porta,35,6,6,Y2.1,*7.9(#11),V/II,4,major,26.0
CHICO,5,Atras da porta,36,9,1,z1,*m6,IVm7,4,major,27.0
CHICO,5,Atras da porta,37,11,11,Y2.3,*7(b9),V,4,major,28.0
CHICO,5,Atras da porta,38,4,4,Y1.1,*4.7.9,V,9,minor,29.0
CHICO,5,Atras da porta,39,4,4,Y1.1.3,*4.7(b9),V,9,minor,29.5
CHICO,5,Atras da porta,40,4,4,Y2.3,*7(b9),V,9,minor,30.0
CHICO,5,Atras da porta,41,9,9,y1,*Ø.9,I,9,minor,31.0
CHICO,5,Atras da porta,42,9,7,v1,*m.9,I,9,minor,31.5
CHICO,6,Biscate,1,9,9,z0,*m7,I,9,minor,1.0
CHICO,6,Biscate,2,4,8,Y0,*7,V,9,minor,1.5
CHICO,6,Biscate,3,9,0,v0,*m,I,9,minor,2.0
CHICO,6,Biscate,4,9,1,Y0,*7,V/IV,9,minor,2.5
CHICO,6,Biscate,5,2,2,z0,*m7,IV,9,minor,3.0
CHICO,6,Biscate,6,2,2,z1,*m6,IV,9,minor,3.5
CHICO,6,Biscate,7,10,1,v0,*m,bVIIm7,0,major,4.0
CHICO,6,Biscate,8,0,0,Y0,*7,V/IV,0,major,4.5
CHICO,6,Biscate,9,6,6,y0,*Ø,#IVm7(b5),0,major,5.0
CHICO,6,Biscate,10,5,5,z1,*m6,IVm7,0,major,5.5
CHICO,6,Biscate,11,0,4,z1,*m6,I,0,major,6.0
CHICO,6,Biscate,12,9,4,Y0,*7,V/II,0,major,6.5
CHICO,6,Biscate,13,2,2,Y0,*7,V/V,0,major,7.0
CHICO,6,Biscate,14,2,2,z1,*m6,II,0,major,7.5
CHICO,6,Biscate,15,0,0,Z1,*6,I,0,major,8.0
CHICO,6,Biscate,16,0,0,Y0,*7,V/IV,0,major,8.5
CHICO,6,Biscate,17,11,11,z0,*m7,II__X,0,major,9.0
CHICO,6,Biscate,18,4,4,Y0,*7,V,9,minor,9.5
CHICO,6,Biscate,19,5,0,Z1,*6,VI,9,minor,10.0
CHICO,6,Biscate,20,2,6,Y0,*7,IV7,9,minor,10.5
CHICO,6,Biscate,21,2,2,z0,*m7,IV,9,minor,11.0
CHICO,6,Biscate,22,4,8,Y0,*7,V,9,minor,11.5
CHICO,6,Biscate,23,8,3,V1,*4,aSubV,9,minor,12.0
CHICO,6,Biscate,24,8,8,Y0,*7,aSubV,9,minor,12.5
CHICO,6,Biscate,25,5,5,z0,*m7,I,5,minor,13.0
CHICO,6,Biscate,26,0,4,Y0,*7,V,5,minor,13.5
CHICO,6,Biscate,27,8,3,Y0,*7,V/VI,5,minor,14.0
CHICO,6,Biscate,28,10,2,Y0,*7,IV7,5,minor,14.5
CHICO,6,Biscate,29,5,5,z0,*m7,I,5,minor,15.0
CHICO,6,Biscate,30,0,4,Y0,*7,V,5,minor,15.5
CHICO,6,Biscate,31,8,3,Y0,*7,V/VI,5,minor,16.0
CHICO,6,Biscate,32,10,2,Y0,*7,IV7,5,minor,16.5
CHICO,6,Biscate,33,5,5,z0,*m7,I,5,minor,17.0
CHICO,6,Biscate,34,0,4,Y0,*7,V,5,minor,17.5
CHICO,6,Biscate,35,8,3,Y0,*7,V/VI,5,minor,18.0
CHICO,6,Biscate,36,10,2,Y0,*7,IV7,5,minor,18.5
CHICO,6,Biscate,37,10,1,v0,*m,IV,5,minor,19.0
CHICO,6,Biscate,38,5,0,z0,*m7,I,5,minor,19.5
CHICO,6,Biscate,39,7,7,Y0,*7,V/V,5,minor,20.0
CHICO,6,Biscate,40,8,8,x0,*°7,V°,9,minor,20.5
CHICO,6,Biscate,41,9,9,z0,*m7,I,9,minor,21.0
CHICO,7,Apesar de voce,1,2,2,Z1,*6,I,2,major,1.0
CHICO,7,Apesar de voce,2,7,7,Y2,*7.9,IV7,2,major,2.0
CHICO,7,Apesar de voce,3,2,2,Z1,*6,I,2,major,3.0
CHICO,7,Apesar de voce,4,7,7,Y2,*7.9,IV7,2,major,4.0
CHICO,7,Apesar de voce,5,2,2,Z1,*6,I,2,major,5.0
CHICO,7,Apesar de voce,6,7,7,Y2,*7.9,IV7,2,major,6.0
CHICO,7,Apesar de voce,7,2,2,Z1,*6,I,2,major,7.0
CHICO,7,Apesar de voce,8,7,7,Y0,*7,IV7,2,major,8.0
CHICO,7,Apesar de voce,9,6,6,Y0,*7,V/VI,2,major,8.5
CHICO,7,Apesar de voce,10,11,11,z0,*m7,II__X,2,major,9.0
CHICO,7,Apesar de voce,11,6,10,Y0,*7,V/VI,2,major,10.0
CHICO,7,Apesar de voce,12,6,6,y0,*Ø,II__X,2,major,11.0
CHICO,7,Apesar de voce,13,11,11,Y2.3,*7(b9),V/II,2,major,12.0
CHICO,7,Apesar de voce,14,4,4,Y2,*7.9,V/V,2,major,13.0
CHICO,7,Apesar de voce,15,9,9,Y0,*7,V,2,major,14.0
CHICO,7,Apesar de voce,16,2,2,Z1.1,*6.9,I,2,major,15.0
CHICO,7,Apesar de voce,17,6,6,Y4.1,*7(b13),V,11,minor,16.0
CHICO,7,Apesar de voce,18,11,11,z0,*m7,VI,11,minor,17.0
CHICO,7,Apesar de voce,19,6,10,Y0,*7,V,11,minor,18.0
CHICO,7,Apesar de voce,20,6,6,y0,*Ø,II__X,11,minor,19.0
CHICO,7,Apesar de voce,21,11,11,Y1.1.3,*4.7(b9),V/IV,11,minor,23.0
CHICO,7,Apesar de voce,22,11,11,Y2.3,*7(b9),V/IV,11,minor,24.0
CHICO,7,Apesar de voce,23,4,4,Y2,*7.9,IV7,11,minor,25.0
CHICO,7,Apesar de voce,24,9,9,Y0,*7,V/III,11,minor,26.0
CHICO,7,Apesar de voce,25,2,6,Z1,*6,III,11,minor,27.0
CHICO,7,Apesar de voce,26,6,6,Y4.1,*7(b13),V,11,minor,28.0
CHICO,7,Apesar de voce,27,11,11,z0,*m7,I,11,minor,29.0
CHICO,7,Apesar de voce,28,6,10,V0,*,V,11,minor,30.0
CHICO,7,Apesar de voce,29,6,6,y0,*Ø,II__X,11,minor,31.0
CHICO,7,Apesar de voce,30,11,11,Y1.1.3,*4.7(b9),V/IV,11,minor,35.0
CHICO,7,Apesar de voce,31,11,11,Y2.3,*7(b9),V/IV,11,minor,36.0
CHICO,7,Apesar de voce,32,4,4,Y2,*7.9,V/V,2,major,37.0
CHICO,7,Apesar de voce,33,9,9,Y0,*7,V,2,major,38.0
CHICO,7,Apesar de voce,34,2,6,Z1,*6,I,2,major,39.0
CHICO,7,Apesar de voce,35,7,7,z1,*m6,IVm7,2,major,40.0
CHICO,7,Apesar de voce,36,2,6,Z1,*6,I,2,major,41.0
CHICO,7,Apesar de voce,37,7,7,z1,*m6,IVm7,2,major,42.0
CHICO,7,Apesar de voce,38,9,9,z1,*m6,II__X,2,major,43.0
CHICO,7,Apesar de voce,39,2,2,Y2,*7.9,V/IV,2,major,44.0
CHICO,7,Apesar de voce,40,7,7,Z0,*M7,IV,2,major,45.0
CHICO,7,Apesar de voce,41,6,6,Y0,*7,V/VI,2,major,46.0
CHICO,7,Apesar de voce,42,11,11,Y1,*4.7,V/II,2,major,47.0
CHICO,7,Apesar de voce,43,0,0,z1,*m6,bVIIm7,2,major,48.0
CHICO,7,Apesar de voce,44,4,4,Y2,*7.9,V/V,2,major,49.0
CHICO,7,Apesar de voce,45,9,9,Y0,*7,V,2,major,50.0
CHICO,7,Apesar de voce,46,2,2,Z1.1,*6.9,I,2,major,51.0
CHICO,8,Bye bye Brasil,1,4,4,z2,*m7.9,II,2,major,1.0
CHICO,8,Bye bye Brasil,2,9,9,Y1.1,*4.7.9,V,2,major,3.0
CHICO,8,Bye bye Brasil,3,2,2,Z2.1,*M7.9(#11),I,2,major,5.0
CHICO,8,Bye bye Brasil,4,6,6,z2,*m7.9,II__X,2,major,7.0
CHICO,8,Bye bye Brasil,5,11,11,Y4.1,*7(b13),V/II,2,major,8.0
CHICO,8,Bye bye Brasil,6,4,4,z2,*m7.9,II,2,major,9.0
CHICO,8,Bye bye Brasil,7,9,9,Y1.1,*4.7.9,V,2,major,11.0
CHICO,8,Bye bye Brasil,8,9,9,z0,*m7,II__X,2,major,13.0
CHICO,8,Bye bye Brasil,9,2,2,Y1.1,*4.7.9,V/IV,2,major,15.0
CHICO,8,Bye bye Brasil,10,7,7,Z0,*M7,IV,2,major,17.0
CHICO,8,Bye bye Brasil,11,6,6,W0,*(#5)7,V,11,major,18.0
CHICO,8,Bye bye Brasil,12,11,11,Z0,*M7,I,11,major,19.0
CHICO,8,Bye bye Brasil,13,8,8,z0,*m7,VI,11,major,20.0
CHICO,8,Bye bye Brasil,14,9,9,z0,*m7,II__X,2,major,21.0
CHICO,8,Bye bye Brasil,15,2,2,Y2,*7.9,V/IV,2,major,22.0
CHICO,8,Bye bye Brasil,16,6,6,y0,*Ø,II__X,2,major,23.0
CHICO,8,Bye bye Brasil,17,11,11,Y4.1,*7(b13),V/II,2,major,24.0
CHICO,8,Bye bye Brasil,18,11,11,Y0,*7,V/II,2,major,24.5
CHICO,8,Bye bye Brasil,19,4,4,z2,*m7.9,II,2,major,25.0
CHICO,9,Calice,1,4,4,V1,*4,I,4,major,1.0
CHICO,9,Calice,2,8,8,Y0,*7,aSubV/IV,4,major,3.0
CHICO,9,Calice,3,9,9,Y0,*7,IV7,4,major,5.0
CHICO,9,Calice,4,6,10,Y0,*7,V/V,4,major,6.0
CHICO,9,Calice,5,4,11,V1,*4,I,4,major,7.0
CHICO,9,Calice,6,11,11,Y1.1,*4.7.9,V,4,major,8.0
CHICO,9,Calice,7,11,11,Y2,*7.9,V,4,major,8.5
CHICO,9,Calice,8,4,4,V1,*4,I,4,major,9.0
CHICO,9,Calice,9,1,1,v0,*m,VI,4,major,10.0
CHICO,9,Calice,10,1,1,w0,*mM7,VI,4,major,11.0
CHICO,9,Calice,11,1,1,z0,*m7,VI,4,major,12.0
CHICO,9,Calice,12,1,1,z1,*m6,VI,4,major,13.0
CHICO,9,Calice,13,1,1,z1.3,*m(b6),VI,4,major,14.0
CHICO,9,Calice,14,1,1,z1,*m6,VI,4,major,15.0
CHICO,9,Calice,15,11,11,Y4,*7.13,V,4,major,16.0
CHICO,9,Calice,16,4,4,V1,*4,I,4,major,17.0
CHICO,10,Carolina,1,11,11,W0,*(#5)7,V,4,major,1.0
CHICO,10,Carolina,2,4,4,Z2,*M7.9,I,4,major,2.0
CHICO,10,Carolina,3,3,3,y0,*Ø,II__X,4,major,4.0
CHICO,10,Carolina,4,8,8,Y0,*7,V/VI,4,major,5.0
CHICO,10,Carolina,5,1,1,z0,*m7,VI,4,major,6.0
CHICO,10,Carolina,6,8,8,z0,*m7,II__X,4,major,7.0
CHICO,10,Carolina,7,1,1,Y2.3,*7(b9),V/II,4,major,7.5
CHICO,10,Carolina,8,6,6,z0,*m7,II,4,major,8.0
CHICO,10,Carolina,9,11,11,Y2,*7.9,V,4,major,9.0
CHICO,10,Carolina,10,6,6,z0,*m7,II,4,major,10.0
CHICO,10,Carolina,11,11,11,Y2,*7.9,V,4,major,11.0
CHICO,10,Carolina,12,4,4,Z2,*M7.9,I,4,major,12.0
CHICO,10,Carolina,13,1,1,z2,*m7.9,II__X,4,major,14.0
CHICO,10,Carolina,14,6,6,Y0,*7,V/V,4,major,15.0
CHICO,10,Carolina,15,6,6,z0,*m7,II,4,major,16.0
CHICO,10,Carolina,16,11,11,Y2.3,*7(b9),V,4,major,17.0
CHICO,10,Carolina,17,4,4,Z2,*M7.9,I,4,major,18.0
CHICO,10,Carolina,18,3,3,y0,*Ø,II__X,4,major,19.0
CHICO,10,Carolina,19,8,8,Y2.3,*7(b9),V/VI,4,major,21.0
CHICO,10,Carolina,20,1,1,z0,*m7,VI,4,major,22.0
CHICO,10,Carolina,21,11,11,z0,*m7,Vm7,4,major,24.0
CHICO,10,Carolina,22,1,1,Y2.3,*7(b9),V/II,4,major,25.0
CHICO,10,Carolina,23,6,6,z0,*m7,II,4,major,26.0
CHICO,10,Carolina,24,9,9,z1,*m6,IVm7,4,major,27.0
CHICO,10,Carolina,25,4,4,Z2,*M7.9,I,4,major,28.0
CHICO,10,Carolina,26,1,1,z0,*m7,VI,4,major,28.5
CHICO,10,Carolina,27,6,6,Y4,*7.13,V/V,4,major,29.0
CHICO,10,Carolina,28,6,6,Y4.1,*7(b13),V/V,4,major,29.5
CHICO,10,Carolina,29,6,6,Y0,*7,V/V,4,major,30.0
CHICO,10,Carolina,30,6,6,z0,*m7,II,4,major,31.0
CHICO,10,Carolina,31,11,11,W0,*(#5)7,V,4,major,32.0
CHICO,10,Carolina,32,4,4,Z2,*M7.9,I,4,major,33.0
CHICO,11,Com acucar e com afeto,1,2,2,Z0,*M7,I,2,major,1.0
CHICO,11,Com acucar e com afeto,2,4,4,x0,*°7,V°,2,major,2.0
CHICO,11,Com acucar e com afeto,3,2,2,Z0,*M7,I,2,major,3.0
CHICO,11,Com acucar e com afeto,4,1,1,y0,*Ø,II__X,2,major,4.0
CHICO,11,Com acucar e com afeto,5,6,6,Y4.1,*7(b13),V/VI,2,major,4.5
CHICO,11,Com acucar e com afeto,6,11,11,z2,*m7.9,VI,2,major,5.0
CHICO,11,Com acucar e com afeto,7,7,7,Y0,*7,IV7,2,major,6.0
CHICO,11,Com acucar e com afeto,8,1,8,Y0,*7,V/III,2,major,7.0
CHICO,11,Com acucar e com afeto,9,6,6,Y0,*7,aSubV/IV,2,major,8.0
CHICO,11,Com acucar e com afeto,10,7,7,Y0,*7,IV7,2,major,9.0
CHICO,11,Com acucar e com afeto,11,11,11,z0,*m7,VI,2,major,11.0
CHICO,11,Com acucar e com afeto,12,11,9,z0,*m7,VI,2,major,12.0
CHICO,11,Com acucar e com afeto,13,8,8,y0,*Ø,II__X,2,major,13.0
CHICO,11,Com acucar e com afeto,14,1,1,Y2.3,*7(b9),V/III,2,major,14.0
CHICO,11,Com acucar e com afeto,15,6,6,Y0,*7,V/VI,2,major,15.0
CHICO,11,Com acucar e com afeto,16,6,6,W0,*(#5)7,V,11,major,16.0
CHICO,11,Com acucar e com afeto,17,11,11,Z0,*M7,I,11,major,17.0
CHICO,11,Com acucar e com afeto,18,11,11,Y1.1,*4.7.9,V/IV,11,major,19.0
CHICO,11,Com acucar e com afeto,19,11,11,Y0,*7,V/IV,11,major,20.0
CHICO,11,Com acucar e com afeto,20,3,3,y0,*Ø,II__X,11,major,21.0
CHICO,11,Com acucar e com afeto,21,8,8,Y4.1,*7(b13),V/II,11,major,22.0
CHICO,11,Com acucar e com afeto,22,1,1,Y2,*7.9,V/V,11,major,23.0
CHICO,11,Com acucar e com afeto,23,1,1,z2,*m7.9,II,11,major,25.0
CHICO,11,Com acucar e com afeto,24,6,6,Y4,*7.13,V,11,major,26.0
CHICO,11,Com acucar e com afeto,25,11,11,Z0,*M7,I,11,major,27.0
CHICO,11,Com acucar e com afeto,26,10,10,Y4.1,*7(b13),V/III,11,major,28.0
CHICO,11,Com acucar e com afeto,27,6,9,z1,*m6,II,11,major,29.0
CHICO,11,Com acucar e com afeto,28,8,8,Y4.1,*7(b13),V/II,11,major,30.0
CHICO,11,Com acucar e com afeto,29,8,8,z1,*m6,VI,11,major,31.0
CHICO,11,Com acucar e com afeto,30,9,9,Y2,*7.9,V,2,major,32.0
CHICO,11,Com acucar e com afeto,31,2,2,Z0,*M7,I,2,major,33.0
CHICO,12,Construcao,1,11,6,Y2.3,*7(b9),V,4,minor,1.0
CHICO,12,Construcao,2,4,4,z1,*m6,I,4,minor,3.0
CHICO,12,Construcao,3,4,11,z1,*m6,I,4,minor,4.0
CHICO,12,Construcao,4,4,4,z1,*m6,I,4,minor,5.0
CHICO,12,Construcao,5,4,11,z1,*m6,I,4,minor,6.0
CHICO,12,Construcao,6,4,4,z1,*m6,I,4,minor,7.0
CHICO,12,Construcao,7,4,11,z1,*m6,I,4,minor,8.0
CHICO,12,Construcao,8,4,4,z1,*m6,I,4,minor,9.0
CHICO,12,Construcao,9,4,11,z1,*m6,I,4,minor,10.0
CHICO,12,Construcao,10,10,10,x0,*°7,V°,4,minor,11.5
CHICO,12,Construcao,11,9,9,z0,*m7,IV,4,minor,12.0
CHICO,12,Construcao,12,9,7,z0,*m7,IV,4,minor,12.5
CHICO,12,Construcao,13,6,6,y2,*Ø.11,II,4,minor,13.0
CHICO,12,Construcao,14,11,6,Y2.3,*7(b9),V,4,minor,15.0
CHICO,12,Construcao,15,4,4,z1,*m6,I,4,minor,17.0
CHICO,13,Cotidiano,1,10,10,x0,*°7,?,7,minor,1.0
CHICO,13,Cotidiano,2,1,1,x0,*°7,?,7,minor,3.0
CHICO,13,Cotidiano,3,7,7,z0,*m7,I,7,minor,5.0
CHICO,13,Cotidiano,4,5,5,Y0,*7,V/III,7,minor,7.0
CHICO,13,Cotidiano,5,3,10,Y0,*7,SubV/V,7,minor,9.0
CHICO,13,Cotidiano,6,2,9,Y0,*7,V,7,minor,10.0
CHICO,13,Cotidiano,7,10,10,x0,*°7,?,7,minor,11.0
CHICO,13,Cotidiano,8,1,1,x0,*°7,?,7,minor,13.0
CHICO,13,Cotidiano,9,7,7,z0,*m7,I,7,minor,15.0
CHICO,13,Cotidiano,10,9,9,y0,*Ø,II,7,minor,17.0
CHICO,13,Cotidiano,11,6,6,x0,*°7,V°,7,minor,21.0
CHICO,13,Cotidiano,12,10,10,x0,*°7,?,7,minor,22.0
CHICO,13,Cotidiano,13,7,7,z0,*m7,I,7,minor,23.0
CHICO,13,Cotidiano,14,5,5,Y0,*7,V/III,7,minor,25.0
CHICO,13,Cotidiano,15,3,10,Y0,*7,SubV/V,7,minor,27.0
CHICO,13,Cotidiano,16,2,9,Y0,*7,V,7,minor,28.0
CHICO,13,Cotidiano,17,10,10,x0,*°7,?,7,minor,29.0
CHICO,13,Cotidiano,18,1,1,x0,*°7,?,7,minor,30.0
CHICO,14,Desalento,1,4,4,v2,*m.11,I,4,minor,1.0
CHICO,14,Desalento,2,5,5,Z1,*6,bII7M,4,minor,2.0
CHICO,14,Desalento,3,4,4,v1,*m.9,I,4,minor,3.0
CHICO,14,Desalento,4,5,5,z1,*m6,bIIm7,4,minor,4.0
CHICO,14,Desalento,5,9,9,w0,*mM7,IV,4,minor,5.0
CHICO,14,Desalento,6,9,9,z0,*m7,IV,4,minor,6.0
CHICO,14,Desalento,7,9,9,z1,*m6,IV,4,minor,7.0
CHICO,14,Desalento,8,9,9,z1.3,*m(b6),IV,4,minor,8.0
CHICO,14,Desalento,9,11,9,Y0,*7,V,4,minor,9.0
CHICO,14,Desalento,10,4,8,Y0,*7,V/IV,4,minor,11.0
CHICO,14,Desalento,11,6,6,y0,*Ø,II,4,minor,13.0
CHICO,14,Desalento,12,11,11,Y2.3,*7(b9),V,4,minor,14.0
CHICO,14,Desalento,13,4,4,Z1.1,*6.9,I,4,major,15.0
CHICO,14,Desalento,14,11,11,Y4,*7.13,V,4,major,16.0
CHICO,14,Desalento,15,11,11,Y4.1,*7(b13),V,4,major,16.5
CHICO,14,Desalento,16,4,4,Z2,*M7.9,I,4,major,17.0
CHICO,14,Desalento,17,4,4,Z1.1,*6.9,I,4,major,18.0
CHICO,14,Desalento,18,5,5,y0,*Ø,?,4,major,19.0
CHICO,14,Desalento,19,5,5,x0,*°7,V°/IV,4,major,20.0
CHICO,14,Desalento,20,3,3,y0,*Ø,II__X,4,major,21.0
CHICO,14,Desalento,21,8,8,Y4,*7.13,V/VI,4,major,23.0
CHICO,14,Desalento,22,8,8,Y4.1,*7(b13),V/VI,4,major,24.0
CHICO,14,Desalento,23,1,8,z1,*m6,VI,4,major,25.0
CHICO,14,Desalento,24,10,8,Y0,*7,SubV/IV,4,major,27.0
CHICO,14,Desalento,25,8,8,y0,*Ø,II__X,4,major,29.0
CHICO,14,Desalento,26,1,1,Y2.3,*7(b9),V/II,4,major,30.0
CHICO,14,Desalento,27,6,6,y0,*Ø,IIm7(b5),4,major,31.0
CHICO,14,Desalento,28,6,6,Y3,*7(#11),V/V,4,major,32.0
CHICO,14,Desalento,29,4,4,v1,*m.9,I,4,minor,33.0
CHICO,15,Desencontro,1,9,9,Z0,*M7,I,9,major,1.0
CHICO,15,Desencontro,2,6,6,Y4.1,*7(b13),V/II,9,major,2.0
CHICO,15,Desencontro,3,11,11,z3,*m7.11,II,9,major,3.0
CHICO,15,Desencontro,4,4,4,Y2,*7.9,V,9,major,4.0
CHICO,15,Desencontro,5,4,4,z0,*m7,II__X,9,major,5.0
CHICO,15,Desencontro,6,9,9,Y2,*7.9,V/IV,9,major,6.0
CHICO,15,Desencontro,7,8,8,y0,*Ø,II__X,9,major,7.0
CHICO,15,Desencontro,8,1,8,Y0,*7,V/VI,9,major,8.0
CHICO,15,Desencontro,9,6,6,z0,*m7,VI,9,major,9.0
CHICO,15,Desencontro,10,11,11,Y2,*7.9,V/V,9,major,10.0
CHICO,15,Desencontro,11,4,4,z2,*m7.9,II__X,9,major,11.0
CHICO,15,Desencontro,12,9,9,Y2,*7.9,V/IV,9,major,12.0
CHICO,15,Desencontro,13,2,2,Z0,*M7,IV,9,major,13.0
CHICO,15,Desencontro,14,2,2,z1,*m6,IVm7,9,major,14.0
CHICO,15,Desencontro,15,8,8,y0,*Ø,II__X,9,major,15.0
CHICO,15,Desencontro,16,1,8,Y0,*7,V/VI,9,major,16.0
CHICO,15,Desencontro,17,6,6,z0,*m7,VI,9,major,17.0
CHICO,15,Desencontro,18,6,6,Y4.1,*7(b13),V/II,9,major,18.0
CHICO,15,Desencontro,19,11,11,z3,*m7.11,II,9,major,19.0
CHICO,15,Desencontro,20,4,4,Y2,*7.9,V,9,major,20.0
CHICO,15,Desencontro,21,4,4,z2,*m7.9,II__X,9,major,21.0
CHICO,15,Desencontro,22,9,9,Y2,*7.9,V/IV,9,major,22.0
CHICO,15,Desencontro,23,1,1,Y0,*7,V/VI,9,major,23.0
CHICO,15,Desencontro,24,6,6,z0,*m7,VI,9,major,25.0
CHICO,15,Desencontro,25,1,1,Y2.3,*7(b9),V/VI,9,major,26.0
CHICO,15,Desencontro,26,11,11,z2,*m7.9,II,9,major,27.0
CHICO,15,Desencontro,27,4,4,Y4,*7.13,V,9,major,28.0
CHICO,15,Desencontro,28,9,9,Z0,*M7,I,9,major,29.0
CHICO,15,Desencontro,29,6,6,Y4.1,*7(b13),V/II,9,major,30.0
CHICO,15,Desencontro,30,11,11,z0,*m7,II,9,major,31.0
CHICO,15,Desencontro,31,4,4,Y2.3,*7(b9),V,9,major,32.0
CHICO,15,Desencontro,32,9,9,Z1,*6,I,9,major,35.0
CHICO,15,Desencontro,33,2,2,Y2.1,*7.9(#11),IV7,9,major,36.0
CHICO,15,Desencontro,34,9,9,Z2,*M7.9,I,9,major,37.0
CHICO,15,Desencontro,35,2,2,Y2.1,*7.9(#11),SubV,1,major,38.0
CHICO,15,Desencontro,36,1,1,Z2,*M7.9,I,1,major,39.0
CHICO,16,Bastidores,1,9,9,z1,*m6,I,9,minor,1.0
CHICO,16,Bastidores,2,11,11,z1,*m6,II,9,minor,2.0
CHICO,16,Bastidores,3,4,8,Y0,*7,V,9,minor,2.5
CHICO,16,Bastidores,4,9,9,Y0,*7,V/IV,9,minor,3.0
CHICO,16,Bastidores,5,0,3,z1,*m6,bIIIm7,9,minor,3.5
CHICO,16,Bastidores,6,2,2,Y2.3,*7(b9),IV7,9,minor,4.0
CHICO,16,Bastidores,7,7,7,z0,*m7,II__X,9,minor,4.5
CHICO,16,Bastidores,8,0,0,Y2,*7.9,V/VI,9,minor,5.0
CHICO,16,Bastidores,9,5,5,Z0,*M7,VI,9,minor,5.5
CHICO,16,Bastidores,10,7,5,Y0,*7,V/III,9,minor,6.0
CHICO,16,Bastidores,11,0,4,Z0,*M7,III,9,minor,6.5
CHICO,16,Bastidores,12,9,9,Y4.1,*7(b13),V/IV,9,minor,7.0
CHICO,16,Bastidores,13,2,2,z2,*m7.9,IV,9,minor,7.5
CHICO,16,Bastidores,14,7,7,W0,*(#5)7,V/III,9,minor,8.0
CHICO,16,Bastidores,15,0,0,Z1.1,*6.9,III,9,minor,8.5
CHICO,16,Bastidores,16,4,4,Y1.1,*4.7.9,V,9,minor,9.0
CHICO,16,Bastidores,17,4,4,Y1.1,*4.7.9,II,9,minor,9.5
CHICO,16,Bastidores,18,9,9,z0,*m7,I,9,minor,10.0
CHICO,16,Bastidores,19,7,7,z0,*m7,II__X,9,minor,11.0
CHICO,16,Bastidores,20,0,0,Y2,*7.9,V/VI,9,minor,11.5
CHICO,16,Bastidores,21,5,5,Z2,*M7.9,VI,9,minor,12.0
CHICO,16,Bastidores,22,11,11,x0,*°7,V°,9,minor,12.5
CHICO,16,Bastidores,23,9,9,z0,*m7,I,9,minor,13.0
CHICO,16,Bastidores,24,11,11,Y2.2,*7.9.13,V/V,9,minor,13.5
CHICO,16,Bastidores,25,4,4,Z0,*M7,I,4,major,14.0
CHICO,16,Bastidores,26,11,11,Y1.1,*4.7.9,V,4,major,14.5
CHICO,16,Bastidores,27,4,4,Z0,*M7,I,4,major,15.0
CHICO,16,Bastidores,28,7,7,W0,*(#5)7,V/III,9,minor,15.5
CHICO,16,Bastidores,29,9,9,z1,*m6,I,9,minor,16.0
CHICO,17,Ela desatinou,1,11,11,z0,*m7,I,11,minor,1.0
CHICO,17,Ela desatinou,2,11,11,z1,*m6,I,11,minor,2.0
CHICO,17,Ela desatinou,3,6,6,y0,*Ø,II__X,11,minor,3.0
CHICO,17,Ela desatinou,4,5,5,Y3,*7(#11),SubV/IV,11,minor,4.0
CHICO,17,Ela desatinou,5,4,4,v0,*m,IV,11,minor,5.0
CHICO,17,Ela desatinou,6,4,2,z0,*m7,IV,11,minor,5.5
CHICO,17,Ela desatinou,7,1,1,y0,*Ø,II,11,minor,6.0
CHICO,17,Ela desatinou,8,0,0,Z1,*6,bII7M,11,minor,7.0
CHICO,17,Ela desatinou,9,11,11,Y0,*7,V/IV,11,minor,8.0
CHICO,17,Ela desatinou,10,11,11,z1,*m6,I,11,minor,9.0
CHICO,17,Ela desatinou,11,4,4,Y2,*7.9,IV7,11,minor,10.0
CHICO,17,Ela desatinou,12,4,2,Y0,*7,IV7,11,minor,10.5
CHICO,17,Ela desatinou,13,1,1,y0,*Ø,II,11,minor,11.0
CHICO,17,Ela desatinou,14,6,6,Y4.1,*7(b13),V,11,minor,12.0
CHICO,17,Ela desatinou,15,11,11,z0,*m7,I,11,minor,13.0
CHICO,17,Ela desatinou,16,11,11,z1,*m6,I,11,minor,14.0
CHICO,17,Ela desatinou,17,1,1,y0,*Ø,II,11,minor,15.0
CHICO,17,Ela desatinou,18,6,6,Y4.1,*7(b13),V,11,minor,16.0
CHICO,17,Ela desatinou,19,11,11,z0,*m7,I,11,minor,17.0
CHICO,17,Ela desatinou,20,4,11,z2,*m7.9,IV,11,minor,19.0
CHICO,17,Ela desatinou,21,10,10,x0,*°7,V°,11,minor,20.0
CHICO,17,Ela desatinou,22,9,9,z1,*m6,bVIIm7,11,minor,21.0
CHICO,17,Ela desatinou,23,8,8,y0,*Ø,?,11,minor,23.0
CHICO,17,Ela desatinou,24,6,6,Y4.1,*7(b13),V,11,minor,24.0
CHICO,17,Ela desatinou,25,6,6,z1,*m6,II__X,11,minor,25.0
CHICO,17,Ela desatinou,26,11,6,Y2.3,*7(b9),V/IV,11,minor,26.0
CHICO,17,Ela desatinou,27,4,4,w0,*mM7,IV,11,minor,27.0
CHICO,17,Ela desatinou,28,4,4,z0,*m7,IV,11,minor,28.0
CHICO,17,Ela desatinou,29,8,8,x0,*°7,?,11,minor,29.0
CHICO,17,Ela desatinou,30,7,7,x0,*°7,V°,11,minor,31.0
CHICO,17,Ela desatinou,31,6,6,Y4.1,*7(b13),V,11,minor,32.0
CHICO,17,Ela desatinou,32,11,11,z0,*m7,I,11,minor,33.0
CHICO,18,Fado tropical,1,2,2,Y0,*7,V,7,minor,1.0
CHICO,18,Fado tropical,2,7,7,v0,*m,I,7,minor,3.0
CHICO,18,Fado tropical,3,5,5,Y0,*7,V/III,7,minor,5.0
CHICO,18,Fado tropical,4,10,10,V0,*,III,7,minor,7.0
CHICO,18,Fado tropical,5,7,11,V0,*,V/IV,7,minor,9.0
CHICO,18,Fado tropical,6,3,3,V0,*,VI,7,minor,11.0
CHICO,18,Fado tropical,7,9,1,Y0,*7,V/V,7,minor,13.0
CHICO,18,Fado tropical,8,9,9,Y0,*7,V/V,7,minor,14.0
CHICO,18,Fado tropical,9,2,2,Y0,*7,V,7,minor,15.0
CHICO,18,Fado tropical,10,3,3,Y0,*7,SubV/V,7,minor,17.0
CHICO,18,Fado tropical,11,2,2,Y0,*7,V,7,minor,19.0
CHICO,18,Fado tropical,12,3,3,Y0,*7,SubV/V,7,minor,21.0
CHICO,18,Fado tropical,13,2,2,Y0,*7,V,7,minor,23.0
CHICO,19,Feijoada completa,1,1,1,Y0,*7,V/VI,9,major,1.0
CHICO,19,Feijoada completa,2,6,6,Y0,*7,V/II,9,major,2.0
CHICO,19,Feijoada completa,3,6,6,Y4.1,*7(b13),V/II,9,major,3.0
CHICO,19,Feijoada completa,4,11,11,Y2,*7.9,V/V,9,major,4.0
CHICO,19,Feijoada completa,5,2,5,z1,*m6,IVm7,9,major,6.0
CHICO,19,Feijoada completa,6,4,4,Y0,*7,V,9,major,7.0
CHICO,19,Feijoada completa,7,9,9,Z0,*M7,I,9,major,8.0
CHICO,19,Feijoada completa,8,9,7,Y0,*7,V/IV,9,major,10.0
CHICO,19,Feijoada completa,9,9,9,W0,*(#5)7,V/IV,9,major,11.0
CHICO,19,Feijoada completa,10,2,2,Y2,*7.9,IV7,9,major,12.0
CHICO,19,Feijoada completa,11,6,6,Y0,*7,V/II,9,major,14.0
CHICO,19,Feijoada completa,12,6,6,Y4.1,*7(b13),V/II,9,major,15.0
CHICO,19,Feijoada completa,13,11,11,Y2,*7.9,V/V,9,major,16.0
CHICO,19,Feijoada completa,14,4,4,Y0,*7,V,9,major,17.0
CHICO,19,Feijoada completa,15,9,9,Z1,*6,I,9,major,18.0
CHICO,19,Feijoada completa,16,9,9,W0,*(#5)7,V/IV,9,major,19.0
CHICO,19,Feijoada completa,17,2,2,Z0,*M7,IV,9,major,20.0
CHICO,19,Feijoada completa,18,3,3,x0,*°7,V°/V,9,major,21.0
CHICO,19,Feijoada completa,19,9,4,Z1,*6,I,9,major,22.0
CHICO,19,Feijoada completa,20,7,7,z1,*m6,bVIIm7,9,major,22.5
CHICO,19,Feijoada completa,21,2,6,Z1,*6,IV,9,major,23.0
CHICO,19,Feijoada completa,22,2,5,z1,*m6,IVm7,9,major,23.5
CHICO,19,Feijoada completa,23,9,9,Z1,*6,I,9,major,24.0
CHICO,20,Futuros amantes,1,9,4,Z1,*6,I,9,major,1.0
CHICO,20,Futuros amantes,2,8,3,Y0,*7,V/III,9,major,2.0
CHICO,20,Futuros amantes,3,9,4,Z1,*6,I,9,major,3.0
CHICO,20,Futuros amantes,4,1,1,z1,*m6,III,9,major,4.0
CHICO,20,Futuros amantes,5,11,11,z0,*m7,II,9,major,5.0
CHICO,20,Futuros amantes,6,7,10,z1,*m6,bVIIm7,9,major,6.0
CHICO,20,Futuros amantes,7,2,9,Z2,*M7.9,IV,9,major,7.0
CHICO,20,Futuros amantes,8,8,8,z1,*m6,VIIm7,9,major,8.0
CHICO,20,Futuros amantes,9,0,0,Z0,*M7,I,0,major,9.0
CHICO,20,Futuros amantes,10,11,11,Y4.1,*7(b13),V/III,0,major,10.0
CHICO,20,Futuros amantes,11,10,10,Z0,*M7,bVII7M,0,major,11.0
CHICO,20,Futuros amantes,12,9,9,Y4.1,*7(b13),V/II,0,major,12.0
CHICO,20,Futuros amantes,13,10,2,Z0,*M7,bVII7M,0,major,13.0
CHICO,20,Futuros amantes,14,10,1,z1,*m6,bVIIm7,0,major,14.0
CHICO,20,Futuros amantes,15,5,0,Z0,*M7,IV,0,major,15.0
CHICO,20,Futuros amantes,16,4,11,Y0,*7,V,9,major,16.0
CHICO,20,Futuros amantes,17,9,4,Z1,*6,I,9,major,17.0
CHICO,20,Futuros amantes,18,8,3,Y0,*7,V/III,9,major,18.0
CHICO,20,Futuros amantes,19,1,1,Y2.3,*7(b9),V/VI,9,major,19.0
CHICO,20,Futuros amantes,20,1,1,z1,*m6,III,9,major,20.0
CHICO,20,Futuros amantes,21,11,11,z0,*m7,II,9,major,21.0
CHICO,20,Futuros amantes,22,7,10,z1,*m6,bVIIm7,9,major,22.0
CHICO,20,Futuros amantes,23,9,1,Z0,*M7,I,9,major,23.0
CHICO,20,Futuros amantes,24,0,0,x0,*°7,bIII°,9,major,23.5
CHICO,20,Futuros amantes,25,11,11,z0,*m7,II,9,major,24.0
CHICO,20,Futuros amantes,26,2,2,z1,*m6,IVm7,9,major,24.5
CHICO,20,Futuros amantes,27,9,9,Z1,*6,I,9,major,25.0
CHICO,21,Flor da idade,1,0,0,V0,*,I,0,major,1.0
CHICO,21,Flor da idade,2,7,7,V0,*,V,0,major,2.0
CHICO,21,Flor da idade,3,5,5,V0,*,IV,0,major,3.0
CHICO,21,Flor da idade,4,7,7,V0,*,V,0,major,4.0
CHICO,21,Flor da idade,5,0,0,V0,*,I,0,major,5.0
CHICO,21,Flor da idade,6,7,7,V0,*,V,0,major,6.0
CHICO,21,Flor da idade,7,5,5,V0,*,IV,0,major,7.0
CHICO,21,Flor da idade,8,7,7,V0,*,V,0,major,8.0
CHICO,21,Flor da idade,9,0,0,V0,*,I,0,major,9.0
CHICO,21,Flor da idade,10,7,7,V0,*,V,0,major,10.0
CHICO,21,Flor da idade,11,5,5,V0,*,IV,0,major,11.0
CHICO,21,Flor da idade,12,7,7,V0,*,V,0,major,12.0
CHICO,21,Flor da idade,13,0,0,V0,*,I,0,major,13.0
CHICO,21,Flor da idade,14,7,7,V0,*,V,0,major,14.0
CHICO,21,Flor da idade,15,5,5,V0,*,IV,0,major,15.0
CHICO,21,Flor da idade,16,7,7,V0,*,V,0,major,16.0
CHICO,21,Flor da idade,17,0,0,V0,*,I,0,major,17.0
CHICO,21,Flor da idade,18,7,7,V0,*,V,0,major,18.0
CHICO,21,Flor da idade,19,5,5,V0,*,IV,0,major,19.0
CHICO,21,Flor da idade,20,7,7,V0,*,V,0,major,20.0
CHICO,21,Flor da idade,21,0,0,V0,*,I,0,major,21.0
CHICO,21,Flor da idade,22,10,10,Y0,*7,SubV/VI,0,major,22.0
CHICO,21,Flor da idade,23,9,9,Y0,*7,V/II,0,major,23.0
CHICO,21,Flor da idade,24,9,1,Y0,*7,V/II,0,major,24.0
CHICO,21,Flor da idade,25,9,0,v0,*m,I,9,minor,25.0
CHICO,21,Flor da idade,26,9,1,Y0,*7,V/IV,9,minor,26.0
CHICO,21,Flor da idade,27,7,11,V0,*,V/III,9,minor,27.0
CHICO,21,Flor da idade,28,7,11,Y0,*7,V/III,9,minor,28.0
CHICO,21,Flor da idade,29,11,11,y0,*Ø,II,9,minor,29.0
CHICO,21,Flor da idade,30,4,4,Y2.2.1,*7(b9)13,V,9,minor,31.0
CHICO,21,Flor da idade,31,9,9,Z0,*M7,I,9,major,32.0
CHICO,22,Folhetim,1,7,7,Z1,*6,I,7,major,1.0
CHICO,22,Folhetim,2,8,8,x0,*°7,V°/II,7,major,1.5
CHICO,22,Folhetim,3,2,5,z1,*m6,Vm7,7,major,2.0
CHICO,22,Folhetim,4,11,6,Y0,*7,V/VI,7,major,2.5
CHICO,22,Folhetim,5,0,0,Z0,*M7,IV,7,major,3.0
CHICO,22,Folhetim,6,9,1,Y0,*7,V/V,7,major,3.5
CHICO,22,Folhetim,7,7,2,Z1,*6,I,7,major,4.0
CHICO,22,Folhetim,8,11,3,Y0,*7,V/VI,7,major,4.5
CHICO,22,Folhetim,9,4,4,z2,*m7.9,VI,7,major,5.0
CHICO,22,Folhetim,10,7,2,Y0,*7,V/IV,7,major,5.5
CHICO,22,Folhetim,11,0,0,Z1,*6,IV,7,major,6.0
CHICO,22,Folhetim,12,9,1,Y0,*7,V/V,7,major,6.5
CHICO,22,Folhetim,13,7,2,Z1,*6,I,7,major,7.0
CHICO,22,Folhetim,14,11,3,Y0,*7,V/VI,7,major,7.5
CHICO,22,Folhetim,15,9,9,z0,*m7,II,7,major,8.0
CHICO,22,Folhetim,16,2,2,Y2,*7.9,V,7,major,8.5
CHICO,22,Folhetim,17,6,6,y0,*Ø,II__X,7,major,9.0
CHICO,22,Folhetim,18,11,11,Y2.3,*7(b9),V/VI,7,major,9.5
CHICO,22,Folhetim,19,4,4,z2,*m7.9,VI,7,major,10.0
CHICO,22,Folhetim,20,9,9,z0,*m7,II,7,major,11.0
CHICO,22,Folhetim,21,2,2,Y2,*7.9,V,7,major,11.5
CHICO,22,Folhetim,22,7,7,Z0,*M7,I,7,major,12.0
CHICO,22,Folhetim,23,7,7,Z1,*6,I,7,major,12.5
CHICO,22,Folhetim,24,11,11,Y0,*7,V/VI,7,major,13.0
CHICO,22,Folhetim,25,11,3,Y0,*7,V/VI,7,major,13.5
CHICO,22,Folhetim,26,4,4,z2,*m7.9,VI,7,major,14.0
CHICO,22,Folhetim,27,6,1,Y0,*7,V/III,7,major,15.0
CHICO,22,Folhetim,28,6,6,Y0,*7,V/III,7,major,15.5
CHICO,22,Folhetim,29,11,11,Z0,*M7,IIIM7,7,major,16.0
CHICO,22,Folhetim,30,2,2,Y2,*7.9,V,7,major,16.5
CHICO,22,Folhetim,31,7,7,Z1,*6,I,7,major,17.0
CHICO,23,Homenagem ao malandro,1,7,10,z1,*m6,Vm7,0,major,1.0
CHICO,23,Homenagem ao malandro,2,9,9,Y0,*7,V/II,0,major,2.0
CHICO,23,Homenagem ao malandro,3,9,9,z1,*m6,VI,0,major,3.0
CHICO,23,Homenagem ao malandro,4,2,9,z2,*m7.9,II,0,major,5.0
CHICO,23,Homenagem ao malandro,5,7,7,Y0,*7,V,0,major,6.0
CHICO,23,Homenagem ao malandro,6,0,0,Z1.1,*6.9,I,0,major,7.0
CHICO,23,Homenagem ao malandro,7,5,5,Z0,*M7,IV,0,major,8.0
CHICO,23,Homenagem ao malandro,8,4,4,y0,*Ø,II__X,0,major,9.0
CHICO,23,Homenagem ao malandro,9,9,9,Y4.1,*7(b13),V/II,0,major,10.0
CHICO,23,Homenagem ao malandro,10,9,9,z1,*m6,VI,0,major,11.0
CHICO,23,Homenagem ao malandro,11,2,2,z2,*m7.9,II,0,major,13.0
CHICO,23,Homenagem ao malandro,12,7,7,Y0,*7,V,0,major,14.0
CHICO,23,Homenagem ao malandro,13,0,0,Z1.1,*6.9,I,0,major,15.0
CHICO,23,Homenagem ao malandro,14,0,0,Y0,*7,V/IV,0,major,16.0
CHICO,23,Homenagem ao malandro,15,11,11,Y0,*7,V/III,0,major,16.25
CHICO,23,Homenagem ao malandro,16,10,10,Y0,*7,SubV/VI,0,major,16.5
CHICO,23,Homenagem ao malandro,17,9,9,Y0,*7,V/II,0,major,16.75
CHICO,23,Homenagem ao malandro,18,9,9,z1,*m6,VI,0,major,19.0
CHICO,23,Homenagem ao malandro,19,7,7,Y0,*7,V,0,major,21.0
CHICO,23,Homenagem ao malandro,20,0,7,Z0,*M7,I,0,major,23.0
CHICO,23,Homenagem ao malandro,21,9,9,Y0,*7,V/II,0,major,25.0
CHICO,23,Homenagem ao malandro,22,9,9,z1,*m6,VI,0,major,27.0
CHICO,23,Homenagem ao malandro,23,7,7,Y0,*7,V,0,major,29.0
CHICO,23,Homenagem ao malandro,24,0,7,Z1,*6,I,0,major,31.0
CHICO,23,Homenagem ao malandro,25,0,0,Y2,*7.9,V/IV,0,major,33.0
CHICO,23,Homenagem ao malandro,26,5,5,Z0,*M7,IV,0,major,35.0
CHICO,23,Homenagem ao malandro,27,9,9,z1,*m6,VI,0,major,37.0
CHICO,23,Homenagem ao malandro,28,2,2,z2,*m7.9,II,0,major,38.0
CHICO,23,Homenagem ao malandro,29,7,7,Y4,*7.13,V,0,major,39.0
CHICO,24,Januaria,1,0,0,Z0,*M7,I,0,major,1.0
CHICO,24,Januaria,2,0,0,x0,*°7,I°,0,major,2.0
CHICO,24,Januaria,3,0,0,Z0,*M7,I,0,major,3.0
CHICO,24,Januaria,4,4,4,z0,*m7,II__X,0,major,4.0
CHICO,24,Januaria,5,9,9,Y4,*7.13,V/II,0,major,5.0
CHICO,24,Januaria,6,2,2,z0,*m7,II,0,major,6.0
CHICO,24,Januaria,7,10,10,z1,*m6,bVIIm7,0,major,7.0
CHICO,24,Januaria,8,9,9,z1,*m6,VI,0,major,8.0
CHICO,24,Januaria,9,5,8,z1,*m6,IVm7,0,major,9.0
CHICO,24,Januaria,10,7,7,Y4,*7.13,V,0,major,10.0
CHICO,24,Januaria,11,0,0,Y1.1,*4.7.9,V/IV,0,major,11.0
CHICO,24,Januaria,12,4,4,Y2.3,*7(b9),V/VI,0,major,12.0
CHICO,24,Januaria,13,9,9,Y4,*7.13,V/II,0,major,13.0
CHICO,24,Januaria,14,9,9,Y4.1,*7(b13),V/II,0,major,14.0
CHICO,24,Januaria,15,2,2,z2,*m7.9,II,0,major,15.0
CHICO,24,Januaria,16,7,7,Y2.2.1,*7(b9)13,V,0,major,16.0
CHICO,24,Januaria,17,0,0,Z1.1,*6.9,I,0,major,17.0
CHICO,24,Januaria,18,9,9,Y4,*7.13,V/II,0,major,19.0
CHICO,24,Januaria,19,2,2,z2,*m7.9,II,0,major,21.0
CHICO,24,Januaria,20,7,7,Y4,*7.13,V,0,major,22.0
CHICO,24,Januaria,21,7,7,Y4.1,*7(b13),V,0,major,22.5
CHICO,24,Januaria,22,0,0,Z1.1,*6.9,I,0,major,23.0
CHICO,25,Joana francesa,1,4,4,y0,*Ø,II__X,10,major,1.0
CHICO,25,Joana francesa,2,9,9,Y0,*7,V/III,10,major,2.0
CHICO,25,Joana francesa,3,4,4,y0,*Ø,II__X,10,major,3.0
CHICO,25,Joana francesa,4,9,9,Y0,*7,V/III,10,major,4.0
CHICO,25,Joana francesa,5,10,10,Z1,*6,I,10,major,5.0
CHICO,25,Joana francesa,6,5,9,Z1,*6,V,10,major,6.0
CHICO,25,Joana francesa,7,5,8,z1,*m6,Vm7,10,major,7.0
CHICO,25,Joana francesa,8,7,7,Y0,*7,V/II,10,major,8.0
CHICO,25,Joana francesa,9,5,9,Z1,*6,V,10,major,8.25
CHICO,25,Joana francesa,10,7,11,Y0,*7,V/II,10,major,8.5
CHICO,25,Joana francesa,11,0,0,z0,*m7,II,10,major,9.0
CHICO,25,Joana francesa,12,2,2,z0,*m7,III,10,major,9.5
CHICO,25,Joana francesa,13,3,3,Z0,*M7,IV,10,major,10.0
CHICO,25,Joana francesa,14,8,8,z1,*m6,bVIIm7,10,major,11.0
CHICO,25,Joana francesa,15,7,7,Y4.1,*7(b13),V/II,10,major,12.0
CHICO,25,Joana francesa,16,0,0,Y2,*7.9,V/V,10,major,13.0
CHICO,25,Joana francesa,17,5,5,Y4,*7.13,V,10,major,14.0
CHICO,25,Joana francesa,18,10,10,Z0,*M7,I,10,major,15.0
CHICO,25,Joana francesa,19,4,4,x1,*°7.9,V°/V,10,major,16.0
CHICO,25,Joana francesa,20,6,6,Z0,*M7,VI,10,minor,17.0
CHICO,25,Joana francesa,21,5,5,Y4.1,*7(b13),V,10,minor,18.0
CHICO,25,Joana francesa,22,10,10,z0,*m7,I,10,minor,19.0
CHICO,25,Joana francesa,23,10,8,z2,*m7.9,I,10,minor,20.0
CHICO,25,Joana francesa,24,6,6,Z0,*M7,VI,10,minor,21.0
CHICO,25,Joana francesa,25,5,5,Y4.1,*7(b13),V,10,minor,22.0
CHICO,25,Joana francesa,26,10,10,z0,*m7,I,10,minor,23.0
CHICO,25,Joana francesa,27,10,8,z2,*m7.9,I,10,minor,24.0
CHICO,25,Joana francesa,28,6,6,Z0,*M7,VI,10,minor,25.0
CHICO,25,Joana francesa,29,5,5,Y4.1,*7(b13),V,10,minor,26.0
CHICO,25,Joana francesa,30,8,8,Y1,*4.7,V/III,10,minor,27.0
CHICO,25,Joana francesa,31,8,6,Y0,*7,V/III,10,minor,28.0
CHICO,25,Joana francesa,32,5,5,y0,*Ø,?,10,minor,29.0
CHICO,25,Joana francesa,33,5,5,x0,*°7,?,10,minor,30.0
CHICO,26,Mambembe,1,2,2,Z1,*6,I,2,major,1.0
CHICO,26,Mambembe,2,0,0,z1,*m6,bVIIm7,2,major,2.0
CHICO,26,Mambembe,3,10,10,Z0,*M7,bVI7M,2,major,3.0
CHICO,26,Mambembe,4,9,9,W0,*(#5)7,V,2,major,4.0
CHICO,26,Mambembe,5,2,2,Z1,*6,I,2,major,5.0
CHICO,26,Mambembe,6,6,1,Y0,*7,V/VI,2,major,6.0
CHICO,26,Mambembe,7,4,11,z2,*m7.9,II,2,major,7.0
CHICO,26,Mambembe,8,6,6,Y0,*7,aSubV/IV,2,major,8.0
CHICO,26,Mambembe,9,7,7,Z1,*6,IV,2,major,9.0
CHICO,26,Mambembe,10,9,9,Y0,*7,V,2,major,10.0
CHICO,26,Mambembe,11,6,6,y0,*Ø,II__X,2,major,11.0
CHICO,26,Mambembe,12,11,11,Y2.3,*7(b9),V/II,2,major,12.0
CHICO,26,Mambembe,13,4,4,Y2,*7.9,V/V,2,major,13.0
CHICO,26,Mambembe,14,0,0,Y2,*7.9,bVII7,2,major,14.0
CHICO,26,Mambembe,15,6,6,z0,*m7,III,2,major,15.0
CHICO,26,Mambembe,16,5,5,Z1,*6,bIII7M,2,major,16.0
CHICO,26,Mambembe,17,10,10,Z0,*M7,bVI7M,2,major,17.0
CHICO,26,Mambembe,18,10,10,Z1,*6,bVI7M,2,major,17.5
CHICO,26,Mambembe,19,9,9,Y1.1,*4.7.9,V,2,major,18.0
CHICO,26,Mambembe,20,9,9,Y2,*7.9,V,2,major,18.5
CHICO,26,Mambembe,21,2,2,Z2,*M7.9,I,2,major,19.0
CHICO,26,Mambembe,22,2,2,Z1,*6,I,2,major,19.5
CHICO,26,Mambembe,23,1,1,z0,*m7,VIIm7,2,major,20.0
CHICO,26,Mambembe,24,1,1,z1,*m6,VIIm7,2,major,20.5
CHICO,26,Mambembe,25,11,11,z0,*m7,VI,2,major,21.0
CHICO,26,Mambembe,26,11,11,z1,*m6,VI,2,major,21.5
CHICO,26,Mambembe,27,9,9,W0,*(#5)7,V,2,major,22.0
CHICO,26,Mambembe,28,2,2,Z1,*6,I,2,major,23.0
CHICO,27,Maninha,1,9,9,V0,*,I,9,major,1.0
CHICO,27,Maninha,2,1,8,z0,*m7,III,9,major,2.0
CHICO,27,Maninha,3,6,6,z0,*m7,VI,9,major,3.0
CHICO,27,Maninha,4,2,5,z0,*m7,IVm7,9,major,4.0
CHICO,27,Maninha,5,9,4,V0,*,I,9,major,5.0
CHICO,27,Maninha,6,8,8,Y2,*7.9,V/III,9,major,6.0
CHICO,27,Maninha,7,1,1,z2,*m7.9,II__X,9,major,7.0
CHICO,27,Maninha,8,6,6,Y1,*4.7,V/II,9,major,8.0
CHICO,27,Maninha,9,6,6,Y0,*7,V/II,9,major,8.5
CHICO,27,Maninha,10,11,11,v0,*m,II,9,major,9.0
CHICO,27,Maninha,11,11,11,w0,*mM7,II,9,major,10.0
CHICO,27,Maninha,12,11,11,z0,*m7,II,9,major,11.0
CHICO,27,Maninha,13,11,11,z1,*m6,II,9,major,12.0
CHICO,27,Maninha,14,11,11,z1.3,*m(b6),II,9,major,13.0
CHICO,27,Maninha,15,1,1,Y2.1,*7.9(#11),V/VI,9,major,14.0
CHICO,27,Maninha,16,1,1,y0,*Ø,II__X,9,major,15.0
CHICO,27,Maninha,17,6,6,Y4.1,*7(b13),V/II,9,major,16.0
CHICO,27,Maninha,18,11,3,Y0,*7,V/V,9,major,17.0
CHICO,27,Maninha,19,4,2,Y0,*7,V,9,major,18.0
CHICO,27,Maninha,20,1,5,Y0,*7,V/VI,9,major,19.0
CHICO,27,Maninha,21,6,6,z0,*m7,VI,9,major,20.0
CHICO,27,Maninha,22,6,6,Y0,*7,V/II,9,major,21.0
CHICO,27,Maninha,23,11,11,Y0,*7,V/V,9,major,22.0
CHICO,27,Maninha,24,4,4,Y0,*7,V,9,major,23.0
CHICO,27,Maninha,25,9,9,V0,*,V,9,major,24.0
CHICO,28,Meu caro amigo,1,0,4,Z1,*6,I,0,major,1.0
CHICO,28,Meu caro amigo,2,3,3,x0,*°7,bIII°,0,major,1.5
CHICO,28,Meu caro amigo,3,2,2,z0,*m7,II,0,major,2.0
CHICO,28,Meu caro amigo,4,7,5,Y0,*7,V,0,major,2.5
CHICO,28,Meu caro amigo,5,0,4,Z1,*6,I,0,major,3.0
CHICO,28,Meu caro amigo,6,3,3,x0,*°7,bIII°,0,major,3.5
CHICO,28,Meu caro amigo,7,2,2,z0,*m7,II,0,major,4.0
CHICO,28,Meu caro amigo,8,7,5,Y0,*7,V,0,major,4.5
CHICO,28,Meu caro amigo,9,0,4,Z1,*6,I,0,major,5.0
CHICO,28,Meu caro amigo,10,3,3,x0,*°7,bIII°,0,major,5.5
CHICO,28,Meu caro amigo,11,2,2,z0,*m7,II,0,major,6.0
CHICO,28,Meu caro amigo,12,7,5,Y0,*7,V,0,major,6.5
CHICO,28,Meu caro amigo,13,0,4,Z1,*6,I,0,major,7.0
CHICO,28,Meu caro amigo,14,3,3,x0,*°7,bIII°,0,major,7.5
CHICO,28,Meu caro amigo,15,11,11,y0,*Ø,II__X,0,major,8.0
CHICO,28,Meu caro amigo,16,4,4,Y2.3,*7(b9),V/VI,0,major,8.5
CHICO,28,Meu caro amigo,17,9,9,v0,*m,VI,0,major,9.0
CHICO,28,Meu caro amigo,18,9,7,z0,*m7,VI,0,major,9.5
CHICO,28,Meu caro amigo,19,6,6,y0,*Ø,II__X,0,major,10.0
CHICO,28,Meu caro amigo,20,11,11,Y0,*7,V/III,0,major,10.5
CHICO,28,Meu caro amigo,21,4,4,y0,*Ø,II__X,0,major,11.0
CHICO,28,Meu caro amigo,22,9,9,Y2.3,*7(b9),V/II,0,major,11.5
CHICO,28,Meu caro amigo,23,2,2,Y2,*7.9,V/V,0,major,12.0
CHICO,28,Meu caro amigo,24,7,5,Y0,*7,V,0,major,12.5
CHICO,28,Meu caro amigo,25,0,4,Z1,*6,I,0,major,13.0
CHICO,28,Meu caro amigo,26,3,3,x0,*°7,bIII°,0,major,13.5
CHICO,28,Meu caro amigo,27,2,2,z0,*m7,II,0,major,14.0
CHICO,28,Meu caro amigo,28,7,5,Y0,*7,V,0,major,14.5
CHICO,28,Meu caro amigo,29,4,4,y0,*Ø,II__X,0,major,15.0
CHICO,28,Meu caro amigo,30,9,9,Y1.1.3,*4.7(b9),V/II,0,major,16.0
CHICO,28,Meu caro amigo,31,9,9,Y2.3,*7(b9),V/II,0,major,16.5
CHICO,28,Meu caro amigo,32,2,2,Y2,*7.9,V/V,0,major,17.0
CHICO,28,Meu caro amigo,33,5,8,z1,*m6,IVm7,0,major,18.0
CHICO,28,Meu caro amigo,34,0,7,Z1,*6,I,0,major,19.0
CHICO,28,Meu caro amigo,35,9,9,Y2.3,*7(b9),V/II,0,major,19.5
CHICO,28,Meu caro amigo,36,2,2,Y2,*7.9,V/V,0,major,20.0
CHICO,28,Meu caro amigo,37,7,7,Y4,*7.13,V,0,major,20.5
CHICO,28,Meu caro amigo,38,7,10,z1,*m6,Vm7,0,major,21.0
CHICO,28,Meu caro amigo,39,9,9,Y0,*7,V/II,0,major,21.5
CHICO,28,Meu caro amigo,40,2,2,Y2,*7.9,V/V,0,major,22.0
CHICO,28,Meu caro amigo,41,7,7,Y4,*7.13,V,0,major,22.5
CHICO,28,Meu caro amigo,42,7,10,z1,*m6,Vm7,0,major,23.0
CHICO,28,Meu caro amigo,43,9,9,Y0,*7,V/II,0,major,23.5
CHICO,28,Meu caro amigo,44,2,2,Y2,*7.9,V/V,0,major,24.0
CHICO,28,Meu caro amigo,45,7,7,Y4,*7.13,V,0,major,24.5
CHICO,28,Meu caro amigo,46,0,0,Z1.1,*6.9,I,0,major,25.0
CHICO,29,Morena dos olhos dagua,1,5,5,Z1,*6,I,5,major,1.0
CHICO,29,Morena dos olhos dagua,2,7,7,Y4,*7.13,V/V,5,major,2.0
CHICO,29,Morena dos olhos dagua,3,7,7,Y4.1,*7(b13),V/V,5,major,2.5
CHICO,29,Morena dos olhos dagua,4,8,8,Y4,*7.13,SubV/II,5,major,3.0
CHICO,29,Morena dos olhos dagua,5,1,1,Z2,*M7.9,Np/V,5,major,4.0
CHICO,29,Morena dos olhos dagua,6,0,0,Y2,*7.9,V,5,major,4.5
CHICO,29,Morena dos olhos dagua,7,5,5,Z2,*M7.9,I,5,major,5.0
CHICO,29,Morena dos olhos dagua,8,5,5,Z1.1,*6.9,I,5,major,5.5
CHICO,29,Morena dos olhos dagua,9,7,2,Y0,*7,V/V,5,major,6.0
CHICO,29,Morena dos olhos dagua,10,1,1,z1,*m6,bVIm7,5,major,7.0
CHICO,29,Morena dos olhos dagua,11,5,5,Z1.1,*6.9,I,5,major,8.0
CHICO,29,Morena dos olhos dagua,12,0,0,Y2.2.1,*7(b9)13,I,5,major,8.5
CHICO,29,Morena dos olhos dagua,13,5,5,Z2,*M7.9,I,5,major,9.0
CHICO,29,Morena dos olhos dagua,14,10,10,z1,*m6,IVm7,5,major,10.0
CHICO,29,Morena dos olhos dagua,15,7,5,Y0,*7,V/V,5,major,11.0
CHICO,29,Morena dos olhos dagua,16,0,0,Y1,*4.7,V,5,major,12.0
CHICO,29,Morena dos olhos dagua,17,0,0,Y0,*7,V,5,major,12.5
CHICO,29,Morena dos olhos dagua,18,5,5,z0,*m7,Im7,5,major,13.0
CHICO,29,Morena dos olhos dagua,19,1,1,Z0,*M7,bVI7M,5,major,14.0
CHICO,29,Morena dos olhos dagua,20,1,1,Z1,*6,bVI7M,5,major,14.5
CHICO,29,Morena dos olhos dagua,21,10,10,z0,*m7,IVm7,5,major,15.0
CHICO,29,Morena dos olhos dagua,22,8,8,z1,*m6,bIIIm7,5,major,15.5
CHICO,29,Morena dos olhos dagua,23,7,7,z0,*m7,II,5,major,16.0
CHICO,29,Morena dos olhos dagua,24,0,0,Y2,*7.9,V,5,major,16.5
CHICO,29,Morena dos olhos dagua,25,5,5,Z2,*M7.9,I,5,major,17.0
CHICO,29,Morena dos olhos dagua,26,10,10,z1,*m6,IVm7,5,major,18.0
CHICO,29,Morena dos olhos dagua,27,7,5,Y0,*7,V/V,5,major,19.0
CHICO,29,Morena dos olhos dagua,28,0,0,Y1,*4.7,V,5,major,20.0
CHICO,29,Morena dos olhos dagua,29,0,0,Y2,*7.9,V,5,major,20.5
CHICO,29,Morena dos olhos dagua,30,5,5,z0,*m7,Im7,5,major,21.0
CHICO,29,Morena dos olhos dagua,31,1,1,Z0,*M7,bVI7M,5,major,22.0
CHICO,29,Morena dos olhos dagua,32,1,1,Z1,*6,bVI7M,5,major,22.5
CHICO,29,Morena dos olhos dagua,33,10,10,z0,*m7,IVm7,5,major,23.0
CHICO,29,Morena dos olhos dagua,34,8,8,z1,*m6,bIIIm7,5,major,23.5
CHICO,29,Morena dos olhos dagua,35,7,7,z0,*m7,II,5,major,24.0
CHICO,29,Morena dos olhos dagua,36,0,0,Y2,*7.9,V,5,major,24.5
CHICO,29,Morena dos olhos dagua,37,5,5,Z1,*6,I,5,major,25.0
CHICO,30,Mulheres de Atenas,1,2,2,V0,*,I,2,major,1.0
CHICO,30,Mulheres de Atenas,2,4,4,Y0,*7,V/V,2,major,2.0
CHICO,30,Mulheres de Atenas,3,7,7,Z0,*M7,IV,2,major,3.0
CHICO,30,Mulheres de Atenas,4,9,9,Y0,*7,V,2,major,4.0
CHICO,30,Mulheres de Atenas,5,2,2,V0,*,I,2,major,5.0
CHICO,30,Mulheres de Atenas,6,4,4,Y0,*7,V/V,2,major,6.0
CHICO,30,Mulheres de Atenas,7,7,10,z1,*m6,IVm7,2,major,7.0
CHICO,30,Mulheres de Atenas,8,2,9,V0,*,I,2,major,8.0
CHICO,30,Mulheres de Atenas,9,8,8,Y3,*7(#11),SubV/IV,2,major,8.5
CHICO,30,Mulheres de Atenas,10,7,7,Z0,*M7,I,2,major,9.0
CHICO,30,Mulheres de Atenas,11,9,9,Y1,*4.7,V,2,major,10.0
CHICO,30,Mulheres de Atenas,12,9,9,Y0,*7,V,2,major,10.5
CHICO,30,Mulheres de Atenas,13,10,10,x3,*°7(b13),V°/VI,2,major,11.0
CHICO,30,Mulheres de Atenas,14,11,11,z2,*m7.9,VI,2,major,12.0
CHICO,30,Mulheres de Atenas,15,11,11,z0,*m7,VI,2,major,12.5
CHICO,30,Mulheres de Atenas,16,9,9,Y1.1,*4.7.9,V,2,major,13.0
CHICO,30,Mulheres de Atenas,17,2,2,V0,*,I,2,major,14.0
CHICO,30,Mulheres de Atenas,18,8,8,Y3,*7(#11),SubV/IV,2,major,14.5
CHICO,30,Mulheres de Atenas,19,7,7,Z0,*M7,I,2,major,15.0
CHICO,30,Mulheres de Atenas,20,9,9,Y1,*4.7,V,2,major,16.0
CHICO,30,Mulheres de Atenas,21,9,9,Y0,*7,V,2,major,16.5
CHICO,30,Mulheres de Atenas,22,4,7,z1,*m6,II,2,major,17.0
CHICO,30,Mulheres de Atenas,23,6,6,Y0,*7,V/VI,2,major,17.5
CHICO,30,Mulheres de Atenas,24,11,11,z2,*m7.9,VI,2,major,18.0
CHICO,30,Mulheres de Atenas,25,11,11,z0,*m7,VI,2,major,18.5
CHICO,30,Mulheres de Atenas,26,9,9,Y1.1,*4.7.9,V,2,major,19.0
CHICO,30,Mulheres de Atenas,27,2,2,V0,*,I,2,major,20.0
CHICO,31,Nao existe pecado ao sul do equador,1,0,0,Z1.1,*6.9,I,0,major,1.0
CHICO,31,Nao existe pecado ao sul do equador,2,10,10,z1,*m6,bVIIm7,0,major,6.0
CHICO,31,Nao existe pecado ao sul do equador,3,2,2,z0,*m7,II,0,major,7.0
CHICO,31,Nao existe pecado ao sul do equador,4,10,10,z1,*m6,bVIIm7,0,major,9.0
CHICO,31,Nao existe pecado ao sul do equador,5,2,2,z0,*m7,II,0,major,11.0
CHICO,31,Nao existe pecado ao sul do equador,6,7,7,Y4,*7.13,V,0,major,13.0
CHICO,31,Nao existe pecado ao sul do equador,7,8,8,x0,*°7,V°,0,major,14.0
CHICO,31,Nao existe pecado ao sul do equador,8,0,0,Z1.1,*6.9,I,0,major,15.0
CHICO,31,Nao existe pecado ao sul do equador,9,7,7,z0,*m7,II__X,0,major,19.0
CHICO,31,Nao existe pecado ao sul do equador,10,0,0,Y1.1,*4.7.9,V/IV,0,major,20.0
CHICO,31,Nao existe pecado ao sul do equador,11,0,0,Y2,*7.9,V/IV,0,major,21.0
CHICO,31,Nao existe pecado ao sul do equador,12,5,5,Z0,*M7,IV,0,major,22.0
CHICO,31,Nao existe pecado ao sul do equador,13,5,5,z1,*m6,IVm7,0,major,24.0
CHICO,31,Nao existe pecado ao sul do equador,14,4,4,z0,*m7,III,0,major,26.0
CHICO,31,Nao existe pecado ao sul do equador,15,8,3,Y0,*7,V/III,0,major,27.0
CHICO,31,Nao existe pecado ao sul do equador,16,2,2,z0,*m7,II,0,major,28.0
CHICO,31,Nao existe pecado ao sul do equador,17,7,7,Y4,*7.13,V,0,major,29.0
CHICO,31,Nao existe pecado ao sul do equador,18,0,0,Z1.1,*6.9,I,0,major,30.0
CHICO,31,Nao existe pecado ao sul do equador,19,2,2,z0,*m7,II,0,major,31.0
CHICO,31,Nao existe pecado ao sul do equador,20,7,7,Y4,*7.13,V,0,major,32.0
CHICO,31,Nao existe pecado ao sul do equador,21,0,4,Z1,*6,I,0,major,33.0
CHICO,31,Nao existe pecado ao sul do equador,22,0,3,z1,*m6,Im7,0,major,34.0
CHICO,31,Nao existe pecado ao sul do equador,23,2,2,z0,*m7,II,0,major,35.0
CHICO,31,Nao existe pecado ao sul do equador,24,7,7,Y4,*7.13,V,0,major,36.0
CHICO,31,Nao existe pecado ao sul do equador,25,0,0,Y1.1,*4.7.9,V/IV,0,major,37.0
CHICO,31,Nao existe pecado ao sul do equador,26,0,0,Y2,*7.9,V/IV,0,major,38.0
CHICO,31,Nao existe pecado ao sul do equador,27,4,4,z0,*m7,V°/IV,0,major,39.0
CHICO,31,Nao existe pecado ao sul do equador,28,9,9,Y4.1,*7(b13),V/II,0,major,40.0
CHICO,31,Nao existe pecado ao sul do equador,29,2,2,Y2,*7.9,V/V,0,major,41.0
CHICO,31,Nao existe pecado ao sul do equador,30,4,4,z0,*m7,III,0,major,43.0
CHICO,31,Nao existe pecado ao sul do equador,31,2,2,z0,*m7,II,0,major,44.0
CHICO,31,Nao existe pecado ao sul do equador,32,7,7,Y0,*7,V,0,major,44.5
CHICO,31,Nao existe pecado ao sul do equador,33,0,0,Z1.1,*6.9,I,0,major,45.0
CHICO,32,Noite dos mascarados,1,10,10,Z1,*6,III,7,minor,1.0
CHICO,32,Noite dos mascarados,2,9,1,Y0,*7,V/V,7,minor,1.5
CHICO,32,Noite dos mascarados,3,2,2,Y0,*7,V,7,minor,2.0
CHICO,32,Noite dos mascarados,4,9,9,y0,*Ø,II,7,minor,3.0
CHICO,32,Noite dos mascarados,5,2,6,Y0,*7,V,7,minor,3.5
CHICO,32,Noite dos mascarados,6,7,7,z0,*m7,I,7,minor,4.0
CHICO,32,Noite dos mascarados,7,7,5,z0,*m7,I,7,minor,4.5
CHICO,32,Noite dos mascarados,8,4,4,y0,*Ø,II,2,minor,5.0
CHICO,32,Noite dos mascarados,9,9,9,Y4.1,*7(b13),V,2,minor,5.5
CHICO,32,Noite dos mascarados,10,2,2,z0,*m7,I,2,minor,6.0
CHICO,32,Noite dos mascarados,11,2,0,z0,*m7,I,2,minor,6.5
CHICO,32,Noite dos mascarados,12,11,11,x0,*°7,V°/V,2,minor,7.0
CHICO,32,Noite dos mascarados,13,9,9,Y0,*7,V,2,minor,7.5
CHICO,32,Noite dos mascarados,14,2,2,z0,*m7,I,2,minor,8.0
CHICO,32,Noite dos mascarados,15,7,7,Y0,*7,V/IV,7,minor,8.25
CHICO,32,Noite dos mascarados,16,0,0,z0,*m7,II__X,7,minor,8.5
CHICO,32,Noite dos mascarados,17,5,5,Y0,*7,V/III,7,minor,8.75
CHICO,32,Noite dos mascarados,18,10,10,Z1,*6,III,7,minor,9.0
CHICO,32,Noite dos mascarados,19,2,2,Y0,*7,V,7,minor,10.0
CHICO,32,Noite dos mascarados,20,2,2,y0,*Ø,II__X,7,minor,11.0
CHICO,32,Noite dos mascarados,21,7,7,Y4.1,*7(b13),V/IV,7,minor,11.5
CHICO,32,Noite dos mascarados,22,0,0,z0,*m7,IV,7,minor,12.0
CHICO,32,Noite dos mascarados,23,3,3,z1,*m6,bVIm7,7,minor,13.0
CHICO,32,Noite dos mascarados,24,10,10,z1,*m6,bIIIm7,7,minor,14.0
CHICO,32,Noite dos mascarados,25,0,0,Y0,*7,IV7,7,minor,15.0
CHICO,32,Noite dos mascarados,26,0,0,z0,*m7,II__X,7,minor,16.0
CHICO,32,Noite dos mascarados,27,5,5,Y2,*7.9,V/III,7,minor,16.5
CHICO,32,Noite dos mascarados,28,10,10,Z1,*6,III,7,minor,17.0
CHICO,33,O meu amor,1,11,11,v0,*m,I,11,minor,1.0
CHICO,33,O meu amor,2,6,10,Y0,*7,V,11,minor,2.0
CHICO,33,O meu amor,3,2,9,Y0,*7,V/VI,11,minor,3.0
CHICO,33,O meu amor,4,7,7,Y2,*7.9,SubV/V,11,minor,4.0
CHICO,33,O meu amor,5,0,0,Z2,*M7.9,bII7M,11,minor,5.0
CHICO,33,O meu amor,6,0,0,Z1.1,*6.9,bII7M,11,minor,6.0
CHICO,33,O meu amor,7,9,1,Y0,*7,V/III,11,minor,7.0
CHICO,33,O meu amor,8,2,2,Y1.1,*4.7.9,V/VI,11,minor,9.0
CHICO,33,O meu amor,9,2,2,Y2,*7.9,V/VI,11,minor,10.0
CHICO,33,O meu amor,10,11,3,Y0,*7,V/IV,11,minor,11.0
CHICO,33,O meu amor,11,3,3,x0,*°7,V°/IV,11,minor,12.0
CHICO,33,O meu amor,12,4,4,z1.3,*m(b6),IV,11,minor,13.0
CHICO,33,O meu amor,13,4,4,z1,*m6,IV,11,minor,14.0
CHICO,33,O meu amor,14,9,9,Y1.1,*4.7.9,V/III,11,minor,15.0
CHICO,33,O meu amor,15,9,9,Y2,*7.9,V/III,11,minor,15.5
CHICO,33,O meu amor,16,9,9,Y1.1,*4.7.9,V/III,11,minor,16.0
CHICO,33,O meu amor,17,9,9,Y2,*7.9,V/III,11,minor,16.5
CHICO,33,O meu amor,18,9,9,z1,*m6,bVIIm7,11,minor,17.0
CHICO,33,O meu amor,19,6,10,Y0,*7,V,11,minor,18.0
CHICO,33,O meu amor,20,11,11,Z0,*M7,I,11,major,19.0
CHICO,33,O meu amor,21,6,10,Y0,*7,V,11,major,20.0
CHICO,33,O meu amor,22,4,7,z1,*m6,IVm7,11,major,21.0
CHICO,33,O meu amor,23,11,6,Z0,*M7,I,11,major,22.0
CHICO,33,O meu amor,24,6,6,Y3,*7(#11),V,11,major,22.5
CHICO,33,O meu amor,25,4,4,z0,*m7,II__X,11,minor,23.0
CHICO,33,O meu amor,26,9,9,Y2,*7.9,V/III,11,minor,23.5
CHICO,33,O meu amor,27,2,2,Z5,*6.M7,III,11,minor,24.0
CHICO,33,O meu amor,28,2,2,Y4,*7.13,V/VI,11,minor,24.5
CHICO,33,O meu amor,29,2,0,Y0,*7,V/VI,11,minor,25.0
CHICO,33,O meu amor,30,6,6,X0,*(b5)7,V,11,minor,25.5
CHICO,33,O meu amor,31,11,11,v0,*m,I,11,minor,26.0
CHICO,34,Ole ola,1,2,6,V0,*,V/III,4,minor,1.0
CHICO,34,Ole ola,2,4,4,z0,*m7,I,4,minor,2.0
CHICO,34,Ole ola,3,0,0,Y2,*7.9,SubV/V,4,minor,3.0
CHICO,34,Ole ola,4,11,11,Y2.3,*7(b9),V,4,minor,3.5
CHICO,34,Ole ola,5,4,4,z0,*m7,I,4,minor,4.0
CHICO,34,Ole ola,6,2,6,Y0,*7,V/III,4,minor,5.0
CHICO,34,Ole ola,7,4,4,z0,*m7,I,4,minor,6.0
CHICO,34,Ole ola,8,0,0,Y2,*7.9,SubV/V,4,minor,7.0
CHICO,34,Ole ola,9,4,4,z0,*m7,I,4,minor,8.0
CHICO,34,Ole ola,10,0,10,Y0,*7,SubV/V,4,minor,9.0
CHICO,34,Ole ola,11,7,9,Y0,*7,V,4,minor,10.0
CHICO,34,Ole ola,12,4,7,v0,*m,I,4,minor,11.0
CHICO,34,Ole ola,13,0,0,Y2,*7.9,V,5,major,12.0
CHICO,34,Ole ola,14,5,5,Z1,*6,I,5,major,13.0
CHICO,34,Ole ola,15,1,1,Y2,*7.9,V,6,major,14.0
CHICO,34,Ole ola,16,6,6,Z1,*6,I,6,major,15.0
CHICO,34,Ole ola,17,2,2,Y2,*7.9,V,7,major,16.0
CHICO,34,Ole ola,18,7,7,Z1,*6,I,7,major,17.0
CHICO,34,Ole ola,19,3,3,Y2,*7.9,V,8,major,18.0
CHICO,34,Ole ola,20,8,8,Z1,*6,I,8,major,19.0
CHICO,34,Ole ola,21,9,9,z0,*m7,II,7,major,20.0
CHICO,34,Ole ola,22,2,2,Y2,*7.9,V,7,major,20.5
CHICO,34,Ole ola,23,7,7,Z0,*M7,I,7,major,21.0
CHICO,34,Ole ola,24,0,0,Y0,*7,IV7,7,major,22.0
CHICO,34,Ole ola,25,11,11,Y0,*7,V,4,minor,23.0
CHICO,34,Ole ola,26,0,10,Y0,*7,SubV/V,4,minor,24.0
CHICO,34,Ole ola,27,5,9,V0,*,bII7M,4,minor,25.0
CHICO,34,Ole ola,28,11,9,Y0,*7,V,4,minor,26.0
CHICO,34,Ole ola,29,4,7,v0,*m,I,4,minor,27.0
CHICO,35,Olhos nos olhos,1,9,9,Z0,*M7,I,9,major,1.0
CHICO,35,Olhos nos olhos,2,11,11,z0,*m7,II,9,major,2.0
CHICO,35,Olhos nos olhos,3,0,0,x0,*°7,V°/III,9,major,3.0
CHICO,35,Olhos nos olhos,4,9,1,Z0,*M7,I,9,major,4.0
CHICO,35,Olhos nos olhos,5,9,7,Y0,*7,V/IV,9,major,5.0
CHICO,35,Olhos nos olhos,6,9,9,Y0,*7,V/IV,9,major,6.0
CHICO,35,Olhos nos olhos,7,2,2,Z0,*M7,IV,9,major,7.0
CHICO,35,Olhos nos olhos,8,2,5,w0,*mM7,IVm7,9,major,8.0
CHICO,35,Olhos nos olhos,9,2,5,z1,*m6,IVm7,9,major,8.5
CHICO,35,Olhos nos olhos,10,8,8,y0,*Ø,II__X,9,major,9.0
CHICO,35,Olhos nos olhos,11,1,1,Y2.3,*7(b9),V/VI,9,major,10.0
CHICO,35,Olhos nos olhos,12,6,6,w1,*mM7.9,VI,9,major,11.0
CHICO,35,Olhos nos olhos,13,6,6,z2,*m7.9,II__X,9,major,12.0
CHICO,35,Olhos nos olhos,14,11,11,Y1.1,*4.7.9,V/V,9,major,13.0
CHICO,35,Olhos nos olhos,15,11,11,Y2,*7.9,V/V,9,major,14.0
CHICO,35,Olhos nos olhos,16,4,4,Y1.1,*4.7.9,V,9,major,15.0
CHICO,35,Olhos nos olhos,17,4,4,Y2.1.2,*7(b9.#11),V,9,major,16.0
CHICO,35,Olhos nos olhos,18,4,4,Y2.3,*7(b9),V,9,major,16.5
CHICO,35,Olhos nos olhos,19,9,9,Z0,*M7,I,9,major,17.0
CHICO,35,Olhos nos olhos,20,11,11,z0,*m7,II,9,major,18.0
CHICO,35,Olhos nos olhos,21,0,0,x0,*°7,V°/III,9,major,19.0
CHICO,35,Olhos nos olhos,22,9,1,Z0,*M7,I,9,major,20.0
CHICO,35,Olhos nos olhos,23,9,7,Y0,*7,V/IV,9,major,21.0
CHICO,35,Olhos nos olhos,24,9,9,Y0,*7,V/IV,9,major,22.0
CHICO,35,Olhos nos olhos,25,2,2,Z0,*M7,IV,9,major,23.0
CHICO,35,Olhos nos olhos,26,2,5,w0,*mM7,IVm7,9,major,24.0
CHICO,35,Olhos nos olhos,27,2,5,z1,*m6,IVm7,9,major,24.5
CHICO,35,Olhos nos olhos,28,6,6,v0,*m,I,6,minor,25.0
CHICO,35,Olhos nos olhos,29,1,5,Y4.1,*7(b13),V,6,minor,26.0
CHICO,35,Olhos nos olhos,30,6,4,z0,*m7,I,6,minor,27.0
CHICO,35,Olhos nos olhos,31,9,7,Y0,*7,V/VI,6,minor,28.0
CHICO,35,Olhos nos olhos,32,8,8,y0,*Ø,II,6,minor,29.0
CHICO,35,Olhos nos olhos,33,2,2,Y2,*7.9,SubV/V,6,minor,31.0
CHICO,35,Olhos nos olhos,34,1,1,Y1.1,*4.7.9,V,6,minor,32.0
CHICO,35,Olhos nos olhos,35,1,1,Y2,*7.9,V,6,minor,32.5
CHICO,35,Olhos nos olhos,36,6,6,v0,*m,I,6,minor,33.0
CHICO,35,Olhos nos olhos,37,1,5,Y0,*7,V,6,minor,34.0
CHICO,35,Olhos nos olhos,38,6,4,Y0,*7,V/IV,6,minor,35.0
CHICO,35,Olhos nos olhos,39,11,3,Y0,*7,IV7,6,minor,36.0
CHICO,35,Olhos nos olhos,40,2,2,Z1,*6,VI,6,minor,37.0
CHICO,35,Olhos nos olhos,41,1,1,Y0,*7,V,6,minor,38.0
CHICO,35,Olhos nos olhos,42,0,0,x0,*°7,V°/V,6,minor,39.0
CHICO,35,Olhos nos olhos,43,6,1,v0,*m,I,6,minor,40.0
CHICO,35,Olhos nos olhos,44,6,6,v0,*m,I,6,minor,41.0
CHICO,35,Olhos nos olhos,45,1,5,Y0,*7,V,6,minor,42.0
CHICO,35,Olhos nos olhos,46,6,4,Y0,*7,V/IV,6,minor,43.0
CHICO,35,Olhos nos olhos,47,11,3,Y0,*7,IV7,6,minor,44.0
CHICO,35,Olhos nos olhos,48,4,2,Y0,*7,V/III,6,minor,45.0
CHICO,35,Olhos nos olhos,49,11,2,z1,*m6,IV,6,minor,46.0
CHICO,35,Olhos nos olhos,50,8,8,y0,*Ø,II,6,minor,47.0
CHICO,35,Olhos nos olhos,51,1,1,Y2.3,*7(b9),V,6,minor,48.0
CHICO,36,Pedro pedreiro,1,7,7,Z1,*6,I,7,major,1.0
CHICO,36,Pedro pedreiro,2,9,9,z0,*m7,II,7,major,2.0
CHICO,36,Pedro pedreiro,3,2,2,Y2,*7.9,V,7,major,2.5
CHICO,36,Pedro pedreiro,4,7,7,Z0,*M7,I,7,major,3.0
CHICO,36,Pedro pedreiro,5,10,10,Y2,*7.9,SubV/II,7,major,3.5
CHICO,36,Pedro pedreiro,6,9,9,z3,*m7.11,II,7,major,4.0
CHICO,36,Pedro pedreiro,7,8,8,Y3,*7(#11),SubV,7,major,4.5
CHICO,36,Pedro pedreiro,8,7,7,Z1,*6,I,7,major,5.0
CHICO,36,Pedro pedreiro,9,9,9,z0,*m7,II,7,major,6.0
CHICO,36,Pedro pedreiro,10,2,2,Y2,*7.9,V,7,major,6.5
CHICO,36,Pedro pedreiro,11,9,0,z1,*m6,II,7,major,7.0
CHICO,36,Pedro pedreiro,12,11,11,Y0,*7,V/VI,7,major,8.0
CHICO,36,Pedro pedreiro,13,4,4,z0,*m7,VI,7,major,9.0
CHICO,36,Pedro pedreiro,14,9,9,z0,*m7,II,7,major,10.0
CHICO,36,Pedro pedreiro,15,4,4,z0,*m7,VI,7,major,11.0
CHICO,36,Pedro pedreiro,16,9,9,z0,*m7,II,7,major,12.0
CHICO,36,Pedro pedreiro,17,9,9,Y0,*7,V/V,7,major,13.0
CHICO,36,Pedro pedreiro,18,11,11,Y0,*7,V,4,minor,15.0
CHICO,36,Pedro pedreiro,19,4,4,z0,*m7,I,4,minor,17.0
CHICO,36,Pedro pedreiro,20,9,9,z0,*m7,IV,4,minor,18.0
CHICO,36,Pedro pedreiro,21,4,4,z0,*m7,I,4,minor,19.0
CHICO,36,Pedro pedreiro,22,9,9,z0,*m7,IV,4,minor,20.0
CHICO,36,Pedro pedreiro,23,4,4,z0,*m7,I,4,minor,21.0
CHICO,36,Pedro pedreiro,24,9,9,z0,*m7,IV,4,minor,22.0
CHICO,36,Pedro pedreiro,25,4,4,z0,*m7,I,4,minor,23.0
CHICO,36,Pedro pedreiro,26,6,6,y0,*Ø,II,4,minor,24.0
CHICO,36,Pedro pedreiro,27,11,11,Y2.3,*7(b9),V,4,minor,24.5
CHICO,36,Pedro pedreiro,28,4,4,z0,*m7,I,4,minor,25.0
CHICO,36,Pedro pedreiro,29,2,2,Y0,*7,V,7,major,25.5
CHICO,36,Pedro pedreiro,30,7,7,Z1,*6,I,7,major,26.0
CHICO,37,Quem te viu quem te ve,1,11,6,z0,*m7,I,11,minor,1.0
CHICO,37,Quem te viu quem te ve,2,4,11,z1,*m6,IV,11,minor,3.0
CHICO,37,Quem te viu quem te ve,3,10,10,x0,*°7,V°,11,minor,4.0
CHICO,37,Quem te viu quem te ve,4,11,9,v0,*m,I,11,minor,5.0
CHICO,37,Quem te viu quem te ve,5,4,8,Y0,*7,IV7,11,minor,6.0
CHICO,37,Quem te viu quem te ve,6,9,7,Y0,*7,V/III,11,minor,7.0
CHICO,37,Quem te viu quem te ve,7,9,9,Y0,*7,V/III,11,minor,8.0
CHICO,37,Quem te viu quem te ve,8,2,2,Z2,*M7.9,III,11,minor,9.0
CHICO,37,Quem te viu quem te ve,9,2,9,Z1,*6,III,11,minor,10.0
CHICO,37,Quem te viu quem te ve,10,8,8,x0,*°7,V°/V,11,minor,11.0
CHICO,37,Quem te viu quem te ve,11,7,7,x0,*°7,V°,11,minor,13.0
CHICO,37,Quem te viu quem te ve,12,6,6,Y0,*7,V,11,minor,14.0
CHICO,37,Quem te viu quem te ve,13,5,5,x0,*°7,V°/V,11,minor,15.0
CHICO,37,Quem te viu quem te ve,14,6,6,Y1.1.3,*4.7(b9),V,11,minor,17.0
CHICO,37,Quem te viu quem te ve,15,6,6,Y0,*7,V,11,minor,18.0
CHICO,37,Quem te viu quem te ve,16,11,6,Z1,*6,I,11,major,19.0
CHICO,37,Quem te viu quem te ve,17,6,6,Y1.1,*4.7.9,V,11,major,21.0
CHICO,37,Quem te viu quem te ve,18,6,6,Y0,*7,V,11,major,22.0
CHICO,37,Quem te viu quem te ve,19,3,7,Y0,*7,V/VI,11,major,23.0
CHICO,37,Quem te viu quem te ve,20,6,6,z1,*m6,Vm7,11,major,24.0
CHICO,37,Quem te viu quem te ve,21,4,4,Z2,*M7.9,IV,11,major,25.0
CHICO,37,Quem te viu quem te ve,22,6,10,Y0,*7,V,11,major,26.0
CHICO,37,Quem te viu quem te ve,23,11,9,Y0,*7,V/IV,11,major,27.0
CHICO,37,Quem te viu quem te ve,24,1,8,z0,*m7,II,11,major,29.0
CHICO,37,Quem te viu quem te ve,25,6,6,Y0,*7,V,11,major,30.0
CHICO,37,Quem te viu quem te ve,26,3,10,Y0,*7,V/VI,11,major,31.0
CHICO,37,Quem te viu quem te ve,27,8,8,Y0,*7,V/II,11,major,32.0
CHICO,37,Quem te viu quem te ve,28,1,8,z0,*m7,II,11,major,33.0
CHICO,37,Quem te viu quem te ve,29,6,6,Y0,*7,V,11,major,34.0
CHICO,37,Quem te viu quem te ve,30,11,6,z2.1,*m7.9.11,I,11,minor,35.0
CHICO,38,Roda viva,1,11,11,z0,*m7,I,11,minor,1.0
CHICO,38,Roda viva,2,7,7,Y0,*7,SubV/V,11,minor,3.0
CHICO,38,Roda viva,3,6,6,Y0,*7,V,11,minor,5.0
CHICO,38,Roda viva,4,4,4,z2,*m7.9,II__X,11,minor,6.0
CHICO,38,Roda viva,5,9,9,Y4,*7.13,V/III,11,minor,6.5
CHICO,38,Roda viva,6,2,2,Z2,*M7.9,III,11,minor,7.0
CHICO,38,Roda viva,7,2,2,Z1.1,*6.9,III,11,minor,7.5
CHICO,38,Roda viva,8,2,2,x0,*°7,V°/V,11,minor,8.0
CHICO,38,Roda viva,9,1,1,Y0,*7,V/V,11,minor,8.5
CHICO,38,Roda viva,10,6,6,Y0,*7,V,11,minor,9.0
CHICO,38,Roda viva,11,11,11,Y0,*7,V/IV,11,minor,10.0
CHICO,38,Roda viva,12,4,4,z0,*m7,II__X,11,minor,11.0
CHICO,38,Roda viva,13,9,9,Y2,*7.9,V/III,11,minor,12.0
CHICO,38,Roda viva,14,2,2,Z2,*M7.9,III,11,minor,13.0
CHICO,38,Roda viva,15,1,1,Y0,*7,V/V,11,minor,14.0
CHICO,38,Roda viva,16,6,6,Y0,*7,V,11,minor,14.5
CHICO,38,Roda viva,17,11,11,z0,*m7,I,11,minor,15.0
CHICO,38,Roda viva,18,7,7,Y0,*7,SubV/V,11,minor,16.0
CHICO,38,Roda viva,19,6,6,Y0,*7,V,11,minor,17.0
CHICO,38,Roda viva,20,11,11,z0,*m7,I,11,minor,18.0
CHICO,38,Roda viva,21,6,9,z0,*m7,Vm7,11,minor,19.0
CHICO,38,Roda viva,22,4,7,v0,*m,II__X,11,minor,20.0
CHICO,38,Roda viva,23,9,9,Y2,*7.9,V/III,11,minor,21.0
CHICO,38,Roda viva,24,9,9,z0,*m7,II__X,11,minor,22.0
CHICO,38,Roda viva,25,2,2,Y2,*7.9,V/VI,11,minor,22.5
CHICO,38,Roda viva,26,7,7,Z1,*6,VI,11,minor,23.0
CHICO,38,Roda viva,27,6,6,Y0,*7,V,11,minor,24.0
CHICO,38,Roda viva,28,11,11,v0,*m,I,11,minor,25.0
CHICO,39,Samba de Orly,1,0,0,Z2,*M7.9,I,0,major,1.0
CHICO,39,Samba de Orly,2,0,0,Z1.1,*6.9,I,0,major,2.0
CHICO,39,Samba de Orly,3,6,6,y0,*Ø,II__X,0,major,3.0
CHICO,39,Samba de Orly,4,11,11,Y2.3,*7(b9),V/III,0,major,4.0
CHICO,39,Samba de Orly,5,4,4,z0,*m7,II__X,0,major,5.0
CHICO,39,Samba de Orly,6,9,9,Y4.1,*7(b13),V/II,0,major,6.0
CHICO,39,Samba de Orly,7,7,7,z0,*m7,II__X,0,major,7.0
CHICO,39,Samba de Orly,8,0,0,Y2,*7.9,V/IV,0,major,8.0
CHICO,39,Samba de Orly,9,6,6,y0,*Ø,#IVm7(b5),0,major,9.0
CHICO,39,Samba de Orly,10,5,5,z1,*m6,IVm7,0,major,10.0
CHICO,39,Samba de Orly,11,0,4,V0,*,I,0,major,11.0
CHICO,39,Samba de Orly,12,9,9,z0,*m7,II__X,0,major,12.0
CHICO,39,Samba de Orly,13,2,2,Y2,*7.9,V/V,0,major,13.0
CHICO,39,Samba de Orly,14,2,2,z2,*m7.9,II,0,major,15.0
CHICO,39,Samba de Orly,15,7,7,Y2.2.1,*7(b9)13,V,0,major,16.0
CHICO,39,Samba de Orly,16,0,0,Z2,*M7.9,I,0,major,17.0
CHICO,39,Samba de Orly,17,0,0,Z1.1,*6.9,I,0,major,18.0
CHICO,39,Samba de Orly,18,6,6,y0,*Ø,II__X,0,major,19.0
CHICO,39,Samba de Orly,19,11,11,Y2.3,*7(b9),V/III,0,major,20.0
CHICO,39,Samba de Orly,20,4,4,z0,*m7,II__X,0,major,21.0
CHICO,39,Samba de Orly,21,9,9,Y4.1,*7(b13),V/II,0,major,22.0
CHICO,39,Samba de Orly,22,7,7,z0,*m7,II__X,0,major,23.0
CHICO,39,Samba de Orly,23,0,0,Y2,*7.9,V/IV,0,major,24.0
CHICO,39,Samba de Orly,24,6,6,y0,*Ø,#IVm7(b5),0,major,25.0
CHICO,39,Samba de Orly,25,5,5,z1,*m6,IVm7,0,major,26.0
CHICO,39,Samba de Orly,26,4,4,Y4.1,*7(b13),V/VI,0,major,27.0
CHICO,39,Samba de Orly,27,9,9,Y4.1,*7(b13),V/II,0,major,28.0
CHICO,39,Samba de Orly,28,9,9,z1,*m6,VI,0,major,29.0
CHICO,39,Samba de Orly,29,7,7,Y4,*7.13,V,0,major,30.0
CHICO,39,Samba de Orly,30,7,7,z0,*m7,II__X,0,major,31.0
CHICO,39,Samba de Orly,31,6,6,Y3,*7(#11),SubV/IV,0,major,32.0
CHICO,39,Samba de Orly,32,5,5,Z0,*M7,IV,0,major,33.0
CHICO,39,Samba de Orly,33,5,5,z1,*m6,IVm7,0,major,34.0
CHICO,39,Samba de Orly,34,4,4,Y4.1,*7(b13),V/VI,0,major,35.0
CHICO,39,Samba de Orly,35,9,9,Y2.2.1,*7(b9)13,V/II,0,major,36.0
CHICO,39,Samba de Orly,36,9,9,z1,*m6,VI,0,major,37.0
CHICO,39,Samba de Orly,37,7,7,Y4,*7.13,V,0,major,38.0
CHICO,39,Samba de Orly,38,0,0,Z2,*M7.9,I,0,major,39.0
CHICO,39,Samba de Orly,39,0,0,Z1.1,*6.9,I,0,major,41.0
CHICO,40,Sem fantasia,1,4,4,z0,*m7,I,4,minor,1.0
CHICO,40,Sem fantasia,2,6,6,y0,*Ø,II,4,minor,3.0
CHICO,40,Sem fantasia,3,11,6,Y0,*7,V,4,minor,4.0
CHICO,40,Sem fantasia,4,11,11,y0,*Ø,II__X,4,minor,5.0
CHICO,40,Sem fantasia,5,4,4,Y2.3,*7(b9),V/IV,4,minor,7.0
CHICO,40,Sem fantasia,6,9,9,z0,*m7,II__X,4,minor,9.0
CHICO,40,Sem fantasia,7,2,2,Y2,*7.9,V/III,4,minor,10.0
CHICO,40,Sem fantasia,8,7,7,Z0,*M7,III,4,minor,11.0
CHICO,40,Sem fantasia,9,7,7,Y0,*7,V/VI,4,minor,12.0
CHICO,40,Sem fantasia,10,0,0,Z0,*M7,VI,4,minor,13.0
CHICO,40,Sem fantasia,11,0,10,Y0,*7,SubV/V,4,minor,14.0
CHICO,40,Sem fantasia,12,6,6,z3,*m7.11,II,4,minor,15.0
CHICO,40,Sem fantasia,13,11,6,Y0,*7,V,4,minor,16.0
CHICO,40,Sem fantasia,14,4,4,z0,*m7,I,4,minor,17.0
CHICO,40,Sem fantasia,15,6,6,y0,*Ø,II,4,minor,19.0
CHICO,40,Sem fantasia,16,11,6,Y0,*7,V,4,minor,20.0
CHICO,40,Sem fantasia,17,11,11,y0,*Ø,II__X,4,minor,21.0
CHICO,40,Sem fantasia,18,4,11,Y0,*7,V/IV,4,minor,22.0
CHICO,40,Sem fantasia,19,9,9,z0,*m7,IV,4,minor,23.0
CHICO,40,Sem fantasia,20,10,10,x0,*°7,V°/V,4,minor,25.0
CHICO,40,Sem fantasia,21,4,11,z0,*m7,I,4,minor,27.0
CHICO,40,Sem fantasia,22,0,0,Z0,*M7,VI,4,minor,28.0
CHICO,40,Sem fantasia,23,11,11,y0,*Ø,II__X,4,minor,29.0
CHICO,40,Sem fantasia,24,4,11,Y0,*7,V/IV,4,minor,30.0
CHICO,40,Sem fantasia,25,9,9,z0,*m7,IV,4,minor,31.0
CHICO,40,Sem fantasia,26,10,10,x0,*°7,V°/V,4,minor,33.0
CHICO,40,Sem fantasia,27,4,11,z0,*m7,I,4,minor,35.0
CHICO,40,Sem fantasia,28,0,0,Z1,*6,VI,4,minor,36.0
CHICO,40,Sem fantasia,29,6,6,Y0,*7,V/V,4,minor,37.0
CHICO,40,Sem fantasia,30,11,11,Y2,*7.9,V,4,minor,38.0
CHICO,40,Sem fantasia,31,4,4,z0,*m7,I,4,minor,39.0
CHICO,41,Samba e amor,1,0,0,z0,*m7,I,0,minor,1.0
CHICO,41,Samba e amor,2,5,9,Y0,*7,IV7,0,minor,2.0
CHICO,41,Samba e amor,3,8,8,Z1,*6,VI,0,minor,3.0
CHICO,41,Samba e amor,4,7,7,Y4.1,*7(b13),V,0,minor,4.0
CHICO,41,Samba e amor,5,0,0,z0,*m7,I,0,minor,5.0
CHICO,41,Samba e amor,6,5,9,Y0,*7,IV7,0,minor,6.0
CHICO,41,Samba e amor,7,0,10,Y0,*7,V/IV,0,minor,7.0
CHICO,41,Samba e amor,8,5,9,Y0,*7,IV7,0,minor,9.0
CHICO,41,Samba e amor,9,8,8,z1,*m6,bVIm7,0,minor,10.0
CHICO,41,Samba e amor,10,3,7,Z0,*M7,III,0,minor,11.0
CHICO,41,Samba e amor,11,8,8,Z0,*M7,VI,0,minor,12.0
CHICO,41,Samba e amor,12,9,9,y0,*Ø,II__X,0,minor,13.0
CHICO,41,Samba e amor,13,2,2,Y2.3,*7(b9),V/V,0,minor,14.0
CHICO,41,Samba e amor,14,2,2,z2,*m7.9,II,0,minor,15.0
CHICO,41,Samba e amor,15,8,8,z1,*m6,bVIm7,0,minor,16.0
CHICO,41,Samba e amor,16,0,7,z2,*m7.9,I,0,minor,17.0
CHICO,41,Samba e amor,17,0,0,Y2.3,*7(b9),V/IV,0,minor,18.0
CHICO,41,Samba e amor,18,5,5,z0,*m7,II__X,0,minor,19.0
CHICO,41,Samba e amor,19,10,10,Y2.3,*7(b9),V/III,0,minor,20.0
CHICO,41,Samba e amor,20,3,3,Y2,*7.9,V/VI,0,minor,21.0
CHICO,41,Samba e amor,21,1,1,Y2,*7.9,SubV,0,minor,22.0
CHICO,41,Samba e amor,22,0,0,Y2,*7.9,V/IV,0,minor,23.0
CHICO,41,Samba e amor,23,0,0,z0,*m7,I,0,minor,25.0
CHICO,41,Samba e amor,24,7,11,Y0,*7,V,0,minor,26.0
CHICO,41,Samba e amor,25,0,10,Y0,*7,V/IV,0,minor,27.0
CHICO,41,Samba e amor,26,5,9,Y0,*7,IV7,0,minor,28.0
CHICO,41,Samba e amor,27,8,8,Y0,*7,SubV/V,0,minor,29.0
CHICO,41,Samba e amor,28,7,7,Y4.1,*7(b13),V,0,minor,30.0
CHICO,41,Samba e amor,29,0,0,z0,*m7,I,0,minor,31.0
CHICO,42,Sob medida,1,9,1,V0,*,I,9,major,1.0
CHICO,42,Sob medida,2,0,0,x0,*°7,V°/V,9,major,1.5
CHICO,42,Sob medida,3,11,11,Y0,*7,V/V,9,major,2.0
CHICO,42,Sob medida,4,4,4,Y2,*7.9,V,9,major,2.5
CHICO,42,Sob medida,5,9,9,Z0,*M7,I,9,major,3.0
CHICO,42,Sob medida,6,10,10,x0,*°7,V°/II,9,major,3.5
CHICO,42,Sob medida,7,11,11,z0,*m7,II,9,major,4.0
CHICO,42,Sob medida,8,4,4,Y2,*7.9,V,9,major,4.5
CHICO,42,Sob medida,9,9,9,Z0,*M7,I,9,major,5.0
CHICO,42,Sob medida,10,9,9,Z1,*6,I,9,major,5.5
CHICO,42,Sob medida,11,1,8,Z0,*M7,V/VI,9,major,6.0
CHICO,42,Sob medida,12,6,6,z0,*m7,VI,9,major,7.0
CHICO,42,Sob medida,13,9,9,Y2.2,*7.9.13,V/IV,9,major,8.0
CHICO,42,Sob medida,14,7,11,Z0,*M7,IV,2,major,9.0
CHICO,42,Sob medida,15,7,10,z1,*m6,IVm7,2,major,10.0
CHICO,42,Sob medida,16,6,10,Y0,*7,V/VI,2,major,11.0
CHICO,42,Sob medida,17,9,0,z1,*m6,Vm7,2,major,12.0
CHICO,42,Sob medida,18,11,11,Y0,*7,V/II,2,major,12.5
CHICO,42,Sob medida,19,4,11,Y0,*7,V/V,2,major,13.0
CHICO,42,Sob medida,20,7,10,z1,*m6,IVm7,2,major,14.0
CHICO,42,Sob medida,21,2,9,Z0,*M7,I,2,major,16.0
CHICO,42,Sob medida,22,11,11,z2,*m7.9,II,9,major,16.25
CHICO,42,Sob medida,23,4,4,W0,*(#5)7,V,9,major,16.5
CHICO,42,Sob medida,24,9,1,V0,*,I,9,major,17.0
CHICO,42,Sob medida,25,0,0,x0,*°7,V°/V,9,major,17.5
CHICO,42,Sob medida,26,11,11,Y0,*7,V/V,9,major,18.0
CHICO,42,Sob medida,27,4,4,Y2,*7.9,V,9,major,18.5
CHICO,42,Sob medida,28,9,9,Z0,*M7,I,9,major,19.0
CHICO,42,Sob medida,29,1,8,Y0,*7,V/VI,9,major,19.5
CHICO,42,Sob medida,30,6,6,z0,*m7,VI,9,major,20.0
CHICO,42,Sob medida,31,4,4,Y2,*7.9,V,9,major,20.5
CHICO,42,Sob medida,32,9,9,Z0,*M7,I,9,major,21.0
CHICO,42,Sob medida,33,9,9,Z1,*6,I,9,major,21.5
CHICO,42,Sob medida,34,6,9,z0,*m7,VI,9,major,22.0
CHICO,42,Sob medida,35,8,8,Y4.1,*7(b13),V/III,9,major,22.5
CHICO,42,Sob medida,36,1,1,z2,*m7.9,III,9,major,23.0
CHICO,42,Sob medida,37,9,1,Y0,*7,V/IV,9,major,24.5
CHICO,42,Sob medida,38,2,2,Z0,*M7,IV,9,major,25.0
CHICO,42,Sob medida,39,7,7,Y4,*7.13,bVII7,9,major,26.0
CHICO,42,Sob medida,40,8,8,Y4.1,*7(b13),V/III,9,major,27.0
CHICO,42,Sob medida,41,4,7,z1,*m6,Vm7,9,major,28.0
CHICO,42,Sob medida,42,6,6,Y0,*7,V/II,9,major,28.5
CHICO,42,Sob medida,43,11,11,Y2,*7.9,V/V,9,major,29.0
CHICO,42,Sob medida,44,11,11,z0,*m7,II,9,major,30.0
CHICO,42,Sob medida,45,4,4,Y2.3,*7(b9),V,9,major,30.5
CHICO,42,Sob medida,46,9,1,V0,*,I,9,major,31.0
CHICO,42,Sob medida,47,0,0,z0,*m7,II,9,major,31.5
CHICO,42,Sob medida,48,4,4,W0,*(#5)7,V,9,major,32.0
CHICO,42,Sob medida,49,9,9,Z0,*M7,I,9,major,33.0
CHICO,43,Tatuagem,1,9,9,z1,*m6,VI,0,major,1.0
CHICO,43,Tatuagem,2,5,8,z1,*m6,IVm7,0,major,2.0
CHICO,43,Tatuagem,3,9,9,Y0,*7,V/II,0,major,3.0
CHICO,43,Tatuagem,4,4,4,y0,*Ø,II__X,0,major,4.0
CHICO,43,Tatuagem,5,9,9,Y4.1,*7(b13),V/II,0,major,4.5
CHICO,43,Tatuagem,6,9,9,z1,*m6,VI,0,major,5.0
CHICO,43,Tatuagem,7,8,8,x3,*°7(b13),V°,0,major,6.0
CHICO,43,Tatuagem,8,0,0,Y1.1,*4.7.9,V/IV,0,major,7.0
CHICO,43,Tatuagem,9,0,0,Y2.3,*7(b9),V/IV,0,major,8.0
CHICO,43,Tatuagem,10,5,5,Z0,*M7,IV,0,major,9.0
CHICO,43,Tatuagem,11,6,6,x0,*°7,V°/III,0,major,10.0
CHICO,43,Tatuagem,12,4,4,y0,*Ø,II__X,0,major,11.0
CHICO,43,Tatuagem,13,9,9,Y2.3,*7(b9),V/II,0,major,12.0
CHICO,43,Tatuagem,14,9,9,z1,*m6,VI,0,major,13.0
CHICO,43,Tatuagem,15,8,8,x3,*°7(b13),V°,0,major,14.0
CHICO,43,Tatuagem,16,0,0,Z1,*6,I,0,major,15.0
CHICO,43,Tatuagem,17,4,4,Y2.4,*7(#9),aSubV/IV,0,major,16.0
CHICO,43,Tatuagem,18,5,5,Z0,*M7,IV,0,major,17.0
CHICO,43,Tatuagem,19,6,6,x0,*°7,V°/III,0,major,18.0
CHICO,43,Tatuagem,20,4,4,y0,*Ø,II__X,0,major,19.0
CHICO,43,Tatuagem,21,9,9,Y4,*7.13,V/II,0,major,20.0
CHICO,43,Tatuagem,22,9,9,Y4.1,*7(b13),V/II,0,major,20.5
CHICO,43,Tatuagem,23,9,9,z1,*m6,VI,0,major,21.0
CHICO,43,Tatuagem,24,8,8,x3,*°7(b13),V°,0,major,22.0
CHICO,43,Tatuagem,25,7,7,Y2.2.3,*7.9(b13),V,0,major,22.5
CHICO,43,Tatuagem,26,0,0,Z1.1,*6.9,I,0,major,23.0
CHICO,44,Vai trabalhar vagabundo,1,2,2,Y1.1,*4.7.9,V,7,major,1.0
CHICO,44,Vai trabalhar vagabundo,2,7,7,Z1,*6,I,7,major,1.5
CHICO,44,Vai trabalhar vagabundo,3,4,4,Y1.1,*4.7.9,V/II,7,major,3.0
CHICO,44,Vai trabalhar vagabundo,4,9,9,z0,*m7,II,7,major,3.5
CHICO,44,Vai trabalhar vagabundo,5,6,6,Y1.1,*4.7.9,V/III,7,major,5.0
CHICO,44,Vai trabalhar vagabundo,6,11,11,z3,*m7.11,III,7,major,5.5
CHICO,44,Vai trabalhar vagabundo,7,2,2,Y1.1,*4.7.9,V,7,major,7.0
CHICO,44,Vai trabalhar vagabundo,8,7,7,Z0,*M7,I,7,major,7.5
CHICO,44,Vai trabalhar vagabundo,9,2,2,Y1.1,*4.7.9,V,7,major,9.0
CHICO,44,Vai trabalhar vagabundo,10,7,7,Z1,*6,I,7,major,9.5
CHICO,44,Vai trabalhar vagabundo,11,4,4,Y1.1,*4.7.9,V/II,7,major,11.0
CHICO,44,Vai trabalhar vagabundo,12,9,9,z0,*m7,II,7,major,11.5
CHICO,44,Vai trabalhar vagabundo,13,6,6,Y1.1,*4.7.9,V/III,7,major,13.0
CHICO,44,Vai trabalhar vagabundo,14,11,11,z3,*m7.11,III,7,major,13.5
CHICO,44,Vai trabalhar vagabundo,15,2,2,Y1.1,*4.7.9,V,7,major,15.0
CHICO,44,Vai trabalhar vagabundo,16,7,7,Z0,*M7,I,7,major,15.5
CHICO,44,Vai trabalhar vagabundo,17,2,6,Y0,*7,II,7,major,17.0
CHICO,44,Vai trabalhar vagabundo,18,4,4,z0,*m7,VI,7,major,18.0
CHICO,44,Vai trabalhar vagabundo,19,7,2,Y0,*7,V/IV,7,major,19.0
CHICO,44,Vai trabalhar vagabundo,20,0,0,Z0,*M7,IV,7,major,20.0
CHICO,44,Vai trabalhar vagabundo,21,3,1,Y0,*7,SubV/V,7,major,21.0
CHICO,44,Vai trabalhar vagabundo,22,7,2,V0,*,I,7,major,22.0
CHICO,44,Vai trabalhar vagabundo,23,10,8,Y0,*7,SubV/II,7,major,23.0
CHICO,44,Vai trabalhar vagabundo,24,2,9,Y0,*7,V,7,major,24.0
CHICO,44,Vai trabalhar vagabundo,25,2,2,Y0,*7,V,7,major,24.5
CHICO,44,Vai trabalhar vagabundo,26,2,6,Y0,*7,II,7,major,25.0
CHICO,44,Vai trabalhar vagabundo,27,4,4,z0,*m7,VI,7,major,26.0
CHICO,44,Vai trabalhar vagabundo,28,7,2,Y0,*7,V/IV,7,major,27.0
CHICO,44,Vai trabalhar vagabundo,29,0,0,Z0,*M7,IV,7,major,28.0
CHICO,44,Vai trabalhar vagabundo,30,3,1,Y0,*7,SubV/V,7,major,29.0
CHICO,44,Vai trabalhar vagabundo,31,7,2,V0,*,I,7,major,30.0
CHICO,44,Vai trabalhar vagabundo,32,10,8,Y0,*7,SubV/II,7,major,31.0
CHICO,44,Vai trabalhar vagabundo,33,2,9,Y0,*7,V,7,major,32.0
CHICO,44,Vai trabalhar vagabundo,34,2,2,Y0,*7,V,7,major,32.5
CHICO,44,Vai trabalhar vagabundo,35,10,8,Y0,*7,SubV/II,7,major,33.0
CHICO,44,Vai trabalhar vagabundo,36,2,9,Y0,*7,V,7,major,34.0
CHICO,44,Vai trabalhar vagabundo,37,2,2,Y0,*7,V,7,major,34.5
CHICO,44,Vai trabalhar vagabundo,38,10,8,Y0,*7,SubV/II,7,major,35.0
CHICO,44,Vai trabalhar vagabundo,39,2,9,Y0,*7,V,7,major,36.0
CHICO,44,Vai trabalhar vagabundo,40,2,2,Y0,*7,V,7,major,36.5
CHICO,44,Vai trabalhar vagabundo,41,10,8,Y0,*7,SubV/II,7,major,37.0
CHICO,44,Vai trabalhar vagabundo,42,2,9,Y0,*7,V,7,major,38.0
CHICO,44,Vai trabalhar vagabundo,43,2,2,Y0,*7,V,7,major,38.5
CHICO,45,De todas as maneiras,1,7,7,Z0,*M7,I,7,major,1.0
CHICO,45,De todas as maneiras,2,7,7,Z1,*6,I,7,major,1.5
CHICO,45,De todas as maneiras,3,7,7,z1,*m6,Im7,7,major,2.0
CHICO,45,De todas as maneiras,4,7,7,z1.3,*m(b6),Im7,7,major,2.5
CHICO,45,De todas as maneiras,5,7,7,v2,*m.11,Im7,7,major,3.0
CHICO,45,De todas as maneiras,6,0,7,z0,*m7,IVm7,7,major,3.5
CHICO,45,De todas as maneiras,7,9,9,v0,*m,II,7,major,4.0
CHICO,45,De todas as maneiras,8,4,8,Y0,*7,V/II,7,major,4.5
CHICO,45,De todas as maneiras,9,11,11,Y1,*4.7,V,4,minor,5.0
CHICO,45,De todas as maneiras,10,11,11,Y0,*7,V,4,minor,5.5
CHICO,45,De todas as maneiras,11,11,11,Y1,*4.7,V,4,minor,6.0
CHICO,45,De todas as maneiras,12,11,11,Y0,*7,V,4,minor,6.5
CHICO,45,De todas as maneiras,13,4,4,w0,*mM7,I,4,minor,7.0
CHICO,45,De todas as maneiras,14,4,4,z0,*m7,I,4,minor,7.5
CHICO,45,De todas as maneiras,15,4,4,z1,*m6,I,4,minor,8.0
CHICO,45,De todas as maneiras,16,4,4,z1.3,*m(b6),I,4,minor,8.5
CHICO,45,De todas as maneiras,17,5,5,Z0,*M7,bII7M,4,minor,9.0
CHICO,45,De todas as maneiras,18,4,4,Y0,*7,V/IV,4,minor,9.5
CHICO,45,De todas as maneiras,19,5,5,Z0,*M7,bII7M,4,minor,10.0
CHICO,45,De todas as maneiras,20,4,4,Y0,*7,V/IV,4,minor,10.5
CHICO,45,De todas as maneiras,21,9,9,z0,*m7,IV,4,minor,11.0
CHICO,45,De todas as maneiras,22,0,0,Z1,*6,VI,4,minor,11.5
CHICO,45,De todas as maneiras,23,9,1,Y0,*7,IV7,4,minor,12.0
CHICO,45,De todas as maneiras,24,4,2,z0,*m7,I,4,minor,13.0
CHICO,45,De todas as maneiras,25,11,3,Y0,*7,V,4,minor,14.0
CHICO,45,De todas as maneiras,26,11,11,y0,*Ø,II__X,4,minor,15.0
CHICO,45,De todas as maneiras,27,4,4,Y2.3,*7(b9),V/IV,4,minor,16.0
CHICO,45,De todas as maneiras,28,9,9,z0,*m7,II,7,major,17.0
CHICO,45,De todas as maneiras,29,2,2,Y2,*7.9,V,7,major,18.0
CHICO,45,De todas as maneiras,30,7,7,Z0,*M7,I,7,major,19.0
CHICO,45,De todas as maneiras,31,7,7,Z1,*6,I,7,major,19.5
CHICO,46,De volta ao samba,1,7,7,Z1,*6,I,7,major,1.0
CHICO,46,De volta ao samba,2,0,7,z1,*m6,IVm7,7,major,3.0
CHICO,46,De volta ao samba,3,11,6,Y0,*7,V/VI,7,major,5.0
CHICO,46,De volta ao samba,4,4,4,z0,*m7,VI,7,major,7.0
CHICO,46,De volta ao samba,5,10,10,z1,*m6,bIIIm7,7,major,9.0
CHICO,46,De volta ao samba,6,9,9,y0,*Ø,IIm7(b5),7,major,10.0
CHICO,46,De volta ao samba,7,7,2,Z1,*6,I,7,major,11.0
CHICO,46,De volta ao samba,8,4,2,Y0,*7,V/II,7,major,12.0
CHICO,46,De volta ao samba,9,9,1,Y0,*7,V/V,7,major,13.0
CHICO,46,De volta ao samba,10,0,0,z1,*m6,IVm7,7,major,15.0
CHICO,46,De volta ao samba,11,2,2,Y2.3,*7(b9),V,7,major,16.0
CHICO,46,De volta ao samba,12,7,7,Z1,*6,I,7,major,17.0
CHICO,46,De volta ao samba,13,0,7,z1,*m6,IVm7,7,major,19.0
CHICO,46,De volta ao samba,14,11,6,Y0,*7,V/VI,7,major,21.0
CHICO,46,De volta ao samba,15,4,4,z0,*m7,VI,7,major,23.0
CHICO,46,De volta ao samba,16,10,10,z1,*m6,bIIIm7,7,major,25.0
CHICO,46,De volta ao samba,17,9,9,y0,*Ø,IIm7(b5),7,major,26.0
CHICO,46,De volta ao samba,18,7,2,Z1,*6,I,7,major,27.0
CHICO,46,De volta ao samba,19,4,2,Y0,*7,V/II,7,major,28.0
CHICO,46,De volta ao samba,20,9,4,Y0,*7,V/V,7,major,29.0
CHICO,46,De volta ao samba,21,0,3,z1,*m6,IVm7,7,major,30.0
CHICO,46,De volta ao samba,22,7,2,Z1,*6,I,7,major,31.0
CHICO,46,De volta ao samba,23,1,1,x0,*°7,V°/V,7,major,32.0
CHICO,46,De volta ao samba,24,6,6,Y1.1,*4.7.9,V/VI,2,major,33.0
CHICO,46,De volta ao samba,25,4,4,z1,*m6,II,2,major,34.0
CHICO,46,De volta ao samba,26,11,2,z1,*m6,VI,2,major,35.0
CHICO,46,De volta ao samba,27,7,10,z1,*m6,IVm7,2,major,36.0
CHICO,46,De volta ao samba,28,9,0,z1,*m6,Vm7,2,major,37.0
CHICO,46,De volta ao samba,29,11,11,Y0,*7,V/II,2,major,38.0
CHICO,46,De volta ao samba,30,7,10,z1,*m6,IVm7,2,major,39.0
CHICO,46,De volta ao samba,31,9,9,Y0,*7,V,2,major,40.0
CHICO,46,De volta ao samba,32,2,9,Z0,*M7,I,2,major,41.0
CHICO,46,De volta ao samba,33,6,10,W0,*(#5)7,?,2,major,42.0
CHICO,46,De volta ao samba,34,10,10,Z0,*M7,bVI7M,2,major,43.0
CHICO,46,De volta ao samba,35,7,10,z1,*m6,IVm7,2,major,44.0
CHICO,46,De volta ao samba,36,2,9,Z0,*M7,I,2,major,45.0
CHICO,46,De volta ao samba,37,8,8,x0,*°7,V°/III,2,major,46.0
CHICO,46,De volta ao samba,38,6,6,z0,*m7,III,2,major,47.0
CHICO,46,De volta ao samba,39,2,6,Y0,*7,V,7,major,48.0
CHICO,46,De volta ao samba,40,7,7,Z1,*6,I,7,major,49.0
CHICO,47,Deixe a menina,1,7,7,Y4,*7.13,V,0,major,1.0
CHICO,47,Deixe a menina,2,0,0,Z1,*6,I,0,major,2.0
CHICO,47,Deixe a menina,3,4,11,Y0,*7,V/VI,0,major,3.0
CHICO,47,Deixe a menina,4,5,9,Z1,*6,IV,0,major,4.0
CHICO,47,Deixe a menina,5,5,8,z1,*m6,IVm7,0,major,5.0
CHICO,47,Deixe a menina,6,0,7,Z1.1,*6.9,I,0,major,6.0
CHICO,47,Deixe a menina,7,2,6,Y0,*7,V/V,0,major,7.0
CHICO,47,Deixe a menina,8,2,2,z2,*m7.9,II,0,major,8.0
CHICO,47,Deixe a menina,9,7,7,Y4,*7.13,V,0,major,9.0
CHICO,47,Deixe a menina,10,7,7,z0,*m7,II__X,0,major,10.0
CHICO,47,Deixe a menina,11,0,0,Y2,*7.9,V/IV,0,major,11.0
CHICO,47,Deixe a menina,12,5,5,Z0,*M7,IV,0,major,12.0
CHICO,47,Deixe a menina,13,5,5,z1,*m6,IVm7,0,major,13.0
CHICO,47,Deixe a menina,14,4,4,y0,*Ø,II__X,0,major,14.0
CHICO,47,Deixe a menina,15,9,9,Y4.1,*7(b13),V/II,0,major,15.0
CHICO,47,Deixe a menina,16,2,2,Y2,*7.9,V/V,0,major,16.0
CHICO,47,Deixe a menina,17,7,7,Y4.1,*7(b13),V,0,major,17.0
CHICO,47,Deixe a menina,18,0,0,z0,*m7,I,0,minor,18.0
CHICO,47,Deixe a menina,19,7,11,Y0,*7,V,0,minor,19.0
CHICO,47,Deixe a menina,20,8,8,Z1,*6,VI,0,minor,20.0
CHICO,47,Deixe a menina,21,7,7,Y0,*7,V,0,minor,21.0
CHICO,47,Deixe a menina,22,0,0,Z0,*M7,I,0,major,22.0
CHICO,47,Deixe a menina,23,11,3,Y0,*7,V/III,0,major,23.0
CHICO,47,Deixe a menina,24,4,4,Y4,*7.13,V/VI,0,major,24.0
CHICO,47,Deixe a menina,25,4,4,Y4.1,*7(b13),V/VI,0,major,25.0
CHICO,47,Deixe a menina,26,9,9,z0,*m7,VI,0,major,26.0
CHICO,47,Deixe a menina,27,5,8,v0,*m,IVm7,0,major,27.0
CHICO,47,Deixe a menina,28,9,9,Y4.1,*7(b13),V/II,0,major,28.0
CHICO,47,Deixe a menina,29,2,2,Y2,*7.9,V/V,0,major,29.0
CHICO,47,Deixe a menina,30,7,7,Y4,*7.13,V,0,major,30.0
CHICO,47,Deixe a menina,31,0,0,Z1.1,*6.9,I,0,major,31.0
CHICO,48,Paratodos,1,2,2,Z2,*M7.9,I,2,major,1.0
CHICO,48,Paratodos,2,9,1,Y0,*7,V,2,major,3.0
CHICO,48,Paratodos,3,9,0,z1,*m6,Vm7,2,major,4.0
CHICO,48,Paratodos,4,11,11,Y2.3,*7(b9),V/II,2,major,5.0
CHICO,48,Paratodos,5,3,10,Z0,*M7,bII7M,2,major,6.0
CHICO,48,Paratodos,6,7,10,z1,*m6,IVm7,2,major,7.0
CHICO,48,Paratodos,7,2,9,Z2,*M7.9,I,2,major,8.0
CHICO,48,Paratodos,8,2,9,Y2,*7.9,V/IV,2,major,9.0
CHICO,48,Paratodos,9,4,8,Y0,*7,V/V,2,major,10.0
CHICO,48,Paratodos,10,9,9,Y2.2.1,*7(b9)13,V,2,major,11.0
CHICO,48,Paratodos,11,2,9,Z5.1,*6.M7.9,I,2,major,12.0
CHICO,48,Paratodos,12,9,9,Y1.1,*4.7.9,V,2,major,13.0
CHICO,48,Paratodos,13,2,9,Z5.1,*6.M7.9,I,2,major,14.0
CHICO,48,Paratodos,14,9,9,Y1.1,*4.7.9,V,2,major,15.0
CHICO,48,Paratodos,15,2,2,Z2,*M7.9,I,2,major,16.0
CHICO,48,Paratodos,16,9,1,Y0,*7,V,2,major,18.0
CHICO,48,Paratodos,17,9,0,z1,*m6,Vm7,2,major,19.0
CHICO,48,Paratodos,18,11,11,Y2.3,*7(b9),V/II,2,major,20.0
CHICO,48,Paratodos,19,3,10,Z0,*M7,bII7M,2,major,21.0
CHICO,48,Paratodos,20,7,10,z1,*m6,IVm7,2,major,22.0
CHICO,48,Paratodos,21,2,9,Z2,*M7.9,I,2,major,23.0
CHICO,48,Paratodos,22,2,9,Y2,*7.9,V/IV,2,major,24.0
CHICO,48,Paratodos,23,4,8,Y0,*7,V/V,2,major,25.0
CHICO,48,Paratodos,24,9,7,Y0,*7,V,2,major,26.0
CHICO,48,Paratodos,25,2,6,Y2,*7.9,V/IV,2,major,27.0
CHICO,49,Pelas tabelas,1,7,11,V0,*,I,7,major,1.0
CHICO,49,Pelas tabelas,2,6,10,Y0,*7,aSubV,7,major,3.0
CHICO,49,Pelas tabelas,3,7,11,V0,*,I,7,major,5.0
CHICO,49,Pelas tabelas,4,6,6,z1,*m6,VIIm7,7,major,7.0
CHICO,49,Pelas tabelas,5,2,5,z1,*m6,Vm7,7,major,9.0
CHICO,49,Pelas tabelas,6,4,4,Y0,*7,V/II,7,major,10.0
CHICO,49,Pelas tabelas,7,9,9,Y1.1,*4.7.9,V/V,7,major,11.0
CHICO,49,Pelas tabelas,8,9,9,Y2,*7.9,V/V,7,major,12.0
CHICO,49,Pelas tabelas,9,9,9,z2,*m7.9,II,7,major,13.0
CHICO,49,Pelas tabelas,10,2,2,Y4,*7.13,V,7,major,14.0
CHICO,49,Pelas tabelas,11,7,11,V0,*,I,7,major,15.0
CHICO,49,Pelas tabelas,12,6,10,Y0,*7,aSubV,7,major,17.0
CHICO,49,Pelas tabelas,13,7,11,V0,*,I,7,major,19.0
CHICO,49,Pelas tabelas,14,6,6,z1,*m6,VIIm7,7,major,21.0
CHICO,49,Pelas tabelas,15,2,5,z1,*m6,Vm7,7,major,23.0
CHICO,49,Pelas tabelas,16,4,4,Y0,*7,V/II,7,major,24.0
CHICO,49,Pelas tabelas,17,9,9,Y1.1,*4.7.9,V/V,7,major,25.0
CHICO,49,Pelas tabelas,18,9,9,Y2,*7.9,V/V,7,major,26.0
CHICO,49,Pelas tabelas,19,9,9,z2,*m7.9,II,7,major,27.0
CHICO,49,Pelas tabelas,20,2,2,Y4,*7.13,V,7,major,28.0
CHICO,49,Pelas tabelas,21,7,11,V0,*,I,7,major,29.0
CHICO,50,Samba do grande amor,1,0,0,Z1,*6,I,0,major,1.0
CHICO,50,Samba do grande amor,2,7,11,W0,*(#5)7,V,0,major,2.0
CHICO,50,Samba do grande amor,3,7,10,z1,*m6,Vm7,0,major,3.0
CHICO,50,Samba do grande amor,4,9,9,Y1,*4.7,V/II,0,major,5.0
CHICO,50,Samba do grande amor,5,9,9,Y0,*7,V/II,0,major,6.0
CHICO,50,Samba do grande amor,6,10,10,Z1,*6,bVII7M,0,major,7.0
CHICO,50,Samba do grande amor,7,9,9,Y0,*7,V/II,0,major,8.0
CHICO,50,Samba do grande amor,8,2,9,z0,*m7,II,0,major,9.0
CHICO,50,Samba do grande amor,9,1,8,Z0,*M7,bII7M,0,major,10.0
CHICO,50,Samba do grande amor,10,7,7,Y1,*4.7,V,0,major,11.0
CHICO,50,Samba do grande amor,11,7,7,Y2.3,*7(b9),V,0,major,12.0
CHICO,50,Samba do grande amor,12,0,0,Z1,*6,I,0,major,13.0
CHICO,50,Samba do grande amor,13,10,10,Z1,*6,bVII7M,0,major,15.0
CHICO,50,Samba do grande amor,14,0,0,v3,*m(b5),Im7,0,major,17.0
CHICO,50,Samba do grande amor,15,7,11,Y1,*4.7,V,0,major,18.0
CHICO,50,Samba do grande amor,16,10,10,Z1,*6,bVII7M,0,major,19.0
CHICO,50,Samba do grande amor,17,9,9,Y0,*7,V,0,major,20.0
CHICO,50,Samba do grande amor,18,10,10,Z1,*6,bVII7M,0,major,21.0
CHICO,50,Samba do grande amor,19,9,9,Y0,*7,V,0,major,22.0
CHICO,50,Samba do grande amor,20,10,10,Z1,*6,bVII7M,0,major,23.0
CHICO,50,Samba do grande amor,21,9,9,Y0,*7,V,0,major,24.0
CHICO,50,Samba do grande amor,22,2,9,z0,*m7,II,0,major,25.0
CHICO,50,Samba do grande amor,23,1,8,Z0,*M7,bII7M,0,major,26.0
CHICO,50,Samba do grande amor,24,7,7,Y1,*4.7,V,0,major,27.0
CHICO,50,Samba do grande amor,25,7,7,Y2.3,*7(b9),V,0,major,28.0
CHICO,50,Samba do grande amor,26,0,0,Z1,*6,I,0,major,29.0
CHICO,50,Samba do grande amor,27,10,10,Z1,*6,aNP/VI,0,major,31.0
CHICO,50,Samba do grande amor,28,9,9,z0,*m7,II__X,0,major,33.0
CHICO,50,Samba do grande amor,29,8,8,Y0,*7,SubV/V,0,major,34.0
CHICO,50,Samba do grande amor,30,7,7,Y1,*4.7,V,0,major,35.0
CHICO,50,Samba do grande amor,31,7,11,Y0,*7,V,0,major,36.0
CHICO,50,Samba do grande amor,32,11,11,x0,*°7,V°,0,major,36.5
CHICO,50,Samba do grande amor,33,0,0,Z1,*6,I,0,major,37.0
CHICO,50,Samba do grande amor,34,7,11,W0,*(#5)7,V,0,major,38.0
CHICO,50,Samba do grande amor,35,10,10,Z1,*6,bVII7M,0,major,39.0
CHICO,50,Samba do grande amor,36,7,10,z1,*m6,Vm7,0,major,40.0
CHICO,50,Samba do grande amor,37,9,9,Y0,*7,V/II,0,major,40.5
CHICO,50,Samba do grande amor,38,2,9,z2,*m7.9,II,0,major,41.0
CHICO,50,Samba do grande amor,39,5,5,z1,*m6,IVm7,0,major,42.0
CHICO,50,Samba do grande amor,40,4,4,z0,*m7,II__X,0,major,43.0
CHICO,50,Samba do grande amor,41,9,9,Y1,*4.7,V/II,0,major,44.0
CHICO,50,Samba do grande amor,42,9,9,Y0,*7,V/II,0,major,44.5
CHICO,50,Samba do grande amor,43,2,2,Y2,*7.9,V/V,0,major,45.0
CHICO,50,Samba do grande amor,44,7,7,Y4,*7.13,V,0,major,46.0
CHICO,50,Samba do grande amor,45,0,0,Z1.1,*6.9,I,0,major,47.0
CHICO,50,Samba do grande amor,46,7,7,W2,*(#5)7.9,V,0,major,48.0
DJAVAN,1,Flor de lis,1,0,0,Z2,*M7.9,I,0,major,1.0
DJAVAN,1,Flor de lis,2,11,11,y0,*Ø,II__X,0,major,3.0
DJAVAN,1,Flor de lis,3,4,4,Y4.1,*7(b13),V/VI,0,major,4.0
DJAVAN,1,Flor de lis,4,9,9,z2,*m7.9,II__X,0,major,5.0
DJAVAN,1,Flor de lis,5,2,2,Y4,*7.13,V/V,0,major,6.0
DJAVAN,1,Flor de lis,6,7,7,z0,*m7,II__X,0,major,7.0
DJAVAN,1,Flor de lis,7,0,0,Y2,*7.9,V/IV,0,major,8.0
DJAVAN,1,Flor de lis,8,6,6,y0,*Ø,II__X,0,major,9.0
DJAVAN,1,Flor de lis,9,11,11,Y2.3,*7(b9),V/bVII,0,major,10.0
DJAVAN,1,Flor de lis,10,10,10,Z0,*M7,bVII7M,0,major,11.0
DJAVAN,1,Flor de lis,11,9,9,Y4.1,*7(b13),V/II,0,major,12.0
DJAVAN,1,Flor de lis,12,6,6,y0,*Ø,II__X,0,major,13.0
DJAVAN,1,Flor de lis,13,11,11,Y2.3,*7(b9),V/bVII,0,major,14.0
DJAVAN,1,Flor de lis,14,4,4,z2,*m7.9,II__X,0,major,15.0
DJAVAN,1,Flor de lis,15,9,9,Y4.1,*7(b13),V/II,0,major,16.0
DJAVAN,1,Flor de lis,16,9,9,z1,*m6,VI,0,major,17.0
DJAVAN,1,Flor de lis,17,5,5,z1,*m6,IVm7,0,major,18.0
DJAVAN,1,Flor de lis,18,0,0,Z2,*M7.9,I,0,major,19.0
DJAVAN,1,Flor de lis,19,4,4,Y2.4,*7(#9),V/VI,0,major,20.0
DJAVAN,1,Flor de lis,20,9,9,z2,*m7.9,VI,0,major,21.0
DJAVAN,1,Flor de lis,21,4,8,V0,*,V/VI,0,major,22.0
DJAVAN,1,Flor de lis,22,7,7,z0,*m7,II__X,0,major,23.0
DJAVAN,1,Flor de lis,23,0,0,Y2,*7.9,V/IV,0,major,24.0
DJAVAN,1,Flor de lis,24,5,5,Z0,*M7,IV,0,major,25.0
DJAVAN,1,Flor de lis,25,10,10,Y2,*7.9,bVII7,0,major,26.0
DJAVAN,1,Flor de lis,26,4,4,z2,*m7.9,II__X,0,major,27.0
DJAVAN,1,Flor de lis,27,9,9,Y4.1,*7(b13),V/II,0,major,28.0
DJAVAN,1,Flor de lis,28,2,2,Y2,*7.9,V/V,0,major,29.0
DJAVAN,1,Flor de lis,29,7,7,Y1.1,*4.7.9,V,0,major,30.0
DJAVAN,1,Flor de lis,30,0,0,Z1.1,*6.9,I,0,major,31.0
DJAVAN,1,Flor de lis,31,7,7,W0,*(#5)7,V,0,major,32.0
DJAVAN,1,Flor de lis,32,0,0,Z2,*M7.9,I,0,major,33.0
DJAVAN,2,E que Deus ajude,1,4,4,z2,*m7.9,II,2,major,1.0
DJAVAN,2,E que Deus ajude,2,9,9,Y1.1,*4.7.9,V,2,major,2.5
DJAVAN,2,E que Deus ajude,3,6,6,z0,*m7,II__X,2,major,3.0
DJAVAN,2,E que Deus ajude,4,11,11,Y2.4,*7(#9),V/II,2,major,3.5
DJAVAN,2,E que Deus ajude,5,4,4,z2,*m7.9,II,2,major,4.0
DJAVAN,2,E que Deus ajude,6,9,9,Y1.1,*4.7.9,V,2,major,4.5
DJAVAN,2,E que Deus ajude,7,2,2,Z1.1,*6.9,I,2,major,5.0
DJAVAN,2,E que Deus ajude,8,11,11,X0,*(b5)7,V/II,2,major,5.5
DJAVAN,2,E que Deus ajude,9,4,4,z2,*m7.9,II,2,major,6.0
DJAVAN,2,E que Deus ajude,10,9,9,Y1.1,*4.7.9,V,2,major,6.5
DJAVAN,2,E que Deus ajude,11,6,6,z0,*m7,II__X,2,major,7.0
DJAVAN,2,E que Deus ajude,12,11,11,Y2.4,*7(#9),V/II,2,major,7.5
DJAVAN,2,E que Deus ajude,13,4,4,z2,*m7.9,II,2,major,8.0
DJAVAN,2,E que Deus ajude,14,9,9,Y1.1,*4.7.9,V,2,major,8.5
DJAVAN,2,E que Deus ajude,15,2,2,Z1.1,*6.9,I,2,major,9.0
DJAVAN,2,E que Deus ajude,16,11,11,X0,*(b5)7,V/II,2,major,9.5
DJAVAN,2,E que Deus ajude,17,4,4,z2,*m7.9,II,2,major,10.0
DJAVAN,2,E que Deus ajude,18,9,9,Y1.1,*4.7.9,V,2,major,10.5
DJAVAN,2,E que Deus ajude,19,6,6,z0,*m7,II__X,2,major,11.0
DJAVAN,2,E que Deus ajude,20,11,11,Y2.4,*7(#9),V/II,2,major,11.5
DJAVAN,2,E que Deus ajude,21,4,4,z2,*m7.9,II,2,major,12.0
DJAVAN,2,E que Deus ajude,22,9,9,Y1.1,*4.7.9,V,2,major,12.5
DJAVAN,2,E que Deus ajude,23,2,2,Z1.1,*6.9,I,2,major,13.0
DJAVAN,2,E que Deus ajude,24,11,11,X0,*(b5)7,V/II,2,major,13.5
DJAVAN,2,E que Deus ajude,25,4,4,z2,*m7.9,II,2,major,14.0
DJAVAN,2,E que Deus ajude,26,9,9,Y1.1,*4.7.9,V,2,major,14.5
DJAVAN,2,E que Deus ajude,27,6,6,z0,*m7,II__X,2,major,15.0
DJAVAN,2,E que Deus ajude,28,11,11,Y2.4,*7(#9),V/II,2,major,15.5
DJAVAN,2,E que Deus ajude,29,4,4,z2,*m7.9,II,2,major,16.0
DJAVAN,2,E que Deus ajude,30,9,9,Y1.1,*4.7.9,V,2,major,16.5
DJAVAN,2,E que Deus ajude,31,2,2,Z1.1,*6.9,I,2,major,17.0
DJAVAN,2,E que Deus ajude,32,11,11,X0,*(b5)7,V/II,2,major,17.5
DJAVAN,2,E que Deus ajude,33,4,4,z2,*m7.9,II,2,major,18.0
DJAVAN,2,E que Deus ajude,34,9,9,Y1.1,*4.7.9,V,2,major,18.5
DJAVAN,2,E que Deus ajude,35,2,2,Z1.1,*6.9,I,2,major,19.0
DJAVAN,2,E que Deus ajude,36,11,11,X0,*(b5)7,V/II,2,major,19.5
DJAVAN,2,E que Deus ajude,37,4,4,z2,*m7.9,II,2,major,20.0
DJAVAN,2,E que Deus ajude,38,9,9,Y1.1,*4.7.9,V,2,major,20.5
DJAVAN,2,E que Deus ajude,39,2,2,Z1.1,*6.9,I,2,major,21.0
DJAVAN,2,E que Deus ajude,40,11,11,X0,*(b5)7,V/II,2,major,21.5
DJAVAN,2,E que Deus ajude,41,4,4,z2,*m7.9,II,2,major,22.0
DJAVAN,2,E que Deus ajude,42,9,9,Y1.1,*4.7.9,V,2,major,22.5
DJAVAN,2,E que Deus ajude,43,2,2,Z1.1,*6.9,I,2,major,23.0
DJAVAN,2,E que Deus ajude,44,11,11,X0,*(b5)7,V/II,2,major,23.5
DJAVAN,2,E que Deus ajude,45,4,4,z2,*m7.9,II,2,major,24.0
DJAVAN,2,E que Deus ajude,46,9,9,Y1.1,*4.7.9,V,2,major,24.5
DJAVAN,2,E que Deus ajude,47,6,6,z0,*m7,II__X,2,major,25.0
DJAVAN,2,E que Deus ajude,48,11,11,Y2.4,*7(#9),V/II,2,major,25.5
DJAVAN,2,E que Deus ajude,49,4,4,z2,*m7.9,II,2,major,26.0
DJAVAN,2,E que Deus ajude,50,9,9,Y1.1,*4.7.9,V,2,major,26.5
DJAVAN,2,E que Deus ajude,51,2,2,Z1.1,*6.9,I,2,major,27.0
DJAVAN,3,Lilas,1,9,9,z0,*m7,I,9,minor,1.0
DJAVAN,3,Lilas,2,9,7,z0,*m7,I,9,minor,3.0
DJAVAN,3,Lilas,3,5,5,Z0,*M7,VI,9,minor,5.0
DJAVAN,3,Lilas,4,4,4,z0,*m7,Vm7,9,minor,6.0
DJAVAN,3,Lilas,5,2,2,z0,*m7,IV,9,minor,7.0
DJAVAN,3,Lilas,6,7,7,Y0,*7,bVII7,9,minor,8.0
DJAVAN,3,Lilas,7,9,9,z0,*m7,I,9,minor,9.0
DJAVAN,3,Lilas,8,9,7,z0,*m7,I,9,minor,9.5
DJAVAN,3,Lilas,9,5,5,Z0,*M7,VI,9,minor,10.0
DJAVAN,3,Lilas,10,4,4,z0,*m7,Vm7,9,minor,10.5
DJAVAN,3,Lilas,11,9,9,z0,*m7,I,9,minor,11.0
DJAVAN,3,Lilas,12,9,7,z0,*m7,I,9,minor,11.5
DJAVAN,3,Lilas,13,5,5,Z0,*M7,VI,9,minor,12.0
DJAVAN,3,Lilas,14,4,4,z0,*m7,Vm7,9,minor,12.5
DJAVAN,3,Lilas,15,9,9,z0,*m7,I,9,minor,13.0
DJAVAN,3,Lilas,16,11,11,Y1,*4.7,V/V,9,minor,14.0
DJAVAN,3,Lilas,17,0,0,Z0,*M7,VI,4,minor,15.0
DJAVAN,3,Lilas,18,4,4,z0,*m7,I,4,minor,16.0
DJAVAN,3,Lilas,19,0,0,Z0,*M7,VI,4,minor,17.0
DJAVAN,3,Lilas,20,4,4,z0,*m7,I,4,minor,18.0
DJAVAN,3,Lilas,21,6,6,Y0,*7,V/V,4,minor,19.0
DJAVAN,3,Lilas,22,9,9,z0,*m7,IV,4,minor,20.0
DJAVAN,3,Lilas,23,4,4,z0,*m7,I,4,minor,21.0
DJAVAN,3,Lilas,24,9,9,z0,*m7,I,9,minor,22.0
DJAVAN,4,Nem um dia,1,2,2,v0,*m,I,2,minor,1.0
DJAVAN,4,Nem um dia,2,0,0,Y1,*4.7,bVII7,2,minor,2.0
DJAVAN,4,Nem um dia,3,10,10,V1,*4,VI,2,minor,3.0
DJAVAN,4,Nem um dia,4,9,9,Y1.1.3,*4.7(b9),V,2,minor,4.0
DJAVAN,4,Nem um dia,5,2,2,v0,*m,I,2,minor,5.0
DJAVAN,4,Nem um dia,6,0,0,Y1,*4.7,bVII7,2,minor,6.0
DJAVAN,4,Nem um dia,7,10,10,V1,*4,VI,2,minor,7.0
DJAVAN,4,Nem um dia,8,9,9,Y1.1.3,*4.7(b9),V,2,minor,8.0
DJAVAN,4,Nem um dia,9,2,2,v0,*m,I,2,minor,9.0
DJAVAN,4,Nem um dia,10,0,0,Z1.1,*6.9,bVII7M,2,minor,10.0
DJAVAN,4,Nem um dia,11,10,10,Z1.1,*6.9,VI,2,minor,11.0
DJAVAN,4,Nem um dia,12,9,9,Y1.1,*4.7.9,V,2,minor,12.0
DJAVAN,4,Nem um dia,13,10,10,V1,*4,VI,2,minor,13.0
DJAVAN,4,Nem um dia,14,2,2,z0,*m7,I,2,minor,14.0
DJAVAN,4,Nem um dia,15,10,10,Y2.2,*7.9.13,SubV/V,2,minor,15.0
DJAVAN,4,Nem um dia,16,4,4,z3,*m7.11,II,2,minor,16.0
DJAVAN,4,Nem um dia,17,9,9,Y4.1,*7(b13),V,2,minor,17.0
DJAVAN,4,Nem um dia,18,10,10,V1,*4,VI,2,minor,18.0
DJAVAN,4,Nem um dia,19,2,2,z0,*m7,I,2,minor,19.0
DJAVAN,4,Nem um dia,20,10,10,Y2.2,*7.9.13,SubV/V,2,minor,20.0
DJAVAN,4,Nem um dia,21,4,4,z3,*m7.11,II,2,minor,21.0
DJAVAN,4,Nem um dia,22,9,9,Y4.1,*7(b13),V,2,minor,22.0
DJAVAN,4,Nem um dia,23,4,4,z3,*m7.11,II,2,minor,23.0
DJAVAN,4,Nem um dia,24,9,9,Y4.1,*7(b13),V,2,minor,24.0
DJAVAN,4,Nem um dia,25,9,9,Y2.4,*7(#9),V,2,minor,24.5
DJAVAN,4,Nem um dia,26,2,2,z0,*m7,I,2,minor,25.0
DJAVAN,5,Muito obrigado,1,2,2,Z2,*M7.9,I,2,major,1.0
DJAVAN,5,Muito obrigado,2,11,11,Y2.4,*7(#9),V/II,2,major,1.5
DJAVAN,5,Muito obrigado,3,4,4,Y2,*7.9,V/V,2,major,2.0
DJAVAN,5,Muito obrigado,4,9,9,Y1.1,*4.7.9,V,2,major,2.5
DJAVAN,5,Muito obrigado,5,6,6,z0,*m7,II__X,2,major,3.0
DJAVAN,5,Muito obrigado,6,11,11,Y2.3,*7(b9),V/II,2,major,3.5
DJAVAN,5,Muito obrigado,7,4,4,Y2,*7.9,V/V,2,major,4.0
DJAVAN,5,Muito obrigado,8,9,9,Y1.1,*4.7.9,V,2,major,4.5
DJAVAN,5,Muito obrigado,9,6,6,z0,*m7,II__X,2,major,5.0
DJAVAN,5,Muito obrigado,10,11,11,Y2.3,*7(b9),V/II,2,major,5.5
DJAVAN,5,Muito obrigado,11,4,4,Y2,*7.9,V/V,2,major,6.0
DJAVAN,5,Muito obrigado,12,9,9,Y1.1,*4.7.9,V,2,major,6.5
DJAVAN,5,Muito obrigado,13,2,2,Z2,*M7.9,I,2,major,7.0
DJAVAN,5,Muito obrigado,14,11,11,W0,*(#5)7,V/II,2,major,7.5
DJAVAN,5,Muito obrigado,15,4,4,z2,*m7.9,II,2,major,8.0
DJAVAN,5,Muito obrigado,16,9,9,Y1.1,*4.7.9,V,2,major,8.5
DJAVAN,5,Muito obrigado,17,9,9,Y2,*7.9,V,2,major,8.75
DJAVAN,5,Muito obrigado,18,2,2,Z2,*M7.9,I,2,major,9.0
DJAVAN,5,Muito obrigado,19,11,11,Y2.4,*7(#9),V/II,2,major,9.5
DJAVAN,5,Muito obrigado,20,4,4,Y2,*7.9,V/V,2,major,10.0
DJAVAN,5,Muito obrigado,21,9,9,Y1.1,*4.7.9,V,2,major,10.5
DJAVAN,5,Muito obrigado,22,6,6,z0,*m7,II__X,2,major,11.0
DJAVAN,5,Muito obrigado,23,11,11,Y2.3,*7(b9),V/II,2,major,11.5
DJAVAN,5,Muito obrigado,24,4,4,Y2,*7.9,V/V,2,major,12.0
DJAVAN,5,Muito obrigado,25,9,9,Y1.1,*4.7.9,V,2,major,12.5
DJAVAN,5,Muito obrigado,26,6,6,z0,*m7,II__X,2,major,13.0
DJAVAN,5,Muito obrigado,27,11,11,Y2.3,*7(b9),V/II,2,major,13.5
DJAVAN,5,Muito obrigado,28,4,4,Y2,*7.9,V/V,2,major,14.0
DJAVAN,5,Muito obrigado,29,9,9,Y1.1,*4.7.9,V,2,major,14.5
DJAVAN,5,Muito obrigado,30,6,6,z0,*m7,II__X,2,major,15.0
DJAVAN,5,Muito obrigado,31,11,11,Y2.4,*7(#9),V/II,2,major,16.0
DJAVAN,5,Muito obrigado,32,4,4,Y2,*7.9,V/V,2,major,17.0
DJAVAN,5,Muito obrigado,33,9,9,Y1.1,*4.7.9,V,2,major,18.0
DJAVAN,5,Muito obrigado,34,2,2,Z2,*M7.9,I,2,major,19.0
DJAVAN,5,Muito obrigado,35,11,11,Y2.4,*7(#9),V/II,2,major,20.0
DJAVAN,5,Muito obrigado,36,4,4,Y2,*7.9,V/V,2,major,21.0
DJAVAN,5,Muito obrigado,37,9,9,Y1.1,*4.7.9,V,2,major,22.0
DJAVAN,5,Muito obrigado,38,6,6,z0,*m7,II__X,2,major,23.0
DJAVAN,5,Muito obrigado,39,11,11,Y2.3,*7(b9),V/II,2,major,24.0
DJAVAN,5,Muito obrigado,40,4,4,Y2,*7.9,V/V,2,major,25.0
DJAVAN,5,Muito obrigado,41,9,9,Y1.1,*4.7.9,V,2,major,26.0
DJAVAN,5,Muito obrigado,42,6,6,z0,*m7,II__X,2,major,27.0
DJAVAN,5,Muito obrigado,43,11,11,Y2.4,*7(#9),V/II,2,major,28.0
DJAVAN,5,Muito obrigado,44,4,4,z0,*m7,II,2,major,29.0
DJAVAN,5,Muito obrigado,45,4,2,z0,*m7,II,2,major,29.5
DJAVAN,5,Muito obrigado,46,1,1,y0,*Ø,II__X,2,major,30.0
DJAVAN,5,Muito obrigado,47,6,6,Y2.3,*7(b9),V/VI,2,major,30.5
DJAVAN,5,Muito obrigado,48,11,11,z0,*m7,II__X,2,major,31.0
DJAVAN,5,Muito obrigado,49,4,4,Y2,*7.9,V/V,2,major,31.5
DJAVAN,5,Muito obrigado,50,9,9,z0,*m7,II__X,2,major,32.0
DJAVAN,5,Muito obrigado,51,2,2,Y2,*7.9,V/IV,2,major,32.5
DJAVAN,5,Muito obrigado,52,7,7,Z1,*6,IV,2,major,33.0
DJAVAN,5,Muito obrigado,53,9,9,Y2,*7.9,V,2,major,34.0
DJAVAN,5,Muito obrigado,54,2,2,Z2,*M7.9,I,2,major,35.0
DJAVAN,5,Muito obrigado,55,11,11,Y2.4,*7(#9),V/II,2,major,36.0
DJAVAN,5,Muito obrigado,56,4,4,Y2,*7.9,V/V,2,major,37.0
DJAVAN,5,Muito obrigado,57,9,9,Y1.1,*4.7.9,V,2,major,38.0
DJAVAN,5,Muito obrigado,58,6,6,z0,*m7,II__X,2,major,39.0
DJAVAN,5,Muito obrigado,59,11,11,Y2.3,*7(b9),V/II,2,major,40.0
DJAVAN,5,Muito obrigado,60,4,4,Y2,*7.9,V/V,2,major,41.0
DJAVAN,5,Muito obrigado,61,9,9,Y1.1,*4.7.9,V,2,major,42.0
DJAVAN,5,Muito obrigado,62,6,6,z0,*m7,II__X,2,major,43.0
DJAVAN,5,Muito obrigado,63,11,11,Y2.4,*7(#9),V/II,2,major,44.0
DJAVAN,5,Muito obrigado,64,4,4,Y2,*7.9,V/V,2,major,44.5
DJAVAN,5,Muito obrigado,65,9,9,Y1.1,*4.7.9,V,2,major,45.0
DJAVAN,5,Muito obrigado,66,2,2,Z2,*M7.9,I,2,major,45.5
DJAVAN,6,Obi,1,7,7,Z0,*M7,I,7,major,1.0
DJAVAN,6,Obi,2,9,9,z0,*m7,II,7,major,2.0
DJAVAN,6,Obi,3,10,10,x0,*°7,?,7,major,3.0
DJAVAN,6,Obi,4,4,4,z0,*m7,II__X,7,major,4.0
DJAVAN,6,Obi,5,9,9,Y2,*7.9,V/V,7,major,5.0
DJAVAN,6,Obi,6,9,9,z0,*m7,II,7,major,7.0
DJAVAN,6,Obi,7,8,8,x0,*°7,V°/II,7,major,8.0
DJAVAN,6,Obi,8,9,9,z0,*m7,II,7,major,9.0
DJAVAN,6,Obi,9,0,0,z1,*m6,IVm7,7,major,10.0
DJAVAN,6,Obi,10,7,7,Z0,*M7,I,7,major,11.0
DJAVAN,6,Obi,11,9,9,z0,*m7,II,7,major,16.0
DJAVAN,6,Obi,12,10,10,x0,*°7,?,7,major,17.0
DJAVAN,6,Obi,13,4,4,z0,*m7,II__X,7,major,18.0
DJAVAN,6,Obi,14,9,9,Y2,*7.9,V/V,7,major,19.0
DJAVAN,6,Obi,15,9,9,z0,*m7,II,7,major,21.0
DJAVAN,6,Obi,16,0,0,z1,*m6,IVm7,7,major,22.0
DJAVAN,6,Obi,17,11,11,z0,*m7,III,7,major,23.0
DJAVAN,6,Obi,18,3,10,Y0,*7,SubV/V,7,major,24.0
DJAVAN,6,Obi,19,9,9,z0,*m7,II,7,major,25.0
DJAVAN,6,Obi,20,2,2,Y2,*7.9,V,7,major,26.0
DJAVAN,6,Obi,21,7,7,Z0,*M7,I,7,major,27.0
DJAVAN,6,Obi,22,4,4,z2,*m7.9,VI,7,major,28.0
DJAVAN,6,Obi,23,2,2,z2,*m7.9,II__X,7,major,29.0
DJAVAN,6,Obi,24,7,7,Y0,*7,V/IV,7,major,30.0
DJAVAN,6,Obi,25,2,2,z2,*m7.9,II__X,7,major,31.0
DJAVAN,6,Obi,26,7,7,Y0,*7,V/IV,7,major,32.0
DJAVAN,6,Obi,27,2,2,z2,*m7.9,II__X,7,major,33.0
DJAVAN,6,Obi,28,6,6,Y0,*7,?,7,major,34.0
DJAVAN,6,Obi,29,5,5,Y0,*7,SubV/VI,7,major,35.0
DJAVAN,6,Obi,30,4,4,Y2,*7.9,V/II,7,major,36.0
DJAVAN,6,Obi,31,9,9,Y2,*7.9,V/V,7,major,38.0
DJAVAN,6,Obi,32,2,2,Y2,*7.9,V,7,major,39.0
DJAVAN,6,Obi,33,7,7,Z0,*M7,I,7,major,40.0
DJAVAN,7,Passou,1,4,4,Z2,*M7.9,I,4,major,1.0
DJAVAN,7,Passou,2,9,9,Z0,*M7,IV,4,major,2.0
DJAVAN,7,Passou,3,9,9,z1,*m6,IVm7,4,major,3.0
DJAVAN,7,Passou,4,8,8,z0,*m7,III,4,major,4.0
DJAVAN,7,Passou,5,7,7,x3,*°7(b13),bIII°,4,major,5.0
DJAVAN,7,Passou,6,6,10,Y0,*7,V/V,4,major,6.0
DJAVAN,7,Passou,7,9,9,z1,*m6,IVm7,4,major,7.0
DJAVAN,7,Passou,8,8,8,z0,*m7,III,4,major,8.0
DJAVAN,7,Passou,9,10,10,x0,*°7,?,4,major,9.0
DJAVAN,7,Passou,10,9,9,Z0,*M7,IV,4,major,10.0
DJAVAN,7,Passou,11,9,9,z1,*m6,IVm7,4,major,11.0
DJAVAN,7,Passou,12,8,8,z0,*m7,III,4,major,12.0
DJAVAN,7,Passou,13,7,7,z1,*m6,bIIIm7,4,major,13.0
DJAVAN,7,Passou,14,5,5,Z0,*M7,bII7M,4,major,14.0
DJAVAN,7,Passou,15,11,11,Y1.1,*4.7.9,V,4,major,15.0
DJAVAN,7,Passou,16,4,4,Z2,*M7.9,I,4,major,16.0
DJAVAN,7,Passou,17,4,4,Y2,*7.9,V/IV,4,major,17.0
DJAVAN,7,Passou,18,9,9,Z0,*M7,IV,4,major,18.0
DJAVAN,7,Passou,19,9,9,z1,*m6,IVm7,4,major,19.0
DJAVAN,7,Passou,20,7,7,Z0,*M7,bIII7M,4,major,20.0
DJAVAN,7,Passou,21,0,0,Z0,*M7,bVI7M,4,major,21.0
DJAVAN,7,Passou,22,6,6,Y1,*4.7,V/V,4,major,21.75
DJAVAN,7,Passou,23,5,5,Z0,*M7,bII7M,4,major,22.0
DJAVAN,7,Passou,24,4,4,Y1.1,*4.7.9,V/IV,4,major,23.0
DJAVAN,7,Passou,25,4,4,Y2,*7.9,V/IV,4,major,23.5
DJAVAN,7,Passou,26,9,9,Z0,*M7,I,4,major,24.0
DJAVAN,7,Passou,27,9,9,z1,*m6,IVm7,4,major,25.0
DJAVAN,7,Passou,28,7,7,Z0,*M7,bIII7M,4,major,26.0
DJAVAN,7,Passou,29,0,0,Y2,*7.9,V/bII,4,major,27.0
DJAVAN,7,Passou,30,5,5,Z0,*M7,bII7M,4,major,28.0
DJAVAN,7,Passou,31,4,4,Y1.1,*4.7.9,V/IV,4,major,29.0
DJAVAN,7,Passou,32,2,2,Y1.1,*4.7.9,bVII7,4,major,29.5
DJAVAN,7,Passou,33,0,0,Y1.1,*4.7.9,SubV/V,4,major,30.0
DJAVAN,7,Passou,34,10,10,Y1.1,*4.7.9,SubV/IV,4,major,30.5
DJAVAN,7,Passou,35,4,4,Y4.1,*7(b13),V,9,major,30.75
DJAVAN,7,Passou,36,9,9,Z0,*M7,I,9,major,31.0
DJAVAN,7,Passou,37,8,8,Y4.1,*7(b13),aSubV,9,major,32.0
DJAVAN,7,Passou,38,9,9,Z0,*M7,I,9,major,33.0
DJAVAN,7,Passou,39,7,7,Z0,*M7,bVII7M,9,major,34.0
DJAVAN,7,Passou,40,6,6,Y4.1,*7(b13),V/II,9,major,34.5
DJAVAN,7,Passou,41,11,11,z0,*m7,II,9,major,35.0
DJAVAN,7,Passou,42,1,1,z0,*m7,III,9,major,35.5
DJAVAN,7,Passou,43,2,2,Z0,*M7,IV,9,major,36.0
DJAVAN,7,Passou,44,4,4,Y1.1,*4.7.9,V,9,major,36.5
DJAVAN,7,Passou,45,9,9,Z0,*M7,I,9,major,37.0
DJAVAN,7,Passou,46,8,8,Y4.1,*7(b13),aSubV,9,major,39.0
DJAVAN,7,Passou,47,9,9,Z0,*M7,I,9,major,40.0
DJAVAN,7,Passou,48,7,7,Z0,*M7,bIII7M,9,major,41.0
DJAVAN,7,Passou,49,6,6,Y4.1,*7(b13),V/II,9,major,41.5
DJAVAN,7,Passou,50,11,11,z0,*m7,II,9,major,42.0
DJAVAN,7,Passou,51,1,1,z0,*m7,III,9,major,42.5
DJAVAN,7,Passou,52,2,2,Z0,*M7,IV,9,major,43.0
DJAVAN,7,Passou,53,4,4,Y1.1,*4.7.9,V,9,major,43.5
DJAVAN,7,Passou,54,9,9,Z0,*M7,I,9,major,44.0
DJAVAN,7,Passou,55,7,7,Z0,*M7,bVII7M,9,major,45.0
DJAVAN,7,Passou,56,9,9,Z0,*M7,I,9,major,46.0
DJAVAN,8,Azul,1,7,7,z0,*m7,IV,2,minor,1.0
DJAVAN,8,Azul,2,1,1,x0,*°7,V°,2,minor,1.5
DJAVAN,8,Azul,3,2,2,z2,*m7.9,I,2,minor,2.0
DJAVAN,8,Azul,4,5,5,Y2,*7.9,V/VI,2,minor,2.5
DJAVAN,8,Azul,5,10,10,Z0,*M7,VI,2,minor,3.0
DJAVAN,8,Azul,6,9,9,Y4.1,*7(b13),V,2,minor,3.5
DJAVAN,8,Azul,7,2,2,z2,*m7.9,I,2,minor,4.0
DJAVAN,8,Azul,8,8,8,Y3,*7(#11),SubV/IV,2,minor,4.5
DJAVAN,8,Azul,9,7,7,z0,*m7,IV,2,minor,5.0
DJAVAN,8,Azul,10,1,1,x0,*°7,V°,2,minor,5.5
DJAVAN,8,Azul,11,2,2,z2,*m7.9,I,2,minor,6.0
DJAVAN,8,Azul,12,5,5,Y2,*7.9,V/VI,2,minor,6.5
DJAVAN,8,Azul,13,10,10,Z0,*M7,VI,2,minor,7.0
DJAVAN,8,Azul,14,4,4,y0,*Ø,II,2,minor,8.0
DJAVAN,8,Azul,15,8,8,Y3,*7(#11),SubV/IV,2,minor,8.5
DJAVAN,8,Azul,16,7,7,z0,*m7,IV,2,minor,9.0
DJAVAN,8,Azul,17,1,1,x0,*°7,V°,2,minor,9.5
DJAVAN,8,Azul,18,2,2,z2,*m7.9,I,2,minor,10.0
DJAVAN,8,Azul,19,5,5,Y2,*7.9,V/VI,2,minor,10.5
DJAVAN,8,Azul,20,10,10,Z0,*M7,VI,2,minor,11.0
DJAVAN,8,Azul,21,9,9,Y4.1,*7(b13),V,2,minor,11.5
DJAVAN,8,Azul,22,2,2,z2,*m7.9,I,2,minor,12.0
DJAVAN,8,Azul,23,8,8,Y3,*7(#11),SubV/IV,2,minor,12.5
DJAVAN,8,Azul,24,7,7,z0,*m7,IV,2,minor,13.0
DJAVAN,8,Azul,25,1,1,x0,*°7,V°,2,minor,13.5
DJAVAN,8,Azul,26,2,2,z2,*m7.9,I,2,minor,14.0
DJAVAN,8,Azul,27,5,5,Y2,*7.9,V/VI,2,minor,14.5
DJAVAN,8,Azul,28,10,10,Z0,*M7,VI,2,minor,15.0
DJAVAN,8,Azul,29,9,9,Y4.1,*7(b13),V,2,minor,15.5
DJAVAN,8,Azul,30,2,2,z2,*m7.9,I,2,minor,16.0
DJAVAN,8,Azul,31,8,8,Y3,*7(#11),SubV/IV,2,minor,16.5
DJAVAN,8,Azul,32,7,7,z0,*m7,IV,2,minor,17.0
DJAVAN,8,Azul,33,1,1,x0,*°7,V°,2,minor,17.5
DJAVAN,8,Azul,34,2,2,z2,*m7.9,I,2,minor,18.0
DJAVAN,8,Azul,35,5,5,Y2,*7.9,V/VI,2,minor,18.5
DJAVAN,8,Azul,36,10,10,Z0,*M7,VI,2,minor,19.0
DJAVAN,8,Azul,37,9,9,Y4.1,*7(b13),V,2,minor,19.5
DJAVAN,8,Azul,38,2,2,z2,*m7.9,I,2,minor,20.0
DJAVAN,9,Beiral,1,0,0,Z2,*M7.9,I,0,major,1.0
DJAVAN,9,Beiral,2,4,4,z0,*m7,II__X,0,major,3.0
DJAVAN,9,Beiral,3,9,9,Y4.1,*7(b13),V/II,0,major,4.0
DJAVAN,9,Beiral,4,2,2,z0,*m7,II,0,major,5.0
DJAVAN,9,Beiral,5,10,10,x0,*°7,V°/II,0,major,6.0
DJAVAN,9,Beiral,6,2,2,z2,*m7.9,II,0,major,7.0
DJAVAN,9,Beiral,7,7,7,Y1.1,*4.7.9,V,0,major,8.0
DJAVAN,9,Beiral,8,7,7,Y2.3,*7(b9),V,0,major,8.5
DJAVAN,9,Beiral,9,0,7,Z5,*6.M7,I,0,major,9.0
DJAVAN,9,Beiral,10,6,6,z0,*m7,II__X,0,major,11.0
DJAVAN,9,Beiral,11,7,7,Y2.3,*7(b9),V/III,0,major,12.0
DJAVAN,9,Beiral,12,4,4,Z2,*M7.9,I,4,major,13.0
DJAVAN,9,Beiral,13,9,9,Y2,*7.9,bVII7,4,major,14.0
DJAVAN,9,Beiral,14,4,4,Z2,*M7.9,I,4,major,15.0
DJAVAN,9,Beiral,15,10,10,Y3,*7(#11),SubV/IV,4,major,16.0
DJAVAN,9,Beiral,16,9,9,Z0,*M7,IV,4,major,17.0
DJAVAN,9,Beiral,17,8,8,Y0,*7,V/VI,4,major,18.0
DJAVAN,9,Beiral,18,7,7,Y0,*7,SubV/II,4,major,18.5
DJAVAN,9,Beiral,19,6,6,z0,*m7,II,4,major,19.0
DJAVAN,9,Beiral,20,3,3,y0,*Ø,II__X,4,major,20.0
DJAVAN,9,Beiral,21,8,8,Y4.1,*7(b13),V/VI,4,major,20.5
DJAVAN,9,Beiral,22,1,1,z2,*m7.9,IIIm7(b5),4,major,21.0
DJAVAN,9,Beiral,23,0,0,z2,*m7.9,bVIm7,4,major,22.0
DJAVAN,9,Beiral,24,11,11,z2,*m7.9,II__X,4,major,23.0
DJAVAN,9,Beiral,25,4,4,Y1.1,*4.7.9,V/IV,4,major,24.0
DJAVAN,9,Beiral,26,9,9,Z0,*M7,IV,4,major,25.0
DJAVAN,9,Beiral,27,8,8,Y0,*7,V/VI,4,major,26.0
DJAVAN,9,Beiral,28,7,7,Y0,*7,SubV/II,4,major,26.5
DJAVAN,9,Beiral,29,6,6,z0,*m7,II,4,major,27.0
DJAVAN,9,Beiral,30,3,3,y0,*Ø,II__X,4,major,28.0
DJAVAN,9,Beiral,31,8,8,Y4.1,*7(b13),V/VI,4,major,28.5
DJAVAN,9,Beiral,32,1,1,Y2,*7.9,V/II,4,major,29.0
DJAVAN,9,Beiral,33,11,11,z0,*m7,II__X,4,major,30.0
DJAVAN,9,Beiral,34,4,4,Y2,*7.9,V/IV,4,major,30.5
DJAVAN,9,Beiral,35,9,9,Z0,*M7,IV,4,major,31.0
DJAVAN,9,Beiral,36,2,2,Z2,*M7.9,bVII7M,4,major,32.0
DJAVAN,9,Beiral,37,4,4,Z2,*M7.9,I,4,major,33.0
DJAVAN,9,Beiral,38,10,10,Y3,*7(#11),SubV/IV,4,major,34.0
DJAVAN,9,Beiral,39,9,9,Z0,*M7,IV,4,major,35.0
DJAVAN,9,Beiral,40,2,2,Z2,*M7.9,bVII7M,4,major,35.5
DJAVAN,9,Beiral,41,4,4,Z2,*M7.9,I,4,major,36.0
DJAVAN,9,Beiral,42,7,7,Y1.1,*4.7.9,V,0,major,37.0
DJAVAN,9,Beiral,43,7,7,Y2,*7.9,V,0,major,37.5
DJAVAN,9,Beiral,44,0,0,Z2,*M7.9,I,0,major,38.0
DJAVAN,10,Om,1,6,6,Z0,*M7,I,6,major,1.0
DJAVAN,10,Om,2,8,8,Y3,*7(#11),V/V,6,major,2.0
DJAVAN,10,Om,3,10,10,z0,*m7,III,6,major,3.0
DJAVAN,10,Om,4,11,11,Z0,*M7,IV,6,major,4.0
DJAVAN,10,Om,5,11,11,y0,*Ø,IVm7,6,major,4.5
DJAVAN,10,Om,6,6,6,Z0,*M7,I,6,major,5.0
DJAVAN,10,Om,7,8,8,Y3,*7(#11),V/V,6,major,6.0
DJAVAN,10,Om,8,10,10,z0,*m7,III,6,major,6.5
DJAVAN,10,Om,9,11,11,Z0,*M7,IV,6,major,7.0
DJAVAN,10,Om,10,4,4,Y2,*7.9,SubV,3,minor,8.0
DJAVAN,10,Om,11,3,3,z2,*m7.9,I,3,minor,9.0
DJAVAN,10,Om,12,11,11,z1,*m6,bVIm7,3,minor,10.0
DJAVAN,10,Om,13,3,3,z2,*m7.9,I,3,minor,11.0
DJAVAN,10,Om,14,8,8,Y3,*7(#11),IV7,3,minor,12.0
DJAVAN,10,Om,15,3,3,z2,*m7.9,I,3,minor,13.0
DJAVAN,10,Om,16,11,11,z1,*m6,bVIm7,3,minor,14.0
DJAVAN,10,Om,17,3,3,z2,*m7.9,I,3,minor,15.0
DJAVAN,10,Om,18,8,8,Y3,*7(#11),IV7,3,minor,16.0
DJAVAN,10,Om,19,11,11,Z0,*M7,VI,3,minor,17.0
DJAVAN,10,Om,20,11,11,Z1,*6,VI,3,minor,17.5
DJAVAN,10,Om,21,10,10,Y4.1,*7(b13),V,3,minor,18.0
DJAVAN,10,Om,22,3,3,z2,*m7.9,I,3,minor,19.0
DJAVAN,10,Om,23,8,8,Y3,*7(#11),IV7,3,minor,20.0
DJAVAN,10,Om,24,11,11,Z0,*M7,VI,3,minor,21.0
DJAVAN,10,Om,25,11,11,Z1,*6,VI,3,minor,21.5
DJAVAN,10,Om,26,10,10,Y4.1,*7(b13),V,3,minor,22.0
DJAVAN,10,Om,27,3,3,z2,*m7.9,I,3,minor,23.0
DJAVAN,10,Om,28,8,8,Y3,*7(#11),IV7,3,minor,24.0
DJAVAN,10,Om,29,11,11,Z0,*M7,VI,3,minor,25.0
DJAVAN,10,Om,30,11,11,Z1,*6,VI,3,minor,25.5
DJAVAN,10,Om,31,10,10,Y4.1,*7(b13),V,3,minor,26.0
DJAVAN,10,Om,32,3,3,z2,*m7.9,I,3,minor,27.0
DJAVAN,10,Om,33,8,8,Y3,*7(#11),IV7,3,minor,28.0
DJAVAN,10,Om,34,6,6,Z0,*M7,I,6,major,29.0
DJAVAN,11,Agua,1,9,9,V0,*,I,9,major,1.0
DJAVAN,11,Agua,2,5,9,V3,*(#11),bVI7M,9,major,2.0
DJAVAN,11,Agua,3,9,9,V0,*,I,9,major,3.0
DJAVAN,11,Agua,4,5,9,V3,*(#11),bVI7M,9,major,4.0
DJAVAN,11,Agua,5,9,9,V0,*,I,9,major,5.0
DJAVAN,11,Agua,6,5,9,V3,*(#11),bVI7M,9,major,6.0
DJAVAN,11,Agua,7,7,7,Y2,*7.9,V/bIII,9,major,6.5
DJAVAN,11,Agua,8,0,0,V0,*,bIII7M,9,major,7.0
DJAVAN,11,Agua,9,11,11,z2,*m7.9,II,9,major,8.0
DJAVAN,11,Agua,10,4,4,Y1,*4.7,V,9,major,8.5
DJAVAN,11,Agua,11,9,9,V0,*,I,9,major,9.0
DJAVAN,11,Agua,12,5,9,V3,*(#11),bVI7M,9,major,9.5
DJAVAN,11,Agua,13,9,9,V0,*,I,9,major,10.0
DJAVAN,11,Agua,14,5,9,V3,*(#11),bVI7M,9,major,10.5
DJAVAN,11,Agua,15,9,9,V0,*,I,9,major,11.0
DJAVAN,11,Agua,16,5,9,V3,*(#11),bVI7M,9,major,11.5
DJAVAN,11,Agua,17,9,9,V0,*,I,9,major,12.0
DJAVAN,11,Agua,18,9,9,W0,*(#5)7,V/IV,9,major,12.5
DJAVAN,11,Agua,19,2,2,Z0,*M7,IV,9,major,13.0
DJAVAN,11,Agua,20,3,3,y0,*Ø,#IVm7(b5),9,major,13.5
DJAVAN,11,Agua,21,9,4,V0,*,I,9,major,14.0
DJAVAN,11,Agua,22,5,5,x0,*°7,V°/VI,9,major,14.5
DJAVAN,11,Agua,23,6,6,v0,*m,VI,9,major,15.0
DJAVAN,11,Agua,24,6,4,z2,*m7.9,VI,9,major,15.5
DJAVAN,11,Agua,25,3,3,y0,*Ø,#IVm7(b5),9,major,16.0
DJAVAN,11,Agua,26,2,2,z1,*m6,IVm7,9,major,17.0
DJAVAN,11,Agua,27,2,4,z1,*m6,IVm7,9,major,17.5
DJAVAN,11,Agua,28,9,9,V0,*,I,9,major,18.0
DJAVAN,11,Agua,29,0,0,x0,*°7,I°,9,major,18.5
DJAVAN,11,Agua,30,9,9,V0,*,I,9,major,19.0
DJAVAN,11,Agua,31,1,1,Y2.3,*7(b9),V/VI,9,major,19.5
DJAVAN,11,Agua,32,6,6,z0,*m7,VI,9,major,20.0
DJAVAN,11,Agua,33,1,1,z0,*m7,III,9,major,21.0
DJAVAN,11,Agua,34,9,1,V0,*,I,9,major,22.0
DJAVAN,11,Agua,35,9,9,V0,*,I,9,major,22.25
DJAVAN,11,Agua,36,4,4,Y1,*4.7,V,9,major,22.5
DJAVAN,11,Agua,37,4,11,Y1,*4.7,V,9,major,22.75
DJAVAN,11,Agua,38,9,9,V0,*,I,9,major,23.0
DJAVAN,11,Agua,39,1,1,Y2.3,*7(b9),V/VI,9,major,23.75
DJAVAN,11,Agua,40,6,6,z0,*m7,VI,9,major,24.0
DJAVAN,11,Agua,41,1,1,z0,*m7,III,9,major,25.0
DJAVAN,11,Agua,42,9,1,V0,*,I,9,major,26.0
DJAVAN,11,Agua,43,9,9,V0,*,I,9,major,26.25
DJAVAN,11,Agua,44,4,4,Y1,*4.7,V,9,major,26.5
DJAVAN,11,Agua,45,4,11,Y1,*4.7,V,9,major,26.75
DJAVAN,11,Agua,46,9,9,V0,*,I,9,major,27.0
DJAVAN,12,Alibi,1,5,5,Z0,*M7,bII7M,4,minor,1.0
DJAVAN,12,Alibi,2,11,11,Y4,*7.13,V,4,minor,2.0
DJAVAN,12,Alibi,3,11,11,Y4.1,*7(b13),V,4,minor,2.5
DJAVAN,12,Alibi,4,4,4,w1.1,*mM7.9.11,I,4,minor,3.0
DJAVAN,12,Alibi,5,9,9,Y2.1,*7.9(#11),IV7,4,minor,4.0
DJAVAN,12,Alibi,6,7,7,Y4,*7.13,SubV/II,4,minor,4.5
DJAVAN,12,Alibi,7,6,6,y0,*Ø,II,4,minor,5.0
DJAVAN,12,Alibi,8,11,11,Y4.1,*7(b13),V,4,minor,6.0
DJAVAN,12,Alibi,9,5,5,Y2,*7.9,bII7M,4,minor,6.5
DJAVAN,12,Alibi,10,4,4,w1.1,*mM7.9.11,I,4,minor,7.0
DJAVAN,12,Alibi,11,0,0,Y2.2,*7.9.13,V/bII,4,minor,8.0
DJAVAN,12,Alibi,12,5,5,Z0,*M7,bII7M,4,minor,9.0
DJAVAN,12,Alibi,13,11,11,Y4,*7.13,V,4,minor,10.0
DJAVAN,12,Alibi,14,11,11,Y4.1,*7(b13),V,4,minor,10.5
DJAVAN,12,Alibi,15,4,4,w1.1,*mM7.9.11,I,4,minor,11.0
DJAVAN,12,Alibi,16,9,9,Y2.1,*7.9(#11),IV7,4,minor,12.0
DJAVAN,12,Alibi,17,7,7,Y4,*7.13,SubV/II,4,minor,13.0
DJAVAN,12,Alibi,18,6,6,y1,*Ø.9,II,4,minor,14.0
DJAVAN,12,Alibi,19,11,11,Y4.1,*7(b13),V,4,minor,15.0
DJAVAN,12,Alibi,20,9,9,z0,*m7,IV,4,minor,16.0
DJAVAN,12,Alibi,21,0,0,Y2.2,*7.9.13,SubV/V,4,minor,17.0
DJAVAN,12,Alibi,22,11,11,Y4.1,*7(b13),V,4,minor,17.5
DJAVAN,12,Alibi,23,4,4,w1.1,*mM7.9.11,I,4,minor,18.0
DJAVAN,12,Alibi,24,11,11,y0,*Ø,II__X,4,minor,19.0
DJAVAN,12,Alibi,25,4,4,Y2.3,*7(b9),V/IV,4,minor,20.0
DJAVAN,12,Alibi,26,9,9,z0,*m7,II__X,4,minor,21.0
DJAVAN,12,Alibi,27,2,2,Y2,*7.9,V/III,4,minor,22.0
DJAVAN,12,Alibi,28,7,7,Z0,*M7,III,4,minor,22.5
DJAVAN,12,Alibi,29,9,9,z0,*m7,IV,4,minor,23.0
DJAVAN,12,Alibi,30,11,11,z0,*m7,II__X,4,minor,23.5
DJAVAN,12,Alibi,31,4,4,Y4.1,*7(b13),V/IV,4,minor,24.0
DJAVAN,12,Alibi,32,6,6,y0,*Ø,II,4,minor,24.5
DJAVAN,12,Alibi,33,11,11,Y4.1,*7(b13),V,4,minor,25.0
DJAVAN,12,Alibi,34,4,4,w1.1,*mM7.9.11,I,4,minor,26.0
DJAVAN,13,Asa,1,2,2,z0,*m7,I,2,minor,1.0
DJAVAN,13,Asa,2,10,10,Y0,*7,SubV/V,2,minor,1.5
DJAVAN,13,Asa,3,9,9,Y4.1,*7(b13),V,2,minor,2.0
DJAVAN,13,Asa,4,2,2,z0,*m7,I,2,minor,2.5
DJAVAN,13,Asa,5,5,5,Y2,*7.9,V/VI,2,minor,3.0
DJAVAN,13,Asa,6,10,10,Y0,*7,SubV/V,2,minor,3.5
DJAVAN,13,Asa,7,9,9,x4,*°7.14,V°/IV,2,minor,3.75
DJAVAN,13,Asa,8,7,7,z0,*m7,I,7,minor,4.0
DJAVAN,13,Asa,9,0,0,Y2,*7.9,IV7,7,minor,4.5
DJAVAN,13,Asa,10,6,6,x0,*°7,V°,7,minor,4.75
DJAVAN,13,Asa,11,7,7,z0,*m7,I,7,minor,5.0
DJAVAN,13,Asa,12,0,0,Y2,*7.9,IV7,7,minor,5.5
DJAVAN,13,Asa,13,2,2,Y2.2.1.1,*7(b9.b13),V,7,minor,5.75
DJAVAN,13,Asa,14,7,7,z0,*m7,I,7,minor,6.0
DJAVAN,13,Asa,15,0,0,Y2,*7.9,IV7,7,minor,6.5
DJAVAN,13,Asa,16,6,6,x0,*°7,V°,7,minor,6.75
DJAVAN,13,Asa,17,7,7,z0,*m7,I,7,minor,7.0
DJAVAN,13,Asa,18,9,9,z3,*m7.11,II,7,minor,7.5
DJAVAN,13,Asa,19,2,2,Y2.2.1.1,*7(b9.b13),V,7,minor,7.75
DJAVAN,13,Asa,20,7,7,z0,*m7,I,7,minor,8.0
DJAVAN,13,Asa,21,0,0,Y2,*7.9,IV7,7,minor,8.5
DJAVAN,13,Asa,22,6,6,x0,*°7,V°,7,minor,8.75
DJAVAN,13,Asa,23,7,7,z0,*m7,I,7,minor,9.0
DJAVAN,13,Asa,24,0,0,Y2,*7.9,IV7,7,minor,9.5
DJAVAN,13,Asa,25,2,2,Y2.2.1.1,*7(b9.b13),V,7,minor,9.75
DJAVAN,13,Asa,26,7,7,z0,*m7,I,7,minor,10.0
DJAVAN,13,Asa,27,0,0,Y2,*7.9,IV7,7,minor,10.5
DJAVAN,13,Asa,28,6,6,x0,*°7,V°,7,minor,10.75
DJAVAN,13,Asa,29,7,7,z0,*m7,I,7,minor,11.0
DJAVAN,13,Asa,30,4,4,y0,*Ø,II,2,minor,11.5
DJAVAN,13,Asa,31,9,9,Y4.1,*7(b13),V,2,minor,11.75
DJAVAN,13,Asa,32,2,2,z0,*m7,I,2,minor,12.0
DJAVAN,13,Asa,33,10,10,Y0,*7,SubV/V,2,minor,13.0
DJAVAN,13,Asa,34,7,7,z0,*m7,IV,2,minor,14.0
DJAVAN,13,Asa,35,10,10,Y0,*7,SubV/V,2,minor,15.0
DJAVAN,13,Asa,36,9,9,Y4.1,*7(b13),V,2,minor,15.5
DJAVAN,13,Asa,37,2,2,z0,*m7,I,2,minor,16.0
DJAVAN,13,Asa,38,10,10,Y0,*7,SubV/V,2,minor,17.0
DJAVAN,13,Asa,39,7,7,z0,*m7,IV,2,minor,18.0
DJAVAN,13,Asa,40,10,10,Y0,*7,SubV/V,2,minor,19.0
DJAVAN,13,Asa,41,9,9,Y4.1,*7(b13),V,2,minor,19.5
DJAVAN,14,Meu,1,9,9,Z2,*M7.9,I,9,major,1.0
DJAVAN,14,Meu,2,6,6,z0,*m7,VI,9,major,3.0
DJAVAN,14,Meu,3,1,1,z0,*m7,III,9,major,5.0
DJAVAN,14,Meu,4,0,0,x3,*°7(b13),bIII°,9,major,7.0
DJAVAN,14,Meu,5,11,11,z0,*m7,II,9,major,9.0
DJAVAN,14,Meu,6,2,2,z1,*m6,IVm7,9,major,11.0
DJAVAN,14,Meu,7,1,1,z0,*m7,III,9,major,13.0
DJAVAN,14,Meu,8,5,0,Y0,*7,SubV/V,9,major,15.0
DJAVAN,14,Meu,9,11,11,z0,*m7,II,9,major,17.0
DJAVAN,14,Meu,10,2,2,z1,*m6,IVm7,9,major,19.0
DJAVAN,14,Meu,11,2,2,Z2,*M7.9,IV,9,major,21.0
DJAVAN,14,Meu,12,1,1,z0,*m7,III,9,major,22.0
DJAVAN,14,Meu,13,2,2,Z2,*M7.9,IV,9,major,23.0
DJAVAN,14,Meu,14,4,4,z0,*m7,II,9,major,24.0
DJAVAN,14,Meu,15,9,9,Y2,*7.9,V,9,major,24.5
DJAVAN,14,Meu,16,2,2,Z2,*M7.9,IV,9,major,25.0
DJAVAN,14,Meu,17,1,1,z0,*m7,III,9,major,26.0
DJAVAN,14,Meu,18,6,6,z1,*m6,VI,9,major,27.0
DJAVAN,14,Meu,19,2,2,z1,*m6,IVm7,9,major,28.0
DJAVAN,14,Meu,20,9,9,Z2,*M7.9,I,9,major,29.0
DJAVAN,15,Numa esquina de Hanoi,1,3,3,Z2,*M7.9,I,3,major,1.0
DJAVAN,15,Numa esquina de Hanoi,2,5,5,z0,*m7,II,3,major,2.0
DJAVAN,15,Numa esquina de Hanoi,3,6,6,x0,*°7,V°/III,3,major,3.0
DJAVAN,15,Numa esquina de Hanoi,4,3,7,Z0,*M7,I,3,major,4.0
DJAVAN,15,Numa esquina de Hanoi,5,8,8,z1,*m6,IVm7,3,major,5.0
DJAVAN,15,Numa esquina de Hanoi,6,3,6,v0,*m,Im7,3,major,6.0
DJAVAN,15,Numa esquina de Hanoi,7,5,5,z0,*m7,II,3,major,7.0
DJAVAN,15,Numa esquina de Hanoi,8,3,3,Z2,*M7.9,I,3,major,8.0
DJAVAN,15,Numa esquina de Hanoi,9,5,5,z0,*m7,II,3,major,9.0
DJAVAN,15,Numa esquina de Hanoi,10,6,6,x0,*°7,V°/III,3,major,10.0
DJAVAN,15,Numa esquina de Hanoi,11,3,7,Z0,*M7,I,3,major,11.0
DJAVAN,15,Numa esquina de Hanoi,12,8,8,z1,*m6,IVm7,3,major,12.0
DJAVAN,15,Numa esquina de Hanoi,13,3,6,v0,*m,Im7,3,major,13.0
DJAVAN,15,Numa esquina de Hanoi,14,5,5,z0,*m7,II,3,major,14.0
DJAVAN,15,Numa esquina de Hanoi,15,3,3,Z2,*M7.9,I,3,major,15.0
DJAVAN,16,Topazio,1,11,11,Y1.1,*4.7.9,V/V,9,major,1.0
DJAVAN,16,Topazio,2,2,2,z1,*m6,IVm7,9,major,2.0
DJAVAN,16,Topazio,3,1,1,z0,*m7,III,9,major,3.0
DJAVAN,16,Topazio,4,0,0,x3,*°7(b13),?,9,major,4.0
DJAVAN,16,Topazio,5,0,0,z1,*m6,bIIIm7,9,major,4.5
DJAVAN,16,Topazio,6,11,11,Y1.1,*4.7.9,V/V,9,major,5.0
DJAVAN,16,Topazio,7,2,2,z1,*m6,IVm7,9,major,6.0
DJAVAN,16,Topazio,8,1,1,z0,*m7,III,9,major,7.0
DJAVAN,16,Topazio,9,0,0,x3,*°7(b13),?,9,major,8.0
DJAVAN,16,Topazio,10,0,0,z1,*m6,bIIIm7,9,major,8.5
DJAVAN,16,Topazio,11,11,11,Y1.1,*4.7.9,V/V,9,major,9.0
DJAVAN,16,Topazio,12,2,2,z1,*m6,IVm7,9,major,10.0
DJAVAN,16,Topazio,13,1,1,z0,*m7,III,9,major,11.0
DJAVAN,16,Topazio,14,0,0,x3,*°7(b13),?,9,major,12.0
DJAVAN,16,Topazio,15,0,0,z1,*m6,bIIIm7,9,major,12.5
DJAVAN,16,Topazio,16,11,11,z0,*m7,II,9,major,13.0
DJAVAN,16,Topazio,17,7,7,Y2.1,*7.9(#11),bVII7,9,major,14.0
DJAVAN,16,Topazio,18,11,11,Y1.1,*4.7.9,V/V,9,major,15.0
DJAVAN,16,Topazio,19,2,2,z2,*m7.9,IVm7,9,major,16.0
DJAVAN,16,Topazio,20,7,7,Y0,*7,bVII7,9,major,16.5
DJAVAN,16,Topazio,21,8,8,Y0,*7,aSubV,9,major,16.75
DJAVAN,16,Topazio,22,9,9,Y0,*7,V,2,major,17.0
DJAVAN,16,Topazio,23,2,2,Y2,*7.9,V/IV,2,major,18.0
DJAVAN,16,Topazio,24,9,9,Y0,*7,V,2,major,19.0
DJAVAN,16,Topazio,25,2,2,Y2,*7.9,V/IV,2,major,20.0
DJAVAN,16,Topazio,26,7,7,Y0,*7,V,0,major,21.0
DJAVAN,16,Topazio,27,1,1,y0,*Ø,II__X,9,major,22.0
DJAVAN,16,Topazio,28,6,6,Y2.2.1.1,*7(b9.b13),V/II,9,major,22.5
DJAVAN,16,Topazio,29,6,6,Y4.1,*7(b13),V/II,9,major,22.75
DJAVAN,16,Topazio,30,11,11,Y1.1,*4.7.9,V/V,9,major,23.0
DJAVAN,16,Topazio,31,2,2,z1,*m6,IVm7,9,major,24.0
DJAVAN,16,Topazio,32,1,1,z0,*m7,III,9,major,25.0
DJAVAN,16,Topazio,33,0,0,x3,*°7(b13),?,9,major,26.0
DJAVAN,16,Topazio,34,0,0,z1,*m6,bIIIm7,9,major,26.5
DJAVAN,16,Topazio,35,11,11,Y1.1,*4.7.9,V/V,9,major,27.0
DJAVAN,16,Topazio,36,2,2,z1,*m6,IVm7,9,major,28.0
DJAVAN,16,Topazio,37,9,9,Z2,*M7.9,I,9,major,29.0
DJAVAN,17,Nereci,1,9,9,z0,*m7,I,9,minor,1.0
DJAVAN,17,Nereci,2,4,4,z2,*m7.9,Vm7,9,minor,3.0
DJAVAN,17,Nereci,3,2,2,z2,*m7.9,IV,9,minor,4.0
DJAVAN,17,Nereci,4,9,9,z0,*m7,I,9,minor,5.0
DJAVAN,17,Nereci,5,4,4,z2,*m7.9,Vm7,9,minor,7.0
DJAVAN,17,Nereci,6,2,2,z2,*m7.9,IV,9,minor,8.0
DJAVAN,17,Nereci,7,6,6,y0,*Ø,?,9,minor,9.0
DJAVAN,17,Nereci,8,7,7,Y1.1,*4.7.9,bVII7,9,minor,10.0
DJAVAN,17,Nereci,9,8,8,x0,*°7,VII,9,minor,10.5
DJAVAN,17,Nereci,10,9,9,z0,*m7,I,9,minor,11.0
DJAVAN,17,Nereci,11,4,4,z2,*m7.9,Vm7,9,minor,13.0
DJAVAN,17,Nereci,12,2,2,z2,*m7.9,IV,9,minor,14.0
DJAVAN,17,Nereci,13,9,9,z0,*m7,I,9,minor,15.0
DJAVAN,17,Nereci,14,4,4,z2,*m7.9,Vm7,9,minor,17.0
DJAVAN,17,Nereci,15,2,2,z2,*m7.9,IV,9,minor,18.0
DJAVAN,17,Nereci,16,11,11,Y2.4,*7(#9),V/V,9,minor,19.0
DJAVAN,17,Nereci,17,10,10,Y2.1,*7.9(#11),SubV,9,minor,21.0
DJAVAN,17,Nereci,18,9,9,z0,*m7,I,9,minor,30.0
DJAVAN,17,Nereci,19,3,3,Y2,*7.9,SubV/IV,9,minor,31.5
DJAVAN,17,Nereci,20,2,2,z2,*m7.9,IV,9,minor,32.0
DJAVAN,17,Nereci,21,10,10,Y2.1,*7.9(#11),SubV,9,minor,33.0
DJAVAN,17,Nereci,22,9,9,z1,*m6,I,9,minor,34.0
DJAVAN,17,Nereci,23,5,5,Y2,*7.9,SubV/V,9,minor,34.5
DJAVAN,17,Nereci,24,11,11,z0,*m7,II,9,minor,35.0
DJAVAN,17,Nereci,25,4,4,Y2.3,*7(b9),V,9,minor,36.0
DJAVAN,17,Nereci,26,9,9,z0,*m7,I,9,minor,37.0
DJAVAN,18,Samba dobrado,1,2,2,Z2,*M7.9,I,2,major,1.0
DJAVAN,18,Samba dobrado,2,7,7,Z0,*M7,IV,2,major,3.0
DJAVAN,18,Samba dobrado,3,2,2,Z1.1,*6.9,I,2,major,5.0
DJAVAN,18,Samba dobrado,4,6,6,z2,*m7.9,II__X,2,major,7.0
DJAVAN,18,Samba dobrado,5,11,11,Y4.1,*7(b13),V/II,2,major,8.0
DJAVAN,18,Samba dobrado,6,8,8,y0,*Ø,#IVm7(b5),2,major,9.0
DJAVAN,18,Samba dobrado,7,7,7,z1,*m6,IVm7,2,major,10.0
DJAVAN,18,Samba dobrado,8,6,6,x0,*°7,II__X,2,major,11.0
DJAVAN,18,Samba dobrado,9,11,11,Y2.3,*7(b9),V/II,2,major,12.0
DJAVAN,18,Samba dobrado,10,4,4,Y2,*7.9,V/V,2,major,13.0
DJAVAN,18,Samba dobrado,11,9,9,Y1.1,*4.7.9,V,2,major,14.0
DJAVAN,18,Samba dobrado,12,9,9,Y2,*7.9,V,2,major,14.5
DJAVAN,18,Samba dobrado,13,9,9,z1,*m6,II__X,2,major,15.0
DJAVAN,18,Samba dobrado,14,2,2,Y2,*7.9,V/IV,2,major,16.0
DJAVAN,18,Samba dobrado,15,8,8,y0,*Ø,#IVm7(b5),2,major,17.0
DJAVAN,18,Samba dobrado,16,7,7,z1,*m6,IVm7,2,major,18.0
DJAVAN,18,Samba dobrado,17,6,6,z0,*m7,II__X,2,major,19.0
DJAVAN,18,Samba dobrado,18,11,11,Y2.3,*7(b9),V/II,2,major,20.0
DJAVAN,18,Samba dobrado,19,4,4,Y2,*7.9,V/V,2,major,21.0
DJAVAN,18,Samba dobrado,20,9,9,Y1.1,*4.7.9,V,2,major,22.0
DJAVAN,18,Samba dobrado,21,9,9,Y2,*7.9,V,2,major,22.5
DJAVAN,18,Samba dobrado,22,2,2,Z1.1,*6.9,I,2,major,23.0
DJAVAN,18,Samba dobrado,23,11,11,W0,*(#5)7,V/II,2,major,24.0
DJAVAN,18,Samba dobrado,24,4,4,Y2,*7.9,V/V,2,major,25.0
DJAVAN,18,Samba dobrado,25,3,3,Y2.4,*7(#9),SubV,2,major,26.0
DJAVAN,18,Samba dobrado,26,2,2,Z2,*M7.9,I,2,major,26.5
DJAVAN,18,Samba dobrado,27,1,1,Y2.4,*7(#9),?,2,major,27.0
DJAVAN,18,Samba dobrado,28,0,0,Z2,*M7.9,Np/VI,2,major,27.5
DJAVAN,18,Samba dobrado,29,11,11,z2,*m7.9,VI,2,major,28.0
DJAVAN,18,Samba dobrado,30,8,8,y0,*Ø,#IVm7(b5),2,major,29.0
DJAVAN,18,Samba dobrado,31,1,1,Y2.3,*7(b9),?,2,major,30.0
DJAVAN,18,Samba dobrado,32,7,7,Z0,*M7,IV,2,major,31.0
DJAVAN,18,Samba dobrado,33,0,0,Y1.1,*4.7.9,V/bIII,2,major,32.0
DJAVAN,18,Samba dobrado,34,0,0,Y2,*7.9,V/bIII,2,major,32.5
DJAVAN,18,Samba dobrado,35,5,5,Z0,*M7,bIII7M,2,major,36.0
DJAVAN,18,Samba dobrado,36,9,4,z0,*m7,Vm7,2,major,36.5
DJAVAN,18,Samba dobrado,37,2,2,z0,*m7,Im7,2,major,37.0
DJAVAN,18,Samba dobrado,38,4,4,y0,*Ø,IIm7(b5),2,major,38.0
DJAVAN,18,Samba dobrado,39,9,9,Y4.1,*7(b13),V,2,major,39.0
DJAVAN,18,Samba dobrado,40,2,2,Z2,*M7.9,I,2,major,40.0
DJAVAN,18,Samba dobrado,41,11,11,z2,*m7.9,VI,2,major,41.0
DJAVAN,18,Samba dobrado,42,1,1,y0,*Ø,II__X,2,major,42.0
DJAVAN,18,Samba dobrado,43,6,6,X0,*(b5)7,V/VI,2,major,43.0
DJAVAN,18,Samba dobrado,44,5,5,Z0,*M7,bIII7M,2,major,44.0
DJAVAN,18,Samba dobrado,45,9,4,z0,*m7,Vm7,2,major,44.5
DJAVAN,18,Samba dobrado,46,2,2,z0,*m7,Im7,2,major,45.0
DJAVAN,18,Samba dobrado,47,4,4,y0,*Ø,IIm7(b5),2,major,46.0
DJAVAN,18,Samba dobrado,48,9,9,Y4.1,*7(b13),V,2,major,47.0
DJAVAN,18,Samba dobrado,49,2,2,Z2,*M7.9,I,2,major,48.0
DJAVAN,18,Samba dobrado,50,11,11,z2,*m7.9,VI,2,major,49.0
DJAVAN,18,Samba dobrado,51,1,1,y0,*Ø,II__X,2,major,50.0
DJAVAN,18,Samba dobrado,52,6,6,W0,*(#5)7,V/VI,2,major,51.0
DJAVAN,18,Samba dobrado,53,9,9,W0,*(#5)7,V,2,major,51.5
DJAVAN,18,Samba dobrado,54,2,2,Z2,*M7.9,I,2,major,52.0
DJAVAN,19,Maca,1,2,2,Z2.2,*(#5)M7.9,I,2,major,1.0
DJAVAN,19,Maca,2,7,7,Y3,*7(#11),IV7,2,major,3.0
DJAVAN,19,Maca,3,2,6,Z0,*M7,I,2,major,5.0
DJAVAN,19,Maca,4,5,5,x0,*°7,bIII°,2,major,6.0
DJAVAN,19,Maca,5,4,4,v0,*m,II,2,major,7.0
DJAVAN,19,Maca,6,9,9,Y1.1,*4.7.9,V,2,major,8.0
DJAVAN,19,Maca,7,2,2,Z2,*M7.9,I,2,major,9.0
DJAVAN,19,Maca,8,2,2,Z1.1,*6.9,I,2,major,10.0
DJAVAN,19,Maca,9,7,7,Y0,*7,IV7,2,major,11.0
DJAVAN,19,Maca,10,7,7,z0,*m7,II__X,2,major,12.0
DJAVAN,19,Maca,11,0,0,Y2,*7.9,V/bIII,2,major,12.5
DJAVAN,19,Maca,12,2,2,Z2,*M7.9,I,2,major,13.0
DJAVAN,19,Maca,13,0,0,Y2,*7.9,bVII7,2,major,16.0
DJAVAN,19,Maca,14,2,2,Z2,*M7.9,I,2,major,17.0
DJAVAN,19,Maca,15,7,7,Y3,*7(#11),IV7,2,major,19.0
DJAVAN,19,Maca,16,2,6,Z0,*M7,I,2,major,21.0
DJAVAN,19,Maca,17,5,5,x0,*°7,bIII°,2,major,22.0
DJAVAN,19,Maca,18,4,4,v0,*m,II,2,major,23.0
DJAVAN,19,Maca,19,9,9,Y1.1,*4.7.9,V,2,major,24.0
DJAVAN,19,Maca,20,6,6,z0,*m7,III,2,major,25.0
DJAVAN,19,Maca,21,5,5,x0,*°7,bIII°,2,major,26.0
DJAVAN,19,Maca,22,4,4,v0,*m,II,2,major,27.0
DJAVAN,19,Maca,23,6,6,Y4.1,*7(b13),V/VI,2,major,28.0
DJAVAN,19,Maca,24,6,6,Y0,*7,V/VI,2,major,28.5
DJAVAN,19,Maca,25,7,7,Z0,*M7,IV,2,major,29.0
DJAVAN,19,Maca,26,9,7,Y0,*7,V,2,major,31.0
DJAVAN,19,Maca,27,6,6,y0,*Ø,III,2,major,33.0
DJAVAN,19,Maca,28,6,6,z3,*m7.11,III,2,major,34.0
DJAVAN,19,Maca,29,6,6,z0,*m7,II__X,2,major,35.0
DJAVAN,19,Maca,30,11,11,Y2.3,*7(b9),V/II,2,major,36.0
DJAVAN,19,Maca,31,7,7,Z0,*M7,IV,2,major,37.0
DJAVAN,19,Maca,32,9,7,Y0,*7,V,2,major,39.0
DJAVAN,19,Maca,33,6,6,z0,*m7,III,2,major,41.0
DJAVAN,19,Maca,34,6,6,z3,*m7.11,II__X,2,major,42.0
DJAVAN,19,Maca,35,11,11,Y2.3,*7(b9),V/II,2,major,43.0
DJAVAN,19,Maca,36,11,11,Y2.4,*7(#9),V/II,2,major,43.5
DJAVAN,19,Maca,37,11,11,Y2,*7.9,V/II,2,major,44.25
DJAVAN,19,Maca,38,11,11,Y2.3,*7(b9),V/II,2,major,44.5
DJAVAN,19,Maca,39,11,11,Y0,*7,V/II,2,major,44.75
DJAVAN,19,Maca,40,7,7,Z0,*M7,IV,2,major,45.0
DJAVAN,19,Maca,41,6,6,Y4.1,*7(b13),V/VI,2,major,46.0
DJAVAN,19,Maca,42,11,11,z0,*m7,II__X,2,major,47.0
DJAVAN,19,Maca,43,4,4,Y2,*7.9,V/V,2,major,48.0
DJAVAN,19,Maca,44,7,7,Z0,*M7,IV,2,major,49.0
DJAVAN,19,Maca,45,0,0,Y2,*7.9,bVII7,2,major,50.0
DJAVAN,19,Maca,46,2,2,Z2,*M7.9,I,2,major,51.0
DJAVAN,20,Dupla traicao,1,9,9,Z0,*M7,VIM7,0,major,1.0
DJAVAN,20,Dupla traicao,2,7,7,Y1.1,*4.7.9,V,0,major,2.0
DJAVAN,20,Dupla traicao,3,7,7,Y2,*7.9,V,0,major,2.5
DJAVAN,20,Dupla traicao,4,0,0,Z2,*M7.9,I,0,major,3.0
DJAVAN,20,Dupla traicao,5,5,5,Y0,*7,IV7,0,major,4.0
DJAVAN,20,Dupla traicao,6,6,6,y0,*Ø,II__X,0,major,5.0
DJAVAN,20,Dupla traicao,7,11,11,Y2.3,*7(b9),V/III,0,major,6.0
DJAVAN,20,Dupla traicao,8,4,4,y0,*Ø,II__X,0,major,7.0
DJAVAN,20,Dupla traicao,9,9,9,Y2.2.1.1,*7(b9.b13),V/II,0,major,8.0
DJAVAN,20,Dupla traicao,10,2,2,y0,*Ø,IIm7(b5),0,major,9.0
DJAVAN,20,Dupla traicao,11,7,7,Y1.1,*4.7.9,V,0,major,10.0
DJAVAN,20,Dupla traicao,12,4,4,Y2.2.1,*7(b9)13,V/VI,0,major,10.5
DJAVAN,20,Dupla traicao,13,9,9,Z0,*M7,VIM7,0,major,11.0
DJAVAN,20,Dupla traicao,14,7,7,Y1.1,*4.7.9,V,0,major,12.0
DJAVAN,20,Dupla traicao,15,7,7,Y2,*7.9,V,0,major,12.5
DJAVAN,20,Dupla traicao,16,0,0,Z2,*M7.9,I,0,major,13.0
DJAVAN,20,Dupla traicao,17,5,5,Y0,*7,IV7,0,major,14.0
DJAVAN,20,Dupla traicao,18,6,6,y0,*Ø,II__X,0,major,15.0
DJAVAN,20,Dupla traicao,19,11,11,Y2.3,*7(b9),V/III,0,major,16.0
DJAVAN,20,Dupla traicao,20,4,4,y0,*Ø,II__X,0,major,17.0
DJAVAN,20,Dupla traicao,21,9,9,Y2.2.1.1,*7(b9.b13),V/II,0,major,18.0
DJAVAN,20,Dupla traicao,22,2,2,y0,*Ø,IIm7(b5),0,major,19.0
DJAVAN,20,Dupla traicao,23,1,1,Y2.1,*7.9(#11),V,6,major,20.0
DJAVAN,20,Dupla traicao,24,0,0,z2,*m7.9,II__X,6,major,21.0
DJAVAN,20,Dupla traicao,25,5,5,Y4,*7.13,V/III,6,major,22.0
DJAVAN,20,Dupla traicao,26,11,11,z0,*m7,IVm7,6,major,22.5
DJAVAN,20,Dupla traicao,27,10,10,z0,*m7,II__X,6,major,23.0
DJAVAN,20,Dupla traicao,28,3,3,Y1.1,*4.7.9,V/II,6,major,24.0
DJAVAN,20,Dupla traicao,29,3,3,Y2.1.2,*7(b9.#11),V/II,6,major,24.5
DJAVAN,20,Dupla traicao,30,8,8,z0,*m7,II,6,major,25.0
DJAVAN,20,Dupla traicao,31,1,1,Y1.1,*4.7.9,V,6,major,26.0
DJAVAN,20,Dupla traicao,32,6,6,Z4,*(#5)M7,I,6,major,27.0
DJAVAN,20,Dupla traicao,33,11,11,Z2.2,*(#5)M7.9,IV,6,major,28.0
DJAVAN,20,Dupla traicao,34,5,5,y0,*Ø,II__X,6,major,29.0
DJAVAN,20,Dupla traicao,35,10,10,Y4.1,*7(b13),V/VI,6,major,30.0
DJAVAN,20,Dupla traicao,36,1,1,z0,*m7,II__X,6,major,31.0
DJAVAN,20,Dupla traicao,37,6,6,Y2,*7.9,V/IV,6,major,32.0
DJAVAN,20,Dupla traicao,38,0,0,y0,*Ø,II__X,6,major,33.0
DJAVAN,20,Dupla traicao,39,5,5,Y2.3,*7(b9),V/III,6,major,34.0
DJAVAN,20,Dupla traicao,40,10,10,y0,*Ø,II__X,6,major,35.0
DJAVAN,20,Dupla traicao,41,3,3,Y2.3,*7(b9),V/II,6,major,36.0
DJAVAN,20,Dupla traicao,42,11,11,z2,*m7.9,IVm7,6,major,37.0
DJAVAN,20,Dupla traicao,43,4,4,Y1.1,*4.7.9,V/bIII,6,major,38.0
DJAVAN,20,Dupla traicao,44,9,9,Z0,*M7,bIII7M,6,major,39.0
DJAVAN,21,Oceano,1,2,2,V0,*,I,2,major,1.0
DJAVAN,21,Oceano,2,7,7,Z0,*M7,IV,2,major,2.0
DJAVAN,21,Oceano,3,9,9,Y0,*7,V,2,major,3.0
DJAVAN,21,Oceano,4,10,10,x0,*°7,V°/VI,2,major,4.0
DJAVAN,21,Oceano,5,11,11,z0,*m7,VI,2,major,5.0
DJAVAN,21,Oceano,6,11,11,w0,*mM7,VI,2,major,6.0
DJAVAN,21,Oceano,7,11,11,z0,*m7,VI,2,major,7.0
DJAVAN,21,Oceano,8,11,11,z1,*m6,VI,2,major,8.0
DJAVAN,21,Oceano,9,9,9,z0,*m7,II__X,2,major,9.0
DJAVAN,21,Oceano,10,2,2,Y2,*7.9,V/IV,2,major,10.0
DJAVAN,21,Oceano,11,7,7,Z0,*M7,IV,2,major,11.0
DJAVAN,21,Oceano,12,0,0,Y2,*7.9,bVII7,2,major,12.0
DJAVAN,21,Oceano,13,6,6,z0,*m7,II__X,2,major,13.0
DJAVAN,21,Oceano,14,11,11,Y2.3,*7(b9),V/II,2,major,14.0
DJAVAN,21,Oceano,15,4,4,Y2,*7.9,V/V,2,major,15.0
DJAVAN,21,Oceano,16,9,9,Y1.1,*4.7.9,V,2,major,16.0
DJAVAN,21,Oceano,17,2,2,v0,*m,I,2,minor,17.0
DJAVAN,21,Oceano,18,0,0,Y0,*7,V/III,2,minor,18.0
DJAVAN,21,Oceano,19,5,5,Z0,*M7,III,2,minor,19.0
DJAVAN,21,Oceano,20,7,7,z0,*m7,IV,2,minor,20.0
DJAVAN,21,Oceano,21,9,9,z0,*m7,Vm7,2,minor,20.5
DJAVAN,21,Oceano,22,2,2,v0,*m,I,2,minor,21.0
DJAVAN,21,Oceano,23,0,0,Y0,*7,V/III,2,minor,22.0
DJAVAN,21,Oceano,24,5,5,Z0,*M7,III,2,minor,23.0
DJAVAN,21,Oceano,25,7,7,z0,*m7,IV,2,minor,24.0
DJAVAN,21,Oceano,26,9,9,z0,*m7,Vm7,2,minor,25.0
DJAVAN,21,Oceano,27,10,10,Z0,*M7,VI,2,minor,26.0
DJAVAN,21,Oceano,28,4,4,y0,*Ø,II,2,minor,27.0
DJAVAN,21,Oceano,29,9,9,Y4.1,*7(b13),V,2,minor,28.0
DJAVAN,21,Oceano,30,2,2,V0,*,I,2,major,29.0
DJAVAN,21,Oceano,31,5,5,Z0,*M7,bIII7M,2,major,30.0
DJAVAN,21,Oceano,32,7,7,Z0,*M7,IV,2,major,31.0
DJAVAN,21,Oceano,33,0,0,V0,*,bVII7M,2,major,32.0
DJAVAN,21,Oceano,34,2,2,V0,*,I,2,major,33.0
DJAVAN,21,Oceano,35,5,5,Z0,*M7,bIII7M,2,major,34.0
DJAVAN,21,Oceano,36,7,7,Z0,*M7,IV,2,major,35.0
DJAVAN,21,Oceano,37,0,0,V0,*,bVII7M,2,major,36.0
DJAVAN,21,Oceano,38,2,2,V0,*,I,2,major,37.0
DJAVAN,22,Alagoas,1,4,4,Z1.1,*6.9,I,4,major,1.0
DJAVAN,22,Alagoas,2,6,6,z0,*m7,II,4,major,2.0
DJAVAN,22,Alagoas,3,8,8,z0,*m7,II__X,4,major,3.0
DJAVAN,22,Alagoas,4,1,1,Y2.4,*7(#9),V/II,4,major,4.0
DJAVAN,22,Alagoas,5,6,6,Y0,*7,V/V,4,major,5.0
DJAVAN,22,Alagoas,6,9,9,V0,*,IV,4,major,6.0
DJAVAN,22,Alagoas,7,8,8,z0,*m7,II__X,4,major,7.0
DJAVAN,22,Alagoas,8,1,1,Y2.4,*7(#9),V/II,4,major,7.5
DJAVAN,22,Alagoas,9,6,6,Y0,*7,V/V,4,major,8.0
DJAVAN,22,Alagoas,10,11,11,Y2,*7.9,V,4,major,8.5
DJAVAN,22,Alagoas,11,4,4,Z1.1,*6.9,I,4,major,9.0
DJAVAN,22,Alagoas,12,6,6,z0,*m7,II,4,major,10.0
DJAVAN,22,Alagoas,13,8,8,z0,*m7,II__X,4,major,11.0
DJAVAN,22,Alagoas,14,1,1,Y2.4,*7(#9),V/II,4,major,12.0
DJAVAN,22,Alagoas,15,6,6,Y0,*7,V/V,4,major,13.0
DJAVAN,22,Alagoas,16,9,9,V0,*,IV,4,major,14.0
DJAVAN,22,Alagoas,17,11,11,Y1.1,*4.7.9,V,4,major,14.5
DJAVAN,22,Alagoas,18,0,0,Z0,*M7,bVI7M,4,major,15.0
DJAVAN,22,Alagoas,19,4,4,Z1.1,*6.9,I,4,major,16.0
DJAVAN,22,Alagoas,20,6,6,Y0,*7,V/V,4,major,17.0
DJAVAN,22,Alagoas,21,11,11,Y2,*7.9,V,4,major,17.5
DJAVAN,22,Alagoas,22,8,8,z0,*m7,II__X,4,major,18.0
DJAVAN,22,Alagoas,23,1,1,Y2.4,*7(#9),V/II,4,major,18.5
DJAVAN,22,Alagoas,24,6,6,Y0,*7,V/V,4,major,19.0
DJAVAN,22,Alagoas,25,11,11,Y2,*7.9,V,4,major,19.5
DJAVAN,22,Alagoas,26,11,11,z0,*m7,II__X,4,major,20.0
DJAVAN,22,Alagoas,27,4,4,Y2,*7.9,V/IV,4,major,20.5
DJAVAN,22,Alagoas,28,9,9,Z0,*M7,IV,4,major,21.0
DJAVAN,22,Alagoas,29,2,2,Y2,*7.9,IV7,4,major,21.5
DJAVAN,22,Alagoas,30,8,8,z0,*m7,II__X,4,major,22.0
DJAVAN,22,Alagoas,31,1,1,Y2.4,*7(#9),V/II,4,major,22.5
DJAVAN,22,Alagoas,32,6,6,Y0,*7,V/V,4,major,23.0
DJAVAN,22,Alagoas,33,11,11,Y2,*7.9,V,4,major,23.5
DJAVAN,22,Alagoas,34,4,4,Z1.1,*6.9,I,4,major,24.0
DJAVAN,22,Alagoas,35,1,1,Y2.4,*7(#9),V/II,4,major,25.0
DJAVAN,22,Alagoas,36,6,6,Y0,*7,V/V,4,major,26.0
DJAVAN,22,Alagoas,37,11,11,Y2,*7.9,V,4,major,27.0
DJAVAN,22,Alagoas,38,8,8,z0,*m7,II__X,4,major,28.0
DJAVAN,22,Alagoas,39,1,1,Y2.4,*7(#9),V/II,4,major,29.0
DJAVAN,22,Alagoas,40,6,6,Y0,*7,V/V,4,major,30.0
DJAVAN,22,Alagoas,41,11,11,Y2,*7.9,V,4,major,31.0
DJAVAN,22,Alagoas,42,4,4,Z1.1,*6.9,I,4,major,32.0
DJAVAN,22,Alagoas,43,1,1,Y2.4,*7(#9),V/II,4,major,33.0
DJAVAN,22,Alagoas,44,6,6,Y0,*7,V/V,4,major,34.0
DJAVAN,22,Alagoas,45,11,11,Y2,*7.9,V,4,major,35.0
DJAVAN,22,Alagoas,46,8,8,z0,*m7,II__X,4,major,36.0
DJAVAN,22,Alagoas,47,1,1,Y2.4,*7(#9),V/II,4,major,37.0
DJAVAN,22,Alagoas,48,6,6,Y0,*7,V/V,4,major,38.0
DJAVAN,22,Alagoas,49,3,3,y0,*Ø,II__X,4,major,39.0
DJAVAN,22,Alagoas,50,8,8,Y4.1,*7(b13),V/VI,4,major,39.5
DJAVAN,22,Alagoas,51,1,1,z0,*m7,VI,4,major,40.0
DJAVAN,22,Alagoas,52,7,7,Y0,*7,SubV/II,4,major,40.5
DJAVAN,22,Alagoas,53,6,6,Y0,*7,V/V,4,major,41.0
DJAVAN,22,Alagoas,54,11,11,Y2,*7.9,V,4,major,41.5
DJAVAN,22,Alagoas,55,4,4,Z1.1,*6.9,I,4,major,42.0
DJAVAN,22,Alagoas,56,1,1,Y2.4,*7(#9),V/II,4,major,43.0
DJAVAN,22,Alagoas,57,6,6,Y0,*7,V/V,4,major,44.0
DJAVAN,22,Alagoas,58,11,11,Y2,*7.9,V,4,major,45.0
DJAVAN,22,Alagoas,59,4,4,Z1.1,*6.9,I,4,major,46.0
DJAVAN,23,Estoria de cantador,1,7,7,V1.1,*4.9,I,7,major,1.0
DJAVAN,23,Estoria de cantador,2,7,7,V1,*4,I,7,major,2.0
DJAVAN,23,Estoria de cantador,3,5,5,Z1,*6,bVII7M,7,major,3.0
DJAVAN,23,Estoria de cantador,4,7,7,V1,*4,I,7,major,4.0
DJAVAN,23,Estoria de cantador,5,7,7,Y1.1,*4.7.9,V/IV,7,major,6.0
DJAVAN,23,Estoria de cantador,6,7,7,Y2,*7.9,V/IV,7,major,7.0
DJAVAN,23,Estoria de cantador,7,0,0,V0,*,IV,7,major,8.0
DJAVAN,23,Estoria de cantador,8,2,0,Y0,*7,V,7,major,9.0
DJAVAN,23,Estoria de cantador,9,2,9,V0,*,V,7,major,9.5
DJAVAN,23,Estoria de cantador,10,2,6,Y0,*7,V,7,major,10.0
DJAVAN,23,Estoria de cantador,11,11,11,Y2.3,*7(b9),V/VI,7,major,11.0
DJAVAN,23,Estoria de cantador,12,4,4,z2,*m7.9,II__X,7,major,12.0
DJAVAN,23,Estoria de cantador,13,9,9,Y2.1,*7.9(#11),V/V,7,major,13.0
DJAVAN,23,Estoria de cantador,14,0,0,V0,*,IV,7,major,14.0
DJAVAN,23,Estoria de cantador,15,2,2,Y1.1,*4.7.9,V,7,major,15.0
DJAVAN,23,Estoria de cantador,16,7,7,V1,*4,I,7,major,16.0
DJAVAN,24,Mal de mim,1,11,11,y0,*Ø,II,9,minor,1.0
DJAVAN,24,Mal de mim,2,4,4,Y4.1,*7(b13),V,9,minor,1.5
DJAVAN,24,Mal de mim,3,9,9,z0,*m7,I,9,minor,2.0
DJAVAN,24,Mal de mim,4,9,7,z0,*m7,I,9,minor,2.5
DJAVAN,24,Mal de mim,5,5,5,Y2.1,*7.9(#11),SubV/V,9,minor,3.0
DJAVAN,24,Mal de mim,6,11,11,y0,*Ø,II,9,minor,4.0
DJAVAN,24,Mal de mim,7,4,4,Y4.1,*7(b13),V,9,minor,4.5
DJAVAN,24,Mal de mim,8,11,11,y0,*Ø,II,9,minor,5.0
DJAVAN,24,Mal de mim,9,4,4,Y4.1,*7(b13),V,9,minor,5.5
DJAVAN,24,Mal de mim,10,9,9,z0,*m7,I,9,minor,6.0
DJAVAN,24,Mal de mim,11,9,7,z0,*m7,I,9,minor,6.5
DJAVAN,24,Mal de mim,12,11,6,Y0,*7,V/V,9,minor,7.0
DJAVAN,24,Mal de mim,13,5,5,Z0,*M7,VI,9,minor,8.0
DJAVAN,24,Mal de mim,14,4,4,Y4.1,*7(b13),V,9,minor,8.5
DJAVAN,24,Mal de mim,15,9,9,z0,*m7,I,9,minor,9.0
DJAVAN,24,Mal de mim,16,0,0,Y2,*7.9,V/VI,9,minor,10.0
DJAVAN,24,Mal de mim,17,5,5,Z0,*M7,VI,9,minor,11.0
DJAVAN,24,Mal de mim,18,10,10,Y2.1,*7.9(#11),SubV,9,minor,12.0
DJAVAN,24,Mal de mim,19,9,9,z0,*m7,I,9,minor,13.0
DJAVAN,24,Mal de mim,20,0,0,Y2,*7.9,V/VI,9,minor,14.0
DJAVAN,24,Mal de mim,21,5,5,Z0,*M7,VI,9,minor,15.0
DJAVAN,24,Mal de mim,22,10,10,Y2.1,*7.9(#11),SubV,9,minor,16.0
DJAVAN,25,Tem boi na linha,1,9,9,Y2,*7.9,I,9,major,1.0
DJAVAN,25,Tem boi na linha,2,2,2,Y2,*7.9,IV7,9,major,6.0
DJAVAN,25,Tem boi na linha,3,0,0,Y2,*7.9,?,9,major,7.0
DJAVAN,25,Tem boi na linha,4,10,10,Y2,*7.9,SubV,9,major,8.0
DJAVAN,25,Tem boi na linha,5,4,4,Y1.1,*4.7.9,V,9,major,9.0
DJAVAN,25,Tem boi na linha,6,9,9,Y2,*7.9,I,9,major,10.5
DJAVAN,25,Tem boi na linha,7,2,2,Y2,*7.9,IV7,9,major,14.0
DJAVAN,25,Tem boi na linha,8,0,0,Y2,*7.9,?,9,major,15.0
DJAVAN,25,Tem boi na linha,9,9,9,Y2,*7.9,I,9,major,16.0
DJAVAN,25,Tem boi na linha,10,9,7,Y0,*7,I,9,major,17.0
DJAVAN,25,Tem boi na linha,11,2,6,Z0,*M7,IV,9,major,18.0
DJAVAN,25,Tem boi na linha,12,5,5,V3,*(#11),bVI7M,9,major,19.0
DJAVAN,25,Tem boi na linha,13,9,9,Y1.1,*4.7.9,I,9,major,20.0
DJAVAN,25,Tem boi na linha,14,9,7,Y0,*7,I,9,major,21.0
DJAVAN,25,Tem boi na linha,15,2,6,Z0,*M7,IV,9,major,22.0
DJAVAN,25,Tem boi na linha,16,5,5,V3,*(#11),bVI7M,9,major,23.0
DJAVAN,25,Tem boi na linha,17,9,9,Y1.1,*4.7.9,I,9,major,24.0
DJAVAN,25,Tem boi na linha,18,9,7,Y0,*7,I,9,major,25.0
DJAVAN,25,Tem boi na linha,19,2,6,Z0,*M7,IV,9,major,26.0
DJAVAN,25,Tem boi na linha,20,5,5,V3,*(#11),bVI7M,9,major,27.0
DJAVAN,25,Tem boi na linha,21,9,9,Y1.1,*4.7.9,I,9,major,28.0
DJAVAN,25,Tem boi na linha,22,9,7,Y0,*7,I,9,major,29.0
DJAVAN,25,Tem boi na linha,23,2,6,Z0,*M7,IV,9,major,30.0
DJAVAN,25,Tem boi na linha,24,5,5,V3,*(#11),bVI7M,9,major,31.0
DJAVAN,25,Tem boi na linha,25,9,9,Y2,*7.9,I,9,major,32.0
DJAVAN,25,Tem boi na linha,26,9,7,Y0,*7,I,9,major,33.0
DJAVAN,25,Tem boi na linha,27,2,6,Z0,*M7,IV,9,major,34.0
DJAVAN,25,Tem boi na linha,28,5,5,V3,*(#11),bVI7M,9,major,35.0
DJAVAN,25,Tem boi na linha,29,9,9,Y1.1,*4.7.9,I,9,major,36.0
DJAVAN,25,Tem boi na linha,30,9,7,Y0,*7,I,9,major,37.0
DJAVAN,25,Tem boi na linha,31,2,6,Z0,*M7,IV,9,major,38.0
DJAVAN,25,Tem boi na linha,32,5,5,V3,*(#11),bVI7M,9,major,39.0
DJAVAN,25,Tem boi na linha,33,9,9,Y2,*7.9,I,9,major,40.0
DJAVAN,26,Lambada de serpente,1,6,6,z3,*m7.11,II,4,major,1.0
DJAVAN,26,Lambada de serpente,2,6,1,z3,*m7.11,II,4,major,1.5
DJAVAN,26,Lambada de serpente,3,4,4,V0,*,I,4,major,2.0
DJAVAN,26,Lambada de serpente,4,6,6,z3,*m7.11,II,4,major,3.0
DJAVAN,26,Lambada de serpente,5,6,1,z3,*m7.11,II,4,major,3.5
DJAVAN,26,Lambada de serpente,6,4,4,V0,*,I,4,major,4.0
DJAVAN,26,Lambada de serpente,7,6,6,z3,*m7.11,II,4,major,5.0
DJAVAN,26,Lambada de serpente,8,6,1,z3,*m7.11,II,4,major,5.5
DJAVAN,26,Lambada de serpente,9,4,4,V0,*,I,4,major,6.0
DJAVAN,26,Lambada de serpente,10,6,6,z3,*m7.11,II,4,major,7.0
DJAVAN,26,Lambada de serpente,11,6,1,z3,*m7.11,II,4,major,7.5
DJAVAN,26,Lambada de serpente,12,4,4,V0,*,I,4,major,8.0
DJAVAN,26,Lambada de serpente,13,9,9,V3,*(#11),IV,4,major,9.0
DJAVAN,26,Lambada de serpente,14,4,8,Z0,*M7,I,4,major,10.0
DJAVAN,26,Lambada de serpente,15,6,6,z0,*m7,II,4,major,11.0
DJAVAN,26,Lambada de serpente,16,4,4,V0,*,I,4,major,12.0
DJAVAN,26,Lambada de serpente,17,9,9,V3,*(#11),IV,4,major,13.0
DJAVAN,26,Lambada de serpente,18,4,8,Z0,*M7,I,4,major,14.0
DJAVAN,26,Lambada de serpente,19,6,6,z0,*m7,II,4,major,15.0
DJAVAN,26,Lambada de serpente,20,4,4,V0,*,I,4,major,16.0
DJAVAN,27,Meu bem querer,1,9,9,V0,*,I,9,major,1.0
DJAVAN,27,Meu bem querer,2,2,9,V0,*,IV,9,major,2.0
DJAVAN,27,Meu bem querer,3,9,9,V0,*,I,9,major,3.0
DJAVAN,27,Meu bem querer,4,2,9,V0,*,IV,9,major,4.0
DJAVAN,27,Meu bem querer,5,4,8,V0,*,V,9,major,5.0
DJAVAN,27,Meu bem querer,6,4,8,Y0,*7,V,9,major,6.0
DJAVAN,27,Meu bem querer,7,6,6,z0,*m7,VI,9,major,7.0
DJAVAN,27,Meu bem querer,8,1,1,z0,*m7,III,9,major,8.0
DJAVAN,27,Meu bem querer,9,2,2,V0,*,IV,9,major,9.0
DJAVAN,27,Meu bem querer,10,2,2,z1,*m6,IVm7,9,major,10.0
DJAVAN,27,Meu bem querer,11,2,2,x4,*°7.14,?,9,major,10.5
DJAVAN,27,Meu bem querer,12,1,8,z0,*m7,III,9,major,11.0
DJAVAN,27,Meu bem querer,13,5,5,x0,*°7,V°,9,major,12.0
DJAVAN,27,Meu bem querer,14,4,4,x0,*°7,V°/IV,9,major,13.0
DJAVAN,27,Meu bem querer,15,3,3,y0,*Ø,#IVm7(b5),9,major,14.0
DJAVAN,27,Meu bem querer,16,2,2,z1,*m6,IVm7,9,major,14.5
DJAVAN,27,Meu bem querer,17,9,1,V0,*,I,9,major,15.0
DJAVAN,27,Meu bem querer,18,6,6,z0,*m7,VI,9,major,15.5
DJAVAN,27,Meu bem querer,19,4,4,Y1.1,*4.7.9,V,9,major,16.0
DJAVAN,27,Meu bem querer,20,9,9,V0,*,I,9,major,17.0
DJAVAN,28,Aquele um,1,7,7,Z0,*M7,I,7,major,1.0
DJAVAN,28,Aquele um,2,4,4,Y2.4,*7(#9),V/II,7,major,2.0
DJAVAN,28,Aquele um,3,9,9,Y2,*7.9,V/V,7,major,3.0
DJAVAN,28,Aquele um,4,2,2,Y2.2,*7.9.13,V,7,major,4.0
DJAVAN,28,Aquele um,5,7,7,Z0,*M7,I,7,major,5.0
DJAVAN,28,Aquele um,6,4,4,Y2.4,*7(#9),V/II,7,major,6.0
DJAVAN,28,Aquele um,7,9,9,Y2,*7.9,V/V,7,major,7.0
DJAVAN,28,Aquele um,8,2,2,Y2.2,*7.9.13,V,7,major,8.0
DJAVAN,28,Aquele um,9,11,11,z0,*m7,II__X,7,major,9.0
DJAVAN,28,Aquele um,10,4,4,Y2.4,*7(#9),V/II,7,major,10.0
DJAVAN,28,Aquele um,11,9,9,Y2,*7.9,V/V,7,major,11.0
DJAVAN,28,Aquele um,12,2,2,Y2.2,*7.9.13,V,7,major,12.0
DJAVAN,28,Aquele um,13,11,11,z0,*m7,II__X,7,major,13.0
DJAVAN,28,Aquele um,14,4,4,Y2.4,*7(#9),V/II,7,major,14.0
DJAVAN,28,Aquele um,15,9,9,Y2,*7.9,V/V,7,major,15.0
DJAVAN,28,Aquele um,16,2,2,Y2.2,*7.9.13,V,7,major,16.0
DJAVAN,28,Aquele um,17,11,11,z0,*m7,II__X,7,major,17.0
DJAVAN,28,Aquele um,18,4,4,Y2.4,*7(#9),V/II,7,major,18.0
DJAVAN,28,Aquele um,19,9,9,Y2,*7.9,V/V,7,major,19.0
DJAVAN,28,Aquele um,20,2,2,Y2.2,*7.9.13,V,7,major,20.0
DJAVAN,28,Aquele um,21,11,11,z0,*m7,II__X,7,major,21.0
DJAVAN,28,Aquele um,22,4,4,Y2.4,*7(#9),V/II,7,major,22.0
DJAVAN,28,Aquele um,23,9,9,z2,*m7.9,II,7,major,23.0
DJAVAN,28,Aquele um,24,9,7,z2,*m7.9,II,7,major,23.5
DJAVAN,28,Aquele um,25,6,6,y0,*Ø,II__X,7,major,24.0
DJAVAN,28,Aquele um,26,11,11,Y2.3,*7(b9),V/VI,7,major,24.5
DJAVAN,28,Aquele um,27,4,4,w1,*mM7.9,II__X,7,major,25.0
DJAVAN,28,Aquele um,28,9,9,W0,*(#5)7,V/V,7,major,26.0
DJAVAN,28,Aquele um,29,9,9,z0,*m7,II,7,major,27.0
DJAVAN,28,Aquele um,30,2,2,Y2.2,*7.9.13,V,7,major,28.0
DJAVAN,28,Aquele um,31,5,5,Y3,*7(#11),SubV/VI,7,major,29.0
DJAVAN,28,Aquele um,32,4,4,Y2.4,*7(#9),V/II,7,major,30.0
DJAVAN,28,Aquele um,33,9,9,Y2,*7.9,V/V,7,major,31.0
DJAVAN,28,Aquele um,34,2,2,Y2.2,*7.9.13,V,7,major,32.0
DJAVAN,28,Aquele um,35,5,5,Y3,*7(#11),SubV/VI,7,major,33.0
DJAVAN,28,Aquele um,36,4,4,Y2.4,*7(#9),V/II,7,major,34.0
DJAVAN,28,Aquele um,37,9,9,Y2,*7.9,V/V,7,major,35.0
DJAVAN,28,Aquele um,38,2,2,Y2.2,*7.9.13,V,7,major,36.0
DJAVAN,29,Sururu de capote,1,4,4,Z0,*M7,I,4,major,1.0
DJAVAN,29,Sururu de capote,2,9,7,Y0,*7,IV7,4,major,2.0
DJAVAN,29,Sururu de capote,3,2,6,Z0,*M7,bVII7M,4,major,3.0
DJAVAN,29,Sururu de capote,4,5,5,x3,*°7(b13),?,4,major,4.0
DJAVAN,29,Sururu de capote,5,4,4,z2,*m7.9,II__X,4,major,5.0
DJAVAN,29,Sururu de capote,6,9,9,Y4,*7.13,V/bVII,4,major,6.0
DJAVAN,29,Sururu de capote,7,2,2,Z1.1,*6.9,bVII7M,4,major,7.0
DJAVAN,29,Sururu de capote,8,0,0,Z1.1,*6.9,bVI7M,4,major,7.5
DJAVAN,29,Sururu de capote,9,6,6,Y0,*7,V/V,4,major,8.0
DJAVAN,29,Sururu de capote,10,5,5,Y0,*7,SubV,4,major,8.5
DJAVAN,29,Sururu de capote,11,11,11,Y2.2,*7.9.13,V,4,major,9.0
DJAVAN,29,Sururu de capote,12,9,9,Y2,*7.9,IV7,4,major,11.0
DJAVAN,29,Sururu de capote,13,11,11,Y2.4,*7(#9),V,4,major,25.0
DJAVAN,29,Sururu de capote,14,5,5,Y2.1,*7.9(#11),SubV,4,major,25.5
DJAVAN,29,Sururu de capote,15,4,4,Z0,*M7,I,4,major,26.0
DJAVAN,30,Pedro Brasil,1,0,0,Z1.1,*6.9,I,0,major,1.0
DJAVAN,30,Pedro Brasil,2,4,4,X0,*(b5)7,aSubV/IV,0,major,2.0
DJAVAN,30,Pedro Brasil,3,5,5,Z0,*M7,IV,0,major,3.0
DJAVAN,30,Pedro Brasil,4,10,10,Y2.1,*7.9(#11),bVII7,0,major,4.0
DJAVAN,30,Pedro Brasil,5,0,0,z2,*m7.9,Im7,0,major,5.0
DJAVAN,30,Pedro Brasil,6,0,10,z0,*m7,Im7,0,major,6.0
DJAVAN,30,Pedro Brasil,7,9,9,y0,*Ø,II__X,0,major,7.0
DJAVAN,30,Pedro Brasil,8,8,8,Y2.4,*7(#9),SubV/V,0,major,8.0
DJAVAN,30,Pedro Brasil,9,7,7,Y1.1,*4.7.9,V,0,major,9.0
DJAVAN,30,Pedro Brasil,10,9,9,z0,*m7,VI,0,major,10.0
DJAVAN,30,Pedro Brasil,11,8,8,z0,*m7,bVIm7,0,major,10.5
DJAVAN,30,Pedro Brasil,12,7,7,z0,*m7,II__X,0,major,11.0
DJAVAN,30,Pedro Brasil,13,0,0,Y2,*7.9,V/IV,0,major,12.0
DJAVAN,30,Pedro Brasil,14,5,5,Z0,*M7,IV,0,major,13.0
DJAVAN,30,Pedro Brasil,15,10,10,Y2,*7.9,bVII7,0,major,14.0
DJAVAN,30,Pedro Brasil,16,4,4,z2,*m7.9,II__X,0,major,15.0
DJAVAN,30,Pedro Brasil,17,9,9,Y4.1,*7(b13),V/II,0,major,16.0
DJAVAN,30,Pedro Brasil,18,2,2,Y2,*7.9,V/V,0,major,17.0
DJAVAN,30,Pedro Brasil,19,7,7,Y1.1,*4.7.9,V,0,major,18.0
DJAVAN,30,Pedro Brasil,20,7,7,Y2,*7.9,V,0,major,18.5
DJAVAN,30,Pedro Brasil,21,7,7,z3,*m7.11,II__X,0,major,19.0
DJAVAN,30,Pedro Brasil,22,0,0,Y2,*7.9,V/IV,0,major,20.0
DJAVAN,30,Pedro Brasil,23,5,5,Z0,*M7,IV,0,major,21.0
DJAVAN,30,Pedro Brasil,24,10,10,Y2,*7.9,bVII7,0,major,22.0
DJAVAN,30,Pedro Brasil,25,4,4,z2,*m7.9,II__X,0,major,23.0
DJAVAN,30,Pedro Brasil,26,9,9,Y4.1,*7(b13),V/II,0,major,24.0
DJAVAN,30,Pedro Brasil,27,2,2,Y2,*7.9,V/V,0,major,25.0
DJAVAN,30,Pedro Brasil,28,5,5,z1,*m6,IVm7,0,major,26.0
DJAVAN,30,Pedro Brasil,29,0,0,Z1.1,*6.9,I,0,major,27.0
DJAVAN,31,Seduzir,1,9,9,V0,*,I,9,major,1.0
DJAVAN,31,Seduzir,2,2,2,Z0,*M7,II,9,major,2.0
DJAVAN,31,Seduzir,3,9,9,V0,*,I,9,major,3.0
DJAVAN,31,Seduzir,4,9,9,Y0,*7,V/IV,9,major,3.5
DJAVAN,31,Seduzir,5,2,2,Z0,*M7,IV,9,major,4.0
DJAVAN,31,Seduzir,6,5,5,x0,*°7,V°/VI,9,major,4.5
DJAVAN,31,Seduzir,7,6,6,z0,*m7,II__X,9,major,5.0
DJAVAN,31,Seduzir,8,11,11,Y0,*7,V/V,9,major,5.5
DJAVAN,31,Seduzir,9,4,4,z0,*m7,II__X,9,major,6.0
DJAVAN,31,Seduzir,10,9,9,Y0,*7,V/IV,9,major,6.5
DJAVAN,31,Seduzir,11,2,2,Z0,*M7,IV,9,major,7.0
DJAVAN,31,Seduzir,12,5,5,Y1.1,*4.7.9,V,9,major,8.0
DJAVAN,31,Seduzir,13,9,9,V0,*,I,9,major,9.0
DJAVAN,31,Seduzir,14,4,4,Y1.1,*4.7.9,V,9,major,10.0
DJAVAN,31,Seduzir,15,9,9,V0,*,I,9,major,11.0
DJAVAN,31,Seduzir,16,2,2,Z0,*M7,II,9,major,12.0
DJAVAN,31,Seduzir,17,9,9,V0,*,I,9,major,13.0
DJAVAN,31,Seduzir,18,9,9,Y0,*7,V/IV,9,major,13.5
DJAVAN,31,Seduzir,19,2,2,Z0,*M7,IV,9,major,14.0
DJAVAN,31,Seduzir,20,5,5,x0,*°7,V°/VI,9,major,14.5
DJAVAN,31,Seduzir,21,6,6,z0,*m7,II__X,9,major,15.0
DJAVAN,31,Seduzir,22,11,11,Y0,*7,V/V,9,major,15.5
DJAVAN,31,Seduzir,23,2,2,Z0,*M7,IV,9,major,16.0
DJAVAN,31,Seduzir,24,4,4,Y1.1,*4.7.9,V,9,major,16.5
DJAVAN,31,Seduzir,25,9,9,V0,*,I,9,major,17.0
DJAVAN,31,Seduzir,26,11,11,Y0,*7,V/V,9,major,17.5
DJAVAN,31,Seduzir,27,2,2,Z0,*M7,IV,9,major,18.0
DJAVAN,31,Seduzir,28,4,4,Y1.1,*4.7.9,V,9,major,18.5
DJAVAN,31,Seduzir,29,9,9,V0,*,I,9,major,19.0
DJAVAN,31,Seduzir,30,11,11,Y0,*7,V/V,9,major,19.5
DJAVAN,31,Seduzir,31,2,2,Z0,*M7,IV,9,major,20.0
DJAVAN,31,Seduzir,32,4,4,Y1.1,*4.7.9,V,9,major,20.5
DJAVAN,31,Seduzir,33,9,9,V0,*,I,9,major,21.0
DJAVAN,32,Faltando um pedaco,1,4,4,V0,*,I,4,major,1.0
DJAVAN,32,Faltando um pedaco,2,9,1,Z0,*M7,IV,4,major,2.0
DJAVAN,32,Faltando um pedaco,3,8,3,z0,*m7,III,4,major,3.0
DJAVAN,32,Faltando um pedaco,4,9,4,Z0,*M7,IV,4,major,4.0
DJAVAN,32,Faltando um pedaco,5,8,3,w2,*mM711,III,4,major,5.0
DJAVAN,32,Faltando um pedaco,6,9,1,Z1.1,*6.9,IV,4,major,6.0
DJAVAN,32,Faltando um pedaco,7,9,1,V1,*4,IV,4,major,6.5
DJAVAN,32,Faltando um pedaco,8,8,3,z0,*m7,III,4,major,7.0
DJAVAN,32,Faltando um pedaco,9,9,4,Z0,*M7,IV,4,major,8.0
DJAVAN,32,Faltando um pedaco,10,11,11,Y1.1,*4.7.9,V,4,major,8.5
DJAVAN,32,Faltando um pedaco,11,4,4,V0,*,I,4,major,9.0
DJAVAN,32,Faltando um pedaco,12,9,1,V1,*4,IV,4,major,10.0
DJAVAN,32,Faltando um pedaco,13,8,3,z0,*m7,III,4,major,11.0
DJAVAN,32,Faltando um pedaco,14,9,4,Z0,*M7,IV,4,major,12.0
DJAVAN,32,Faltando um pedaco,15,11,11,Y1.1,*4.7.9,V,4,major,12.5
DJAVAN,32,Faltando um pedaco,16,4,4,V0,*,I,4,major,13.0
DJAVAN,33,Samurai,1,4,4,Z0,*M7,I,4,major,1.0
DJAVAN,33,Samurai,2,7,7,x0,*°7,V°/III,4,major,1.5
DJAVAN,33,Samurai,3,8,8,z0,*m7,II__X,4,major,2.0
DJAVAN,33,Samurai,4,1,1,Y2,*7.9,V,2,major,2.5
DJAVAN,33,Samurai,5,4,4,Z0,*M7,I,4,major,3.0
DJAVAN,33,Samurai,6,7,7,x0,*°7,V°/III,4,major,3.5
DJAVAN,33,Samurai,7,8,8,z0,*m7,III,4,major,4.0
DJAVAN,33,Samurai,8,11,11,Y2,*7.9,V,4,major,4.5
DJAVAN,33,Samurai,9,4,4,Z0,*M7,I,4,major,5.0
DJAVAN,33,Samurai,10,7,7,x0,*°7,V°/III,4,major,5.5
DJAVAN,33,Samurai,11,8,8,z0,*m7,II__X,4,major,6.0
DJAVAN,33,Samurai,12,1,1,Y2,*7.9,V,4,major,6.5
DJAVAN,33,Samurai,13,4,4,Z0,*M7,I,4,major,7.0
DJAVAN,33,Samurai,14,7,7,x0,*°7,V°/III,4,major,7.5
DJAVAN,33,Samurai,15,8,8,z0,*m7,III,4,major,8.0
DJAVAN,33,Samurai,16,11,11,Y2,*7.9,V,4,major,8.5
DJAVAN,33,Samurai,17,4,4,Z0,*M7,I,4,major,9.0
DJAVAN,33,Samurai,18,7,7,x0,*°7,V°/III,4,major,9.5
DJAVAN,33,Samurai,19,8,8,z0,*m7,II__X,4,major,10.0
DJAVAN,33,Samurai,20,1,1,Y2,*7.9,V,4,major,10.5
DJAVAN,33,Samurai,21,9,9,Z0,*M7,IV,4,major,11.0
DJAVAN,33,Samurai,22,7,7,Z0,*M7,Np/II,4,major,11.5
DJAVAN,33,Samurai,23,6,6,z0,*m7,II,4,major,12.0
DJAVAN,33,Samurai,24,11,11,Y2,*7.9,V,4,major,12.5
DJAVAN,33,Samurai,25,4,4,Z0,*M7,I,4,major,13.0
DJAVAN,33,Samurai,26,7,7,x0,*°7,V°/III,4,major,13.5
DJAVAN,33,Samurai,27,8,8,z0,*m7,II__X,4,major,14.0
DJAVAN,33,Samurai,28,1,1,Y2,*7.9,V,4,major,14.5
DJAVAN,33,Samurai,29,9,9,Z0,*M7,IV,4,major,15.0
DJAVAN,33,Samurai,30,10,10,y0,*Ø,II__X,4,major,16.0
DJAVAN,33,Samurai,31,3,3,Y2.3,*7(b9),V/III,4,major,16.5
DJAVAN,33,Samurai,32,4,4,Z0,*M7,I,4,major,17.0
DJAVAN,33,Samurai,33,7,7,x0,*°7,V°/III,4,major,17.5
DJAVAN,33,Samurai,34,8,8,z0,*m7,II__X,4,major,18.0
DJAVAN,33,Samurai,35,1,1,Y2,*7.9,V,4,major,18.5
DJAVAN,33,Samurai,36,4,4,Z0,*M7,I,4,major,19.0
DJAVAN,33,Samurai,37,7,7,x0,*°7,V°/III,4,major,19.5
DJAVAN,33,Samurai,38,8,8,z0,*m7,III,4,major,20.0
DJAVAN,33,Samurai,39,11,11,Y2,*7.9,V,4,major,20.5
DJAVAN,33,Samurai,40,4,4,Z0,*M7,I,4,major,21.0
DJAVAN,34,Luz,1,2,2,Z1.1,*6.9,I,2,major,1.0
DJAVAN,34,Luz,2,7,7,Y0,*7,SubV/III,2,major,1.5
DJAVAN,34,Luz,3,6,6,z0,*m7,II__X,2,major,2.0
DJAVAN,34,Luz,4,11,11,Y2.3,*7(b9),V/II,2,major,2.5
DJAVAN,34,Luz,5,4,4,Y2,*7.9,V/V,2,major,3.0
DJAVAN,34,Luz,6,7,7,z1,*m6,IVm7,2,major,3.5
DJAVAN,34,Luz,7,5,9,Z0,*M7,bIII7M,2,major,4.0
DJAVAN,34,Luz,8,9,9,Y1.1,*4.7.9,V,2,major,4.5
DJAVAN,34,Luz,9,9,9,Y2,*7.9,V,2,major,4.75
DJAVAN,34,Luz,10,2,2,Z1.1,*6.9,I,2,major,5.0
DJAVAN,34,Luz,11,7,7,Y0,*7,SubV/III,2,major,5.5
DJAVAN,34,Luz,12,6,6,z0,*m7,II__X,2,major,6.0
DJAVAN,34,Luz,13,5,5,Z0,*M7,bIII7M,2,major,6.5
DJAVAN,34,Luz,14,10,10,Z0,*M7,bVI7M,2,major,7.0
DJAVAN,34,Luz,15,3,3,Z0,*M7,bII7M,2,major,7.5
DJAVAN,34,Luz,16,7,7,z0,*m7,IVm7,2,major,8.0
DJAVAN,34,Luz,17,9,9,Y1.1,*4.7.9,V,2,major,8.5
DJAVAN,34,Luz,18,9,9,Y2,*7.9,V,2,major,8.75
DJAVAN,34,Luz,19,2,2,Z1.1,*6.9,I,2,major,9.0
DJAVAN,34,Luz,20,7,7,Y0,*7,IV7,2,major,9.5
DJAVAN,34,Luz,21,7,7,Z0,*M7,IV,2,major,10.0
DJAVAN,34,Luz,22,0,0,Y2,*7.9,V/bIII,2,major,10.5
DJAVAN,34,Luz,23,5,5,Z0,*M7,bIII7M,2,major,11.0
DJAVAN,34,Luz,24,10,10,Y2,*7.9,SubV/V,2,major,11.5
DJAVAN,34,Luz,25,7,7,z0,*m7,IVm7,2,major,12.0
DJAVAN,34,Luz,26,9,9,Y1.1,*4.7.9,V,2,major,12.5
DJAVAN,34,Luz,27,2,2,Z1.1,*6.9,I,2,major,13.0
DJAVAN,34,Luz,28,8,8,Y3,*7(#11),SubV/IV,2,major,13.5
DJAVAN,34,Luz,29,7,7,Z0,*M7,IV,2,major,14.0
DJAVAN,34,Luz,30,0,0,Y2,*7.9,V/bIII,2,major,14.5
DJAVAN,34,Luz,31,5,5,Z0,*M7,bIII7M,2,major,15.0
DJAVAN,34,Luz,32,10,10,Y2,*7.9,SubV/V,2,major,15.5
DJAVAN,34,Luz,33,7,7,z0,*m7,IVm7,2,major,16.0
DJAVAN,34,Luz,34,9,9,Y1.1,*4.7.9,V,2,major,16.5
DJAVAN,34,Luz,35,2,2,Z2,*M7.9,I,2,major,17.0
DJAVAN,34,Luz,36,1,1,Y2.4,*7(#9),?,2,major,17.5
DJAVAN,34,Luz,37,0,0,Y2.4,*7(#9),V/bIII,2,major,17.75
DJAVAN,34,Luz,38,5,5,Y4,*7.13,V/bVI,2,major,18.0
DJAVAN,34,Luz,39,10,10,Y2.4,*7(#9),SubV/V,2,major,18.5
DJAVAN,34,Luz,40,9,9,Y2.4,*7(#9),V,2,major,18.75
DJAVAN,34,Luz,41,2,2,Z2,*M7.9,I,2,major,19.0
DJAVAN,35,Capim,1,5,5,Z0,*M7,I,5,major,1.0
DJAVAN,35,Capim,2,8,8,x0,*°7,bIII°,5,major,2.0
DJAVAN,35,Capim,3,7,7,z0,*m7,II,5,major,3.0
DJAVAN,35,Capim,4,0,0,Y2,*7.9,V,5,major,4.0
DJAVAN,35,Capim,5,5,5,Z0,*M7,I,5,major,5.0
DJAVAN,35,Capim,6,8,8,x0,*°7,bIII°,5,major,6.0
DJAVAN,35,Capim,7,7,7,z0,*m7,II,5,major,7.0
DJAVAN,35,Capim,8,0,0,Y2,*7.9,V,5,major,8.0
DJAVAN,35,Capim,9,5,5,Z0,*M7,I,5,major,9.0
DJAVAN,35,Capim,10,8,8,x0,*°7,bIII°,5,major,10.0
DJAVAN,35,Capim,11,7,7,z0,*m7,II,5,major,11.0
DJAVAN,35,Capim,12,0,0,Y2,*7.9,V,5,major,12.0
DJAVAN,35,Capim,13,3,3,Y2.1,*7.9(#11),SubV/VI,5,major,13.0
DJAVAN,35,Capim,14,2,2,Y1.1,*4.7.9,V/II,5,major,14.0
DJAVAN,35,Capim,15,2,2,Y2,*7.9,V/II,5,major,14.5
DJAVAN,35,Capim,16,7,7,Z0,*M7,I,7,major,15.0
DJAVAN,35,Capim,17,0,0,Y1.1,*4.7.9,V/bVII,7,major,16.0
DJAVAN,35,Capim,18,0,0,Y2,*7.9,V/bVII,7,major,16.5
DJAVAN,35,Capim,19,5,5,Z0,*M7,bVII7M,7,major,17.0
DJAVAN,35,Capim,20,7,7,z0,*m7,Im7,7,major,17.5
DJAVAN,35,Capim,21,9,9,z0,*m7,II,7,major,18.0
DJAVAN,35,Capim,22,2,2,z0,*m7,Vm7,7,major,18.5
DJAVAN,35,Capim,23,11,11,z3,*m7.11,II__X,7,major,19.0
DJAVAN,35,Capim,24,10,10,Y3,*7(#11),SubV/II,7,major,20.0
DJAVAN,35,Capim,25,9,9,Y2,*7.9,V/V,7,major,21.0
DJAVAN,35,Capim,26,0,0,z0,*m7,II__X,7,major,23.0
DJAVAN,35,Capim,27,5,5,Y2,*7.9,V/bIII,7,major,24.0
DJAVAN,35,Capim,28,11,11,y1,*Ø.9,II__X,7,major,25.0
DJAVAN,35,Capim,29,4,4,Y4.1,*7(b13),V/II,7,major,26.0
DJAVAN,35,Capim,30,9,9,Y2,*7.9,V/V,7,major,27.0
DJAVAN,35,Capim,31,2,2,Y2,*7.9,V,7,major,28.0
DJAVAN,35,Capim,32,7,7,Z0,*M7,I,7,major,29.0
DJAVAN,35,Capim,33,0,0,Y2,*7.9,V,5,major,30.0
DJAVAN,35,Capim,34,5,5,Z0,*M7,I,5,major,31.0
DJAVAN,36,Sina,1,9,9,V0,*,I,9,major,1.0
DJAVAN,36,Sina,2,2,9,V0,*,IV,9,major,2.0
DJAVAN,36,Sina,3,9,9,V0,*,I,9,major,3.0
DJAVAN,36,Sina,4,4,8,Y0,*7,V,9,major,4.0
DJAVAN,36,Sina,5,6,6,z0,*m7,VI,9,major,5.0
DJAVAN,36,Sina,6,1,1,z0,*m7,III,9,major,6.0
DJAVAN,36,Sina,7,2,2,Z0,*M7,IV,9,major,7.0
DJAVAN,36,Sina,8,3,3,x0,*°7,V°/V,9,major,8.0
DJAVAN,36,Sina,9,4,4,Y1.1,*4.7.9,V,9,major,9.0
DJAVAN,36,Sina,10,2,2,Y1.1,*4.7.9,IV7,9,major,10.0
DJAVAN,36,Sina,11,2,2,Y2,*7.9,IV7,9,major,10.25
DJAVAN,36,Sina,12,1,1,Y2.4,*7(#9),V/VI,9,major,10.5
DJAVAN,36,Sina,13,7,7,Y3,*7(#11),SubV/VI,9,major,10.75
DJAVAN,36,Sina,14,6,6,z0,*m7,VI,9,major,11.0
DJAVAN,36,Sina,15,4,4,Y1.1,*4.7.9,V,9,major,13.0
DJAVAN,36,Sina,16,2,2,Y1.1,*4.7.9,IV7,9,major,14.0
DJAVAN,36,Sina,17,4,4,Y1.1,*4.7.9,V,9,major,14.5
DJAVAN,36,Sina,18,4,4,Y2,*7.9,V,9,major,14.75
DJAVAN,36,Sina,19,9,9,V0,*,I,9,major,15.0
DJAVAN,36,Sina,20,2,9,V0,*,IV,9,major,16.0
DJAVAN,36,Sina,21,9,9,V0,*,I,9,major,17.0
DJAVAN,36,Sina,22,4,8,Y0,*7,V,9,major,18.0
DJAVAN,36,Sina,23,6,6,z0,*m7,VI,9,major,19.0
DJAVAN,36,Sina,24,1,1,z0,*m7,III,9,major,20.0
DJAVAN,36,Sina,25,2,2,Z0,*M7,IV,9,major,21.0
DJAVAN,36,Sina,26,4,4,Y1.1,*4.7.9,V,9,major,22.0
DJAVAN,36,Sina,27,9,9,V0,*,I,9,major,23.0
DJAVAN,37,Petala,1,9,9,V0,*,I,9,major,1.0
DJAVAN,37,Petala,2,1,1,z0,*m7,III,9,major,1.5
DJAVAN,37,Petala,3,2,2,Z0,*M7,IV,9,major,2.0
DJAVAN,37,Petala,4,4,4,Y1.1,*4.7.9,V,9,major,2.5
DJAVAN,37,Petala,5,9,9,V0,*,I,9,major,3.0
DJAVAN,37,Petala,6,1,1,z0,*m7,III,9,major,3.5
DJAVAN,37,Petala,7,2,2,Z0,*M7,IV,9,major,4.0
DJAVAN,37,Petala,8,7,7,Y2.1,*7.9(#11),bVII7,9,major,4.5
DJAVAN,37,Petala,9,9,9,V0,*,I,9,major,5.0
DJAVAN,37,Petala,10,1,1,z0,*m7,III,9,major,5.5
DJAVAN,37,Petala,11,3,3,y0,*Ø,#IVm7(b5),9,major,6.0
DJAVAN,37,Petala,12,2,2,z1,*m6,IVm7,9,major,6.5
DJAVAN,37,Petala,13,9,9,V0,*,I,9,major,7.0
DJAVAN,37,Petala,14,4,9,V0,*,V,9,major,7.5
DJAVAN,37,Petala,15,2,2,Z0,*M7,IV,9,major,8.0
DJAVAN,37,Petala,16,2,2,z1,*m6,IVm7,9,major,8.5
DJAVAN,37,Petala,17,9,9,V0,*,I,9,major,9.0
DJAVAN,37,Petala,18,4,9,V0,*,V,9,major,9.5
DJAVAN,37,Petala,19,2,2,Z0,*M7,IV,9,major,10.0
DJAVAN,37,Petala,20,2,2,z1,*m6,IVm7,9,major,10.5
DJAVAN,37,Petala,21,1,8,z0,*m7,III,9,major,11.0
DJAVAN,37,Petala,22,2,2,z1,*m6,IVm7,9,major,11.5
DJAVAN,37,Petala,23,1,2,V0,*,?,9,major,11.75
DJAVAN,37,Petala,24,9,9,V0,*,I,9,major,12.0
DJAVAN,38,Acai,1,2,2,Z0,*M7,I,2,major,1.0
DJAVAN,38,Acai,2,5,5,x0,*°7,bIII°,2,major,2.0
DJAVAN,38,Acai,3,4,4,z0,*m7,II,2,major,3.0
DJAVAN,38,Acai,4,4,2,z0,*m7,II,2,major,3.5
DJAVAN,38,Acai,5,0,0,V1,*4,bVII7M,2,major,4.0
DJAVAN,38,Acai,6,4,9,v0,*m,II,2,major,4.5
DJAVAN,38,Acai,7,11,11,z3,*m7.11,VI,2,major,5.0
DJAVAN,38,Acai,8,11,11,w2,*mM711,VI,2,major,5.5
DJAVAN,38,Acai,9,11,11,z3,*m7.11,VI,2,major,6.0
DJAVAN,38,Acai,10,11,11,z1.2,*m6.11,VI,2,major,6.5
DJAVAN,38,Acai,11,7,7,Z0,*M7,IV,2,major,7.0
DJAVAN,38,Acai,12,9,9,Y1.1,*4.7.9,V,2,major,7.5
DJAVAN,38,Acai,13,2,2,Z0,*M7,I,2,major,8.0
DJAVAN,38,Acai,14,4,4,Y0,*7,V/V,2,major,8.5
DJAVAN,38,Acai,15,7,7,V3,*(#11),IV,2,major,9.0
DJAVAN,38,Acai,16,2,6,Z0,*M7,I,2,major,9.5
DJAVAN,38,Acai,17,5,5,x3,*°7(b13),bIII°,2,major,10.0
DJAVAN,38,Acai,18,4,4,z0,*m7,II,2,major,10.5
DJAVAN,38,Acai,19,2,2,Z0,*M7,I,2,major,11.0
DJAVAN,39,Esfinge,1,9,9,Z2,*M7.9,IV,4,major,1.0
DJAVAN,39,Esfinge,2,2,2,Y2,*7.9,bVII7,4,major,1.5
DJAVAN,39,Esfinge,3,4,4,Z1.1,*6.9,I,4,major,2.0
DJAVAN,39,Esfinge,4,10,10,Y3,*7(#11),SubV/IV,4,major,2.5
DJAVAN,39,Esfinge,5,9,9,Z2,*M7.9,IV,4,major,3.0
DJAVAN,39,Esfinge,6,2,2,Y2,*7.9,bVII7,4,major,3.5
DJAVAN,39,Esfinge,7,4,4,Z1.1,*6.9,I,4,major,4.0
DJAVAN,39,Esfinge,8,10,10,Y3,*7(#11),SubV/IV,4,major,4.5
DJAVAN,39,Esfinge,9,9,9,Z2,*M7.9,IV,4,major,5.0
DJAVAN,39,Esfinge,10,2,2,Y2,*7.9,bVII7,4,major,5.5
DJAVAN,39,Esfinge,11,1,1,z0,*m7,II__X,4,major,6.0
DJAVAN,39,Esfinge,12,6,6,Y0,*7,V/V,4,major,6.5
DJAVAN,39,Esfinge,13,9,9,Z0,*M7,IV,4,major,7.0
DJAVAN,39,Esfinge,14,8,8,z0,*m7,II__X,4,major,7.5
DJAVAN,39,Esfinge,15,1,1,Y2.4,*7(#9),V/II,4,major,7.75
DJAVAN,39,Esfinge,16,6,6,Y0,*7,V/V,4,major,8.0
DJAVAN,39,Esfinge,17,4,4,Z1.1,*6.9,I,4,major,8.5
DJAVAN,39,Esfinge,18,10,10,Y3,*7(#11),SubV/IV,4,major,8.75
DJAVAN,39,Esfinge,19,9,9,Z2,*M7.9,IV,4,major,9.0
DJAVAN,39,Esfinge,20,2,2,Y2,*7.9,bVII7,4,major,9.5
DJAVAN,39,Esfinge,21,4,4,Z1.1,*6.9,I,4,major,10.0
DJAVAN,39,Esfinge,22,10,10,Y3,*7(#11),SubV/IV,4,major,10.5
DJAVAN,39,Esfinge,23,9,9,Z2,*M7.9,IV,4,major,11.0
DJAVAN,39,Esfinge,24,2,2,Y2,*7.9,bVII7,4,major,11.5
DJAVAN,39,Esfinge,25,4,4,Z1.1,*6.9,I,4,major,12.0
DJAVAN,39,Esfinge,26,10,10,Y3,*7(#11),SubV/IV,4,major,12.5
DJAVAN,39,Esfinge,27,9,9,Z2,*M7.9,IV,4,major,13.0
DJAVAN,39,Esfinge,28,2,2,Y2,*7.9,bVII7,4,major,13.5
DJAVAN,39,Esfinge,29,1,1,z0,*m7,II__X,4,major,14.0
DJAVAN,39,Esfinge,30,6,6,Y0,*7,V/V,4,major,14.5
DJAVAN,39,Esfinge,31,9,9,Z0,*M7,IV,4,major,15.0
DJAVAN,39,Esfinge,32,8,8,z0,*m7,II,6,major,15.5
DJAVAN,39,Esfinge,33,1,1,Y2.4,*7(#9),V,6,major,15.75
DJAVAN,39,Esfinge,34,6,6,Y0,*7,I,6,major,16.0
DJAVAN,39,Esfinge,35,7,7,Y0,*7,SubV,6,major,17.0
DJAVAN,39,Esfinge,36,6,6,Y0,*7,I,6,major,18.0
DJAVAN,39,Esfinge,37,8,8,z0,*m7,II,6,major,19.0
DJAVAN,39,Esfinge,38,1,1,Y2,*7.9,V,6,major,19.5
DJAVAN,39,Esfinge,39,6,6,z0,*m7,II,4,major,20.0
DJAVAN,39,Esfinge,40,11,11,Y2,*7.9,V,4,major,20.5
DJAVAN,39,Esfinge,41,6,6,z0,*m7,II,4,major,21.0
DJAVAN,39,Esfinge,42,11,11,Y2,*7.9,V,4,major,21.5
DJAVAN,39,Esfinge,43,3,3,y0,*Ø,II__X,4,major,22.0
DJAVAN,39,Esfinge,44,8,8,Y4.1,*7(b13),V/VI,4,major,22.5
DJAVAN,39,Esfinge,45,6,6,z0,*m7,II,4,major,23.0
DJAVAN,39,Esfinge,46,9,9,z1,*m6,IVm7,4,major,23.5
DJAVAN,39,Esfinge,47,8,8,y0,*Ø,II__X,4,major,24.0
DJAVAN,39,Esfinge,48,1,1,Y2.3,*7(b9),V/II,4,major,24.5
DJAVAN,39,Esfinge,49,6,6,z0,*m7,II,4,major,25.0
DJAVAN,39,Esfinge,50,4,8,V0,*,I,4,major,25.5
DJAVAN,39,Esfinge,51,9,9,Z0,*M7,IV,4,major,26.0
DJAVAN,39,Esfinge,52,11,11,Y1.1,*4.7.9,V,4,major,26.5
DJAVAN,39,Esfinge,53,4,4,Z1.1,*6.9,I,4,major,27.0
DJAVAN,39,Esfinge,54,10,10,Y3,*7(#11),SubV/IV,4,major,27.5
DJAVAN,39,Esfinge,55,9,9,Z2,*M7.9,IV,4,major,28.0
DJAVAN,39,Esfinge,56,2,2,Y2,*7.9,bVII7,4,major,28.5
DJAVAN,39,Esfinge,57,4,4,Z1.1,*6.9,I,4,major,29.0
DJAVAN,40,Tanta saudade,1,9,9,v0,*m,I,9,minor,1.0
DJAVAN,40,Tanta saudade,2,5,5,Z0,*M7,VI,9,minor,1.5
DJAVAN,40,Tanta saudade,3,11,11,y0,*Ø,II,9,minor,2.0
DJAVAN,40,Tanta saudade,4,4,4,Y4.1,*7(b13),V,9,minor,2.5
DJAVAN,40,Tanta saudade,5,0,0,V0,*,III,9,minor,3.0
DJAVAN,40,Tanta saudade,6,5,5,Z0,*M7,VI,9,minor,3.5
DJAVAN,40,Tanta saudade,7,11,11,y0,*Ø,II,9,minor,4.0
DJAVAN,40,Tanta saudade,8,4,4,Y4.1,*7(b13),V,9,minor,4.5
DJAVAN,40,Tanta saudade,9,9,9,v0,*m,I,9,minor,5.0
DJAVAN,40,Tanta saudade,10,5,5,Z0,*M7,VI,9,minor,5.5
DJAVAN,40,Tanta saudade,11,11,11,y0,*Ø,II,9,minor,6.0
DJAVAN,40,Tanta saudade,12,4,4,Y4.1,*7(b13),V,9,minor,6.5
DJAVAN,40,Tanta saudade,13,0,0,V0,*,III,9,minor,7.0
DJAVAN,40,Tanta saudade,14,5,5,Z0,*M7,VI,9,minor,7.5
DJAVAN,40,Tanta saudade,15,11,11,y0,*Ø,II,9,minor,8.0
DJAVAN,40,Tanta saudade,16,4,4,Y4.1,*7(b13),V,9,minor,8.5
DJAVAN,40,Tanta saudade,17,9,9,v0,*m,I,9,minor,9.0
DJAVAN,40,Tanta saudade,18,5,5,Z0,*M7,VI,9,minor,9.5
DJAVAN,40,Tanta saudade,19,11,11,y0,*Ø,II,9,minor,10.0
DJAVAN,40,Tanta saudade,20,4,4,Y4.1,*7(b13),V,9,minor,10.5
DJAVAN,40,Tanta saudade,21,0,0,V0,*,III,9,minor,11.0
DJAVAN,40,Tanta saudade,22,5,5,Z0,*M7,VI,9,minor,11.5
DJAVAN,40,Tanta saudade,23,11,11,y0,*Ø,II,9,minor,12.0
DJAVAN,40,Tanta saudade,24,9,9,v0,*m,I,9,minor,12.5
DJAVAN,40,Tanta saudade,25,5,5,Z0,*M7,VI,9,minor,13.0
DJAVAN,40,Tanta saudade,26,11,11,y0,*Ø,II,9,minor,13.5
DJAVAN,40,Tanta saudade,27,4,4,Y4.1,*7(b13),V,9,minor,14.0
DJAVAN,40,Tanta saudade,28,0,0,V0,*,III,9,minor,14.5
DJAVAN,40,Tanta saudade,29,5,5,Z0,*M7,VI,9,minor,15.0
DJAVAN,40,Tanta saudade,30,11,11,y0,*Ø,II,9,minor,16.0
DJAVAN,40,Tanta saudade,31,4,4,Y4.1,*7(b13),V,9,minor,16.5
DJAVAN,40,Tanta saudade,32,9,9,v0,*m,I,9,minor,17.0
DJAVAN,41,Fato consumado,1,7,7,Z0,*M7,I,7,major,1.0
DJAVAN,41,Fato consumado,2,4,4,Y2.4,*7(#9),V/II,7,major,2.0
DJAVAN,41,Fato consumado,3,9,9,Y2,*7.9,V/V,7,major,3.0
DJAVAN,41,Fato consumado,4,2,2,Y2,*7.9,V,7,major,4.0
DJAVAN,41,Fato consumado,5,7,7,Z0,*M7,I,7,major,5.0
DJAVAN,41,Fato consumado,6,4,4,Y2.4,*7(#9),V/II,7,major,6.0
DJAVAN,41,Fato consumado,7,9,9,Y2,*7.9,V/V,7,major,7.0
DJAVAN,41,Fato consumado,8,2,2,Y2,*7.9,V,7,major,8.0
DJAVAN,41,Fato consumado,9,7,7,Z0,*M7,I,7,major,9.0
DJAVAN,41,Fato consumado,10,4,4,Y2.4,*7(#9),V/II,7,major,10.0
DJAVAN,41,Fato consumado,11,9,9,Y2,*7.9,V/V,7,major,11.0
DJAVAN,41,Fato consumado,12,2,2,Y2,*7.9,V,7,major,12.0
DJAVAN,41,Fato consumado,13,7,7,Z0,*M7,I,7,major,13.0
DJAVAN,41,Fato consumado,14,4,4,Y2.4,*7(#9),V/II,7,major,14.0
DJAVAN,41,Fato consumado,15,9,9,Y2,*7.9,V/V,7,major,15.0
DJAVAN,41,Fato consumado,16,2,2,Y2,*7.9,V,7,major,16.0
DJAVAN,41,Fato consumado,17,7,7,Z0,*M7,I,7,major,17.0
DJAVAN,41,Fato consumado,18,4,4,Y2.4,*7(#9),V/II,7,major,18.0
DJAVAN,41,Fato consumado,19,9,9,z2,*m7.9,II,7,major,19.0
DJAVAN,41,Fato consumado,20,9,7,z2,*m7.9,II,7,major,19.5
DJAVAN,41,Fato consumado,21,6,6,y0,*Ø,II__X,7,major,20.0
DJAVAN,41,Fato consumado,22,11,11,Y2.3,*7(b9),V/VI,7,major,20.5
DJAVAN,41,Fato consumado,23,4,4,Z0,*M7,I,4,major,21.0
DJAVAN,41,Fato consumado,24,6,6,z0,*m7,II,4,major,22.0
DJAVAN,41,Fato consumado,25,8,8,z0,*m7,II__X,4,major,23.0
DJAVAN,41,Fato consumado,26,1,1,Y2.4,*7(#9),V/II,4,major,24.0
DJAVAN,41,Fato consumado,27,6,6,Y0,*7,V/V,4,major,25.0
DJAVAN,41,Fato consumado,28,11,11,Y2,*7.9,V,4,major,26.0
DJAVAN,41,Fato consumado,29,8,8,z0,*m7,II__X,4,major,27.0
DJAVAN,41,Fato consumado,30,1,1,Y2.4,*7(#9),V/II,4,major,27.5
DJAVAN,41,Fato consumado,31,6,6,z0,*m7,II,4,major,28.0
DJAVAN,41,Fato consumado,32,11,11,Y2,*7.9,V,4,major,28.5
DJAVAN,41,Fato consumado,33,4,4,Z0,*M7,I,4,major,29.0
DJAVAN,41,Fato consumado,34,6,6,z0,*m7,II,4,major,30.0
DJAVAN,41,Fato consumado,35,8,8,z0,*m7,II__X,4,major,31.0
DJAVAN,41,Fato consumado,36,1,1,Y2.4,*7(#9),V/II,4,major,32.0
DJAVAN,41,Fato consumado,37,6,6,Y0,*7,V/V,4,major,33.0
DJAVAN,41,Fato consumado,38,11,11,Y2,*7.9,V,4,major,34.0
DJAVAN,41,Fato consumado,39,8,8,z0,*m7,II__X,4,major,35.0
DJAVAN,41,Fato consumado,40,1,1,Y2.4,*7(#9),V/II,4,major,35.5
DJAVAN,41,Fato consumado,41,9,9,z0,*m7,II,7,major,36.0
DJAVAN,41,Fato consumado,42,2,2,Y2,*7.9,V,7,major,36.5
DJAVAN,41,Fato consumado,43,7,7,Z0,*M7,I,7,major,37.0
DJAVAN,42,Serrado,1,9,9,z2,*m7.9,I,9,minor,1.0
DJAVAN,42,Serrado,2,2,2,Y2,*7.9,IV7,9,minor,2.0
DJAVAN,42,Serrado,3,9,9,z2,*m7.9,I,9,minor,3.0
DJAVAN,42,Serrado,4,2,2,Y2,*7.9,IV7,9,minor,4.0
DJAVAN,42,Serrado,5,9,9,z2,*m7.9,I,9,minor,5.0
DJAVAN,42,Serrado,6,2,2,Y2,*7.9,IV7,9,minor,6.0
DJAVAN,42,Serrado,7,9,9,z2,*m7.9,I,9,minor,7.0
DJAVAN,42,Serrado,8,2,2,Y2,*7.9,IV7,9,minor,8.0
DJAVAN,42,Serrado,9,8,8,z0,*m7,bIIIm7,5,major,8.5
DJAVAN,42,Serrado,10,7,7,z0,*m7,II,5,major,9.0
DJAVAN,42,Serrado,11,0,0,Y2,*7.9,V,5,major,10.0
DJAVAN,42,Serrado,12,7,7,z0,*m7,II,5,major,11.0
DJAVAN,42,Serrado,13,0,0,Y2,*7.9,V,5,major,12.0
DJAVAN,42,Serrado,14,6,6,Y3,*7(#11),SubV,5,major,12.5
DJAVAN,42,Serrado,15,5,5,Z4,*(#5)M7,I,5,major,13.0
DJAVAN,42,Serrado,16,5,5,Z0,*M7,I,5,major,14.0
DJAVAN,42,Serrado,17,11,11,y1,*Ø.9,II,9,minor,15.0
DJAVAN,42,Serrado,18,10,10,Y2.1,*7.9(#11),SubV,9,minor,17.0
DJAVAN,42,Serrado,19,4,4,W1.1.2,*4(#5)7(#9),V,9,minor,18.0
DJAVAN,42,Serrado,20,9,9,z2,*m7.9,I,9,minor,19.0
DJAVAN,42,Serrado,21,2,2,Y2,*7.9,IV7,9,minor,20.0
DJAVAN,42,Serrado,22,9,9,z2,*m7.9,I,9,minor,21.0
DJAVAN,42,Serrado,23,2,2,Y2,*7.9,IV7,9,minor,22.0
DJAVAN,42,Serrado,24,9,9,z2,*m7.9,I,9,minor,23.0
DJAVAN,42,Serrado,25,2,2,Y2,*7.9,IV7,9,minor,24.0
DJAVAN,42,Serrado,26,9,9,z2,*m7.9,I,9,minor,25.0
DJAVAN,42,Serrado,27,2,2,Y2,*7.9,IV7,9,minor,26.0
DJAVAN,42,Serrado,28,8,8,z0,*m7,bIIIm7,5,major,26.5
DJAVAN,42,Serrado,29,7,7,z0,*m7,II,5,major,27.0
DJAVAN,42,Serrado,30,0,0,Y2,*7.9,V,5,major,28.0
DJAVAN,42,Serrado,31,7,7,z0,*m7,II,5,major,29.0
DJAVAN,42,Serrado,32,0,0,Y2,*7.9,V,5,major,30.0
DJAVAN,42,Serrado,33,6,6,y0,*Ø,II__X,9,minor,31.0
DJAVAN,42,Serrado,34,11,11,Y2.3,*7(b9),V/V,9,minor,32.0
DJAVAN,42,Serrado,35,5,5,V3,*(#11),VI,9,minor,33.0
DJAVAN,42,Serrado,36,11,11,y0,*Ø,II,9,minor,34.0
DJAVAN,42,Serrado,37,4,4,Y2.4,*7(#9),V,9,minor,34.5
DJAVAN,42,Serrado,38,9,9,z0,*m7,I,9,minor,35.0
DJAVAN,42,Serrado,39,2,2,Y2,*7.9,IV7,9,minor,36.0
DJAVAN,42,Serrado,40,8,8,z0,*m7,?,9,minor,36.5
DJAVAN,42,Serrado,41,7,7,z0,*m7,II__X,9,minor,37.0
DJAVAN,42,Serrado,42,0,0,Y2,*7.9,V/III,9,minor,38.0
DJAVAN,42,Serrado,43,5,5,Z0,*M7,VI,9,minor,39.0
DJAVAN,42,Serrado,44,5,5,Z1,*6,VI,9,minor,40.0
DJAVAN,42,Serrado,45,11,11,y0,*Ø,II,9,minor,41.0
DJAVAN,42,Serrado,46,4,4,Y4.1,*7(b13),V,9,minor,42.0
DJAVAN,42,Serrado,47,9,9,z0,*m7,I,9,minor,43.0
DJAVAN,43,Nobreza,1,9,9,v1.1,*m.9.11,I,9,minor,1.0
DJAVAN,43,Nobreza,2,8,8,x0,*°7,VII,9,minor,1.5
DJAVAN,43,Nobreza,3,9,7,z2,*m7.9,I,9,minor,2.0
DJAVAN,43,Nobreza,4,9,6,z1,*m6,I,9,minor,2.5
DJAVAN,43,Nobreza,5,5,5,V3,*(#11),VI,9,minor,3.0
DJAVAN,43,Nobreza,6,0,0,Z0,*M7,III,9,minor,3.5
DJAVAN,43,Nobreza,7,11,11,y0,*Ø,II,9,minor,4.0
DJAVAN,43,Nobreza,8,4,4,Y4.1,*7(b13),V,9,minor,4.5
DJAVAN,43,Nobreza,9,9,9,v1.1,*m.9.11,I,9,minor,5.0
DJAVAN,43,Nobreza,10,8,8,x0,*°7,VII,9,minor,5.5
DJAVAN,43,Nobreza,11,9,7,z2,*m7.9,I,9,minor,6.0
DJAVAN,43,Nobreza,12,9,6,z1,*m6,I,9,minor,6.5
DJAVAN,43,Nobreza,13,0,0,Z0,*M7,III,9,minor,7.0
DJAVAN,43,Nobreza,14,2,2,z2,*m7.9,IV,9,minor,7.5
DJAVAN,43,Nobreza,15,11,11,y0,*Ø,II,9,minor,8.0
DJAVAN,43,Nobreza,16,4,4,Y4.1,*7(b13),V,9,minor,8.5
DJAVAN,43,Nobreza,17,9,9,v1.1,*m.9.11,I,9,minor,9.0
DJAVAN,43,Nobreza,18,8,8,x0,*°7,VII,9,minor,9.5
DJAVAN,43,Nobreza,19,9,7,z2,*m7.9,I,9,minor,10.0
DJAVAN,43,Nobreza,20,9,6,z1,*m6,I,9,minor,10.5
DJAVAN,43,Nobreza,21,5,5,V3,*(#11),VI,9,minor,11.0
DJAVAN,43,Nobreza,22,0,0,Z0,*M7,III,9,minor,11.5
DJAVAN,43,Nobreza,23,11,11,y0,*Ø,II,9,minor,12.0
DJAVAN,43,Nobreza,24,4,4,Y4.1,*7(b13),V,9,minor,12.5
DJAVAN,43,Nobreza,25,4,4,y0,*Ø,II__X,9,minor,13.0
DJAVAN,43,Nobreza,26,9,9,Y0,*7,V/IV,9,minor,13.5
DJAVAN,43,Nobreza,27,9,7,Y0,*7,V/IV,9,minor,13.75
DJAVAN,43,Nobreza,28,6,6,y0,*Ø,#IVm7(b5),0,major,14.0
DJAVAN,43,Nobreza,29,5,5,z1,*m6,IVm7,0,major,15.0
DJAVAN,43,Nobreza,30,0,0,Z1.1,*6.9,I,0,major,16.0
DJAVAN,44,Joaninha,1,4,4,v0,*m,I,4,minor,1.0
DJAVAN,44,Joaninha,2,9,9,z1,*m6,IV,4,minor,2.0
DJAVAN,44,Joaninha,3,0,7,V0,*,VI,4,minor,3.0
DJAVAN,44,Joaninha,4,11,4,V0,*,V,4,minor,4.0
DJAVAN,44,Joaninha,5,0,7,V0,*,VI,4,minor,5.0
DJAVAN,44,Joaninha,6,11,7,Y0,*7,V,4,minor,6.0
DJAVAN,44,Joaninha,7,10,5,Z3,*M7(#11),bVM7,4,minor,7.0
DJAVAN,44,Joaninha,8,10,4,Z3,*M7(#11),bVM7,4,minor,8.0
DJAVAN,44,Joaninha,9,0,0,z0,*m7,I,0,minor,9.0
DJAVAN,44,Joaninha,10,8,8,Y0,*7,V/bII,0,minor,9.5
DJAVAN,44,Joaninha,11,1,1,Z0,*M7,bII7M,0,minor,10.0
DJAVAN,44,Joaninha,12,7,7,Y4.1,*7(b13),V,0,minor,10.5
DJAVAN,44,Joaninha,13,0,0,z0,*m7,I,0,minor,11.0
DJAVAN,44,Joaninha,14,8,8,Y0,*7,V/bII,0,minor,11.5
DJAVAN,44,Joaninha,15,1,1,Z0,*M7,bII7M,0,minor,12.0
DJAVAN,44,Joaninha,16,7,7,Y4.1,*7(b13),V,0,minor,12.5
DJAVAN,44,Joaninha,17,0,0,V0,*,I,0,major,13.0
DJAVAN,44,Joaninha,18,11,11,V4,*(#5),?,0,major,14.0
DJAVAN,44,Joaninha,19,7,7,z0,*m7,Vm7,0,major,15.0
DJAVAN,44,Joaninha,20,9,9,Y4.1,*7(b13),V/II,0,major,16.0
DJAVAN,44,Joaninha,21,2,2,z0,*m7,II,0,major,17.0
DJAVAN,44,Joaninha,22,11,11,y0,*Ø,II__X,0,major,17.5
DJAVAN,44,Joaninha,23,4,4,Y4.1,*7(b13),V/VI,0,major,17.75
DJAVAN,44,Joaninha,24,5,5,Z0,*M7,IV,0,major,18.0
DJAVAN,44,Joaninha,25,9,9,z1.1,*m6.9,VI,0,major,18.5
DJAVAN,44,Joaninha,26,2,2,z2,*m7.9,II,0,major,19.0
DJAVAN,44,Joaninha,27,5,5,w0,*mM7,IVm7,0,major,19.5
DJAVAN,44,Joaninha,28,0,7,V1,*4,I,0,major,20.0
DJAVAN,44,Joaninha,29,4,8,W0,*(#5)7,V/VI,0,major,20.5
DJAVAN,44,Joaninha,30,9,9,v1,*m.9,VI,0,major,21.0
DJAVAN,44,Joaninha,31,9,8,v1,*m.9,VI,0,major,21.5
DJAVAN,44,Joaninha,32,9,7,v1,*m.9,VI,0,major,22.0
DJAVAN,44,Joaninha,33,9,6,v1,*m.9,VI,0,major,22.5
DJAVAN,44,Joaninha,34,2,2,z2,*m7.9,II,0,major,23.0
DJAVAN,44,Joaninha,35,5,9,Z0,*M7,IV,0,major,23.5
DJAVAN,44,Joaninha,36,0,0,z1,*m6,Im7,0,major,24.0
DJAVAN,44,Joaninha,37,4,4,Y4.1,*7(b13),V/VI,0,major,24.5
DJAVAN,44,Joaninha,38,9,9,v1,*m.9,VI,0,major,25.0
DJAVAN,45,Flor do medo,1,9,9,z0,*m7,II,7,major,1.0
DJAVAN,45,Flor do medo,2,0,0,z1,*m6,IVm7,7,major,2.0
DJAVAN,45,Flor do medo,3,11,11,z0,*m7,III,7,major,3.0
DJAVAN,45,Flor do medo,4,10,10,x3,*°7(b13),bIII°,7,major,4.0
DJAVAN,45,Flor do medo,5,9,9,z0,*m7,II,7,major,5.0
DJAVAN,45,Flor do medo,6,0,0,z1,*m6,IVm7,7,major,6.0
DJAVAN,45,Flor do medo,7,11,11,z0,*m7,III,7,major,7.0
DJAVAN,45,Flor do medo,8,10,10,x3,*°7(b13),bIII°,7,major,8.0
DJAVAN,45,Flor do medo,9,10,10,z1,*m6,bIIIm7,7,major,8.5
DJAVAN,45,Flor do medo,10,9,9,z0,*m7,II,7,major,9.0
DJAVAN,45,Flor do medo,11,0,0,z1,*m6,IVm7,7,major,10.0
DJAVAN,45,Flor do medo,12,11,11,z0,*m7,III,7,major,11.0
DJAVAN,45,Flor do medo,13,10,10,x3,*°7(b13),bIII°,7,major,12.0
DJAVAN,45,Flor do medo,14,9,9,z0,*m7,II,7,major,13.0
DJAVAN,45,Flor do medo,15,0,0,z1,*m6,IVm7,7,major,14.0
DJAVAN,45,Flor do medo,16,7,7,Z0,*M7,I,7,major,15.0
DJAVAN,45,Flor do medo,17,2,2,z0,*m7,IV,9,minor,17.0
DJAVAN,45,Flor do medo,18,4,4,z0,*m7,Vm7,9,minor,18.0
DJAVAN,45,Flor do medo,19,2,2,z0,*m7,IV,9,minor,19.0
DJAVAN,45,Flor do medo,20,9,9,z0,*m7,I,9,minor,20.0
DJAVAN,45,Flor do medo,21,0,0,z0,*m7,II,10,major,21.0
DJAVAN,45,Flor do medo,22,5,5,Y2,*7.9,V,10,major,21.5
DJAVAN,45,Flor do medo,23,10,10,Z0,*M7,I,10,major,22.0
DJAVAN,45,Flor do medo,24,3,3,Y2,*7.9,IV7,10,major,22.5
DJAVAN,45,Flor do medo,25,9,9,z0,*m7,I,9,minor,23.0
DJAVAN,45,Flor do medo,26,4,4,Y0,*7,V,9,minor,24.0
DJAVAN,45,Flor do medo,27,4,4,z2,*m7.9,VI,7,major,25.0
DJAVAN,45,Flor do medo,28,0,0,z1,*m6,IVm7,7,major,26.0
DJAVAN,45,Flor do medo,29,7,7,Z0,*M7,I,7,major,27.0
DJAVAN,46,Silaba,1,9,9,z3,*m7.11,I,9,minor,1.0
DJAVAN,46,Silaba,2,9,7,z0,*m7,I,9,minor,2.0
DJAVAN,46,Silaba,3,5,5,Z3,*M7(#11),VI,9,minor,3.0
DJAVAN,46,Silaba,4,9,7,z0,*m7,I,9,minor,4.0
DJAVAN,46,Silaba,5,4,4,Y2.3,*7(b9),V,9,minor,4.5
DJAVAN,46,Silaba,6,9,9,z3,*m7.11,I,9,minor,5.0
DJAVAN,46,Silaba,7,9,7,z0,*m7,I,9,minor,6.0
DJAVAN,46,Silaba,8,5,5,Z3,*M7(#11),VI,9,minor,7.0
DJAVAN,46,Silaba,9,9,7,z0,*m7,I,9,minor,8.0
DJAVAN,46,Silaba,10,4,4,Y2.3,*7(b9),V,9,minor,8.5
DJAVAN,46,Silaba,11,9,9,z0,*m7,I,9,minor,9.0
DJAVAN,46,Silaba,12,8,8,x3,*°7(b13),V°,9,minor,10.0
DJAVAN,46,Silaba,13,7,7,z0,*m7,II,5,major,11.0
DJAVAN,46,Silaba,14,0,0,Y1.1,*4.7.9,V,5,major,11.5
DJAVAN,46,Silaba,15,5,5,Z0,*M7,I,5,major,12.0
DJAVAN,46,Silaba,16,6,6,x0,*°7,?,5,major,12.5
DJAVAN,46,Silaba,17,9,9,z0,*m7,III,5,major,13.0
DJAVAN,46,Silaba,18,4,4,Y4.1,*7(b13),aSubV,5,major,13.5
DJAVAN,46,Silaba,19,5,5,Z0,*M7,I,5,major,14.0
DJAVAN,46,Silaba,20,11,6,Y0,*7,?,5,major,14.5
DJAVAN,46,Silaba,21,2,2,z0,*m7,I,2,minor,15.0
DJAVAN,46,Silaba,22,9,9,Y4.1,*7(b13),V,2,minor,15.5
DJAVAN,46,Silaba,23,10,10,Y0,*7,SubV/V,2,minor,16.0
DJAVAN,46,Silaba,24,9,9,Y0,*7,V,2,minor,16.5
DJAVAN,46,Silaba,25,2,2,z0,*m7,I,2,minor,17.0
DJAVAN,46,Silaba,26,4,4,z0,*m7,II,2,minor,17.5
DJAVAN,46,Silaba,27,5,5,Z1,*6,III,2,minor,18.0
DJAVAN,46,Silaba,28,9,9,z0,*m7,I,9,minor,19.0
DJAVAN,47,Que foi my love,1,0,0,Y2,*7.9,I,0,major,1.0
DJAVAN,47,Que foi my love,2,5,5,Y0,*7,IV7,0,major,2.0
DJAVAN,47,Que foi my love,3,0,0,Y2,*7.9,I,0,major,3.0
DJAVAN,47,Que foi my love,4,5,5,Y0,*7,IV7,0,major,4.0
DJAVAN,47,Que foi my love,5,0,0,Y2,*7.9,I,0,major,5.0
DJAVAN,47,Que foi my love,6,5,5,Y0,*7,IV7,0,major,6.0
DJAVAN,47,Que foi my love,7,0,0,Y2,*7.9,I,0,major,7.0
DJAVAN,47,Que foi my love,8,5,5,Y0,*7,IV7,0,major,8.0
DJAVAN,47,Que foi my love,9,3,3,Y2,*7.9,?,0,major,9.0
DJAVAN,47,Que foi my love,10,8,8,Y0,*7,SubV/V,0,major,10.0
DJAVAN,47,Que foi my love,11,3,3,Y2,*7.9,?,0,major,11.0
DJAVAN,47,Que foi my love,12,7,7,Y0,*7,V,0,major,12.0
DJAVAN,47,Que foi my love,13,0,0,Y2,*7.9,I,0,major,13.0
DJAVAN,47,Que foi my love,14,5,5,Y0,*7,IV7,0,major,14.0
DJAVAN,47,Que foi my love,15,0,0,Y2,*7.9,I,0,major,15.0
DJAVAN,47,Que foi my love,16,5,5,Y0,*7,IV7,0,major,16.0
DJAVAN,47,Que foi my love,17,7,7,Y0,*7,V,0,major,17.0
DJAVAN,47,Que foi my love,18,8,8,Y0,*7,SubV/V,0,major,18.0
DJAVAN,47,Que foi my love,19,7,7,Y0,*7,V,0,major,19.0
DJAVAN,47,Que foi my love,20,5,5,Y0,*7,IV7,0,major,20.0
DJAVAN,47,Que foi my love,21,0,0,Y2,*7.9,I,0,major,21.0
DJAVAN,47,Que foi my love,22,5,5,Y0,*7,IV7,0,major,22.0
DJAVAN,47,Que foi my love,23,0,0,Y2,*7.9,I,0,major,23.0
DJAVAN,47,Que foi my love,24,5,5,Y0,*7,IV7,0,major,24.0
DJAVAN,47,Que foi my love,25,6,6,Y0,*7,aSubV/V,0,major,24.3
DJAVAN,47,Que foi my love,26,7,7,Y0,*7,V,0,major,24.6
DJAVAN,47,Que foi my love,27,7,7,z0,*m7,Vm7,0,major,25.0
DJAVAN,47,Que foi my love,28,0,0,Y2,*7.9,I,0,major,26.0
DJAVAN,47,Que foi my love,29,7,7,z0,*m7,Vm7,0,major,27.0
DJAVAN,47,Que foi my love,30,0,0,Y2,*7.9,I,0,major,28.0
DJAVAN,47,Que foi my love,31,9,9,z0,*m7,VI,0,major,29.0
DJAVAN,47,Que foi my love,32,4,8,Y0,*7,V/VI,0,major,30.0
DJAVAN,47,Que foi my love,33,7,7,z0,*m7,Vm7,0,major,31.0
DJAVAN,47,Que foi my love,34,0,0,Y2,*7.9,I,0,major,32.0
DJAVAN,47,Que foi my love,35,7,7,z0,*m7,Vm7,0,major,33.0
DJAVAN,47,Que foi my love,36,0,0,Y2,*7.9,I,0,major,34.0
DJAVAN,47,Que foi my love,37,9,9,z0,*m7,VI,0,major,35.0
DJAVAN,47,Que foi my love,38,4,8,Y0,*7,V/VI,0,major,36.0
DJAVAN,47,Que foi my love,39,7,7,z0,*m7,Vm7,0,major,37.0
DJAVAN,47,Que foi my love,40,5,5,Y0,*7,IV7,0,major,38.0
DJAVAN,47,Que foi my love,41,6,6,Y0,*7,aSubV/V,0,major,38.3
DJAVAN,47,Que foi my love,42,7,7,Y0,*7,V,0,major,38.6
DJAVAN,47,Que foi my love,43,0,0,Y2,*7.9,I,0,major,39.0
DJAVAN,48,Doidice,1,7,7,z0,*m7,I,7,minor,1.0
DJAVAN,48,Doidice,2,0,0,Y2,*7.9,IV7,7,minor,1.5
DJAVAN,48,Doidice,3,7,7,z0,*m7,I,7,minor,2.0
DJAVAN,48,Doidice,4,9,9,z0,*m7,II,7,minor,2.5
DJAVAN,48,Doidice,5,2,2,Y2.3,*7(b9),V,7,minor,2.75
DJAVAN,48,Doidice,6,7,7,z0,*m7,I,7,minor,3.0
DJAVAN,48,Doidice,7,9,9,Y2.3,*7(b9),V/V,7,minor,3.5
DJAVAN,48,Doidice,8,2,2,Y2,*7.9,V,7,minor,4.0
DJAVAN,48,Doidice,9,7,7,Y0,*7,V/IV,7,minor,5.0
DJAVAN,48,Doidice,10,7,7,z0,*m7,I,7,minor,5.5
DJAVAN,48,Doidice,11,0,0,Y2,*7.9,IV7,7,minor,5.75
DJAVAN,48,Doidice,12,2,2,z3,*m7.11,Vm7,7,minor,6.0
DJAVAN,48,Doidice,13,10,10,Z0,*M7,I,10,major,7.0
DJAVAN,48,Doidice,14,9,9,Y4.1,*7(b13),V/III,10,major,7.5
DJAVAN,48,Doidice,15,5,5,Z2,*M7.9,?,10,major,8.0
DJAVAN,48,Doidice,16,11,11,Y3,*7(#11),SubV,10,major,8.5
DJAVAN,48,Doidice,17,10,10,Z0,*M7,I,10,major,9.0
DJAVAN,48,Doidice,18,9,9,Y4.1,*7(b13),V/III,10,major,9.5
DJAVAN,48,Doidice,19,5,5,Z2,*M7.9,?,10,major,10.0
DJAVAN,48,Doidice,20,0,0,z0,*m7,II,10,major,10.5
DJAVAN,48,Doidice,21,5,5,Y2,*7.9,V,7,minor,10.75
DJAVAN,48,Doidice,22,10,10,Z0,*M7,I,10,major,11.0
DJAVAN,48,Doidice,23,9,9,Y4.1,*7(b13),V/III,10,major,11.5
DJAVAN,48,Doidice,24,5,5,Z2,*M7.9,?,10,major,12.0
DJAVAN,48,Doidice,25,9,9,y0,*Ø,II,7,minor,12.5
DJAVAN,48,Doidice,26,2,2,Y2.3,*7(b9),V,7,minor,13.0
DJAVAN,48,Doidice,27,7,7,z0,*m7,I,7,minor,13.5
DJAVAN,48,Doidice,28,0,0,Y2,*7.9,IV7,7,minor,13.75
DJAVAN,48,Doidice,29,7,7,z0,*m7,I,7,minor,14.0
DJAVAN,48,Doidice,30,9,9,z0,*m7,II,7,minor,14.5
DJAVAN,48,Doidice,31,2,2,Y2.3,*7(b9),V,7,minor,14.75
DJAVAN,48,Doidice,32,7,7,z0,*m7,I,7,minor,15.0
DJAVAN,49,Serene,1,0,0,Z2,*M7.9,I,0,major,1.0
DJAVAN,49,Serene,2,9,9,z2,*m7.9,VI,0,major,2.0
DJAVAN,49,Serene,3,2,2,z2,*m7.9,II,0,major,3.0
DJAVAN,49,Serene,4,7,7,Y1.1,*4.7.9,V,0,major,4.0
DJAVAN,49,Serene,5,7,7,Y2.2,*7.9.13,V,0,major,4.5
DJAVAN,49,Serene,6,0,0,Z2,*M7.9,I,0,major,5.0
DJAVAN,49,Serene,7,9,9,z2,*m7.9,VI,0,major,6.0
DJAVAN,49,Serene,8,2,2,z2,*m7.9,II,0,major,7.0
DJAVAN,49,Serene,9,7,7,Y1.1,*4.7.9,V,0,major,8.0
DJAVAN,49,Serene,10,7,7,Y2,*7.9,V,0,major,8.5
DJAVAN,49,Serene,11,7,7,Y2.2.1,*7(b9)13,V,0,major,8.75
DJAVAN,49,Serene,12,9,9,z2,*m7.9,VI,0,major,9.0
DJAVAN,49,Serene,13,4,4,z2,*m7.9,III,0,major,9.5
DJAVAN,49,Serene,14,2,2,Y2,*7.9,V/V,0,major,10.0
DJAVAN,49,Serene,15,9,9,z0,*m7,VI,0,major,11.0
DJAVAN,49,Serene,16,9,9,w0,*mM7,VI,0,major,11.5
DJAVAN,49,Serene,17,4,4,z2,*m7.9,III,0,major,11.75
DJAVAN,49,Serene,18,2,2,Y2,*7.9,V/V,0,major,12.0
DJAVAN,49,Serene,19,5,5,z1.1,*m6.9,IVm7,0,major,12.5
DJAVAN,49,Serene,20,0,0,Z2,*M7.9,I,0,major,13.0
DJAVAN,49,Serene,21,2,2,z2,*m7.9,II,0,major,14.0
DJAVAN,49,Serene,22,7,7,Y1.1,*4.7.9,V,0,major,14.5
DJAVAN,49,Serene,23,7,7,Y2,*7.9,V,0,major,14.75
DJAVAN,49,Serene,24,0,0,Z2,*M7.9,I,0,major,15.0
DJAVAN,50,Atitude,1,9,9,z1,*m6,VI,0,major,1.0
DJAVAN,50,Atitude,2,2,2,z0,*m7,II,0,major,2.0
DJAVAN,50,Atitude,3,10,10,Y2.1,*7.9(#11),bVII7,0,major,2.5
DJAVAN,50,Atitude,4,4,4,z0,*m7,III,0,major,3.0
DJAVAN,50,Atitude,5,3,3,x3,*°7(b13),bIII°,0,major,4.0
DJAVAN,50,Atitude,6,3,3,z1,*m6,bIIIm7,0,major,4.5
DJAVAN,50,Atitude,7,2,2,z0,*m7,II,0,major,5.0
DJAVAN,50,Atitude,8,7,7,Y1.1,*4.7.9,V,0,major,6.0
DJAVAN,50,Atitude,9,7,7,Y1.1.3,*4.7(b9),V,0,major,6.5
DJAVAN,50,Atitude,10,0,7,Z1.1,*6.9,I,0,major,7.0
DJAVAN,50,Atitude,11,10,10,Y2.1,*7.9(#11),SubV/VI,0,major,8.0
DJAVAN,50,Atitude,12,9,9,Y2.3,*7(b9),V/II,0,major,8.5
DJAVAN,50,Atitude,13,9,9,z1,*m6,VI,0,major,9.0
DJAVAN,50,Atitude,14,2,2,z0,*m7,II,0,major,10.0
DJAVAN,50,Atitude,15,10,10,Y2.1,*7.9(#11),bVII7,0,major,10.5
DJAVAN,50,Atitude,16,4,4,z0,*m7,III,0,major,11.0
DJAVAN,50,Atitude,17,3,3,x3,*°7(b13),bIII°,0,major,12.0
DJAVAN,50,Atitude,18,3,3,z1,*m6,bIIIm7,0,major,12.5
DJAVAN,50,Atitude,19,2,2,z0,*m7,II,0,major,13.0
DJAVAN,50,Atitude,20,7,7,Y1.1,*4.7.9,V,0,major,14.0
DJAVAN,50,Atitude,21,7,7,Y1.1.3,*4.7(b9),V,0,major,14.5
DJAVAN,50,Atitude,22,0,0,Z1.1,*6.9,I,0,major,15.0
DJAVAN,50,Atitude,23,6,6,y0,*Ø,II__X,0,major,16.0
DJAVAN,50,Atitude,24,11,11,Y2.3,*7(b9),V/III,0,major,16.5
DJAVAN,50,Atitude,25,4,4,z2,*m7.9,I,4,minor,17.0
DJAVAN,50,Atitude,26,6,6,z0,*m7,II,4,minor,18.0
DJAVAN,50,Atitude,27,11,11,Y2.3,*7(b9),V,4,minor,18.5
DJAVAN,50,Atitude,28,4,4,z2,*m7.9,I,4,minor,19.0
DJAVAN,50,Atitude,29,6,6,y0,*Ø,II,4,minor,20.0
DJAVAN,50,Atitude,30,5,5,Y3,*7(#11),SubV,4,minor,20.5
DJAVAN,50,Atitude,31,4,4,z2,*m7.9,I,4,minor,21.0
DJAVAN,50,Atitude,32,6,6,z0,*m7,II,4,minor,22.0
DJAVAN,50,Atitude,33,11,11,Y2.3,*7(b9),V,4,minor,22.5
DJAVAN,50,Atitude,34,11,11,z2,*m7.9,II__X,4,minor,23.0
DJAVAN,50,Atitude,35,4,4,Y2,*7.9,V/IV,4,minor,23.5
DJAVAN,50,Atitude,36,9,9,z2,*m7.9,IV,4,minor,24.0
DJAVAN,50,Atitude,37,0,0,z1,*m6,bVIm7,4,minor,24.5
DJAVAN,50,Atitude,38,7,7,Y1.1,*4.7.9,V,0,major,25.0
DJAVAN,50,Atitude,39,8,8,Y1.1,*4.7.9,SubV/V,0,major,26.5
DJAVAN,50,Atitude,40,7,7,Y2,*7.9,V,0,major,27.0
DJAVAN,50,Atitude,41,7,7,Y2.2.1,*7(b9)13,V,0,major,28.5
DJAVAN,50,Atitude,42,0,0,Z2,*M7.9,I,0,major,29.0
DJAVAN,50,Atitude,43,2,2,z2,*m7.9,II,0,major,29.5
DJAVAN,50,Atitude,44,4,4,z2,*m7.9,III,0,major,30.0
DJAVAN,50,Atitude,45,9,9,Y3,*7(#11),V/II,0,major,30.5
DJAVAN,50,Atitude,46,7,7,Y1.1,*4.7.9,V,0,major,31.0
EDU,1,Abandono,1,1,1,Y2.1.3,*7(#9.#11),SubV/VI,4,minor,1.0
EDU,1,Abandono,2,0,0,Z2,*M7.9,Np/V,4,minor,2.0
EDU,1,Abandono,3,11,11,Y2.1.3,*7(#9.#11),V,4,minor,3.0
EDU,1,Abandono,4,4,4,z2.1,*m7.9.11,I,4,minor,4.0
EDU,1,Abandono,5,1,1,Y2.1.3,*7(#9.#11),SubV/VI,4,minor,5.0
EDU,1,Abandono,6,0,0,Z1.1,*6.9,Np/V,4,minor,6.0
EDU,1,Abandono,7,11,11,Y2.4,*7(#9),V,4,minor,7.0
EDU,1,Abandono,8,4,4,z2.1,*m7.9.11,I,4,minor,8.0
EDU,1,Abandono,9,7,7,Y4,*7.13,V/VI,4,minor,9.0
EDU,1,Abandono,10,0,0,Z1.1,*6.9,Np/V,4,minor,10.0
EDU,1,Abandono,11,11,11,Y2.3,*7(b9),V,4,minor,11.0
EDU,1,Abandono,12,4,4,z2.1,*m7.9.11,I,4,minor,12.0
EDU,1,Abandono,13,4,4,Y2.3,*7(b9),V/IV,4,minor,13.0
EDU,1,Abandono,14,4,4,Y2.2.1.1,*7(b9.b13),V/IV,4,minor,14.5
EDU,1,Abandono,15,5,5,Z5.1,*6.M7.9,IV,0,major,15.0
EDU,1,Abandono,16,2,2,z0,*m7,II,0,major,16.0
EDU,1,Abandono,17,0,0,Z2,*M7.9,I,0,major,17.0
EDU,1,Abandono,18,5,5,Z3,*M7(#11),IV,0,major,18.0
EDU,1,Abandono,19,5,5,Z0,*M7,IV,0,major,18.5
EDU,1,Abandono,20,11,11,X0,*(b5)7,V,4,minor,19.0
EDU,1,Abandono,21,5,5,Y2.1.1,*7.9(#11)13,SubV,4,minor,20.0
EDU,1,Abandono,22,11,11,Y2.2.2.1,*7(#9.b13),V,4,minor,21.0
EDU,1,Abandono,23,4,4,z2,*m7.9,I,4,minor,22.0
EDU,2,Acalanto,1,4,2,z2,*m7.9,I,4,minor,1.0
EDU,2,Acalanto,2,1,1,Y2.1.3,*7(#9.#11),SubV/VI,4,minor,2.0
EDU,2,Acalanto,3,0,0,Z5.1,*6.M7.9,VI,4,minor,3.0
EDU,2,Acalanto,4,11,11,Y1.1.3,*4.7(b9),V,4,minor,4.0
EDU,2,Acalanto,5,11,11,Y2.3,*7(b9),V,4,minor,4.5
EDU,2,Acalanto,6,4,2,z2,*m7.9,I,4,minor,5.0
EDU,2,Acalanto,7,1,1,Y2.1.3,*7(#9.#11),SubV/VI,4,minor,6.0
EDU,2,Acalanto,8,0,0,Z5.1,*6.M7.9,VI,4,minor,7.0
EDU,2,Acalanto,9,11,11,Y1.1.3,*4.7(b9),V,4,minor,8.0
EDU,2,Acalanto,10,11,11,Y2.3,*7(b9),V,4,minor,8.5
EDU,2,Acalanto,11,4,4,Y1.1,*4.7.9,V/IV,4,minor,9.0
EDU,2,Acalanto,12,4,4,Y2.3,*7(b9),V/IV,4,minor,10.0
EDU,2,Acalanto,13,9,9,Y2.2,*7.9.13,IV7,4,minor,11.0
EDU,2,Acalanto,14,3,3,Y2.1,*7.9(#11),?,4,minor,12.0
EDU,2,Acalanto,15,2,2,Y1.1,*4.7.9,bVII7,4,minor,13.0
EDU,2,Acalanto,16,2,2,Y2.3,*7(b9),bVII7,4,minor,14.0
EDU,2,Acalanto,17,1,1,W1.1.2,*4(#5)7(#9),V/II,4,minor,15.0
EDU,2,Acalanto,18,1,1,X2.2,*(b5)7(#9),V/II,4,minor,16.0
EDU,2,Acalanto,19,6,6,y1,*Ø.9,II,4,minor,17.0
EDU,2,Acalanto,20,11,11,Y2.2.2.1,*7(#9.b13),V,4,minor,18.0
EDU,2,Acalanto,21,4,4,z2.1,*m7.9.11,I,4,minor,19.0
EDU,2,Acalanto,22,7,7,Y2.2,*7.9.13,V/VI,4,minor,20.0
EDU,2,Acalanto,23,7,7,Y2.2.1,*7(b9)13,V/VI,4,minor,20.5
EDU,2,Acalanto,24,0,0,Z2,*M7.9,VI,4,minor,21.0
EDU,2,Acalanto,25,11,11,Y2.2.2.1,*7(#9.b13),V,4,minor,22.0
EDU,2,Acalanto,26,4,4,z2.1,*m7.9.11,I,4,minor,23.0
EDU,2,Acalanto,27,7,7,Y2.2,*7.9.13,V/VI,4,minor,24.0
EDU,2,Acalanto,28,0,0,Z2,*M7.9,VI,4,minor,25.0
EDU,2,Acalanto,29,11,11,W2,*(#5)7.9,V,4,minor,26.0
EDU,2,Acalanto,30,4,4,z2.1,*m7.9.11,I,4,minor,27.0
EDU,2,Acalanto,31,7,7,Y2.2,*7.9.13,V/VI,4,minor,28.0
EDU,2,Acalanto,32,0,0,Z2,*M7.9,VI,4,minor,29.0
EDU,2,Acalanto,33,11,11,W2.2,*(#5)7(#9),V,4,minor,30.0
EDU,2,Acalanto,34,0,10,Y0,*7,SubV/V,4,minor,31.0
EDU,2,Acalanto,35,9,9,z1,*m6,IV,4,minor,32.0
EDU,2,Acalanto,36,4,4,z2.1,*m7.9.11,I,4,minor,33.0
EDU,3,A historia de Lilly Braun,1,0,0,Y2.4,*7(#9),I,0,major,1.0
EDU,3,A historia de Lilly Braun,2,5,5,Y2,*7.9,IV,0,major,1.5
EDU,3,A historia de Lilly Braun,3,2,2,Y2.4,*7(#9),V/V,0,major,2.0
EDU,3,A historia de Lilly Braun,4,7,7,Y2.3,*7(b9),V,0,major,2.5
EDU,3,A historia de Lilly Braun,5,0,0,Y2.4,*7(#9),I,0,major,3.0
EDU,3,A historia de Lilly Braun,6,5,5,Y2,*7.9,IV,0,major,3.5
EDU,3,A historia de Lilly Braun,7,2,2,Y2.4,*7(#9),V/V,0,major,4.0
EDU,3,A historia de Lilly Braun,8,7,7,Y2.3,*7(b9),V,0,major,4.5
EDU,3,A historia de Lilly Braun,9,0,0,Y2.4,*7(#9),I,0,major,5.0
EDU,3,A historia de Lilly Braun,10,5,5,Y2,*7.9,IV,0,major,5.5
EDU,3,A historia de Lilly Braun,11,2,2,Y2.4,*7(#9),V/V,0,major,6.0
EDU,3,A historia de Lilly Braun,12,7,7,Y2.3,*7(b9),V,0,major,6.5
EDU,3,A historia de Lilly Braun,13,0,0,Y2.4,*7(#9),I,0,major,7.0
EDU,3,A historia de Lilly Braun,14,5,5,Y2,*7.9,IV,0,major,7.5
EDU,3,A historia de Lilly Braun,15,0,0,Y1.1.2,*4.7.9.13,I,0,major,8.0
EDU,3,A historia de Lilly Braun,16,0,0,Y2,*7.9,I,0,major,9.0
EDU,3,A historia de Lilly Braun,17,0,0,Y2.4,*7(#9),I,0,major,9.5
EDU,3,A historia de Lilly Braun,18,5,5,Y4,*7.13,IV,0,major,10.0
EDU,3,A historia de Lilly Braun,19,9,9,Y1.1,*4.7.9,V/II,0,major,12.0
EDU,3,A historia de Lilly Braun,20,9,9,Y2.3,*7(b9),V/II,0,major,13.0
EDU,3,A historia de Lilly Braun,21,2,2,Y2.4,*7(#9),V/V,0,major,14.0
EDU,3,A historia de Lilly Braun,22,8,8,Y2.1,*7.9(#11),SubV/V,0,major,14.5
EDU,3,A historia de Lilly Braun,23,7,7,Y1.1.2,*4.7.9.13,V,0,major,15.0
EDU,3,A historia de Lilly Braun,24,1,1,Y2.1,*7.9(#11),SubV,0,major,15.5
EDU,3,A historia de Lilly Braun,25,0,0,Y2.4,*7(#9),I,0,major,16.0
EDU,4,Aguaverde,1,2,2,z1.1,*m6.9,I,2,minor,1.0
EDU,4,Aguaverde,2,6,6,Y1.1,*4.7.9,V,1,major,9.0
EDU,4,Aguaverde,3,4,4,Y1.1,*4.7.9,V/VI,0,major,17.0
EDU,4,Aguaverde,4,7,7,Y1.1,*4.7.9,V,0,major,18.0
EDU,4,Aguaverde,5,9,9,z2,*m7.9,VI,0,major,20.0
EDU,4,Aguaverde,6,7,7,z2,*m7.9,Vm7,0,major,22.0
EDU,4,Aguaverde,7,3,3,Z0,*M7,bIII7M,0,major,23.0
EDU,4,Aguaverde,8,4,2,Y0,*7,V/VI,0,major,24.0
EDU,4,Aguaverde,9,2,2,z2.1,*m7.9.11,II,0,major,26.0
EDU,4,Aguaverde,10,10,10,Z2,*M7.9,I,10,major,27.0
EDU,4,Aguaverde,11,9,9,Y1.1,*4.7.9,V/III,10,major,27.5
EDU,4,Aguaverde,12,7,7,z2,*m7.9,VI,10,major,28.0
EDU,4,Aguaverde,13,5,5,Z1.1,*6.9,V,10,major,28.5
EDU,4,Aguaverde,14,3,3,Z5.1.1,*6.M7.9(#11),IV,10,major,29.0
EDU,4,Aguaverde,15,2,2,z2.1,*m7.9.11,III,10,major,29.5
EDU,4,Aguaverde,16,11,11,Y2.4,*7(#9),SubV,10,major,30.0
EDU,4,Aguaverde,17,10,10,Z2,*M7.9,I,10,major,31.0
EDU,4,Aguaverde,18,9,9,Y1.1,*4.7.9,V/III,10,major,31.5
EDU,4,Aguaverde,19,7,7,z2,*m7.9,VI,10,major,32.0
EDU,4,Aguaverde,20,5,5,Z1.1,*6.9,V,10,major,32.5
EDU,4,Aguaverde,21,3,3,Z5.1,*6.M7.9,SubV,2,minor,33.0
EDU,4,Aguaverde,22,2,2,z1.1,*m6.9,I,2,minor,34.0
EDU,5,Arrastao,1,9,9,z2,*m7.9,II,7,major,1.0
EDU,5,Arrastao,2,11,9,z2,*m7.9,III,7,major,3.0
EDU,5,Arrastao,3,9,9,z2,*m7.9,II,7,major,5.0
EDU,5,Arrastao,4,11,9,z2,*m7.9,III,7,major,7.0
EDU,5,Arrastao,5,11,11,v0,*m,III,7,major,9.0
EDU,5,Arrastao,6,11,11,w0,*mM7,III,7,major,10.0
EDU,5,Arrastao,7,11,11,z0,*m7,III,7,major,11.0
EDU,5,Arrastao,8,11,11,z1,*m6,III,7,major,12.0
EDU,5,Arrastao,9,9,9,z2,*m7.9,II,7,major,13.0
EDU,5,Arrastao,10,2,2,Y1.1,*4.7.9,V,7,major,15.0
EDU,5,Arrastao,11,2,2,Y2.4,*7(#9),V,7,major,16.0
EDU,5,Arrastao,12,7,7,Z0,*M7,I,7,major,17.0
EDU,5,Arrastao,13,7,7,Y1.1,*4.7.9,V/IV,7,major,18.0
EDU,5,Arrastao,14,7,7,Z0,*M7,I,7,major,19.0
EDU,5,Arrastao,15,7,7,Y1.1,*4.7.9,V/IV,7,major,20.0
EDU,5,Arrastao,16,0,0,Z2,*M7.9,IV,7,major,21.0
EDU,5,Arrastao,17,5,5,Y1,*4.7,bVII7,7,major,22.0
EDU,5,Arrastao,18,5,5,Y0,*7,bVII7,7,major,22.5
EDU,5,Arrastao,19,7,7,Z0,*M7,I,7,major,23.0
EDU,5,Arrastao,20,7,7,Y1.1,*4.7.9,V/IV,7,major,24.0
EDU,5,Arrastao,21,0,0,Z2,*M7.9,IV,7,major,25.0
EDU,5,Arrastao,22,0,10,Y0,*7,V,5,major,26.0
EDU,5,Arrastao,23,5,9,V0,*,I,5,major,27.0
EDU,5,Arrastao,24,2,0,Y0,*7,V/II,5,major,28.0
EDU,5,Arrastao,25,7,5,Y0,*7,V/V,5,major,29.0
EDU,5,Arrastao,26,4,4,y0,*Ø,VII,5,major,30.0
EDU,5,Arrastao,27,10,10,Y3,*7(#11),IV7,5,major,30.5
EDU,5,Arrastao,28,5,9,V0,*,I,5,major,31.0
EDU,5,Arrastao,29,8,8,Y3,*7(#11),SubV/II,5,major,31.5
EDU,5,Arrastao,30,7,7,z0,*m7,II,5,major,32.0
EDU,5,Arrastao,31,0,10,Y0,*7,V,5,major,33.0
EDU,5,Arrastao,32,9,9,z2,*m7.9,II,7,major,34.0
EDU,5,Arrastao,33,11,9,z2,*m7.9,III,7,major,36.0
EDU,5,Arrastao,34,9,9,z2,*m7.9,II,7,major,38.0
EDU,5,Arrastao,35,11,9,z2,*m7.9,III,7,major,40.0
EDU,5,Arrastao,36,11,11,v0,*m,III,7,major,42.0
EDU,5,Arrastao,37,11,11,w0,*mM7,III,7,major,43.0
EDU,5,Arrastao,38,11,11,z0,*m7,III,7,major,44.0
EDU,5,Arrastao,39,11,11,z1,*m6,III,7,major,45.0
EDU,5,Arrastao,40,9,9,z2,*m7.9,II,7,major,46.0
EDU,5,Arrastao,41,2,2,Y1.1,*4.7.9,V,7,major,48.0
EDU,5,Arrastao,42,2,2,Y2.4,*7(#9),V,7,major,49.0
EDU,5,Arrastao,43,7,7,Z0,*M7,I,7,major,50.0
EDU,5,Arrastao,44,7,7,Y1.1,*4.7.9,V/IV,7,major,51.0
EDU,5,Arrastao,45,7,7,Z0,*M7,I,7,major,52.0
EDU,5,Arrastao,46,7,7,Y1.1,*4.7.9,V/IV,7,major,53.0
EDU,5,Arrastao,47,0,0,Z2,*M7.9,IV,7,major,54.0
EDU,5,Arrastao,48,5,5,Y1,*4.7,bVII7,7,major,55.0
EDU,5,Arrastao,49,5,5,Y0,*7,bVII7,7,major,55.5
EDU,5,Arrastao,50,7,7,Z0,*M7,I,7,major,56.0
EDU,5,Arrastao,51,7,7,Y1.1,*4.7.9,V/IV,7,major,57.0
EDU,5,Arrastao,52,0,0,Z2,*M7.9,IV,7,major,58.0
EDU,5,Arrastao,53,11,11,z0,*m7,III,7,major,59.0
EDU,5,Arrastao,54,9,9,z0,*m7,II,7,major,60.0
EDU,5,Arrastao,55,8,8,Z3,*M7(#11),bII7M,7,major,61.0
EDU,5,Arrastao,56,7,7,Z3,*M7(#11),I,7,major,62.0
EDU,6,Arpoador,1,11,11,Z5.1,*6.M7.9,I,11,major,1.0
EDU,6,Arpoador,2,0,0,Y2.1.2.1,*7(b9.#9.#11),SubV,11,major,3.0
EDU,6,Arpoador,3,11,11,Z5.1,*6.M7.9,I,11,major,5.0
EDU,6,Arpoador,4,0,0,Y2.1.2.1,*7(b9.#9.#11),SubV,11,major,7.0
EDU,6,Arpoador,5,11,11,Y1.1,*4.7.9,V/IV,11,major,9.0
EDU,6,Arpoador,6,11,11,Y2.1.2,*7(b9.#11),V/IV,11,major,10.0
EDU,6,Arpoador,7,4,4,Z0,*M7,IV,11,major,11.0
EDU,6,Arpoador,8,5,5,v0,*m,II,3,major,13.0
EDU,6,Arpoador,9,10,10,Y2.1.2,*7(b9.#11),V,3,major,14.0
EDU,6,Arpoador,10,3,3,Z0,*M7,I,3,major,15.0
EDU,6,Arpoador,11,0,0,Y2,*7.9,V/II,3,major,16.0
EDU,6,Arpoador,12,1,1,Z2,*M7.9,bVII7M,3,major,17.0
EDU,6,Arpoador,13,0,0,Y2.1.2,*7(b9.#11),V/II,3,major,18.0
EDU,6,Arpoador,14,5,5,Y2.1,*7.9(#11),V/V,3,major,19.0
EDU,6,Arpoador,15,10,10,Y2.1.1.1,*7(b9.#11)13,V,3,major,20.0
EDU,7,As mesmas historias,1,4,4,y0,*Ø,?,7,major,1.0
EDU,7,As mesmas historias,2,7,7,Z3,*M7(#11),I,7,major,3.0
EDU,7,As mesmas historias,3,4,4,y0,*Ø,?,7,major,5.0
EDU,7,As mesmas historias,4,7,7,z2,*m7.9,Im7,7,major,6.0
EDU,7,As mesmas historias,5,7,7,Z3,*M7(#11),I,7,major,7.0
EDU,7,As mesmas historias,6,7,7,z2,*m7.9,Im7,7,major,8.0
EDU,7,As mesmas historias,7,6,6,Z3,*M7(#11),bII7M,5,major,9.0
EDU,7,As mesmas historias,8,6,6,Y3,*7(#11),SubV,5,major,9.5
EDU,7,As mesmas historias,9,5,5,Z3,*M7(#11),I,5,major,10.0
EDU,7,As mesmas historias,10,11,11,z2,*m7.9,II,9,major,12.0
EDU,7,As mesmas historias,11,10,10,Y4,*7.13,SubV,9,major,13.0
EDU,7,As mesmas historias,12,9,9,Z2,*M7.9,I,9,major,14.0
EDU,7,As mesmas historias,13,9,9,W0,*(#5)7,V/IV,9,major,15.0
EDU,7,As mesmas historias,14,2,2,Z1,*6,IV,9,major,16.0
EDU,7,As mesmas historias,15,11,2,z1,*m6,II,9,major,17.0
EDU,7,As mesmas historias,16,1,1,z2.1,*m7.9.11,II__X,9,major,18.0
EDU,7,As mesmas historias,17,6,6,Y4.1,*7(b13),V/II,9,major,19.0
EDU,7,As mesmas historias,18,11,11,z0,*m7,II,9,major,20.0
EDU,7,As mesmas historias,19,4,4,Y2.3,*7(b9),V,9,major,21.0
EDU,7,As mesmas historias,20,1,1,Y4,*7.13,V/VI,9,major,22.0
EDU,7,As mesmas historias,21,1,1,Y4.1,*7(b13),V/VI,9,major,22.5
EDU,7,As mesmas historias,22,6,6,Y1.1,*4.7.9,V/II,9,major,23.0
EDU,7,As mesmas historias,23,6,6,Y2.3,*7(b9),V/II,9,major,23.5
EDU,7,As mesmas historias,24,11,11,Y4,*7.13,V/V,9,major,24.0
EDU,7,As mesmas historias,25,11,11,Y4.1,*7(b13),V/V,9,major,24.5
EDU,7,As mesmas historias,26,4,4,Y1.1,*4.7.9,V,9,major,25.0
EDU,7,As mesmas historias,27,4,4,Y2.3,*7(b9),V,9,major,25.5
EDU,7,As mesmas historias,28,1,1,Y4,*7.13,V/VI,9,major,26.0
EDU,7,As mesmas historias,29,1,1,Y4.1,*7(b13),V/VI,9,major,26.5
EDU,7,As mesmas historias,30,6,6,Y1.1,*4.7.9,V/II,9,major,27.0
EDU,7,As mesmas historias,31,6,6,Y2.3,*7(b9),V/II,9,major,27.5
EDU,7,As mesmas historias,32,11,11,Y4,*7.13,V/V,9,major,28.0
EDU,7,As mesmas historias,33,11,11,Y4.1,*7(b13),V/V,9,major,28.5
EDU,7,As mesmas historias,34,4,4,Y1.1,*4.7.9,V,9,major,29.0
EDU,7,As mesmas historias,35,4,4,Y2.3,*7(b9),V,9,major,29.5
EDU,7,As mesmas historias,36,9,9,z0,*m7,Im7,9,major,30.0
EDU,7,As mesmas historias,37,9,9,y1,*Ø.9,Im7,9,major,31.0
EDU,8,Ave rara,1,4,11,z2,*m7.9,IV,11,minor,1.0
EDU,8,Ave rara,2,4,11,z1.1,*m6.9,IV,11,minor,2.0
EDU,8,Ave rara,3,11,11,z2,*m7.9,I,11,minor,3.0
EDU,8,Ave rara,4,11,11,z1.1,*m6.9,I,11,minor,4.0
EDU,8,Ave rara,5,4,11,z2,*m7.9,IV,11,minor,5.0
EDU,8,Ave rara,6,4,11,z1.1,*m6.9,IV,11,minor,6.0
EDU,8,Ave rara,7,11,11,z2,*m7.9,I,11,minor,7.0
EDU,8,Ave rara,8,11,11,z1.1,*m6.9,I,11,minor,8.0
EDU,8,Ave rara,9,4,11,z0,*m7,IV,11,minor,9.0
EDU,8,Ave rara,10,10,10,x3,*°7(b13),V°,11,minor,10.0
EDU,8,Ave rara,11,9,9,Y4,*7.13,SubV/VI,11,minor,10.5
EDU,8,Ave rara,12,8,8,z0,*m7,VI,11,minor,11.0
EDU,8,Ave rara,13,7,7,Z0,*M7,bVI7M,11,minor,13.0
EDU,8,Ave rara,14,4,4,z2,*m7.9,IV,11,minor,13.5
EDU,8,Ave rara,15,6,6,z0,*m7,Vm7,11,minor,14.0
EDU,8,Ave rara,16,8,8,z0,*m7,VI,11,minor,15.0
EDU,8,Ave rara,17,4,4,w1,*mM7.9,II,2,major,17.0
EDU,8,Ave rara,18,4,4,z2,*m7.9,II,2,major,18.0
EDU,8,Ave rara,19,9,9,Y1.1,*4.7.9,V,2,major,19.0
EDU,8,Ave rara,20,9,9,Y2,*7.9,V,2,major,20.0
EDU,8,Ave rara,21,2,2,Z2.2,*(#5)M7.9,I,2,major,21.0
EDU,8,Ave rara,22,2,2,Z1.1,*6.9,I,2,major,22.0
EDU,8,Ave rara,23,7,7,Z0,*M7,IV,2,major,23.0
EDU,8,Ave rara,24,7,7,Z1,*6,IV,2,major,24.0
EDU,8,Ave rara,25,1,1,y1,*Ø.9,II__X,2,major,25.0
EDU,8,Ave rara,26,1,1,y0,*Ø,II__X,2,major,26.0
EDU,8,Ave rara,27,6,6,Y2.3,*7(b9),V/VI,2,major,27.0
EDU,8,Ave rara,28,11,11,z2,*m7.9,VI,2,major,28.0
EDU,8,Ave rara,29,5,5,Y2.1,*7.9(#11),SubV/II,2,major,29.0
EDU,8,Ave rara,30,4,4,w1,*mM7.9,II,2,major,30.0
EDU,8,Ave rara,31,4,4,z2,*m7.9,II,2,major,31.0
EDU,8,Ave rara,32,9,9,Y1.1,*4.7.9,V,2,major,32.0
EDU,8,Ave rara,33,9,9,Y2,*7.9,V,2,major,33.0
EDU,8,Ave rara,34,2,2,Z2.2,*(#5)M7.9,I,2,major,34.0
EDU,8,Ave rara,35,2,2,Z1.1,*6.9,I,2,major,35.0
EDU,8,Ave rara,36,7,7,Z0,*M7,IV,2,major,36.0
EDU,8,Ave rara,37,7,7,Z1,*6,IV,2,major,37.0
EDU,8,Ave rara,38,1,1,y1,*Ø.9,II,11,minor,38.0
EDU,8,Ave rara,39,1,1,y0,*Ø,II,11,minor,39.0
EDU,8,Ave rara,40,6,6,Y2.3,*7(b9),V,11,minor,40.0
EDU,8,Ave rara,41,5,5,Y3,*7(#11),SubV/IV,11,minor,42.0
EDU,8,Ave rara,42,11,11,v1,*m.9,I,11,minor,44.0
EDU,8,Ave rara,43,4,7,z1,*m6,IV,11,minor,45.0
EDU,8,Ave rara,44,8,8,y0,*Ø,VI,11,minor,46.0
EDU,8,Ave rara,45,7,7,w0,*mM7,bVIm7,11,minor,47.0
EDU,8,Ave rara,46,11,11,v1,*m.9,I,11,minor,48.0
EDU,8,Ave rara,47,4,7,z1,*m6,IV,11,minor,49.0
EDU,8,Ave rara,48,8,8,y0,*Ø,VI,11,minor,50.0
EDU,8,Ave rara,49,7,7,w0,*mM7,bVIm7,11,minor,51.0
EDU,8,Ave rara,50,11,11,z1,*m6,I,11,minor,52.0
EDU,9,Beatriz,1,2,3,x0,*°7,V°,3,major,1.0
EDU,9,Beatriz,2,3,3,Z0,*M7,I,3,major,1.3
EDU,9,Beatriz,3,5,5,z1.1,*m6.9,II,3,major,3.0
EDU,9,Beatriz,4,3,7,Z0,*M7,I,3,major,5.0
EDU,9,Beatriz,5,8,8,V1,*4,IV,3,major,7.0
EDU,9,Beatriz,6,9,9,x1,*°7.9,V°/V,3,major,9.0
EDU,9,Beatriz,7,3,10,Z0,*M7,I,3,major,11.0
EDU,9,Beatriz,8,7,11,Y4.1,*7(b13),V/VI,3,major,12.0
EDU,9,Beatriz,9,0,0,v1,*m.9,VI,3,major,13.0
EDU,9,Beatriz,10,3,1,Y0,*7,V/IV,3,major,14.0
EDU,9,Beatriz,11,10,2,Z0,*M7,?,3,major,15.0
EDU,9,Beatriz,12,10,10,Y2,*7.9,V,3,major,17.0
EDU,9,Beatriz,13,1,1,z1,*m6,bVIIm7,3,major,17.6
EDU,9,Beatriz,14,0,0,z1,*m6,VI,3,major,18.0
EDU,9,Beatriz,15,8,11,w0,*mM7,IVm7,3,major,18.6
EDU,9,Beatriz,16,10,10,Y2.2.1.1,*7(b9.b13),V,3,major,19.0
EDU,9,Beatriz,17,10,10,Y2.2.1,*7(b9)13,V,3,major,20.0
EDU,9,Beatriz,18,11,11,Z1.1,*6.9,I,11,major,21.0
EDU,9,Beatriz,19,4,4,Z2,*M7.9,IV,11,major,23.0
EDU,9,Beatriz,20,11,11,Z1.1,*6.9,I,11,major,25.0
EDU,9,Beatriz,21,6,10,Y0,*7,V,11,major,25.6
EDU,9,Beatriz,22,8,8,v0,*m,VI,11,major,27.0
EDU,9,Beatriz,23,8,6,z0,*m7,VI,11,major,27.5
EDU,9,Beatriz,24,5,5,Y2,*7.9,SubV/IV,11,major,28.0
EDU,9,Beatriz,25,4,4,Z2,*M7.9,IV,11,major,29.0
EDU,9,Beatriz,26,9,9,Y4,*7.13,bVII7,11,major,30.0
EDU,9,Beatriz,27,2,2,Z1.1,*6.9,bIII7M,11,major,31.0
EDU,9,Beatriz,28,0,0,Y2.1.1,*7.9(#11)13,aSubV/II,11,major,32.0
EDU,9,Beatriz,29,1,1,z1.1,*m6.9,II,11,major,33.0
EDU,9,Beatriz,30,6,6,W2.2,*(#5)7(#9),V,11,major,34.0
EDU,9,Beatriz,31,11,11,Z2,*M7.9,I,11,major,35.0
EDU,9,Beatriz,32,9,9,Y2.1.1,*7.9(#11)13,SubV/V,3,major,36.0
EDU,9,Beatriz,33,10,10,Y1.1,*4.7.9,V,3,major,37.0
EDU,9,Beatriz,34,10,10,Y2.1.2,*7(b9.#11),V,3,major,38.0
EDU,9,Beatriz,35,10,10,Y4,*7.13,V,3,major,39.0
EDU,10,Boranda,1,9,9,z0,*m7,I,9,minor,1.0
EDU,10,Boranda,2,2,2,Y2,*7.9,IV7,9,minor,2.0
EDU,10,Boranda,3,9,9,z0,*m7,I,9,minor,3.0
EDU,10,Boranda,4,4,4,z2,*m7.9,Vm7,9,minor,4.0
EDU,10,Boranda,5,9,9,z0,*m7,I,9,minor,5.0
EDU,10,Boranda,6,2,2,Y2,*7.9,IV7,9,minor,6.0
EDU,10,Boranda,7,6,6,V0,*,VI,9,minor,7.0
EDU,10,Boranda,8,7,7,V0,*,bVII7,9,minor,7.5
EDU,10,Boranda,9,9,9,z0,*m7,I,9,minor,8.0
EDU,10,Boranda,10,4,4,Y2.4,*7(#9),V,9,minor,10.0
EDU,10,Boranda,11,9,9,z0,*m7,I,9,minor,11.0
EDU,10,Boranda,12,7,7,z0,*m7,II__X,9,minor,12.0
EDU,10,Boranda,13,0,0,Y2.3,*7(b9),V/VI,9,minor,12.5
EDU,10,Boranda,14,6,6,Z0,*M7,VI,9,minor,13.0
EDU,10,Boranda,15,11,11,y0,*Ø,II,9,minor,14.0
EDU,10,Boranda,16,4,4,Y2.3,*7(b9),V,9,minor,14.5
EDU,10,Boranda,17,9,9,z0,*m7,I,9,minor,15.0
EDU,10,Boranda,18,2,2,V0,*,IV7,9,minor,16.0
EDU,10,Boranda,19,4,4,v0,*m,Vm7,9,minor,16.5
EDU,10,Boranda,20,9,9,z0,*m7,I,9,minor,17.0
EDU,10,Boranda,21,2,6,V0,*,IV7,9,minor,18.0
EDU,10,Boranda,22,2,5,v0,*m,IV,9,minor,18.5
EDU,10,Boranda,23,9,9,z0,*m7,I,9,minor,19.0
EDU,10,Boranda,24,9,7,z0,*m7,I,9,minor,19.5
EDU,10,Boranda,25,4,4,v0,*m,Vm7,9,minor,20.0
EDU,10,Boranda,26,7,7,V0,*,bVII7,9,minor,20.5
EDU,10,Boranda,27,9,9,v0,*m,I,9,minor,21.0
EDU,10,Boranda,28,9,9,z0,*m7,I,9,minor,22.0
EDU,10,Boranda,29,9,7,z0,*m7,I,9,minor,23.0
EDU,10,Boranda,30,7,5,z0,*m7,bVIIm7,9,minor,24.0
EDU,10,Boranda,31,7,7,z1.1,*m6.9,bVIIm7,9,minor,25.0
EDU,10,Boranda,32,5,5,z2,*m7.9,bVIm7,9,minor,26.0
EDU,10,Boranda,33,11,11,y0,*Ø,II,9,minor,28.0
EDU,10,Boranda,34,4,4,Y2.3,*7(b9),V,9,minor,29.0
EDU,11,Branca Dias,1,2,2,z0,*m7,I,2,minor,1.0
EDU,11,Branca Dias,2,7,2,Z2,*M7.9,IV7,2,minor,2.0
EDU,11,Branca Dias,3,7,2,z1,*m6,IVm7,2,minor,2.5
EDU,11,Branca Dias,4,2,2,z0,*m7,I,2,minor,3.0
EDU,11,Branca Dias,5,2,2,w0,*mM7,I,2,minor,4.0
EDU,11,Branca Dias,6,2,2,v1,*m.9,I,2,minor,4.5
EDU,11,Branca Dias,7,7,7,z2,*m7.9,IV,2,minor,5.0
EDU,11,Branca Dias,8,7,5,z2,*m7.9,IV,2,minor,6.0
EDU,11,Branca Dias,9,4,4,z2.1,*m7.9.11,II,2,minor,7.0
EDU,11,Branca Dias,10,9,9,Y1.1.3,*4.7(b9),V,2,minor,8.0
EDU,11,Branca Dias,11,9,9,Y2.3,*7(b9),V,2,minor,8.5
EDU,11,Branca Dias,12,2,2,z0,*m7,I,2,minor,9.0
EDU,11,Branca Dias,13,7,2,Z2,*M7.9,IV7,2,minor,10.0
EDU,11,Branca Dias,14,7,2,z1,*m6,IVm7,2,minor,10.5
EDU,11,Branca Dias,15,2,2,z0,*m7,I,2,minor,11.0
EDU,11,Branca Dias,16,2,2,w0,*mM7,I,2,minor,12.0
EDU,11,Branca Dias,17,2,2,v1,*m.9,I,2,minor,12.5
EDU,11,Branca Dias,18,7,7,z2,*m7.9,IV,2,minor,13.0
EDU,11,Branca Dias,19,7,5,z2,*m7.9,IV,2,minor,14.0
EDU,11,Branca Dias,20,3,3,Z5.1,*6.M7.9,bII7M,2,minor,15.0
EDU,11,Branca Dias,21,9,9,Y1.1.3,*4.7(b9),V,2,minor,16.0
EDU,11,Branca Dias,22,6,6,Y2.2.1.1,*7(b9.b13),V,11,minor,16.5
EDU,11,Branca Dias,23,11,11,z2,*m7.9,I,11,minor,17.0
EDU,11,Branca Dias,24,11,11,Y1.1,*4.7.9,V/IV,11,minor,18.0
EDU,11,Branca Dias,25,11,11,Y1.1.3,*4.7(b9),V/IV,11,minor,19.0
EDU,11,Branca Dias,26,11,11,Y2.3,*7(b9),V/IV,11,minor,20.0
EDU,11,Branca Dias,27,4,4,z0,*m7,IV,11,minor,21.0
EDU,11,Branca Dias,28,4,2,z0,*m7,IV,11,minor,22.0
EDU,11,Branca Dias,29,10,10,Y3,*7(#11),SubV/V,2,minor,23.0
EDU,11,Branca Dias,30,9,9,Y2.3,*7(b9),V,2,minor,24.0
EDU,11,Branca Dias,31,2,2,z0,*m7,I,2,minor,25.0
EDU,12,Candeias,1,6,6,Y2.2,*7.9.13,V/II,9,major,1.0
EDU,12,Candeias,2,6,6,Y4.1,*7(b13),V/II,9,major,1.5
EDU,12,Candeias,3,11,11,y1,*Ø.9,IIm7(b5),9,major,2.0
EDU,12,Candeias,4,11,11,y0,*Ø,IIm7(b5),9,major,2.5
EDU,12,Candeias,5,4,4,Y2.1,*7.9(#11),V,9,major,3.0
EDU,12,Candeias,6,1,1,z2,*m7.9,III,9,major,4.0
EDU,12,Candeias,7,0,0,Y2,*7.9,SubV/II,9,major,5.0
EDU,12,Candeias,8,11,11,z0,*m7,II,9,major,6.0
EDU,12,Candeias,9,0,0,x0,*°7,V°/III,9,major,7.0
EDU,12,Candeias,10,9,1,Y1.1,*4.7.9,V/IV,9,major,8.0
EDU,12,Candeias,11,9,9,Y2.3,*7(b9),V/IV,9,major,9.0
EDU,12,Candeias,12,2,2,Z1,*6,IV,9,major,10.0
EDU,12,Candeias,13,11,2,z1,*m6,II,9,major,11.0
EDU,12,Candeias,14,4,2,Y0,*7,V,9,major,11.5
EDU,12,Candeias,15,1,1,z2,*m7.9,II__X,9,major,12.0
EDU,12,Candeias,16,6,6,Y4.1,*7(b13),V/II,9,major,13.0
EDU,12,Candeias,17,11,11,Y2,*7.9,V/V,9,major,14.0
EDU,12,Candeias,18,11,11,z2,*m7.9,II,9,major,16.0
EDU,12,Candeias,19,4,4,Y4.1,*7(b13),V,9,major,17.0
EDU,12,Candeias,20,1,1,z2,*m7.9,II__X,9,major,18.0
EDU,12,Candeias,21,6,6,Y4.1,*7(b13),V/II,9,major,19.0
EDU,12,Candeias,22,11,11,z0,*m7,II,9,major,20.0
EDU,12,Candeias,23,11,9,z0,*m7,II,9,major,20.5
EDU,12,Candeias,24,8,8,y0,*Ø,II__X,9,major,21.0
EDU,12,Candeias,25,1,1,Y2.3,*7(b9),V/VI,9,major,21.5
EDU,12,Candeias,26,6,6,w0,*mM7,VI,9,major,22.0
EDU,12,Candeias,27,6,6,z0,*m7,VI,9,major,22.5
EDU,12,Candeias,28,6,4,z0,*m7,VI,9,major,23.0
EDU,12,Candeias,29,8,8,Y4.1,*7(b13),V/III,9,major,24.0
EDU,12,Candeias,30,8,8,Y0,*7,V/III,9,major,24.5
EDU,12,Candeias,31,1,1,z2,*m7.9,III,9,major,25.0
EDU,12,Candeias,32,0,0,Y2,*7.9,SubV/II,9,major,26.0
EDU,12,Candeias,33,11,11,z0,*m7,II,9,major,27.0
EDU,12,Candeias,34,2,2,z1,*m6,IVm7,9,major,28.0
EDU,12,Candeias,35,1,1,Y4,*7.13,V/VI,9,major,29.0
EDU,12,Candeias,36,1,1,Y4.1,*7(b13),V/VI,9,major,29.5
EDU,12,Candeias,37,6,6,Y1.1,*4.7.9,V/II,9,major,30.0
EDU,12,Candeias,38,6,6,Y2.3,*7(b9),V/II,9,major,30.5
EDU,12,Candeias,39,11,11,Y2,*7.9,V/V,9,major,31.0
EDU,12,Candeias,40,10,10,Z0,*M7,bII7M,9,major,33.0
EDU,12,Candeias,41,11,11,z2,*m7.9,II,9,major,34.0
EDU,12,Candeias,42,4,4,Y4.1,*7(b13),V,9,major,34.5
EDU,12,Candeias,43,1,1,z2,*m7.9,III,9,major,35.0
EDU,13,Cancao da terra,1,7,7,z0,*m7,I,7,minor,1.0
EDU,13,Cancao da terra,2,7,7,z1.3,*m(b6),I,7,minor,2.0
EDU,13,Cancao da terra,3,7,7,z1,*m6,I,7,minor,3.0
EDU,13,Cancao da terra,4,7,7,z0,*m7,I,7,minor,4.0
EDU,13,Cancao da terra,5,7,7,z1,*m6,I,7,minor,4.5
EDU,13,Cancao da terra,6,5,5,w0,*mM7,I,5,minor,5.0
EDU,13,Cancao da terra,7,5,5,z0,*m7,I,5,minor,6.0
EDU,13,Cancao da terra,8,5,5,z1,*m6,I,5,minor,7.0
EDU,13,Cancao da terra,9,7,7,Y4.1,*7(b13),V/IV,7,minor,8.0
EDU,13,Cancao da terra,10,0,0,z0,*m7,IV,7,minor,9.0
EDU,13,Cancao da terra,11,0,10,z0,*m7,IV,7,minor,9.5
EDU,13,Cancao da terra,12,9,9,y0,*Ø,II,7,minor,10.0
EDU,13,Cancao da terra,13,2,2,Y2.3,*7(b9),V,7,minor,10.5
EDU,13,Cancao da terra,14,7,7,z0,*m7,I,7,minor,11.0
EDU,13,Cancao da terra,15,9,9,y0,*Ø,II,7,minor,12.0
EDU,13,Cancao da terra,16,2,2,Y2.3,*7(b9),V,7,minor,12.5
EDU,13,Cancao da terra,17,7,7,z0,*m7,I,7,minor,13.0
EDU,13,Cancao da terra,18,9,7,Y0,*7,V/V,7,minor,14.0
EDU,13,Cancao da terra,19,8,7,Z0,*M7,bII7M,7,minor,14.5
EDU,13,Cancao da terra,20,7,7,z0,*m7,I,7,minor,15.0
EDU,13,Cancao da terra,21,9,7,Y0,*7,V/V,7,minor,16.0
EDU,13,Cancao da terra,22,8,7,Z0,*M7,bII7M,7,minor,16.5
EDU,13,Cancao da terra,23,7,7,z0,*m7,I,7,minor,17.0
EDU,14,Casa forte,1,2,2,z1.1,*m6.9,I,2,minor,1.0
EDU,14,Casa forte,2,2,2,w1,*mM7.9,I,2,minor,2.0
EDU,14,Casa forte,3,2,2,z1.1,*m6.9,I,2,minor,3.0
EDU,14,Casa forte,4,10,2,Y2,*7.9,SubV/V,2,minor,5.0
EDU,14,Casa forte,5,10,10,Z1,*6,VI,2,minor,7.0
EDU,14,Casa forte,6,2,2,z1,*m6,I,2,minor,9.0
EDU,14,Casa forte,7,2,2,z1.3,*m(b6),I,2,minor,10.0
EDU,14,Casa forte,8,2,2,z3,*m7.11,I,2,minor,11.0
EDU,14,Casa forte,9,2,2,z1.3,*m(b6),I,2,minor,12.0
EDU,14,Casa forte,10,3,3,Z5.1,*6.M7.9,bII7M,2,minor,13.0
EDU,14,Casa forte,11,2,2,z2.1,*m7.9.11,I,2,minor,15.0
EDU,14,Casa forte,12,3,3,Z5.1,*6.M7.9,bII7M,2,minor,17.0
EDU,14,Casa forte,13,2,2,Z5.1,*6.M7.9,I,2,major,19.0
EDU,14,Casa forte,14,0,0,Y1.1,*4.7.9,bVII7,2,major,21.0
EDU,14,Casa forte,15,11,11,Y1.1,*4.7.9,V/II,2,major,23.0
EDU,14,Casa forte,16,0,0,Y1.1,*4.7.9,bVII7,2,major,25.0
EDU,14,Casa forte,17,3,3,Z5.1,*6.M7.9,bII7M,2,minor,27.0
EDU,14,Casa forte,18,2,2,z1.1,*m6.9,I,2,minor,29.0
EDU,15,Canudos,1,2,0,Y0,*7,I,2,major,1.0
EDU,15,Canudos,2,7,11,Y0,*7,IV7,2,major,5.0
EDU,15,Canudos,3,2,0,Y0,*7,I,2,major,7.0
EDU,15,Canudos,4,7,11,Y0,*7,IV7,2,major,13.0
EDU,15,Canudos,5,2,0,Y0,*7,I,2,major,15.0
EDU,15,Canudos,6,2,2,V0,*,I,2,major,17.0
EDU,15,Canudos,7,4,2,Y0,*7,V/V,2,major,19.0
EDU,15,Canudos,8,9,9,Y1.1,*4.7.9,V,2,major,21.0
EDU,15,Canudos,9,9,9,Y2.3,*7(b9),V,2,major,22.0
EDU,15,Canudos,10,2,2,Z2.2,*(#5)M7.9,I,2,major,23.0
EDU,15,Canudos,11,2,2,Z0,*M7,I,2,major,24.0
EDU,15,Canudos,12,2,2,V0,*,I,2,major,25.0
EDU,15,Canudos,13,4,2,Y0,*7,V/V,2,major,27.0
EDU,15,Canudos,14,9,9,Y1.1,*4.7.9,V,2,major,29.0
EDU,15,Canudos,15,9,9,Y2.3,*7(b9),V,2,major,30.0
EDU,15,Canudos,16,2,2,Y4,*7.13,I,2,major,31.0
EDU,15,Canudos,17,0,2,Y4,*7.13,bVII7,2,major,32.0
EDU,15,Canudos,18,2,2,Y4,*7.13,I,2,major,33.0
EDU,15,Canudos,19,6,2,x2.1,*°7.11(b13),?,2,major,34.0
EDU,15,Canudos,20,2,0,Y0,*7,I,2,major,35.0
EDU,16,Canto triste,1,2,2,w1,*mM7.9,I,2,minor,1.0
EDU,16,Canto triste,2,2,2,z2,*m7.9,I,2,minor,2.0
EDU,16,Canto triste,3,2,2,z1,*m6,I,2,minor,2.5
EDU,16,Canto triste,4,7,10,w0,*mM7,IV,2,minor,3.0
EDU,16,Canto triste,5,5,5,Y2.3,*7(b9),V,2,minor,4.0
EDU,16,Canto triste,6,2,2,w1,*mM7.9,I,2,minor,5.0
EDU,16,Canto triste,7,5,8,w0,*mM7,bIIIm7,2,minor,6.0
EDU,16,Canto triste,8,5,8,y0,*Ø,bIIIm7,2,minor,6.5
EDU,16,Canto triste,9,7,7,z0,*m7,IV,2,minor,7.0
EDU,16,Canto triste,10,0,0,Y1.1.3,*4.7(b9),bVII7,2,minor,8.0
EDU,16,Canto triste,11,6,6,z0,*m7,II__X,2,minor,9.0
EDU,16,Canto triste,12,11,11,Y2.3,*7(b9),V/II,2,minor,10.0
EDU,16,Canto triste,13,3,10,Z0,*M7,bII7M,2,minor,11.0
EDU,16,Canto triste,14,3,10,Y0,*7,SubV,2,minor,11.5
EDU,16,Canto triste,15,9,9,Y1,*4.7,V,2,minor,12.0
EDU,16,Canto triste,16,9,9,Y0,*7,V,2,minor,12.5
EDU,16,Canto triste,17,2,2,w1,*mM7.9,I,2,minor,13.0
EDU,16,Canto triste,18,2,5,y0,*Ø,I,2,minor,14.0
EDU,16,Canto triste,19,4,4,Y4,*7.13,V/V,2,minor,15.0
EDU,16,Canto triste,20,4,4,Y4.1,*7(b13),V/V,2,minor,15.5
EDU,16,Canto triste,21,9,9,Y2.3,*7(b9),V,2,minor,16.0
EDU,16,Canto triste,22,2,2,Y1.1,*4.7.9,V/IV,2,minor,17.0
EDU,16,Canto triste,23,2,2,Y2.3,*7(b9),V/IV,2,minor,18.0
EDU,16,Canto triste,24,7,7,w0,*mM7,IV,2,minor,19.0
EDU,16,Canto triste,25,0,0,Y2.3,*7(b9),V/III,2,minor,20.0
EDU,16,Canto triste,26,5,5,Z0,*M7,III,2,minor,21.0
EDU,16,Canto triste,27,10,10,Z0,*M7,VI,2,minor,22.0
EDU,16,Canto triste,28,2,9,v0,*m,I,2,minor,23.0
EDU,16,Canto triste,29,2,11,v0,*m,I,2,minor,24.0
EDU,16,Canto triste,30,2,0,z0,*m7,I,2,minor,25.0
EDU,16,Canto triste,31,10,2,Z0,*M7,VI,2,minor,26.0
EDU,16,Canto triste,32,4,4,y0,*Ø,II,2,minor,27.0
EDU,16,Canto triste,33,9,9,Y2.3,*7(b9),V,2,minor,28.0
EDU,16,Canto triste,34,2,2,w1,*mM7.9,I,2,minor,29.0
EDU,17,Cheganca,1,9,7,Y0,*7,I,9,major,1.0
EDU,17,Cheganca,2,11,7,Y0,*7,V/V,9,major,2.0
EDU,17,Cheganca,3,9,7,Y0,*7,I,9,major,3.0
EDU,17,Cheganca,4,11,7,Y0,*7,V/V,9,major,4.0
EDU,17,Cheganca,5,9,7,Y0,*7,I,9,major,5.0
EDU,17,Cheganca,6,3,3,y0,*Ø,II__X,9,major,6.0
EDU,17,Cheganca,7,8,8,Y4.1,*7(b13),V/III,9,major,6.5
EDU,17,Cheganca,8,1,1,y0,*Ø,II__X,9,major,7.0
EDU,17,Cheganca,9,6,6,Y4.1,*7(b13),V/II,9,major,7.5
EDU,17,Cheganca,10,11,11,z2,*m7.9,II,9,major,8.0
EDU,17,Cheganca,11,4,4,Y4,*7.13,V,9,major,8.5
EDU,17,Cheganca,12,9,9,Z1,*6,I,9,major,9.0
EDU,17,Cheganca,13,11,7,Y0,*7,V/V,9,major,10.0
EDU,17,Cheganca,14,9,7,Y0,*7,I,9,major,11.0
EDU,17,Cheganca,15,11,7,Y0,*7,V/V,9,major,12.0
EDU,17,Cheganca,16,9,9,Z1,*6,I,9,major,13.0
EDU,17,Cheganca,17,9,9,Y1.1,*4.7.9,V/IV,9,major,14.0
EDU,17,Cheganca,18,9,9,Y2.2,*7.9.13,V/IV,9,major,15.0
EDU,17,Cheganca,19,8,8,z0,*m7,II__X,9,major,16.0
EDU,17,Cheganca,20,1,1,Y2.3,*7(b9),V/VI,9,major,17.0
EDU,17,Cheganca,21,6,6,w0,*mM7,VI,9,major,18.0
EDU,17,Cheganca,22,6,6,z0,*m7,VI,9,major,18.5
EDU,17,Cheganca,23,6,4,z0,*m7,VI,9,major,19.0
EDU,17,Cheganca,24,3,3,y0,*Ø,#IVm7(b5),9,major,20.0
EDU,17,Cheganca,25,2,2,Z0,*M7,IV,9,major,20.5
EDU,17,Cheganca,26,4,4,Y2.2.1,*7(b9)13,V,9,major,21.0
EDU,17,Cheganca,27,4,4,Y2.3,*7(b9),V,9,major,21.5
EDU,17,Cheganca,28,9,9,Z1.1,*6.9,I,9,major,22.0
EDU,17,Cheganca,29,4,4,z3,*m7.11,Vm7,9,major,23.0
EDU,17,Cheganca,30,9,9,Z1.1,*6.9,I,9,major,24.0
EDU,17,Cheganca,31,4,4,z3,*m7.11,Vm7,9,major,25.0
EDU,17,Cheganca,32,9,9,Z1.1,*6.9,I,9,major,26.0
EDU,17,Cheganca,33,4,4,z3,*m7.11,Vm7,9,major,27.0
EDU,17,Cheganca,34,9,9,Z1.1,*6.9,I,9,major,28.0
EDU,17,Cheganca,35,11,9,Y0,*7,V/V,9,major,29.0
EDU,17,Cheganca,36,9,7,Y0,*7,I,9,major,30.0
EDU,17,Cheganca,37,11,9,Y0,*7,V/V,9,major,31.0
EDU,17,Cheganca,38,9,7,Y0,*7,I,9,major,32.0
EDU,17,Cheganca,39,7,5,Y0,*7,bVII7,9,major,32.5
EDU,17,Cheganca,40,9,7,Y0,*7,I,9,major,33.0
EDU,18,Choro bandido,1,2,2,w1,*mM7.9,II,0,major,1.0
EDU,18,Choro bandido,2,2,2,z2,*m7.9,II,0,major,1.5
EDU,18,Choro bandido,3,7,7,Y1.1,*4.7.9,V,0,major,2.0
EDU,18,Choro bandido,4,7,7,X0,*(b5)7,V,0,major,2.25
EDU,18,Choro bandido,5,7,7,Y2.2,*7.9.13,V,0,major,2.5
EDU,18,Choro bandido,6,7,7,Y2.2.2.1,*7(#9.b13),V,0,major,2.75
EDU,18,Choro bandido,7,0,0,Z2,*M7.9,I,0,major,3.0
EDU,18,Choro bandido,8,4,4,Y2.3,*7(b9),V/VI,0,major,3.5
EDU,18,Choro bandido,9,9,9,z3,*m7.11,II__X,0,major,4.0
EDU,18,Choro bandido,10,2,2,Y2.1,*7.9(#11),V/V,0,major,4.5
EDU,18,Choro bandido,11,2,2,w1,*mM7.9,II,0,major,5.0
EDU,18,Choro bandido,12,2,2,z2,*m7.9,II,0,major,5.5
EDU,18,Choro bandido,13,7,7,Y1.1,*4.7.9,V,0,major,6.0
EDU,18,Choro bandido,14,7,7,Y2,*7.9,V,0,major,6.5
EDU,18,Choro bandido,15,0,0,Z4,*(#5)M7,I,0,major,7.0
EDU,18,Choro bandido,16,0,0,Z0,*M7,I,0,major,8.0
EDU,18,Choro bandido,17,6,6,z2,*m7.9,II,4,major,9.0
EDU,18,Choro bandido,18,11,11,Y2.2.1,*7(b9)13,V,4,major,10.0
EDU,18,Choro bandido,19,3,3,x1,*°7.9,V°,4,major,11.0
EDU,18,Choro bandido,20,4,4,Z2,*M7.9,I,4,major,12.0
EDU,18,Choro bandido,21,10,10,y0,*Ø,II__X,4,major,13.0
EDU,18,Choro bandido,22,3,3,Y0,*7,V/III,4,major,14.0
EDU,18,Choro bandido,23,9,9,Y2,*7.9,SubV/III,4,major,14.5
EDU,18,Choro bandido,24,8,8,Z0,*M7,IIIM7,4,major,15.0
EDU,18,Choro bandido,25,7,7,W0,*(#5)7,SubV/II,4,major,15.5
EDU,18,Choro bandido,26,6,6,X0,*(b5)7,V/V,4,major,16.0
EDU,18,Choro bandido,27,5,5,Z3,*M7(#11),SubV,4,major,16.5
EDU,18,Choro bandido,28,4,4,Z2,*M7.9,I,4,major,17.0
EDU,18,Choro bandido,29,1,1,w1,*mM7.9,VI,4,major,18.0
EDU,18,Choro bandido,30,1,1,z2,*m7.9,VI,4,major,18.5
EDU,18,Choro bandido,31,9,9,Z0,*M7,IV,4,major,19.0
EDU,18,Choro bandido,32,8,8,Y1.1,*4.7.9,V/VI,4,major,20.0
EDU,18,Choro bandido,33,8,8,Y2,*7.9,V/VI,4,major,20.5
EDU,18,Choro bandido,34,1,1,y0,*Ø,II__X,4,major,21.0
EDU,18,Choro bandido,35,6,6,Y1.1,*4.7.9,V/V,4,major,22.0
EDU,18,Choro bandido,36,6,6,Y2,*7.9,V/V,4,major,22.5
EDU,18,Choro bandido,37,11,11,y0,*Ø,II__X,0,major,23.0
EDU,18,Choro bandido,38,4,4,Y1.1,*4.7.9,V/VI,0,major,24.0
EDU,18,Choro bandido,39,3,3,Y1.1,*4.7.9,SubV/II,0,major,24.5
EDU,18,Choro bandido,40,2,2,w1,*mM7.9,II,0,major,25.0
EDU,18,Choro bandido,41,2,2,z2,*m7.9,II,0,major,25.5
EDU,18,Choro bandido,42,7,7,Y1.1,*4.7.9,V,0,major,26.0
EDU,18,Choro bandido,43,7,7,X0,*(b5)7,V,0,major,26.25
EDU,18,Choro bandido,44,7,7,Y2.2,*7.9.13,V,0,major,26.5
EDU,18,Choro bandido,45,7,7,Y2.2.2.1,*7(#9.b13),V,0,major,26.75
EDU,18,Choro bandido,46,0,0,Z2,*M7.9,I,0,major,27.0
EDU,18,Choro bandido,47,4,4,Y2.3,*7(b9),V/VI,0,major,27.5
EDU,18,Choro bandido,48,9,9,z3,*m7.11,VI,0,major,28.0
EDU,18,Choro bandido,49,2,2,Y3.1,*7(#11)13,V/V,0,major,28.5
EDU,18,Choro bandido,50,3,3,x3,*°7(b13),V°/V,0,major,28.75
EDU,18,Choro bandido,51,7,7,Y1.1,*4.7.9,V,0,major,29.0
EDU,18,Choro bandido,52,5,5,Z0,*M7,IV,0,major,31.0
EDU,18,Choro bandido,53,0,4,V0,*,I,0,major,32.0
EDU,18,Choro bandido,54,2,2,z2,*m7.9,II,0,major,33.0
EDU,18,Choro bandido,55,1,1,Z0,*M7,bII7M,0,major,34.0
EDU,18,Choro bandido,56,0,7,Z1,*6,I,0,major,35.0
EDU,19,Cidade nova,1,7,7,Z5.2,*6.M7(#11),IIIM7,3,major,1.0
EDU,19,Cidade nova,2,10,10,Y1.1.2,*4.7.9.13,V,3,major,2.0
EDU,19,Cidade nova,3,10,10,Y1.1,*4.7.9,V,3,major,3.0
EDU,19,Cidade nova,4,10,10,Y2.3,*7(b9),V,3,major,3.5
EDU,19,Cidade nova,5,3,3,Z2,*M7.9,I,3,major,4.0
EDU,19,Cidade nova,6,3,3,Z2.2,*(#5)M7.9,I,3,major,4.5
EDU,19,Cidade nova,7,3,3,Z2,*M7.9,I,3,major,5.0
EDU,19,Cidade nova,8,3,3,Z2.2,*(#5)M7.9,I,3,major,5.5
EDU,19,Cidade nova,9,0,0,z2,*m7.9,II,10,major,6.0
EDU,19,Cidade nova,10,5,5,Y4,*7.13,V,10,major,7.0
EDU,19,Cidade nova,11,10,10,Z0,*M7,I,10,major,8.0
EDU,19,Cidade nova,12,10,9,Z0,*M7,I,10,major,8.5
EDU,19,Cidade nova,13,7,7,z0,*m7,VI,10,major,9.0
EDU,19,Cidade nova,14,7,5,z0,*m7,VI,10,major,9.5
EDU,19,Cidade nova,15,4,4,z2,*m7.9,II,2,major,10.0
EDU,19,Cidade nova,16,9,9,Y4,*7.13,V,2,major,11.0
EDU,19,Cidade nova,17,9,9,Y4.1,*7(b13),V,2,major,11.5
EDU,19,Cidade nova,18,2,2,Z2,*M7.9,I,2,major,12.0
EDU,19,Cidade nova,19,10,10,Y1.1.2,*4.7.9.13,V,3,major,14.0
EDU,19,Cidade nova,20,10,10,Y1.1,*4.7.9,V,3,major,15.0
EDU,19,Cidade nova,21,10,10,Y2.3,*7(b9),V,3,major,15.5
EDU,19,Cidade nova,22,3,3,Z2,*M7.9,I,3,major,16.0
EDU,19,Cidade nova,23,3,3,Z2.2,*(#5)M7.9,I,3,major,16.5
EDU,19,Cidade nova,24,3,3,Z2,*M7.9,I,3,major,17.0
EDU,19,Cidade nova,25,3,3,Z2.2,*(#5)M7.9,I,3,major,18.0
EDU,19,Cidade nova,26,2,2,z0,*m7,II,0,major,18.5
EDU,19,Cidade nova,27,7,7,Y4,*7.13,V,0,major,19.0
EDU,19,Cidade nova,28,1,1,Y2.4,*7(#9),SubV,0,major,21.0
EDU,19,Cidade nova,29,0,0,Z2,*M7.9,I,0,major,22.0
EDU,19,Cidade nova,30,10,10,Y1.1,*4.7.9,V,3,major,22.5
EDU,19,Cidade nova,31,3,3,Z2,*M7.9,I,3,major,23.0
EDU,19,Cidade nova,32,3,3,Z2.2,*(#5)M7.9,I,3,major,23.5
EDU,19,Cidade nova,33,3,3,Z2,*M7.9,I,3,major,24.0
EDU,19,Cidade nova,34,7,7,Z5.2,*6.M7(#11),IIIM7,3,major,25.0
EDU,19,Cidade nova,35,10,10,Y1.1,*4.7.9,V,3,major,27.0
EDU,19,Cidade nova,36,10,10,Y4,*7.13,V,3,major,28.0
EDU,19,Cidade nova,37,10,10,z1,*m6,II,8,major,29.0
EDU,19,Cidade nova,38,8,8,Z0,*M7,I,8,major,30.0
EDU,19,Cidade nova,39,8,8,Z1,*6,I,8,major,30.5
EDU,19,Cidade nova,40,8,8,z1,*m6,II,6,major,31.0
EDU,19,Cidade nova,41,6,6,Z0,*M7,I,6,major,32.0
EDU,19,Cidade nova,42,6,6,Z1,*6,I,6,major,32.5
EDU,19,Cidade nova,43,6,6,z1,*m6,II,4,major,35.0
EDU,19,Cidade nova,44,4,4,Z4,*(#5)M7,I,4,major,36.0
EDU,19,Cidade nova,45,10,10,Y1.1,*4.7.9,V,3,major,37.0
EDU,19,Cidade nova,46,3,3,Z2,*M7.9,I,3,major,38.0
EDU,19,Cidade nova,47,3,3,Z2.2,*(#5)M7.9,I,3,major,38.5
EDU,19,Cidade nova,48,3,3,Z2,*M7.9,I,3,major,39.0
EDU,19,Cidade nova,49,7,7,Z5.2,*6.M7(#11),IIIM7,3,major,40.0
EDU,19,Cidade nova,50,10,10,Y1.1.2,*4.7.9.13,V,3,major,41.0
EDU,19,Cidade nova,51,10,10,Y2,*7.9,V,3,major,42.0
EDU,19,Cidade nova,52,7,7,Z5.2,*6.M7(#11),IIIM7,3,major,43.0
EDU,20,Considerando,1,2,2,Z0,*M7,I,2,major,1.0
EDU,20,Considerando,2,2,2,Y1.1,*4.7.9,V/IV,2,major,3.0
EDU,20,Considerando,3,2,2,Y2,*7.9,V/IV,2,major,4.5
EDU,20,Considerando,4,2,2,Y2.3,*7(b9),V/IV,2,major,4.75
EDU,20,Considerando,5,1,1,y0,*Ø,II__X,2,major,5.0
EDU,20,Considerando,6,6,6,X0,*(b5)7,V/VI,2,major,6.0
EDU,20,Considerando,7,6,6,Y4.1,*7(b13),V/VI,2,major,6.5
EDU,20,Considerando,8,11,11,w0,*mM7,VI,2,major,7.0
EDU,20,Considerando,9,11,11,z0,*m7,VI,2,major,7.5
EDU,20,Considerando,10,1,1,z2,*m7.9,II__X,2,major,8.0
EDU,20,Considerando,11,0,0,Y2.1,*7.9(#11),SubV/VI,2,major,8.5
EDU,20,Considerando,12,11,11,z2,*m7.9,II__X,2,major,9.0
EDU,20,Considerando,13,4,4,Y1,*4.7,V/V,2,major,10.0
EDU,20,Considerando,14,4,4,W0,*(#5)7,V/V,2,major,10.5
EDU,20,Considerando,15,9,9,V1,*4,V,2,major,11.0
EDU,20,Considerando,16,1,1,Y2.3,*7(b9),V/III,2,major,11.5
EDU,20,Considerando,17,6,6,w0,*mM7,VI,2,major,12.0
EDU,20,Considerando,18,3,3,y1,*Ø.9,II,1,major,13.0
EDU,20,Considerando,19,8,8,Y4,*7.13,V,1,major,14.0
EDU,20,Considerando,20,8,8,Y4,*7.13,V,1,major,14.5
EDU,20,Considerando,21,1,1,Z2,*M7.9,I,1,major,15.0
EDU,20,Considerando,22,9,9,Y1.1,*4.7.9,V,2,major,16.0
EDU,20,Considerando,23,9,9,Y4,*7.13,V,2,major,16.5
EDU,20,Considerando,24,9,9,z2,*m7.9,II__X,2,major,17.0
EDU,20,Considerando,25,2,2,Y2,*7.9,V/IV,2,major,18.0
EDU,20,Considerando,26,2,2,Y2.3,*7(b9),V/IV,2,major,18.5
EDU,20,Considerando,27,7,7,Z4,*(#5)M7,IV,2,major,19.0
EDU,20,Considerando,28,5,5,Y4,*7.13,SubV/II,2,major,19.5
EDU,20,Considerando,29,4,4,w1,*mM7.9,II,2,major,20.0
EDU,20,Considerando,30,4,4,z2,*m7.9,II,2,major,20.5
EDU,20,Considerando,31,6,6,y0,*Ø,II__X,2,major,21.0
EDU,20,Considerando,32,11,11,Y2.3,*7(b9),V/II,2,major,22.0
EDU,20,Considerando,33,4,4,Y2,*7.9,V/V,2,major,23.0
EDU,20,Considerando,34,4,4,z2,*m7.9,II,2,major,24.0
EDU,20,Considerando,35,9,9,Y4.1,*7(b13),V,2,major,24.5
EDU,20,Considerando,36,2,2,Z0,*M7,I,2,major,25.0
EDU,20,Considerando,37,2,2,Y1.1,*4.7.9,V/IV,2,major,27.0
EDU,20,Considerando,38,2,2,Y2,*7.9,V/IV,2,major,28.5
EDU,20,Considerando,39,2,2,Y2.3,*7(b9),V/IV,2,major,28.75
EDU,20,Considerando,40,1,1,y0,*Ø,II__X,2,major,29.0
EDU,20,Considerando,41,6,6,X0,*(b5)7,V/VI,2,major,30.0
EDU,20,Considerando,42,6,6,Y4.1,*7(b13),V/VI,2,major,30.5
EDU,20,Considerando,43,11,11,w0,*mM7,VI,2,major,31.0
EDU,20,Considerando,44,11,11,z0,*m7,VI,2,major,31.5
EDU,20,Considerando,45,9,9,z3,*m7.11,II__X,2,major,32.0
EDU,20,Considerando,46,8,8,Y3,*7(#11),SubV/IV,2,major,32.5
EDU,20,Considerando,47,8,8,y0,*Ø,II,6,minor,33.0
EDU,20,Considerando,48,1,1,Y2.3,*7(b9),V,6,minor,34.0
EDU,20,Considerando,49,8,8,y0,*Ø,II,5,minor,35.0
EDU,20,Considerando,50,0,0,Y2.3,*7(b9),V,5,minor,36.0
EDU,20,Considerando,51,5,5,z0,*m7,II,3,major,37.0
EDU,20,Considerando,52,7,7,z0,*m7,III,3,major,37.5
EDU,20,Considerando,53,8,8,Z0,*M7,IV,3,major,38.0
EDU,20,Considerando,54,9,9,y0,*Ø,#IVm7(b5),3,major,38.5
EDU,20,Considerando,55,10,10,Y1.1,*4.7.9,V,3,major,39.0
EDU,20,Considerando,56,10,10,Y2,*7.9,V,3,major,39.5
EDU,20,Considerando,57,9,9,y0,*Ø,II__X,2,major,40.0
EDU,20,Considerando,58,2,2,Y2.3,*7(b9),V/IV,2,major,41.0
EDU,20,Considerando,59,8,8,Y3,*7(#11),SubV/IV,2,major,41.5
EDU,20,Considerando,60,8,8,y0,*Ø,#IVm7(b5),2,major,42.0
EDU,20,Considerando,61,1,1,Y2.3,*7(b9),V/III,2,major,43.0
EDU,20,Considerando,62,7,7,Y3,*7(#11),SubV/III,2,major,43.5
EDU,20,Considerando,63,6,6,z0,*m7,II,4,major,44.0
EDU,20,Considerando,64,8,8,z0,*m7,III,4,major,44.5
EDU,20,Considerando,65,9,9,Z0,*M7,IV,4,major,45.0
EDU,20,Considerando,66,10,10,y0,*Ø,#IVm7(b5),4,major,45.25
EDU,20,Considerando,67,11,11,Y1.1,*4.7.9,V,4,major,45.5
EDU,20,Considerando,68,11,11,Y2,*7.9,V,4,major,45.75
EDU,20,Considerando,69,4,4,Z2,*M7.9,I,4,major,46.0
EDU,21,Corrida de jangada,1,6,6,z0,*m7,II,4,major,1.0
EDU,21,Corrida de jangada,2,11,9,Y0,*7,V,4,major,1.5
EDU,21,Corrida de jangada,3,4,8,V0,*,I,4,major,2.0
EDU,21,Corrida de jangada,4,7,7,x0,*°7,bIII°,4,major,2.5
EDU,21,Corrida de jangada,5,6,6,z0,*m7,II,4,major,3.0
EDU,21,Corrida de jangada,6,11,9,Y0,*7,V,4,major,3.5
EDU,21,Corrida de jangada,7,11,11,z0,*m7,II__X,4,major,4.0
EDU,21,Corrida de jangada,8,4,4,Y0,*7,V/IV,4,major,4.5
EDU,21,Corrida de jangada,9,10,10,y0,*Ø,#IVm7(b5),4,major,5.0
EDU,21,Corrida de jangada,10,9,9,z1,*m6,IVm7,4,major,5.5
EDU,21,Corrida de jangada,11,8,8,Y4.1,*7(b13),V/VI,4,major,6.0
EDU,21,Corrida de jangada,12,1,1,Y2.4,*7(#9),V/II,4,major,6.5
EDU,21,Corrida de jangada,13,6,6,Y4,*7.13,V/V,4,major,7.0
EDU,21,Corrida de jangada,14,11,11,Y2.3,*7(b9),V,4,major,7.5
EDU,21,Corrida de jangada,15,4,4,V0,*,I,4,major,8.0
EDU,21,Corrida de jangada,16,7,7,x0,*°7,bIII°,4,major,8.5
EDU,21,Corrida de jangada,17,6,6,z0,*m7,II,4,major,9.0
EDU,21,Corrida de jangada,18,11,9,Y0,*7,V,4,major,9.5
EDU,21,Corrida de jangada,19,4,8,V0,*,I,4,major,10.0
EDU,21,Corrida de jangada,20,7,7,x0,*°7,bIII°,4,major,10.5
EDU,21,Corrida de jangada,21,6,6,z0,*m7,II,4,major,11.0
EDU,21,Corrida de jangada,22,11,9,Y0,*7,V,4,major,11.5
EDU,21,Corrida de jangada,23,4,4,Z2,*M7.9,I,4,major,12.0
EDU,21,Corrida de jangada,24,1,1,X0,*(b5)7,V/II,4,major,12.5
EDU,21,Corrida de jangada,25,6,6,z0,*m7,II,4,major,13.0
EDU,21,Corrida de jangada,26,5,5,Y2.4,*7(#9),SubV,4,major,13.5
EDU,21,Corrida de jangada,27,8,8,Y4,*7.13,V/VI,4,major,14.0
EDU,21,Corrida de jangada,28,1,1,Y2.4,*7(#9),V/II,4,major,14.5
EDU,21,Corrida de jangada,29,6,6,Y4,*7.13,V/V,4,major,15.0
EDU,21,Corrida de jangada,30,11,11,Y2.3,*7(b9),V,4,major,15.5
EDU,21,Corrida de jangada,31,4,4,V0,*,I,4,major,16.0
EDU,21,Corrida de jangada,32,6,10,V0,*,V/V,4,major,17.0
EDU,21,Corrida de jangada,33,9,9,x0,*°7,V°/VI,4,major,17.5
EDU,21,Corrida de jangada,34,1,1,z0,*m7,VI,4,major,18.0
EDU,21,Corrida de jangada,35,4,8,V0,*,I,4,major,19.0
EDU,21,Corrida de jangada,36,7,7,x0,*°7,V°/V,4,major,19.5
EDU,21,Corrida de jangada,37,11,11,z0,*m7,Vm7,4,major,20.0
EDU,21,Corrida de jangada,38,9,1,V0,*,IV,4,major,21.0
EDU,21,Corrida de jangada,39,2,0,Y0,*7,bVII7,4,major,21.5
EDU,21,Corrida de jangada,40,4,4,V0,*,I,4,major,22.0
EDU,21,Corrida de jangada,41,4,2,Y0,*7,V/IV,4,major,23.0
EDU,21,Corrida de jangada,42,11,6,V0,*,V,4,major,24.0
EDU,21,Corrida de jangada,43,0,11,Z0,*M7,bVI7M,4,major,25.0
EDU,21,Corrida de jangada,44,1,11,Y0,*7,V/II,4,major,26.0
EDU,21,Corrida de jangada,45,11,11,z0,*m7,Vm7,4,major,27.0
EDU,21,Corrida de jangada,46,11,11,Y1.1.3,*4.7(b9),V,4,major,28.0
EDU,21,Corrida de jangada,47,4,4,V0,*,I,4,major,30.0
EDU,22,Corrupiao,1,2,2,Y0,*7,I,2,major,1.0
EDU,22,Corrupiao,2,7,2,Y0,*7,IV7,2,major,1.5
EDU,22,Corrupiao,3,4,2,y0,*Ø,II,2,major,2.0
EDU,22,Corrupiao,4,9,2,y0,*Ø,Vm7,2,major,2.5
EDU,22,Corrupiao,5,2,2,Y0,*7,I,2,major,3.0
EDU,22,Corrupiao,6,7,2,Y0,*7,IV7,2,major,3.5
EDU,22,Corrupiao,7,4,2,y0,*Ø,II,2,major,4.0
EDU,22,Corrupiao,8,9,2,y0,*Ø,Vm7,2,major,4.5
EDU,22,Corrupiao,9,2,2,Y0,*7,I,2,major,5.0
EDU,22,Corrupiao,10,7,2,Y0,*7,IV7,2,major,5.5
EDU,22,Corrupiao,11,4,2,y0,*Ø,II,2,major,6.0
EDU,22,Corrupiao,12,9,2,y0,*Ø,Vm7,2,major,6.5
EDU,22,Corrupiao,13,2,2,Y0,*7,I,2,major,7.0
EDU,22,Corrupiao,14,7,2,Y0,*7,IV7,2,major,7.5
EDU,22,Corrupiao,15,4,2,y0,*Ø,II,2,major,8.0
EDU,22,Corrupiao,16,9,2,y0,*Ø,Vm7,2,major,8.5
EDU,22,Corrupiao,17,7,7,Z2,*M7.9,IV7,2,major,9.0
EDU,22,Corrupiao,18,4,4,Y2,*7.9,V/V,2,major,13.0
EDU,22,Corrupiao,19,9,9,Y2,*7.9,V,2,major,15.0
EDU,22,Corrupiao,20,2,2,Y0,*7,I,2,major,16.0
EDU,22,Corrupiao,21,7,2,Y0,*7,IV7,2,major,16.5
EDU,22,Corrupiao,22,4,2,y0,*Ø,II,2,major,17.0
EDU,22,Corrupiao,23,9,2,y0,*Ø,Vm7,2,major,17.5
EDU,22,Corrupiao,24,2,2,Y0,*7,I,2,major,18.0
EDU,22,Corrupiao,25,7,2,Y0,*7,IV7,2,major,18.5
EDU,22,Corrupiao,26,4,2,y0,*Ø,II,2,major,19.0
EDU,22,Corrupiao,27,9,2,y0,*Ø,Vm7,2,major,19.5
EDU,22,Corrupiao,28,2,2,Y0,*7,I,2,major,20.0
EDU,23,Descompassado,1,9,9,V1,*4,I,9,major,1.0
EDU,23,Descompassado,2,8,8,y2,*Ø.11,II__X,9,major,2.0
EDU,23,Descompassado,3,1,1,Y2.4,*7(#9),V/VI,9,major,2.5
EDU,23,Descompassado,4,7,7,Y3,*7(#11),SubV/VI,9,major,2.75
EDU,23,Descompassado,5,6,6,w0,*mM7,VI,9,major,3.0
EDU,23,Descompassado,6,6,6,z0,*m7,VI,9,major,3.5
EDU,23,Descompassado,7,3,3,y1,*Ø.9,II__X,9,major,4.0
EDU,23,Descompassado,8,8,8,W2.2,*(#5)7(#9),V/III,9,major,4.5
EDU,23,Descompassado,9,1,1,Z2,*M7.9,IIIM7,9,major,5.0
EDU,23,Descompassado,10,6,6,Y2.2.1.1,*7(b9.b13),V/II,9,major,6.0
EDU,23,Descompassado,11,11,11,Y4,*7.13,V/V,9,major,7.0
EDU,23,Descompassado,12,11,11,Y4.1,*7(b13),V/V,9,major,7.5
EDU,23,Descompassado,13,4,4,Y1.1,*4.7.9,V,9,major,8.0
EDU,23,Descompassado,14,4,4,Y2.3,*7(b9),V,9,major,8.5
EDU,23,Descompassado,15,9,9,V1,*4,I,9,major,9.0
EDU,23,Descompassado,16,8,8,y2,*Ø.11,II__X,9,major,10.0
EDU,23,Descompassado,17,1,1,Y2.4,*7(#9),V/VI,9,major,10.5
EDU,23,Descompassado,18,6,6,w0,*mM7,VI,9,major,11.0
EDU,23,Descompassado,19,6,6,z0,*m7,VI,9,major,11.5
EDU,23,Descompassado,20,3,3,y1,*Ø.9,II__X,9,major,12.0
EDU,23,Descompassado,21,8,8,W2.2,*(#5)7(#9),V/III,9,major,12.5
EDU,23,Descompassado,22,1,1,Z2,*M7.9,IIIM7,9,major,13.0
EDU,23,Descompassado,23,9,9,Y1.1,*4.7.9,V/IV,9,major,14.0
EDU,23,Descompassado,24,9,9,Y2.3,*7(b9),V/IV,9,major,14.5
EDU,23,Descompassado,25,9,9,z2,*m7.9,Im7,9,major,15.0
EDU,23,Descompassado,26,8,8,W2.2,*(#5)7(#9),V/III,9,major,16.0
EDU,23,Descompassado,27,2,2,Y2.3,*7(b9),IV7,9,major,16.5
EDU,23,Descompassado,28,8,8,y0,*Ø,VII,9,major,17.0
EDU,23,Descompassado,29,7,7,z1,*m6,bVIIm7,9,major,18.0
EDU,23,Descompassado,30,2,6,V0,*,IV,9,major,19.0
EDU,23,Descompassado,31,10,10,Y1.1,*4.7.9,SubV,9,major,20.0
EDU,23,Descompassado,32,9,9,Y1.1,*4.7.9,V/IV,9,major,21.0
EDU,23,Descompassado,33,9,9,Y2.2.1,*7(b9)13,V/IV,9,major,22.0
EDU,23,Descompassado,34,7,7,Z3,*M7(#11),bVII7M,9,major,23.0
EDU,23,Descompassado,35,6,6,Y2.2.1,*7(b9)13,V/II,9,major,24.0
EDU,23,Descompassado,36,6,6,Y4,*7.13,V/II,9,major,24.5
EDU,23,Descompassado,37,11,11,Y4,*7.13,V/V,9,major,25.0
EDU,23,Descompassado,38,11,11,Y4.1,*7(b13),V/V,9,major,26.0
EDU,23,Descompassado,39,4,4,Y1.1,*4.7.9,V,9,major,27.0
EDU,23,Descompassado,40,4,4,Y2.3,*7(b9),V,9,major,28.0
EDU,23,Descompassado,41,9,9,x0,*°7,I°,9,major,29.0
EDU,23,Descompassado,42,9,9,x4,*°7.14,I°,9,major,30.0
EDU,23,Descompassado,43,9,9,Z5.1,*6.M7.9,I,9,major,31.0
EDU,24,Dono do lugar,1,0,0,z2,*m7.9,I,0,minor,1.0
EDU,24,Dono do lugar,2,8,0,Y3,*7(#11),SubV/V,0,minor,3.0
EDU,24,Dono do lugar,3,5,0,z1,*m6,IV,0,minor,5.0
EDU,24,Dono do lugar,4,11,11,x0,*°7,V°,0,minor,6.0
EDU,24,Dono do lugar,5,7,7,Y2.2.1.1,*7(b9.b13),V,0,minor,6.5
EDU,24,Dono do lugar,6,0,0,z2,*m7.9,I,0,minor,7.0
EDU,24,Dono do lugar,7,7,7,z2.1,*m7.9.11,II__X,0,minor,8.0
EDU,24,Dono do lugar,8,0,0,X2.1,*(b5)7(b9),V/IV,0,minor,9.0
EDU,24,Dono do lugar,9,5,5,w0,*mM7,IV,0,minor,10.0
EDU,24,Dono do lugar,10,5,5,z0,*m7,IV,0,minor,10.5
EDU,24,Dono do lugar,11,8,8,z1.1,*m6.9,bVIm7,0,minor,11.0
EDU,24,Dono do lugar,12,7,7,Y2.2.2.1,*7(#9.b13),V,0,minor,11.5
EDU,24,Dono do lugar,13,0,0,z2,*m7.9,I,0,minor,12.0
EDU,24,Dono do lugar,14,8,0,Y3,*7(#11),SubV/V,0,minor,12.5
EDU,24,Dono do lugar,15,5,0,z1,*m6,IV,0,minor,13.0
EDU,24,Dono do lugar,16,11,11,x0,*°7,V°,0,minor,13.5
EDU,24,Dono do lugar,17,3,6,z1.2,*m6.11,bIIIm7,0,minor,14.0
EDU,24,Dono do lugar,18,5,5,z1.1,*m6.9,IV,0,minor,15.0
EDU,24,Dono do lugar,19,4,4,Y2.2.2.1,*7(#9.b13),V,9,minor,15.5
EDU,24,Dono do lugar,20,9,9,z2,*m7.9,I,9,minor,16.0
EDU,24,Dono do lugar,21,9,7,z2,*m7.9,I,9,minor,17.0
EDU,24,Dono do lugar,22,2,5,z1.2,*m6.11,IV,9,minor,18.0
EDU,24,Dono do lugar,23,4,4,Y1,*4.7,V,9,minor,20.0
EDU,24,Dono do lugar,24,4,4,Y2.3,*7(b9),V,9,minor,21.0
EDU,24,Dono do lugar,25,9,9,z2,*m7.9,I,9,minor,22.0
EDU,24,Dono do lugar,26,9,9,Y1.1,*4.7.9,V/IV,9,minor,23.0
EDU,24,Dono do lugar,27,9,9,Y2.2.1.1,*7(b9.b13),V/IV,9,minor,24.0
EDU,24,Dono do lugar,28,9,7,Y0,*7,V/IV,9,minor,24.5
EDU,24,Dono do lugar,29,1,5,V3,*(#11),bII7M,0,minor,25.0
EDU,24,Dono do lugar,30,0,0,z2,*m7.9,I,0,minor,27.0
EDU,24,Dono do lugar,31,8,0,Y3,*7(#11),SubV/V,0,minor,27.5
EDU,24,Dono do lugar,32,5,0,z1,*m6,IV,0,minor,28.0
EDU,24,Dono do lugar,33,11,11,x0,*°7,V°,0,minor,28.5
EDU,24,Dono do lugar,34,3,6,z1.1.1,*m6.9.11,bIIIm7,0,minor,29.0
EDU,24,Dono do lugar,35,5,5,z1.1,*m6.9,IV,0,minor,30.0
EDU,24,Dono do lugar,36,0,0,z2,*m7.9,I,0,minor,31.0
EDU,25,Dos navegantes,1,2,2,V2.1,*9(#11),I,2,major,1.0
EDU,25,Dos navegantes,2,9,1,V0,*,V,2,major,1.5
EDU,25,Dos navegantes,3,11,11,z0,*m7,VI,2,major,2.0
EDU,25,Dos navegantes,4,11,9,z0,*m7,VI,2,major,2.5
EDU,25,Dos navegantes,5,9,9,Y1.1,*4.7.9,V,2,major,3.0
EDU,25,Dos navegantes,6,9,9,Y2.1,*7.9(#11),V,2,major,3.5
EDU,25,Dos navegantes,7,9,9,Y1.1,*4.7.9,V,2,major,4.0
EDU,25,Dos navegantes,8,2,2,V2.1,*9(#11),I,2,major,5.0
EDU,25,Dos navegantes,9,9,1,V0,*,V,2,major,5.5
EDU,25,Dos navegantes,10,11,11,z0,*m7,VI,2,major,6.0
EDU,25,Dos navegantes,11,11,9,z0,*m7,VI,2,major,6.5
EDU,25,Dos navegantes,12,9,9,Y1.1,*4.7.9,V,2,major,7.0
EDU,25,Dos navegantes,13,9,9,Y2.1,*7.9(#11),V,2,major,7.5
EDU,25,Dos navegantes,14,9,9,Y1.1,*4.7.9,V,2,major,8.0
EDU,25,Dos navegantes,15,9,9,Y2,*7.9,V,2,major,8.5
EDU,25,Dos navegantes,16,2,2,Y1.1,*4.7.9,V/IV,2,major,9.0
EDU,25,Dos navegantes,17,2,2,Y2,*7.9,V/IV,2,major,10.0
EDU,25,Dos navegantes,18,2,2,Y2.2.1,*7(b9)13,V/IV,2,major,10.5
EDU,25,Dos navegantes,19,7,7,Z2.2,*(#5)M7.9,IV,2,major,11.0
EDU,25,Dos navegantes,20,0,0,Y2,*7.9,bVII7,2,major,12.0
EDU,25,Dos navegantes,21,6,6,Y4,*7.13,V/VI,2,major,13.0
EDU,25,Dos navegantes,22,6,6,Y4.1,*7(b13),V/VI,2,major,13.5
EDU,25,Dos navegantes,23,11,11,Y2,*7.9,V/II,2,major,14.0
EDU,25,Dos navegantes,24,11,11,Y2.3,*7(b9),V/II,2,major,14.5
EDU,25,Dos navegantes,25,4,4,Y4,*7.13,V/V,2,major,15.0
EDU,25,Dos navegantes,26,4,4,Y2,*7.9,V/V,2,major,16.0
EDU,25,Dos navegantes,27,9,9,Y1.1,*4.7.9,V,2,major,17.0
EDU,25,Dos navegantes,28,9,9,Y2.3,*7(b9),V,2,major,18.0
EDU,25,Dos navegantes,29,2,2,V2.1,*9(#11),I,2,major,19.0
EDU,25,Dos navegantes,30,1,1,z2,*m7.9,II,11,major,21.0
EDU,25,Dos navegantes,31,6,6,Y4,*7.13,V,11,major,22.0
EDU,25,Dos navegantes,32,6,6,Y4.1,*7(b13),V,11,major,22.5
EDU,25,Dos navegantes,33,11,11,Z2,*M7.9,I,11,major,23.0
EDU,25,Dos navegantes,34,0,0,z2,*m7.9,II,10,major,25.0
EDU,25,Dos navegantes,35,5,5,Y4,*7.13,V,10,major,26.0
EDU,25,Dos navegantes,36,5,5,Y4.1,*7(b13),V,10,major,26.5
EDU,25,Dos navegantes,37,10,10,Z2,*M7.9,I,10,major,27.0
EDU,25,Dos navegantes,38,9,9,Y1.1,*4.7.9,V,2,major,28.0
EDU,25,Dos navegantes,39,2,2,V2.1,*9(#11),I,2,major,29.0
EDU,26,Frevo diabo,1,7,7,Z0,*M7,I,7,major,1.0
EDU,26,Frevo diabo,2,6,6,z2,*m7.9,VIIm7,7,major,1.5
EDU,26,Frevo diabo,3,5,5,Y2,*7.9,SubV/VI,7,major,2.0
EDU,26,Frevo diabo,4,4,4,Y2.3,*7(b9),V/II,7,major,2.5
EDU,26,Frevo diabo,5,9,9,Y1.1,*4.7.9,V/V,7,major,3.0
EDU,26,Frevo diabo,6,9,9,Y4,*7.13,V/V,7,major,4.0
EDU,26,Frevo diabo,7,2,2,Y1.1,*4.7.9,V,7,major,5.0
EDU,26,Frevo diabo,8,2,2,Y2,*7.9,V,7,major,6.0
EDU,26,Frevo diabo,9,7,7,Z0,*M7,I,7,major,7.0
EDU,26,Frevo diabo,10,2,2,Y2,*7.9,V,7,major,8.0
EDU,26,Frevo diabo,11,7,7,Z0,*M7,I,7,major,9.0
EDU,26,Frevo diabo,12,0,0,Z0,*M7,IV,7,major,9.5
EDU,26,Frevo diabo,13,1,1,y0,*Ø,II__X,7,major,10.0
EDU,26,Frevo diabo,14,6,6,Y2.3,*7(b9),V/III,7,major,10.5
EDU,26,Frevo diabo,15,11,11,w0,*mM7,III,7,major,11.0
EDU,26,Frevo diabo,16,11,11,z0,*m7,III,7,major,12.0
EDU,26,Frevo diabo,17,1,1,y0,*Ø,II__X,7,major,13.0
EDU,26,Frevo diabo,18,6,6,Y0,*7,V/III,7,major,14.0
EDU,26,Frevo diabo,19,9,9,z0,*m7,II,7,major,15.0
EDU,26,Frevo diabo,20,2,2,Y2,*7.9,V,7,major,16.0
EDU,26,Frevo diabo,21,7,7,Z0,*M7,I,7,major,17.0
EDU,26,Frevo diabo,22,6,6,z2,*m7.9,VIIm7,7,major,17.5
EDU,26,Frevo diabo,23,5,5,Y2,*7.9,SubV/VI,7,major,18.0
EDU,26,Frevo diabo,24,4,4,Y2.3,*7(b9),V/II,7,major,18.5
EDU,26,Frevo diabo,25,9,9,Y1.1,*4.7.9,V/V,7,major,19.0
EDU,26,Frevo diabo,26,9,9,Y4,*7.13,V/V,7,major,20.0
EDU,26,Frevo diabo,27,2,2,Y1.1,*4.7.9,V,7,major,21.0
EDU,26,Frevo diabo,28,2,2,Y2,*7.9,V,7,major,22.0
EDU,26,Frevo diabo,29,7,7,Y1.1,*4.7.9,V/IV,7,major,23.0
EDU,26,Frevo diabo,30,7,7,Y4,*7.13,V/IV,7,major,24.0
EDU,26,Frevo diabo,31,1,1,x0,*°7,V°/III,7,major,25.0
EDU,26,Frevo diabo,32,11,11,z0,*m7,II__X,7,major,27.0
EDU,26,Frevo diabo,33,4,4,Y2,*7.9,V/II,7,major,28.0
EDU,26,Frevo diabo,34,9,9,Y1.3,*4.7.13,V/V,7,major,29.0
EDU,26,Frevo diabo,35,3,3,Y2,*7.9,SubV/V,7,major,29.5
EDU,26,Frevo diabo,36,2,2,Y1.1,*4.7.9,V,7,major,30.0
EDU,26,Frevo diabo,37,2,2,Y2,*7.9,V,7,major,30.5
EDU,26,Frevo diabo,38,7,7,Z0,*M7,I,7,major,31.0
EDU,26,Frevo diabo,39,7,7,Z1,*6,I,7,major,31.5
EDU,26,Frevo diabo,40,7,7,V1,*4,I,7,major,32.0
EDU,26,Frevo diabo,41,1,1,x0,*°7,V°/III,7,major,33.0
EDU,26,Frevo diabo,42,11,11,Y4,*7.13,V/VI,7,major,35.0
EDU,26,Frevo diabo,43,5,5,Y1.1,*4.7.9,SubV/VI,7,major,35.5
EDU,26,Frevo diabo,44,4,4,Y1.1,*4.7.9,V/II,7,major,36.0
EDU,26,Frevo diabo,45,4,4,Y2.3,*7(b9),V/II,7,major,36.5
EDU,26,Frevo diabo,46,9,9,Y4,*7.13,V/V,7,major,37.0
EDU,26,Frevo diabo,47,3,3,Y2,*7.9,SubV/V,7,major,37.5
EDU,26,Frevo diabo,48,2,2,Y1.1,*4.7.9,V,7,major,38.0
EDU,26,Frevo diabo,49,2,2,Y2,*7.9,V,7,major,38.5
EDU,26,Frevo diabo,50,7,7,Z0,*M7,I,7,major,39.0
EDU,26,Frevo diabo,51,7,7,Z1,*6,I,7,major,40.0
EDU,27,Lero-lero,1,0,0,z3,*m7.11,I,0,minor,1.0
EDU,27,Lero-lero,2,0,0,z0,*m7,I,0,minor,9.0
EDU,27,Lero-lero,3,0,10,z0,*m7,I,0,minor,9.5
EDU,27,Lero-lero,4,8,8,Z1,*6,VI,0,minor,10.0
EDU,27,Lero-lero,5,8,7,Z5,*6.M7,VI,0,minor,10.5
EDU,27,Lero-lero,6,6,6,Z1,*6,SubV/IV,0,minor,11.0
EDU,27,Lero-lero,7,5,5,Y0,*7,IV7,0,minor,11.25
EDU,27,Lero-lero,8,7,7,Y2.3,*7(b9),V,0,minor,11.5
EDU,27,Lero-lero,9,0,0,z3,*m7.11,I,0,minor,12.0
EDU,27,Lero-lero,10,5,5,Y4,*7.13,IV7,0,minor,13.0
EDU,27,Lero-lero,11,3,3,Y4,*7.13,SubV/II,0,minor,16.0
EDU,27,Lero-lero,12,2,2,Y2.4,*7(#9),V/V,0,minor,17.0
EDU,27,Lero-lero,13,8,8,Y3.1,*7(#11)13,SubV/V,0,minor,19.0
EDU,27,Lero-lero,14,7,7,Y2.3,*7(b9),V,0,minor,20.0
EDU,27,Lero-lero,15,1,1,Y3,*7(#11),SubV,0,minor,20.5
EDU,27,Lero-lero,16,0,0,z3,*m7.11,I,0,minor,21.0
EDU,28,Meia-noite,1,7,7,v1,*m.9,I,7,minor,1.0
EDU,28,Meia-noite,2,8,8,Y3.1,*7(#11)13,SubV,7,minor,1.5
EDU,28,Meia-noite,3,7,7,z1.1,*m6.9,I,7,minor,2.0
EDU,28,Meia-noite,4,3,6,z1,*m6,bVIm7,7,minor,2.5
EDU,28,Meia-noite,5,10,5,V0,*,III,7,minor,3.0
EDU,28,Meia-noite,6,4,4,Y2.1.3,*7(#9.#11),V/II,7,minor,3.5
EDU,28,Meia-noite,7,3,3,Y2,*7.9,SubV/V,7,minor,4.0
EDU,28,Meia-noite,8,2,2,Y2.1,*7.9(#11),V,7,minor,4.5
EDU,28,Meia-noite,9,7,7,v1,*m.9,I,7,minor,5.0
EDU,28,Meia-noite,10,8,8,Y3.1,*7(#11)13,SubV,7,minor,5.5
EDU,28,Meia-noite,11,7,7,z1.1,*m6.9,I,7,minor,6.0
EDU,28,Meia-noite,12,3,6,z1,*m6,bVIm7,7,minor,6.5
EDU,28,Meia-noite,13,10,5,V0,*,III,7,minor,7.0
EDU,28,Meia-noite,14,4,4,Y2.1.3,*7(#9.#11),V/II,7,minor,7.5
EDU,28,Meia-noite,15,3,3,Z2,*M7.9,VI,7,minor,8.0
EDU,28,Meia-noite,16,2,2,Y2.2.1.1,*7(b9.b13),V,7,minor,8.5
EDU,28,Meia-noite,17,7,7,v0,*m,I,7,minor,9.0
EDU,28,Meia-noite,18,3,1,Y2,*7.9,SubV/V,7,minor,10.0
EDU,28,Meia-noite,19,7,11,Y0,*7,V/IV,7,minor,10.5
EDU,28,Meia-noite,20,0,0,v0,*m,IV,7,minor,11.0
EDU,28,Meia-noite,21,9,9,y0,*Ø,II,7,minor,12.0
EDU,28,Meia-noite,22,6,6,x0,*°7,V°,7,minor,12.5
EDU,28,Meia-noite,23,2,2,Y2.2.1.1,*7(b9.b13),V,7,minor,12.75
EDU,28,Meia-noite,24,3,3,Z2,*M7.9,VI,7,minor,13.0
EDU,28,Meia-noite,25,9,9,w0,*mM7,II,7,minor,13.5
EDU,28,Meia-noite,26,8,8,Y3,*7(#11),SubV,7,minor,13.75
EDU,28,Meia-noite,27,7,7,v1,*m.9,I,7,minor,14.0
EDU,28,Meia-noite,28,3,6,v0,*m,bVIm7,7,minor,14.5
EDU,28,Meia-noite,29,10,5,V0,*,III,7,minor,15.0
EDU,28,Meia-noite,30,4,4,Y2.1.3,*7(#9.#11),SubV/VI,7,minor,15.5
EDU,28,Meia-noite,31,3,3,Z5.2,*6.M7(#11),VI,7,minor,16.0
EDU,28,Meia-noite,32,2,2,Y2.3,*7(b9),V,7,minor,16.5
EDU,28,Meia-noite,33,7,7,z0,*m7,I,7,minor,17.0
EDU,28,Meia-noite,34,8,8,Y3,*7(#11),SubV,7,minor,17.5
EDU,28,Meia-noite,35,7,7,z1.1,*m6.9,I,7,minor,18.0
EDU,28,Meia-noite,36,3,6,z1,*m6,bVIm7,7,minor,18.5
EDU,28,Meia-noite,37,10,5,V0,*,III,7,minor,19.0
EDU,28,Meia-noite,38,4,4,Y2.1.3,*7(#9.#11),V/II,7,minor,19.5
EDU,28,Meia-noite,39,3,3,Z5.2,*6.M7(#11),VI,7,minor,20.0
EDU,28,Meia-noite,40,2,2,Y2.1,*7.9(#11),V,7,minor,20.5
EDU,28,Meia-noite,41,7,7,v0,*m,I,7,minor,21.0
EDU,29,Memorias de Marta Sare,1,9,9,Y2.1,*7.9(#11),I,9,major,1.0
EDU,29,Memorias de Marta Sare,2,2,2,Y0,*7,IV7,9,major,10.0
EDU,29,Memorias de Marta Sare,3,8,8,Y3,*7(#11),SubV,7,major,20.0
EDU,29,Memorias de Marta Sare,4,7,7,Y1.1,*4.7.9,I,7,major,21.0
EDU,29,Memorias de Marta Sare,5,7,7,Y2,*7.9,I,7,major,22.0
EDU,29,Memorias de Marta Sare,6,7,7,z2,*m7.9,Im7,7,major,23.0
EDU,29,Memorias de Marta Sare,7,7,7,Y2,*7.9,I,7,major,24.0
EDU,29,Memorias de Marta Sare,8,7,7,Y1.1,*4.7.9,I,7,major,25.0
EDU,29,Memorias de Marta Sare,9,7,7,Y2,*7.9,I,7,major,26.0
EDU,29,Memorias de Marta Sare,10,7,7,z2,*m7.9,Im7,7,major,27.0
EDU,29,Memorias de Marta Sare,11,7,7,Y2,*7.9,I,7,major,28.0
EDU,29,Memorias de Marta Sare,12,7,7,Y1.1,*4.7.9,I,7,major,28.5
EDU,29,Memorias de Marta Sare,13,7,7,Y3,*7(#11),I,7,major,29.0
EDU,29,Memorias de Marta Sare,14,0,0,Y4,*7.13,IV7,7,major,31.0
EDU,29,Memorias de Marta Sare,15,0,0,Y2.2,*7.9.13,IV7,7,major,32.0
EDU,29,Memorias de Marta Sare,16,0,0,Y4,*7.13,IV7,7,major,33.0
EDU,29,Memorias de Marta Sare,17,0,0,Y2.2,*7.9.13,IV7,7,major,34.0
EDU,29,Memorias de Marta Sare,18,0,0,Y4,*7.13,IV7,7,major,35.0
EDU,29,Memorias de Marta Sare,19,0,0,Y2.2,*7.9.13,IV7,7,major,36.0
EDU,29,Memorias de Marta Sare,20,9,9,Y3,*7(#11),I,9,major,37.0
EDU,30,Meu namorado,1,0,0,Z0,*M7,I,0,major,1.0
EDU,30,Meu namorado,2,2,2,z2,*m7.9,II,0,major,2.0
EDU,30,Meu namorado,3,0,4,V0,*,I,0,major,3.0
EDU,30,Meu namorado,4,5,5,Z0,*M7,IV,0,major,4.0
EDU,30,Meu namorado,5,0,4,V0,*,I,0,major,5.0
EDU,30,Meu namorado,6,2,2,z0,*m7,II,0,major,6.0
EDU,30,Meu namorado,7,0,0,Z0,*M7,I,0,major,7.0
EDU,30,Meu namorado,8,7,7,Y1.1,*4.7.9,V,0,major,8.0
EDU,30,Meu namorado,9,0,0,Z0,*M7,I,0,major,9.0
EDU,30,Meu namorado,10,2,2,z2,*m7.9,II,0,major,10.0
EDU,30,Meu namorado,11,0,4,V0,*,I,0,major,11.0
EDU,30,Meu namorado,12,5,5,Z0,*M7,IV,0,major,12.0
EDU,30,Meu namorado,13,0,4,V0,*,I,0,major,13.0
EDU,30,Meu namorado,14,2,2,z0,*m7,II,0,major,14.0
EDU,30,Meu namorado,15,0,0,Z0,*M7,I,0,major,15.0
EDU,30,Meu namorado,16,4,4,Y2.2.1.1,*7(b9.b13),aSubV/IV,0,major,16.0
EDU,30,Meu namorado,17,5,5,Z0,*M7,IV,0,major,17.0
EDU,30,Meu namorado,18,11,11,Y2.3,*7(b9),aSubV,0,major,18.0
EDU,30,Meu namorado,19,7,10,v0,*m,Vm7,0,major,19.0
EDU,30,Meu namorado,20,9,9,Y4.1,*7(b13),V/II,0,major,19.5
EDU,30,Meu namorado,21,5,5,Z0,*M7,IV,0,major,20.0
EDU,30,Meu namorado,22,2,2,Y2,*7.9,V/V,0,major,21.0
EDU,30,Meu namorado,23,7,7,Y1.1,*4.7.9,V,0,major,22.0
EDU,30,Meu namorado,24,7,7,Y2.2.1,*7(b9)13,V,0,major,23.0
EDU,30,Meu namorado,25,0,0,Z0,*M7,I,0,major,24.0
EDU,31,Pra voce que chora,1,9,9,z2,*m7.9,I,9,minor,1.0
EDU,31,Pra voce que chora,2,8,0,V0,*,?,9,minor,3.0
EDU,31,Pra voce que chora,3,11,11,Z0,*M7,I,11,major,5.0
EDU,31,Pra voce que chora,4,8,8,z0,*m7,VI,11,major,6.0
EDU,31,Pra voce que chora,5,10,2,V0,*,?,11,major,7.0
EDU,31,Pra voce que chora,6,6,4,Y0,*7,V,11,major,9.0
EDU,31,Pra voce que chora,7,8,8,z0,*m7,VI,11,major,11.0
EDU,31,Pra voce que chora,8,8,8,z1,*m6,VI,11,major,12.0
EDU,31,Pra voce que chora,9,11,11,z0,*m7,Im7,11,major,13.0
EDU,31,Pra voce que chora,10,11,11,z1,*m6,Im7,11,major,14.0
EDU,31,Pra voce que chora,11,10,10,Z0,*M7,I,10,major,15.0
EDU,31,Pra voce que chora,12,10,10,Z1,*6,I,10,major,15.5
EDU,31,Pra voce que chora,13,7,7,z0,*m7,VI,10,major,16.0
EDU,31,Pra voce que chora,14,5,5,z2,*m7.9,Vm7,10,major,17.0
EDU,31,Pra voce que chora,15,4,4,Y2,*7.9,V,9,major,18.0
EDU,31,Pra voce que chora,16,4,4,Y2.3,*7(b9),V,9,major,18.5
EDU,31,Pra voce que chora,17,9,9,Z1.1,*6.9,I,9,major,19.0
EDU,31,Pra voce que chora,18,4,9,z0,*m7,Vm7,9,major,20.0
EDU,31,Pra voce que chora,19,9,9,Z1.1,*6.9,I,9,major,21.0
EDU,31,Pra voce que chora,20,4,9,z0,*m7,Vm7,9,major,22.0
EDU,31,Pra voce que chora,21,9,9,Z1.1,*6.9,I,9,major,23.0
EDU,31,Pra voce que chora,22,4,9,z0,*m7,Vm7,9,major,24.0
EDU,31,Pra voce que chora,23,7,7,Z0,*M7,bVII7M,9,major,25.0
EDU,31,Pra voce que chora,24,6,6,Y3,*7(#11),SubV/VI,9,minor,25.5
EDU,31,Pra voce que chora,25,5,5,Z4,*(#5)M7,VI,9,minor,26.0
EDU,31,Pra voce que chora,26,4,4,Y2.2.2.1,*7(#9.b13),V,9,minor,26.5
EDU,31,Pra voce que chora,27,9,9,z2,*m7.9,I,9,minor,27.0
EDU,32,Perambulando,1,5,5,z0,*m7,II,3,major,1.0
EDU,32,Perambulando,2,10,10,Y2.3,*7(b9),V,3,major,2.0
EDU,32,Perambulando,3,3,7,Z0,*M7,I,3,major,3.0
EDU,32,Perambulando,4,6,6,x0,*°7,bIII°,3,major,4.0
EDU,32,Perambulando,5,5,5,w0,*mM7,II,3,major,5.0
EDU,32,Perambulando,6,5,5,z0,*m7,II,3,major,5.5
EDU,32,Perambulando,7,4,4,Z0,*M7,bII7M,3,major,6.0
EDU,32,Perambulando,8,3,3,Z0,*M7,I,3,major,7.0
EDU,32,Perambulando,9,2,2,Y2.4,*7(#9),V/III,3,major,8.0
EDU,32,Perambulando,10,7,7,w0,*mM7,III,3,major,9.0
EDU,32,Perambulando,11,7,5,z0,*m7,IVm7,2,major,10.0
EDU,32,Perambulando,12,4,4,Y2.1.3,*7(#9.#11),V/V,2,major,11.0
EDU,32,Perambulando,13,9,9,Y4,*7.13,V,2,major,12.0
EDU,32,Perambulando,14,9,9,Y4.1,*7(b13),V,2,major,12.5
EDU,32,Perambulando,15,2,2,Z2,*M7.9,I,2,major,13.0
EDU,32,Perambulando,16,11,11,z0,*m7,VI,2,major,14.0
EDU,32,Perambulando,17,8,8,y0,*Ø,II__X,2,major,15.0
EDU,32,Perambulando,18,1,1,Y2.3,*7(b9),V/III,2,major,16.0
EDU,32,Perambulando,19,6,6,Z1,*6,I,6,major,17.0
EDU,32,Perambulando,20,0,0,Y0,*7,V/II,3,major,18.0
EDU,32,Perambulando,21,5,5,z0,*m7,II,3,major,20.0
EDU,32,Perambulando,22,10,10,Y2.3,*7(b9),V,3,major,21.0
EDU,32,Perambulando,23,3,7,Z0,*M7,I,3,major,22.0
EDU,32,Perambulando,24,6,6,x0,*°7,bIII°,3,major,23.0
EDU,32,Perambulando,25,5,5,w0,*mM7,II,3,major,24.0
EDU,32,Perambulando,26,5,5,z0,*m7,II,3,major,24.5
EDU,32,Perambulando,27,4,4,Z0,*M7,bII7M,3,major,25.0
EDU,32,Perambulando,28,3,3,Z0,*M7,I,3,major,26.0
EDU,32,Perambulando,29,10,10,Y1.1,*4.7.9,V,3,major,28.0
EDU,32,Perambulando,30,10,10,Y2.3,*7(b9),V,3,major,29.0
EDU,32,Perambulando,31,3,10,Z0,*M7,I,3,major,30.0
EDU,32,Perambulando,32,3,10,x0,*°7,I°,3,major,31.0
EDU,32,Perambulando,33,10,10,Y1.1,*4.7.9,V,3,major,32.0
EDU,32,Perambulando,34,10,8,Y0,*7,V,3,major,33.0
EDU,32,Perambulando,35,7,7,Y4.1,*7(b13),V/VI,3,major,33.5
EDU,32,Perambulando,36,0,0,z2,*m7.9,VI,3,major,34.0
EDU,32,Perambulando,37,5,5,z0,*m7,II,3,major,36.0
EDU,32,Perambulando,38,10,10,Y1.1,*4.7.9,V,3,major,37.0
EDU,32,Perambulando,39,8,8,z1,*m6,IVm7,3,major,37.5
EDU,32,Perambulando,40,3,7,Z0,*M7,I,3,major,38.0
EDU,32,Perambulando,41,6,6,x0,*°7,bIII°,3,major,39.0
EDU,32,Perambulando,42,5,5,z0,*m7,II,3,major,40.0
EDU,32,Perambulando,43,4,4,Z0,*M7,bII7M,3,major,41.0
EDU,32,Perambulando,44,3,3,Z0,*M7,I,3,major,42.0
EDU,32,Perambulando,45,4,4,Y0,*7,aSubV/II,3,major,43.0
EDU,32,Perambulando,46,5,5,z0,*m7,II,3,major,44.0
EDU,32,Perambulando,47,10,10,Y1.1,*4.7.9,V,3,major,45.0
EDU,32,Perambulando,48,8,8,z1,*m6,IVm7,3,major,45.5
EDU,32,Perambulando,49,3,7,Z0,*M7,I,3,major,46.0
EDU,32,Perambulando,50,6,6,x0,*°7,bIII°,3,major,47.0
EDU,32,Perambulando,51,5,5,z0,*m7,II,3,major,48.0
EDU,32,Perambulando,52,4,4,Z0,*M7,bII7M,3,major,49.0
EDU,32,Perambulando,53,3,3,Z0,*M7,I,3,major,50.0
EDU,33,Reza,1,7,7,z0,*m7,II,5,major,1.0
EDU,33,Reza,2,0,0,Y2,*7.9,V,5,major,2.0
EDU,33,Reza,3,0,0,Y2.3,*7(b9),V,5,major,2.5
EDU,33,Reza,4,2,6,V0,*,V/II,5,major,3.0
EDU,33,Reza,5,2,5,v0,*m,VI,5,major,4.0
EDU,33,Reza,6,11,11,y0,*Ø,#IVm7(b5),5,major,5.0
EDU,33,Reza,7,10,10,Z0,*M7,IV,5,major,6.0
EDU,33,Reza,8,9,9,z0,*m7,III,5,major,6.5
EDU,33,Reza,9,2,2,z0,*m7,II__X,5,major,7.0
EDU,33,Reza,10,7,7,Y4,*7.13,V/V,5,major,7.5
EDU,33,Reza,11,2,2,z0,*m7,II__X,5,major,8.0
EDU,33,Reza,12,7,7,Y4,*7.13,V/V,5,major,8.5
EDU,33,Reza,13,2,2,z0,*m7,II__X,5,major,9.0
EDU,33,Reza,14,7,7,Y4,*7.13,V/V,5,major,10.0
EDU,33,Reza,15,2,2,z0,*m7,II__X,5,major,11.0
EDU,33,Reza,16,7,7,Y4,*7.13,V/V,5,major,12.0
EDU,33,Reza,17,2,2,z0,*m7,II__X,5,major,13.0
EDU,33,Reza,18,7,7,Y4,*7.13,V/V,5,major,14.0
EDU,33,Reza,19,7,7,z0,*m7,II,5,major,15.0
EDU,33,Reza,20,0,0,Y2,*7.9,V,5,major,16.0
EDU,33,Reza,21,2,6,V0,*,V/II,5,major,17.0
EDU,33,Reza,22,2,5,v0,*m,VI,5,major,18.0
EDU,33,Reza,23,2,2,z0,*m7,II__X,5,major,19.0
EDU,33,Reza,24,7,7,Y4,*7.13,V/V,5,major,20.0
EDU,33,Reza,25,2,2,z0,*m7,II__X,5,major,21.0
EDU,33,Reza,26,7,7,Y4,*7.13,V/V,5,major,22.0
EDU,33,Reza,27,7,7,z0,*m7,II,5,major,23.0
EDU,33,Reza,28,0,0,Y2,*7.9,V,5,major,24.0
EDU,33,Reza,29,0,0,Y2.3,*7(b9),V,5,major,24.5
EDU,33,Reza,30,2,6,V0,*,V/II,5,major,25.0
EDU,33,Reza,31,2,5,v0,*m,VI,5,major,26.0
EDU,33,Reza,32,11,11,y0,*Ø,#IVm7(b5),5,major,27.0
EDU,33,Reza,33,10,10,Z0,*M7,IV,5,major,28.0
EDU,33,Reza,34,9,9,z0,*m7,III,5,major,28.5
EDU,33,Reza,35,2,2,z0,*m7,II__X,5,major,29.0
EDU,33,Reza,36,7,7,Y4,*7.13,V/V,5,major,30.0
EDU,33,Reza,37,2,2,z0,*m7,II,0,major,31.0
EDU,33,Reza,38,7,7,Y4,*7.13,V,0,major,31.5
EDU,33,Reza,39,2,2,z0,*m7,II,0,major,32.0
EDU,33,Reza,40,7,7,Y4,*7.13,V,0,major,32.5
EDU,33,Reza,41,2,2,z0,*m7,II,0,major,33.0
EDU,33,Reza,42,7,7,Y4,*7.13,V,0,major,33.5
EDU,33,Reza,43,2,2,z0,*m7,II,0,major,34.0
EDU,33,Reza,44,7,7,Y4,*7.13,V,0,major,34.5
EDU,33,Reza,45,5,5,z0,*m7,II,3,major,35.0
EDU,33,Reza,46,10,10,Y4,*7.13,V,3,major,35.5
EDU,33,Reza,47,5,5,z0,*m7,II,3,major,36.0
EDU,33,Reza,48,10,10,Y4,*7.13,V,3,major,36.5
EDU,33,Reza,49,5,5,z0,*m7,II,3,major,37.0
EDU,33,Reza,50,10,10,Y4,*7.13,V,3,major,37.5
EDU,33,Reza,51,5,5,z0,*m7,II,3,major,38.0
EDU,33,Reza,52,10,10,Y4,*7.13,V,3,major,38.5
EDU,33,Reza,53,2,2,z0,*m7,II__X,5,major,39.0
EDU,33,Reza,54,7,7,Y4,*7.13,V/V,5,major,40.0
EDU,34,Viola fora de moda,1,4,4,v2,*m.11,I,4,minor,1.0
EDU,34,Viola fora de moda,2,0,4,Z2.1,*M7.9(#11),VI,4,minor,2.0
EDU,34,Viola fora de moda,3,0,4,Z0,*M7,VI,4,minor,3.0
EDU,34,Viola fora de moda,4,11,4,v2,*m.11,Vm7,4,minor,4.0
EDU,34,Viola fora de moda,5,0,4,Z0,*M7,VI,4,minor,5.0
EDU,34,Viola fora de moda,6,11,4,v2,*m.11,Vm7,4,minor,6.0
EDU,34,Viola fora de moda,7,4,4,v2,*m.11,I,4,minor,7.0
EDU,34,Viola fora de moda,8,0,4,Z2.1,*M7.9(#11),VI,4,minor,10.0
EDU,34,Viola fora de moda,9,0,4,Z0,*M7,VI,4,minor,11.0
EDU,34,Viola fora de moda,10,11,4,v2,*m.11,Vm7,4,minor,12.0
EDU,34,Viola fora de moda,11,0,4,Z0,*M7,VI,4,minor,13.0
EDU,34,Viola fora de moda,12,11,4,v2,*m.11,Vm7,4,minor,14.0
EDU,34,Viola fora de moda,13,4,4,v2,*m.11,I,4,minor,15.0
EDU,34,Viola fora de moda,14,4,4,Z0,*M7,I,4,major,17.0
EDU,34,Viola fora de moda,15,2,4,Z1.1,*6.9,bVII7M,4,major,18.0
EDU,34,Viola fora de moda,16,4,4,Z0,*M7,I,4,major,19.0
EDU,34,Viola fora de moda,17,2,4,Z1.1,*6.9,bVII7M,4,major,20.0
EDU,34,Viola fora de moda,18,4,4,V0,*,I,4,major,21.0
EDU,34,Viola fora de moda,19,6,4,Y0,*7,V/V,4,major,22.0
EDU,34,Viola fora de moda,20,7,4,V0,*,bVI7M,4,major,23.0
EDU,34,Viola fora de moda,21,9,4,V0,*,IV,4,major,23.5
EDU,34,Viola fora de moda,22,11,4,V0,*,V,4,major,24.0
EDU,34,Viola fora de moda,23,7,4,V0,*,bVI7M,4,major,25.0
EDU,34,Viola fora de moda,24,9,4,V0,*,IV,4,major,25.5
EDU,34,Viola fora de moda,25,11,4,V0,*,V,4,major,26.0
EDU,35,Vento bravo,1,0,0,z3,*m7.11,I,0,minor,1.0
EDU,35,Vento bravo,2,5,5,Y2,*7.9,IV7,0,minor,9.0
EDU,35,Vento bravo,3,0,0,z3,*m7.11,I,0,minor,11.0
EDU,35,Vento bravo,4,3,3,Z5.1,*6.M7.9,I,3,major,15.0
EDU,35,Vento bravo,5,2,2,Y2.4,*7(#9),aSubV,3,major,17.0
EDU,35,Vento bravo,6,3,3,Z5.1,*6.M7.9,I,3,major,19.0
EDU,35,Vento bravo,7,1,1,Z5.1,*6.M7.9,bVII7M,3,major,21.0
EDU,35,Vento bravo,8,7,7,z2,*m7.9,III,3,major,23.0
EDU,35,Vento bravo,9,7,5,z2,*m7.9,III,3,major,24.0
EDU,35,Vento bravo,10,4,4,z1.1.1,*m6.9.11,bIIm7,3,major,25.0
EDU,35,Vento bravo,11,3,3,Z5.1,*6.M7.9,I,3,major,27.0
EDU,35,Vento bravo,12,1,1,Z5.1,*6.M7.9,bII7M,0,minor,28.0
EDU,35,Vento bravo,13,0,0,z3,*m7.11,I,0,minor,29.0
EDU,36,Meus pensamentos de magoa,1,0,0,v1,*m.9,IV,7,minor,1.0
EDU,36,Meus pensamentos de magoa,2,2,2,Y2.3,*7(b9),V,7,minor,2.0
EDU,36,Meus pensamentos de magoa,3,7,7,v1,*m.9,I,7,minor,3.0
EDU,36,Meus pensamentos de magoa,4,3,6,w1,*mM7.9,bVIm7,7,minor,4.0
EDU,36,Meus pensamentos de magoa,5,10,10,Z2,*M7.9,III,7,minor,5.0
EDU,36,Meus pensamentos de magoa,6,0,0,Y2.2,*7.9.13,IV7,7,minor,6.0
EDU,36,Meus pensamentos de magoa,7,9,9,y0,*Ø,II,7,minor,7.0
EDU,36,Meus pensamentos de magoa,8,2,2,Y2.3,*7(b9),V,7,minor,8.0
EDU,36,Meus pensamentos de magoa,9,3,7,V0,*,VI,7,minor,9.0
EDU,36,Meus pensamentos de magoa,10,5,5,Y1.1,*4.7.9,V/III,7,minor,10.0
EDU,36,Meus pensamentos de magoa,11,10,10,Z2,*M7.9,III,7,minor,11.0
EDU,36,Meus pensamentos de magoa,12,8,8,Y3,*7(#11),SubV,7,minor,12.0
EDU,36,Meus pensamentos de magoa,13,7,7,Y2.2,*7.9.13,V/IV,7,minor,13.0
EDU,36,Meus pensamentos de magoa,14,1,1,Y2.1.3,*7(#9.#11),SubV/IV,7,minor,13.5
EDU,36,Meus pensamentos de magoa,15,9,9,y1,*Ø.9,II,7,minor,14.0
EDU,36,Meus pensamentos de magoa,16,2,2,Y2.2.2.1,*7(#9.b13),V,7,minor,15.0
EDU,36,Meus pensamentos de magoa,17,7,7,z2,*m7.9,I,7,minor,16.0
EDU,36,Meus pensamentos de magoa,18,0,0,Y2.1.1.1,*7(b9.#11)13,V,5,major,17.0
EDU,36,Meus pensamentos de magoa,19,5,5,Z0,*M7,I,5,major,18.0
EDU,36,Meus pensamentos de magoa,20,4,4,z2.1,*m7.9.11,II__X,5,major,19.0
EDU,36,Meus pensamentos de magoa,21,3,3,Y2.1,*7.9(#11),SubV/VI,5,major,19.5
EDU,36,Meus pensamentos de magoa,22,2,2,z2,*m7.9,VI,5,major,20.0
EDU,36,Meus pensamentos de magoa,23,5,8,v0,*m,Im7,5,major,22.0
EDU,36,Meus pensamentos de magoa,24,0,7,V0,*,V,5,major,23.0
EDU,36,Meus pensamentos de magoa,25,6,6,Y3,*7(#11),SubV,5,major,24.0
EDU,36,Meus pensamentos de magoa,26,5,5,Z5.1,*6.M7.9,I,5,major,25.0
EDU,36,Meus pensamentos de magoa,27,4,4,Y2.1.2,*7(b9.#11),aSubV,5,major,26.0
EDU,36,Meus pensamentos de magoa,28,5,5,Z0,*M7,I,5,major,27.0
EDU,36,Meus pensamentos de magoa,29,2,2,v0,*m,VI,5,major,29.0
EDU,36,Meus pensamentos de magoa,30,9,9,v0,*m,III,5,major,31.0
EDU,36,Meus pensamentos de magoa,31,9,9,v1,*m.9,III,5,major,32.0
EDU,37,Na carreira,1,4,4,Z5.1,*6.M7.9,I,4,major,1.0
EDU,37,Na carreira,2,3,3,x1.3,*°7.9.14,V°,4,major,1.5
EDU,37,Na carreira,3,4,4,Z5.1,*6.M7.9,I,4,major,2.0
EDU,37,Na carreira,4,3,3,x1.3,*°7.9.14,V°,4,major,3.0
EDU,37,Na carreira,5,4,4,Z5.1,*6.M7.9,I,4,major,4.0
EDU,37,Na carreira,6,3,3,x1.3,*°7.9.14,V°/III,4,major,5.0
EDU,37,Na carreira,7,8,8,y0,*Ø,II__X,4,major,7.0
EDU,37,Na carreira,8,1,1,Y2.3,*7(b9),V/II,4,major,8.0
EDU,37,Na carreira,9,6,6,z0,*m7,II,4,major,9.0
EDU,37,Na carreira,10,9,9,z1,*m6,IVm7,4,major,10.0
EDU,37,Na carreira,11,4,8,V0,*,I,4,major,11.0
EDU,37,Na carreira,12,7,7,x3.1,*°7(b13)14,bIII°,4,major,12.0
EDU,37,Na carreira,13,6,6,Y4,*7.13,V/V,4,major,13.0
EDU,37,Na carreira,14,6,6,Y4.1,*7(b13),V/V,4,major,13.5
EDU,37,Na carreira,15,6,6,Y0,*7,V/V,4,major,14.0
EDU,37,Na carreira,16,6,6,X0,*(b5)7,V/V,4,major,14.5
EDU,37,Na carreira,17,11,11,Y1.1,*4.7.9,V,4,major,15.0
EDU,37,Na carreira,18,11,11,Y2.1,*7.9(#11),V,4,major,15.5
EDU,37,Na carreira,19,11,11,Y2,*7.9,V,4,major,16.0
EDU,37,Na carreira,20,7,11,V0,*,bIII7M,4,major,17.0
EDU,37,Na carreira,21,7,10,v0,*m,bIIIm7,4,major,18.0
EDU,37,Na carreira,22,6,9,v0,*m,II,4,major,19.0
EDU,37,Na carreira,23,1,1,Y1.1,*4.7.9,V/II,4,major,21.0
EDU,37,Na carreira,24,1,1,Y2.3,*7(b9),V/II,4,major,22.0
EDU,37,Na carreira,25,9,0,v0,*m,IVm7,4,major,23.0
EDU,37,Na carreira,26,11,11,Y1.1,*4.7.9,V,4,major,25.0
EDU,37,Na carreira,27,11,11,Y2,*7.9,V,4,major,26.0
EDU,37,Na carreira,28,11,11,Y2.3,*7(b9),V,4,major,26.5
EDU,37,Na carreira,29,8,8,Y4,*7.13,V/VI,4,major,27.0
EDU,37,Na carreira,30,8,8,Y4.1,*7(b13),V/VI,4,major,27.5
EDU,37,Na carreira,31,8,8,z0,*m7,II__X,4,major,28.0
EDU,37,Na carreira,32,1,1,Y2.3,*7(b9),V/II,4,major,28.5
EDU,37,Na carreira,33,6,6,Y4,*7.13,V/V,4,major,29.0
EDU,37,Na carreira,34,6,6,Y4.1,*7(b13),V/V,4,major,30.0
EDU,37,Na carreira,35,6,6,z0,*m7,II,4,major,31.0
EDU,37,Na carreira,36,11,11,Y1.1,*4.7.9,V,4,major,32.0
EDU,37,Na carreira,37,11,11,Y2.3,*7(b9),V,4,major,32.5
EDU,37,Na carreira,38,4,4,Z5.1,*6.M7.9,I,4,major,33.0
EDU,38,Zanzibar,1,2,2,Y2.2.2,*7(#9)13,I,2,major,1.0
EDU,38,Zanzibar,2,7,7,Y1.1,*4.7.9,IV7,2,major,13.0
EDU,38,Zanzibar,3,5,5,Y1.1,*4.7.9,SubV/II,2,major,17.0
EDU,38,Zanzibar,4,7,7,Y1.1,*4.7.9,IV7,2,major,21.0
EDU,38,Zanzibar,5,6,6,Y4,*7.13,V/VI,2,major,23.0
EDU,38,Zanzibar,6,5,5,Y1.1,*4.7.9,SubV/II,2,major,24.0
EDU,38,Zanzibar,7,10,10,Z0,*M7,Np/V,2,major,25.0
EDU,38,Zanzibar,8,9,9,Y1.1,*4.7.9,V,2,major,27.0
EDU,38,Zanzibar,9,7,7,z2.1,*m7.9.11,IVm7,2,major,29.0
EDU,38,Zanzibar,10,5,5,Y1.1,*4.7.9,SubV/II,2,major,31.0
EDU,38,Zanzibar,11,3,3,Z2,*M7.9,bII7M,2,major,33.0
EDU,38,Zanzibar,12,2,2,Y2.2.2,*7(#9)13,I,2,major,35.0
EDU,38,Zanzibar,13,2,2,Y2.4,*7(#9),I,2,major,36.0
EDU,38,Zanzibar,14,3,3,Z2,*M7.9,bII7M,2,major,37.0
EDU,38,Zanzibar,15,2,2,Y2.4,*7(#9),I,2,major,39.0
EDU,39,So me fez bem,1,9,9,z0,*m7,I,9,minor,1.0
EDU,39,So me fez bem,2,5,5,Z2.1,*M7.9(#11),VI,9,minor,2.0
EDU,39,So me fez bem,3,9,9,z0,*m7,I,9,minor,3.0
EDU,39,So me fez bem,4,7,7,z0,*m7,II__X,9,minor,4.0
EDU,39,So me fez bem,5,0,0,Y2.1.2,*7(b9.#11),V/VI,9,minor,4.5
EDU,39,So me fez bem,6,5,5,Z4,*(#5)M7,Np/V,9,minor,5.0
EDU,39,So me fez bem,7,5,5,Z0,*M7,Np/V,9,minor,5.5
EDU,39,So me fez bem,8,4,4,Y4,*7.13,V,9,minor,6.0
EDU,39,So me fez bem,9,4,4,Y4.1,*7(b13),V,9,minor,6.5
EDU,39,So me fez bem,10,9,9,z0,*m7,I,9,minor,7.0
EDU,39,So me fez bem,11,10,10,Y2.1.2,*7(b9.#11),SubV,9,minor,8.0
EDU,39,So me fez bem,12,9,9,z0,*m7,I,9,minor,9.0
EDU,39,So me fez bem,13,10,10,Y2.1.2,*7(b9.#11),SubV,9,minor,10.0
EDU,39,So me fez bem,14,9,9,z0,*m7,I,9,minor,11.0
EDU,39,So me fez bem,15,6,6,y0,*Ø,II__X,9,minor,12.0
EDU,39,So me fez bem,16,11,11,Y2.2.1.1,*7(b9.b13),V/V,9,minor,12.5
EDU,39,So me fez bem,17,4,4,w1,*mM7.9,Vm7,9,minor,13.0
EDU,39,So me fez bem,18,4,4,z2,*m7.9,Vm7,9,minor,13.5
EDU,39,So me fez bem,19,6,6,y0,*Ø,II__X,9,minor,14.0
EDU,39,So me fez bem,20,11,11,Y2.3,*7(b9),V/V,9,minor,14.5
EDU,39,So me fez bem,21,4,4,Y1.1,*4.7.9,V,9,minor,15.0
EDU,39,So me fez bem,22,4,4,Y2.2.1.1,*7(b9.b13),V,9,minor,16.0
EDU,39,So me fez bem,23,9,9,z0,*m7,I,9,minor,17.0
EDU,39,So me fez bem,24,5,5,Z2.1,*M7.9(#11),SubV/V,9,minor,18.0
EDU,39,So me fez bem,25,4,4,Y0,*7,V,9,minor,18.5
EDU,39,So me fez bem,26,9,9,z0,*m7,I,9,minor,19.0
EDU,39,So me fez bem,27,0,0,Y1.1,*4.7.9,V/VI,9,minor,20.0
EDU,39,So me fez bem,28,0,0,Y2.1.2,*7(b9.#11),V/VI,9,minor,20.5
EDU,39,So me fez bem,29,5,5,Z4,*(#5)M7,Np/V,9,minor,21.0
EDU,39,So me fez bem,30,5,5,Z0,*M7,Np/V,9,minor,21.5
EDU,39,So me fez bem,31,4,4,Y4.1,*7(b13),V,9,minor,22.0
EDU,39,So me fez bem,32,9,9,z0,*m7,I,9,minor,23.0
EDU,39,So me fez bem,33,6,6,Y3,*7(#11),SubV/VI,9,minor,24.0
EDU,39,So me fez bem,34,5,5,Z0,*M7,Np/V,9,minor,25.0
EDU,39,So me fez bem,35,4,4,Y1.1,*4.7.9,V,9,minor,26.0
EDU,39,So me fez bem,36,4,4,Y2.3,*7(b9),V,9,minor,26.5
EDU,39,So me fez bem,37,9,9,z2,*m7.9,I,9,minor,27.0
EDU,39,So me fez bem,38,6,6,Y3,*7(#11),SubV/VI,9,minor,28.0
EDU,39,So me fez bem,39,11,11,Y4,*7.13,V/V,9,minor,29.0
EDU,39,So me fez bem,40,11,11,Y4.1,*7(b13),V/V,9,minor,29.5
EDU,39,So me fez bem,41,4,4,Y2.4,*7(#9),V,9,minor,30.0
EDU,39,So me fez bem,42,4,4,Y2.3,*7(b9),V,9,minor,30.5
EDU,39,So me fez bem,43,9,9,Y1.1,*4.7.9,V/IV,9,minor,31.0
EDU,39,So me fez bem,44,3,3,Y2.1,*7.9(#11),SubV/IV,9,minor,32.0
EDU,39,So me fez bem,45,2,2,w1,*mM7.9,IV,9,minor,33.0
EDU,39,So me fez bem,46,2,2,z2,*m7.9,IV,9,minor,33.5
EDU,39,So me fez bem,47,7,7,Y3,*7(#11),V/III,9,minor,34.0
EDU,39,So me fez bem,48,0,0,Z4,*(#5)M7,III,9,minor,34.5
EDU,39,So me fez bem,49,6,6,Y3,*7(#11),SubV/VI,9,minor,35.0
EDU,39,So me fez bem,50,5,5,Z0,*M7,Np/V,9,minor,36.0
EDU,39,So me fez bem,51,4,4,z0,*m7,Vm7,9,minor,36.5
EDU,39,So me fez bem,52,2,2,z0,*m7,IV,9,minor,37.0
EDU,39,So me fez bem,53,4,4,z0,*m7,Vm7,9,minor,37.5
EDU,39,So me fez bem,54,5,5,Z0,*M7,SubV/V,9,minor,38.0
EDU,39,So me fez bem,55,0,4,Z0,*M7,III,9,minor,38.5
EDU,39,So me fez bem,56,10,2,Z2,*M7.9,?,9,minor,39.0
EDU,39,So me fez bem,57,7,11,Z2,*M7.9,?,9,minor,40.0
EDU,39,So me fez bem,58,2,9,Z2,*M7.9,?,9,minor,41.0
EDU,39,So me fez bem,59,4,9,z0,*m7,IV,9,minor,42.0
EDU,39,So me fez bem,60,9,9,z0,*m7,I,9,minor,43.0
EDU,39,So me fez bem,61,10,10,Y2.1,*7.9(#11),SubV,9,minor,44.0
EDU,39,So me fez bem,62,9,9,z1,*m6,I,9,minor,45.0
EDU,39,So me fez bem,63,9,9,z0,*m7,I,9,minor,45.5
EDU,39,So me fez bem,64,6,6,y0,*Ø,II__X,9,minor,46.0
EDU,39,So me fez bem,65,10,10,Y2.2.1.1,*7(b9.b13),SubV,9,minor,46.5
EDU,39,So me fez bem,66,4,4,w1,*mM7.9,Vm7,9,minor,47.0
EDU,39,So me fez bem,67,4,4,z0,*m7,Vm7,9,minor,47.5
EDU,39,So me fez bem,68,6,6,y0,*Ø,II__X,9,minor,48.0
EDU,39,So me fez bem,69,10,9,Y0,*7,SubV,9,minor,48.5
EDU,39,So me fez bem,70,8,8,z0,*m7,?,9,minor,49.0
EDU,39,So me fez bem,71,4,4,Y2.3,*7(b9),V,9,minor,50.0
EDU,39,So me fez bem,72,9,9,z0,*m7,I,9,minor,51.0
EDU,39,So me fez bem,73,5,5,Z2.1,*M7.9(#11),Np/V,9,minor,52.0
EDU,39,So me fez bem,74,4,4,Y0,*7,V,9,minor,52.5
EDU,39,So me fez bem,75,9,9,z0,*m7,I,9,minor,53.0
EDU,39,So me fez bem,76,0,0,Y1.1,*4.7.9,V/VI,9,minor,54.0
EDU,39,So me fez bem,77,0,0,Y2.1.2,*7(b9.#11),V/VI,9,minor,54.5
EDU,39,So me fez bem,78,5,5,Z4,*(#5)M7,Np/V,9,minor,55.0
EDU,39,So me fez bem,79,5,5,Z0,*M7,Np/V,9,minor,55.5
EDU,39,So me fez bem,80,4,4,Y2.3,*7(b9),V,9,minor,56.0
EDU,39,So me fez bem,81,9,9,z0,*m7,I,9,minor,57.0
EDU,39,So me fez bem,82,6,6,Y3,*7(#11),SubV/VI,9,minor,58.0
EDU,39,So me fez bem,83,5,5,Z0,*M7,Np/V,9,minor,59.0
EDU,39,So me fez bem,84,4,4,z0,*m7,Vm7,9,minor,59.5
EDU,39,So me fez bem,85,2,2,z0,*m7,IV,9,minor,60.0
EDU,39,So me fez bem,86,4,4,z0,*m7,Vm7,9,minor,60.5
EDU,39,So me fez bem,87,5,5,Z1,*6,Np/V,9,minor,61.0
EDU,39,So me fez bem,88,0,4,Z2,*M7.9,III,9,minor,61.5
EDU,39,So me fez bem,89,10,2,Z2,*M7.9,bII7M,9,minor,62.0
EDU,39,So me fez bem,90,9,9,z2,*m7.9,I,9,minor,63.0
EDU,40,Senhora do rio,1,0,0,Z0,*M7,I,0,major,1.0
EDU,40,Senhora do rio,2,10,10,z1,*m6,bVIIm7,0,major,2.0
EDU,40,Senhora do rio,3,5,9,Z1,*6,IV,0,major,3.0
EDU,40,Senhora do rio,4,5,8,z1,*m6,IVm7,0,major,4.0
EDU,40,Senhora do rio,5,0,7,Z1,*6,I,0,major,5.0
EDU,40,Senhora do rio,6,6,6,y2,*Ø.11,#IVm7(b5),0,major,6.0
EDU,40,Senhora do rio,7,5,5,Z0,*M7,IV,0,major,7.0
EDU,40,Senhora do rio,8,5,5,x4,*°7.14,IV° [aux],0,major,8.0
EDU,40,Senhora do rio,9,4,8,Y0,*7,V,9,minor,8.5
EDU,40,Senhora do rio,10,9,9,v1,*m.9,I,9,minor,9.0
EDU,40,Senhora do rio,11,0,7,Z0,*M7,III,9,minor,10.0
EDU,40,Senhora do rio,12,0,0,Z0,*M7,III,9,minor,11.0
EDU,40,Senhora do rio,13,9,1,Y0,*7,V/IV,9,minor,12.0
EDU,40,Senhora do rio,14,2,2,z0,*m7,IV,9,minor,13.0
EDU,40,Senhora do rio,15,9,9,Y2.3,*7(b9),V/IV,9,minor,14.0
EDU,40,Senhora do rio,16,11,11,y0,*Ø,II,9,minor,15.0
EDU,40,Senhora do rio,17,4,4,Y2.1.2,*7(b9.#11),V,9,minor,16.0
EDU,40,Senhora do rio,18,8,8,y3,*Ø(b13),VII,9,minor,17.0
EDU,40,Senhora do rio,19,0,7,Z0,*M7,III,9,minor,19.0
EDU,40,Senhora do rio,20,6,6,Y3,*7(#11),SubV/VI,9,minor,20.0
EDU,40,Senhora do rio,21,5,5,Z2,*M7.9,SubV/V,9,minor,21.0
EDU,40,Senhora do rio,22,4,4,Y2.3,*7(b9),V,9,minor,22.0
EDU,40,Senhora do rio,23,9,9,z0,*m7,I,9,minor,23.0
EDU,40,Senhora do rio,24,2,9,z1,*m6,IV,9,minor,27.5
EDU,40,Senhora do rio,25,2,9,z0,*m7,IV,9,minor,27.75
EDU,40,Senhora do rio,26,9,9,z0,*m7,I,9,minor,29.0
EDU,40,Senhora do rio,27,2,9,z1,*m6,IV,9,minor,29.5
EDU,40,Senhora do rio,28,9,9,z0,*m7,I,9,minor,30.0
EDU,41,Na ilha de Lia no barco de Rosa,1,9,9,Z0,*M7,I,9,major,1.0
EDU,41,Na ilha de Lia no barco de Rosa,2,9,9,Z1,*6,I,9,major,1.5
EDU,41,Na ilha de Lia no barco de Rosa,3,9,9,Z0,*M7,I,9,major,2.0
EDU,41,Na ilha de Lia no barco de Rosa,4,4,4,Y1.1,*4.7.9,V,9,major,3.0
EDU,41,Na ilha de Lia no barco de Rosa,5,4,4,Y2,*7.9,V,9,major,4.0
EDU,41,Na ilha de Lia no barco de Rosa,6,4,4,z2,*m7.9,Vm7,9,major,5.0
EDU,41,Na ilha de Lia no barco de Rosa,7,4,4,Y2,*7.9,V,9,major,5.5
EDU,41,Na ilha de Lia no barco de Rosa,8,4,4,Y1.1,*4.7.9,V,9,major,6.0
EDU,41,Na ilha de Lia no barco de Rosa,9,4,4,X0,*(b5)7,V,9,major,6.5
EDU,41,Na ilha de Lia no barco de Rosa,10,9,9,Z0,*M7,I,9,major,7.0
EDU,41,Na ilha de Lia no barco de Rosa,11,3,3,Y2.1,*7.9(#11),SubV/IV,9,major,8.0
EDU,41,Na ilha de Lia no barco de Rosa,12,2,2,Z0,*M7,IV,9,major,9.0
EDU,41,Na ilha de Lia no barco de Rosa,13,4,2,Y2,*7.9,V,9,major,10.5
EDU,41,Na ilha de Lia no barco de Rosa,14,1,1,z2,*m7.9,II__X,9,major,11.0
EDU,41,Na ilha de Lia no barco de Rosa,15,6,6,Y1.1.2,*4.7.9.13,V/II,9,major,12.0
EDU,41,Na ilha de Lia no barco de Rosa,16,6,6,Y2.2,*7.9.13,V/II,9,major,12.5
EDU,41,Na ilha de Lia no barco de Rosa,17,11,11,z2,*m7.9,II,9,major,13.0
EDU,41,Na ilha de Lia no barco de Rosa,18,1,1,z2,*m7.9,III,9,major,14.0
EDU,41,Na ilha de Lia no barco de Rosa,19,2,2,z2,*m7.9,IVm7,9,major,15.0
EDU,41,Na ilha de Lia no barco de Rosa,20,7,7,Y1.1.2,*4.7.9.13,bVII7,9,major,16.0
EDU,41,Na ilha de Lia no barco de Rosa,21,7,7,Y2.2,*7.9.13,bVII7,9,major,16.5
EDU,41,Na ilha de Lia no barco de Rosa,22,11,11,z2,*m7.9,II,9,major,17.0
EDU,41,Na ilha de Lia no barco de Rosa,23,11,11,w1,*mM7.9,II,9,major,17.5
EDU,41,Na ilha de Lia no barco de Rosa,24,11,11,z2,*m7.9,II,9,major,18.0
EDU,41,Na ilha de Lia no barco de Rosa,25,10,4,V2.1,*9(#11),bII7M,9,major,18.5
EDU,41,Na ilha de Lia no barco de Rosa,26,9,9,Z0,*M7,I,9,major,19.0
EDU,42,Zanga zangada,1,9,9,z0,*m7,I,9,minor,1.0
EDU,42,Zanga zangada,2,4,2,Y0,*7,V,9,minor,1.5
EDU,42,Zanga zangada,3,4,2,z0,*m7,II__X,9,minor,2.0
EDU,42,Zanga zangada,4,1,1,x0,*°7,V°,9,minor,2.5
EDU,42,Zanga zangada,5,11,11,y0,*Ø,II,9,minor,3.0
EDU,42,Zanga zangada,6,4,4,Y4,*7.13,V,9,minor,3.5
EDU,42,Zanga zangada,7,4,4,Y4.1,*7(b13),V,9,minor,3.75
EDU,42,Zanga zangada,8,9,9,z0,*m7,I,9,minor,4.0
EDU,42,Zanga zangada,9,7,7,z3,*m7.11,II__X,9,minor,5.0
EDU,42,Zanga zangada,10,6,6,Z3,*M7(#11),Np/VI,9,minor,5.5
EDU,42,Zanga zangada,11,6,6,Y3,*7(#11),SubV/VI,9,minor,5.75
EDU,42,Zanga zangada,12,5,5,Z0,*M7,VI,9,minor,6.0
EDU,42,Zanga zangada,13,5,5,Z1,*6,VI,9,minor,6.5
EDU,42,Zanga zangada,14,11,11,y1,*Ø.9,II,9,minor,7.0
EDU,42,Zanga zangada,15,4,4,Y4.1,*7(b13),V,9,minor,7.5
EDU,42,Zanga zangada,16,7,10,z1,*m6,bVIIm7,9,minor,8.0
EDU,42,Zanga zangada,17,9,9,Y1.1,*4.7.9,V/IV,9,minor,8.5
EDU,42,Zanga zangada,18,9,9,Y2,*7.9,V/IV,9,minor,8.75
EDU,42,Zanga zangada,19,2,2,z0,*m7,IV,9,minor,9.0
EDU,42,Zanga zangada,20,3,3,x0,*°7,V°/V,9,minor,9.5
EDU,42,Zanga zangada,21,0,4,V0,*,III,9,minor,10.0
EDU,42,Zanga zangada,22,5,5,Z0,*M7,VI,9,minor,10.5
EDU,42,Zanga zangada,23,11,11,y0,*Ø,II,9,minor,11.0
EDU,42,Zanga zangada,24,4,4,Y4.1,*7(b13),V,9,minor,11.5
EDU,42,Zanga zangada,25,9,9,z0,*m7,I,9,minor,12.0
EDU,42,Zanga zangada,26,9,9,z1,*m6,I,9,minor,12.5
EDU,42,Zanga zangada,27,7,7,Y1,*4.7,V,0,major,13.0
EDU,42,Zanga zangada,28,7,7,Y2.3,*7(b9),V,0,major,13.5
EDU,42,Zanga zangada,29,0,7,Z1,*6,V,0,major,14.0
EDU,42,Zanga zangada,30,6,6,z0,*m7,II,4,minor,15.0
EDU,42,Zanga zangada,31,11,11,Y2.3,*7(b9),V,4,minor,15.5
EDU,42,Zanga zangada,32,4,4,v1,*m.9,I,4,minor,16.0
EDU,42,Zanga zangada,33,4,4,z1.1.2,*m(b6)9,I,4,minor,16.25
EDU,42,Zanga zangada,34,4,4,z1.1,*m6.9,I,4,minor,16.5
EDU,42,Zanga zangada,35,4,4,z2,*m7.9,I,4,minor,16.75
EDU,42,Zanga zangada,36,1,1,y1,*Ø.9,II__X,4,minor,17.0
EDU,42,Zanga zangada,37,6,6,Y4.1,*7(b13),V/V,4,minor,17.5
EDU,42,Zanga zangada,38,11,11,y1,*Ø.9,II,9,minor,18.0
EDU,42,Zanga zangada,39,4,4,Y4.1,*7(b13),V,9,minor,18.5
EDU,42,Zanga zangada,40,11,11,y1,*Ø.9,II,9,minor,19.0
EDU,42,Zanga zangada,41,4,4,Y4.1,*7(b13),V,9,minor,19.5
EDU,42,Zanga zangada,42,9,9,z0,*m7,I,9,minor,20.0
EDU,42,Zanga zangada,43,9,9,z1,*m6,I,9,minor,20.5
EDU,42,Zanga zangada,44,11,11,z0,*m7,II,9,minor,21.0
EDU,42,Zanga zangada,45,4,4,Y2.3,*7(b9),V,9,minor,21.5
EDU,42,Zanga zangada,46,9,9,z0,*m7,I,9,minor,22.0
EDU,42,Zanga zangada,47,9,9,z1,*m6,I,9,minor,22.5
EDU,42,Zanga zangada,48,11,11,z0,*m7,II,9,minor,23.0
EDU,42,Zanga zangada,49,4,4,Y2.3,*7(b9),V,9,minor,23.5
EDU,42,Zanga zangada,50,9,9,z0,*m7,I,9,minor,24.0
EDU,43,Sobre todas as coisas,1,0,0,z3,*m7.11,I,0,minor,1.0
EDU,43,Sobre todas as coisas,2,7,0,Y2.3,*7(b9),V,0,minor,2.0
EDU,43,Sobre todas as coisas,3,0,0,z3,*m7.11,I,0,minor,3.0
EDU,43,Sobre todas as coisas,4,7,0,Y2.3,*7(b9),V,0,minor,4.0
EDU,43,Sobre todas as coisas,5,0,0,v1,*m.9,I,0,minor,5.0
EDU,43,Sobre todas as coisas,6,8,11,z1,*m6,bVIm7,0,minor,5.5
EDU,43,Sobre todas as coisas,7,0,10,z2,*m7.9,I,0,minor,6.0
EDU,43,Sobre todas as coisas,8,0,11,w1,*mM7.9,I,0,minor,6.5
EDU,43,Sobre todas as coisas,9,8,8,w0,*mM7,bVIm7,0,minor,7.0
EDU,43,Sobre todas as coisas,10,7,7,Y2.3,*7(b9),V,0,minor,8.0
EDU,43,Sobre todas as coisas,11,0,0,z0,*m7,I,0,minor,9.0
EDU,43,Sobre todas as coisas,12,5,5,z2,*m7.9,IV,0,minor,9.5
EDU,43,Sobre todas as coisas,13,10,10,Y1.1.2,*4.7.9.13,V/III,0,minor,10.0
EDU,43,Sobre todas as coisas,14,10,10,Y2.3,*7(b9),V/III,0,minor,11.0
EDU,43,Sobre todas as coisas,15,3,3,Z4,*(#5)M7,III,0,minor,11.5
EDU,43,Sobre todas as coisas,16,8,8,Z2,*M7.9,VI,0,minor,12.0
EDU,43,Sobre todas as coisas,17,8,7,Z2,*M7.9,VI,0,minor,12.5
EDU,43,Sobre todas as coisas,18,2,2,Y2.4,*7(#9),V/V,0,minor,13.0
EDU,43,Sobre todas as coisas,19,8,8,Y3.1,*7(#11)13,SubV/V,0,minor,13.5
EDU,43,Sobre todas as coisas,20,7,7,Y1.1,*4.7.9,V,0,minor,14.0
EDU,43,Sobre todas as coisas,21,7,7,Y2.3,*7(b9),V,0,minor,14.5
EDU,43,Sobre todas as coisas,22,0,0,z3,*m7.11,I,0,minor,15.0
EDU,44,Upa neguinho,1,2,2,Z5.1,*6.M7.9,I,2,major,1.0
EDU,44,Upa neguinho,2,9,2,z2,*m7.9,Vm7,2,major,2.0
EDU,44,Upa neguinho,3,2,2,Z5.1,*6.M7.9,I,2,major,3.0
EDU,44,Upa neguinho,4,9,2,z2,*m7.9,Vm7,2,major,4.0
EDU,44,Upa neguinho,5,2,2,Z5.1,*6.M7.9,I,2,major,5.0
EDU,44,Upa neguinho,6,9,2,z2,*m7.9,Vm7,2,major,6.0
EDU,44,Upa neguinho,7,2,2,Z5.1,*6.M7.9,I,2,major,7.0
EDU,44,Upa neguinho,8,9,2,z2,*m7.9,Vm7,2,major,8.0
EDU,44,Upa neguinho,9,2,2,Z5.1,*6.M7.9,I,2,major,9.0
EDU,44,Upa neguinho,10,9,2,z2,*m7.9,Vm7,2,major,10.0
EDU,44,Upa neguinho,11,2,2,Z5.1,*6.M7.9,I,2,major,11.0
EDU,44,Upa neguinho,12,9,2,z2,*m7.9,Vm7,2,major,12.0
EDU,44,Upa neguinho,13,2,2,Z5.1,*6.M7.9,I,2,major,13.0
EDU,44,Upa neguinho,14,9,2,z2,*m7.9,Vm7,2,major,14.0
EDU,44,Upa neguinho,15,2,2,z0,*m7,Im7,2,major,15.0
EDU,44,Upa neguinho,16,4,2,z0,*m7,II,2,major,16.0
EDU,44,Upa neguinho,17,2,2,z0,*m7,Im7,2,major,17.0
EDU,44,Upa neguinho,18,4,2,z0,*m7,II,2,major,18.0
EDU,44,Upa neguinho,19,6,4,Y0,*7,V/VI,2,major,19.0
EDU,44,Upa neguinho,20,11,11,Y0,*7,V/II,2,major,20.0
EDU,44,Upa neguinho,21,6,4,Y0,*7,V/VI,2,major,21.0
EDU,44,Upa neguinho,22,11,11,Y0,*7,V/II,2,major,22.0
EDU,44,Upa neguinho,23,2,2,V0,*,I,2,major,23.0
EDU,44,Upa neguinho,24,9,2,z2,*m7.9,Vm7,2,major,24.0
EDU,44,Upa neguinho,25,2,2,V0,*,I,2,major,25.0
EDU,44,Upa neguinho,26,9,2,z2,*m7.9,Vm7,2,major,26.0
EDU,44,Upa neguinho,27,2,2,V0,*,I,2,major,27.0
EDU,44,Upa neguinho,28,9,2,z2,*m7.9,Vm7,2,major,28.0
EDU,44,Upa neguinho,29,2,2,Z5.1,*6.M7.9,I,2,major,29.0
EDU,44,Upa neguinho,30,9,2,z2,*m7.9,Vm7,2,major,30.0
EDU,44,Upa neguinho,31,2,2,Z5.1,*6.M7.9,I,2,major,31.0
EDU,44,Upa neguinho,32,9,2,z2,*m7.9,Vm7,2,major,32.0
EDU,44,Upa neguinho,33,2,2,Z5.1,*6.M7.9,I,2,major,33.0
EDU,44,Upa neguinho,34,9,2,z2,*m7.9,Vm7,2,major,34.0
EDU,44,Upa neguinho,35,2,2,Z5.1,*6.M7.9,I,2,major,35.0
EDU,44,Upa neguinho,36,9,2,z2,*m7.9,Vm7,2,major,36.0
EDU,44,Upa neguinho,37,2,2,V0,*,I,2,major,37.0
EDU,44,Upa neguinho,38,4,2,Y0,*7,V/V,2,major,38.0
EDU,44,Upa neguinho,39,2,2,Z3,*M7(#11),I,2,major,39.0
EDU,45,No cordao da saideira,1,4,4,z2,*m7.9,I,4,minor,1.0
EDU,45,No cordao da saideira,2,0,10,Y0,*7,SubV/IV,4,minor,3.0
EDU,45,No cordao da saideira,3,6,6,y0,*Ø,II,4,minor,5.0
EDU,45,No cordao da saideira,4,11,11,Y2.3,*7(b9),V,4,minor,6.0
EDU,45,No cordao da saideira,5,4,4,z2,*m7.9,I,4,minor,7.0
EDU,45,No cordao da saideira,6,4,4,w1,*mM7.9,I,4,minor,8.0
EDU,45,No cordao da saideira,7,4,4,z2,*m7.9,I,4,minor,8.5
EDU,45,No cordao da saideira,8,11,11,y0,*Ø,II__X,4,minor,9.0
EDU,45,No cordao da saideira,9,4,4,Y2.3,*7(b9),V/IV,4,minor,10.0
EDU,45,No cordao da saideira,10,9,9,w0,*mM7,IV,4,minor,11.0
EDU,45,No cordao da saideira,11,2,2,Y1.1,*4.7.9,bVII7,4,minor,12.0
EDU,45,No cordao da saideira,12,1,1,z3,*m7.11,II__X,4,minor,13.0
EDU,45,No cordao da saideira,13,6,6,Y4,*7.13,V/V,4,minor,14.0
EDU,45,No cordao da saideira,14,11,11,Y1.1,*4.7.9,V,4,minor,15.0
EDU,45,No cordao da saideira,15,11,11,Y2.3,*7(b9),V,4,minor,16.0
EDU,45,No cordao da saideira,16,4,4,Y0,*7,V/II,7,major,17.0
EDU,45,No cordao da saideira,17,4,8,V0,*,V/II,7,major,18.0
EDU,45,No cordao da saideira,18,9,9,z2,*m7.9,II,7,major,19.0
EDU,45,No cordao da saideira,19,10,10,x0,*°7,V°/III,7,major,20.0
EDU,45,No cordao da saideira,20,7,11,V0,*,I,7,major,21.0
EDU,45,No cordao da saideira,21,0,0,Z0,*M7,IV,7,major,22.0
EDU,45,No cordao da saideira,22,11,11,y0,*Ø,II__X,7,major,23.0
EDU,45,No cordao da saideira,23,4,4,Y2.3,*7(b9),V/II,7,major,24.0
EDU,45,No cordao da saideira,24,9,1,V0,*,V/V,7,major,25.0
EDU,45,No cordao da saideira,25,0,0,z1,*m6,IVm7,7,major,26.0
EDU,45,No cordao da saideira,26,7,11,V0,*,I,7,major,27.0
EDU,45,No cordao da saideira,27,10,10,x3,*°7(b13),bIII°,7,major,28.0
EDU,45,No cordao da saideira,28,9,9,z0,*m7,II,7,major,29.0
EDU,45,No cordao da saideira,29,9,7,z0,*m7,II,7,major,29.5
EDU,45,No cordao da saideira,30,6,6,y0,*Ø,II__X,7,major,30.0
EDU,45,No cordao da saideira,31,5,5,Y0,*7,SubV/VI,7,major,30.5
EDU,45,No cordao da saideira,32,4,4,Y4,*7.13,V/II,7,major,31.0
EDU,45,No cordao da saideira,33,4,4,Y4.1,*7(b13),V/II,7,major,32.0
EDU,45,No cordao da saideira,34,9,9,z0,*m7,II,7,major,33.0
EDU,45,No cordao da saideira,35,10,10,x0,*°7,V°/III,7,major,34.0
EDU,45,No cordao da saideira,36,7,11,V0,*,I,7,major,35.0
EDU,45,No cordao da saideira,37,0,0,Z0,*M7,IV,7,major,36.0
EDU,45,No cordao da saideira,38,0,11,Z0,*M7,IV,7,major,36.5
EDU,45,No cordao da saideira,39,9,9,x0,*°7,IV,4,minor,37.0
EDU,45,No cordao da saideira,40,9,7,x0,*°7,IV,4,minor,37.5
EDU,45,No cordao da saideira,41,6,6,y0,*Ø,II,4,minor,38.0
EDU,45,No cordao da saideira,42,11,11,Y2.3,*7(b9),V,4,minor,38.5
EDU,45,No cordao da saideira,43,4,4,z2,*m7.9,I,4,minor,39.0
EDU,46,O sertao,1,0,0,Y2.4,*7(#9),I,0,major,1.0
EDU,46,O sertao,2,5,5,Y2,*7.9,IV7,0,major,9.0
EDU,46,O sertao,3,0,0,Y2.4,*7(#9),I,0,major,13.0
EDU,46,O sertao,4,2,2,Y2,*7.9,V/V,0,major,17.0
EDU,46,O sertao,5,5,5,Z0,*M7,IV,0,major,19.0
EDU,46,O sertao,6,5,5,z2.1,*m7.9.11,IVm7,0,major,20.0
EDU,46,O sertao,7,0,0,Y2.4,*7(#9),I,0,major,21.0
EDU,47,Zambi,1,2,2,z0,*m7,I,2,minor,1.0
EDU,47,Zambi,2,9,9,z0,*m7,Vm7,2,minor,2.0
EDU,47,Zambi,3,2,2,z0,*m7,I,2,minor,3.0
EDU,47,Zambi,4,9,9,z0,*m7,Vm7,2,minor,4.0
EDU,47,Zambi,5,2,2,z0,*m7,I,2,minor,5.0
EDU,47,Zambi,6,9,9,z0,*m7,Vm7,2,minor,6.0
EDU,47,Zambi,7,2,2,z0,*m7,I,2,minor,7.0
EDU,47,Zambi,8,9,9,z0,*m7,Vm7,2,minor,8.0
EDU,47,Zambi,9,2,2,z0,*m7,I,2,minor,9.0
EDU,47,Zambi,10,2,0,z0,*m7,I,2,minor,9.5
EDU,47,Zambi,11,10,10,Z0,*M7,VI,2,minor,10.0
EDU,47,Zambi,12,9,9,Y4.1,*7(b13),V,2,minor,10.5
EDU,47,Zambi,13,2,2,z0,*m7,I,2,minor,11.0
EDU,47,Zambi,14,2,0,z0,*m7,I,2,minor,11.5
EDU,47,Zambi,15,10,10,Z0,*M7,VI,2,minor,12.0
EDU,47,Zambi,16,9,9,Y4.1,*7(b13),V,2,minor,12.5
EDU,47,Zambi,17,2,2,z0,*m7,I,2,minor,13.0
EDU,47,Zambi,18,2,0,z0,*m7,I,2,minor,13.5
EDU,47,Zambi,19,10,10,Z0,*M7,VI,2,minor,14.0
EDU,47,Zambi,20,9,9,Y4.1,*7(b13),V,2,minor,14.5
EDU,47,Zambi,21,2,2,z0,*m7,I,2,minor,15.0
EDU,47,Zambi,22,2,0,z0,*m7,I,2,minor,15.5
EDU,47,Zambi,23,10,10,Z0,*M7,VI,2,minor,16.0
EDU,47,Zambi,24,9,9,Y2.1.2,*7(b9.#11),V,2,minor,16.5
EDU,47,Zambi,25,2,2,z0,*m7,I,2,minor,17.0
EDU,47,Zambi,26,10,10,Z0,*M7,VI,2,minor,18.0
EDU,47,Zambi,27,9,9,Y4.1,*7(b13),V,2,minor,18.5
EDU,47,Zambi,28,2,2,Z0,*M7,I,2,minor,19.0
EDU,47,Zambi,29,9,9,z0,*m7,Vm7,2,minor,20.0
EDU,47,Zambi,30,2,2,z0,*m7,I,2,minor,21.0
EDU,48,Ponteio,1,4,4,w1,*mM7.9,I,4,minor,1.0
EDU,48,Ponteio,2,5,5,Z5,*6.M7,bII7M,4,minor,5.0
EDU,48,Ponteio,3,9,9,z2,*m7.9,IV,4,minor,9.0
EDU,48,Ponteio,4,8,8,Y2.2.2.1,*7(#9.b13),SubV/III,4,minor,10.0
EDU,48,Ponteio,5,9,7,z2,*m7.9,IV,4,minor,11.0
EDU,48,Ponteio,6,9,6,z1,*m6,IV,4,minor,12.0
EDU,48,Ponteio,7,0,0,Z0,*M7,VI,4,minor,13.0
EDU,48,Ponteio,8,0,11,Z0,*M7,VI,4,minor,14.0
EDU,48,Ponteio,9,7,7,z1,*m6,?,4,minor,15.0
EDU,48,Ponteio,10,6,6,z0,*m7,II,4,minor,16.0
EDU,48,Ponteio,11,5,5,Y3,*7(#11),SubV,4,minor,17.0
EDU,48,Ponteio,12,4,4,Z1.1,*6.9,I,4,major,18.0
EDU,48,Ponteio,13,2,2,Z1.1,*6.9,bVII7M,4,major,19.0
EDU,48,Ponteio,14,4,4,Z1.1,*6.9,I,4,major,20.0
EDU,48,Ponteio,15,2,2,Z1.1,*6.9,bVII7M,4,major,21.0
EDU,48,Ponteio,16,4,4,Z1.1,*6.9,I,4,major,22.0
EDU,48,Ponteio,17,2,2,Z1.1,*6.9,bVII7M,4,major,23.0
EDU,48,Ponteio,18,4,4,Z1.1,*6.9,I,4,major,24.0
EDU,48,Ponteio,19,2,2,Z1.1,*6.9,bVII7M,4,major,25.0
EDU,48,Ponteio,20,4,4,w1,*mM7.9,I,4,minor,26.0
EDU,49,Pianinho,1,1,1,Y2.4,*7(#9),SubV,0,major,1.0
EDU,49,Pianinho,2,0,0,Z0,*M7,I,0,major,2.0
EDU,49,Pianinho,3,8,8,z1,*m6,bVIm7,0,major,3.0
EDU,49,Pianinho,4,7,7,Y4.1,*7(b13),V,0,major,3.5
EDU,49,Pianinho,5,0,0,Z0,*M7,I,0,major,4.0
EDU,49,Pianinho,6,6,6,y0,*Ø,II__X,0,major,5.0
EDU,49,Pianinho,7,11,11,Y2.3,*7(b9),V/III,0,major,5.5
EDU,49,Pianinho,8,4,4,z0,*m7,III,0,major,6.0
EDU,49,Pianinho,9,3,3,x0,*°7,bIII°,0,major,7.0
EDU,49,Pianinho,10,2,2,z2,*m7.9,II,0,major,8.0
EDU,49,Pianinho,11,7,7,Y1.1.3,*4.7(b9),V,0,major,9.0
EDU,49,Pianinho,12,0,0,Z0,*M7,I,0,major,10.0
EDU,49,Pianinho,13,11,11,Y2.3,*7(b9),V/III,0,major,10.5
EDU,49,Pianinho,14,4,4,z2,*m7.9,III,0,major,11.0
EDU,49,Pianinho,15,6,6,y0,*Ø,IIm7(b5),4,major,12.0
EDU,49,Pianinho,16,11,11,Y2.3,*7(b9),V,4,major,12.5
EDU,49,Pianinho,17,4,4,Z0,*M7,I,4,major,13.0
EDU,49,Pianinho,18,9,9,z2,*m7.9,II,7,major,14.0
EDU,49,Pianinho,19,2,2,Y2,*7.9,V,7,major,14.5
EDU,49,Pianinho,20,7,7,Z0,*M7,I,7,major,15.0
EDU,49,Pianinho,21,4,4,z2,*m7.9,VI,7,major,15.5
EDU,49,Pianinho,22,1,1,y0,*Ø,II,11,major,16.0
EDU,49,Pianinho,23,6,6,Y0,*7,V,11,major,16.5
EDU,49,Pianinho,24,11,11,Z0,*M7,I,11,major,17.0
EDU,49,Pianinho,25,7,7,Z1.1,*6.9,V,0,major,18.0
EDU,49,Pianinho,26,7,7,Y2.3,*7(b9),V,0,major,19.0
EDU,50,Pra dizer adeus,1,9,9,z1,*m6,I,9,minor,1.0
EDU,50,Pra dizer adeus,2,8,8,x3,*°7(b13),bIII°,9,minor,2.0
EDU,50,Pra dizer adeus,3,0,7,z0,*m7,bIIIm7,9,minor,3.0
EDU,50,Pra dizer adeus,4,6,6,x0,*°7,bVII°,9,minor,4.0
EDU,50,Pra dizer adeus,5,2,5,z1,*m6,IV,9,minor,5.0
EDU,50,Pra dizer adeus,6,4,4,Y1,*4.7,V,9,minor,6.0
EDU,50,Pra dizer adeus,7,4,4,Y4.1,*7(b13),V,9,minor,6.5
EDU,50,Pra dizer adeus,8,9,9,z0,*m7,I,9,minor,7.0
EDU,50,Pra dizer adeus,9,5,5,z2,*m7.9,bVIm7,9,minor,8.0
EDU,50,Pra dizer adeus,10,4,4,Y2.4,*7(#9),V,9,minor,8.5
EDU,50,Pra dizer adeus,11,9,9,z1,*m6,I,9,minor,9.0
EDU,50,Pra dizer adeus,12,8,8,x3,*°7(b13),bIII°,9,minor,10.0
EDU,50,Pra dizer adeus,13,0,7,z0,*m7,bIIIm7,9,minor,11.0
EDU,50,Pra dizer adeus,14,6,6,x0,*°7,bVII°,9,minor,12.0
EDU,50,Pra dizer adeus,15,2,5,z1,*m6,IV,9,minor,13.0
EDU,50,Pra dizer adeus,16,4,4,Y1,*4.7,V,9,minor,14.0
EDU,50,Pra dizer adeus,17,4,4,Y4.1,*7(b13),V,9,minor,14.5
EDU,50,Pra dizer adeus,18,9,9,z2,*m7.9,I,9,minor,15.0
EDU,50,Pra dizer adeus,19,2,2,Y2,*7.9,V/V,0,major,16.0
EDU,50,Pra dizer adeus,20,7,7,Y1.1,*4.7.9,V,0,major,17.0
EDU,50,Pra dizer adeus,21,7,7,Y2.2.1,*7(b9)13,V,0,major,18.0
EDU,50,Pra dizer adeus,22,0,7,Z1,*6,I,0,major,19.0
EDU,50,Pra dizer adeus,23,9,9,Y1.1,*4.7.9,V/II,0,major,20.0
EDU,50,Pra dizer adeus,24,9,9,X0,*(b5)7,V/II,0,major,20.5
EDU,50,Pra dizer adeus,25,2,2,z0,*m7,II,0,major,21.0
EDU,50,Pra dizer adeus,26,2,0,z0,*m7,II,0,major,22.0
EDU,50,Pra dizer adeus,27,11,11,Y4,*7.13,V/V,9,minor,23.0
EDU,50,Pra dizer adeus,28,11,11,Y4.1,*7(b13),V/V,9,minor,23.5
EDU,50,Pra dizer adeus,29,4,4,Y2.3,*7(b9),V,9,minor,24.0
EDU,50,Pra dizer adeus,30,9,9,z1,*m6,I,9,minor,25.0
EDU,50,Pra dizer adeus,31,8,8,x3,*°7(b13),bIII°,9,minor,26.0
EDU,50,Pra dizer adeus,32,0,7,z0,*m7,bIIIm7,9,minor,27.0
EDU,50,Pra dizer adeus,33,6,6,x0,*°7,bVII°,9,minor,28.0
EDU,50,Pra dizer adeus,34,2,5,z1,*m6,IV,9,minor,29.0
EDU,50,Pra dizer adeus,35,4,4,Y1,*4.7,V,9,minor,30.0
EDU,50,Pra dizer adeus,36,4,4,Y4.1,*7(b13),V,9,minor,30.5
EDU,50,Pra dizer adeus,37,5,5,Z0,*M7,VI,9,minor,31.0
EDU,50,Pra dizer adeus,38,10,10,Z0,*M7,bII7M,9,minor,32.0
EDU,50,Pra dizer adeus,39,9,9,z1.1.1,*m6.9.11,I,9,minor,33.0
GIL,1,Andar com fe,1,4,4,Z1,*6,I,4,major,1.0
GIL,1,Andar com fe,2,11,11,Y0,*7,V,4,major,3.0
GIL,1,Andar com fe,3,11,11,Y1,*4.7,V,4,major,4.0
GIL,1,Andar com fe,4,11,11,Y0,*7,V,4,major,4.5
GIL,1,Andar com fe,5,4,4,Z1,*6,I,4,major,5.0
GIL,1,Andar com fe,6,11,11,Y0,*7,V,4,major,7.0
GIL,1,Andar com fe,7,11,11,Y1,*4.7,V,4,major,8.0
GIL,1,Andar com fe,8,11,11,Y0,*7,V,4,major,8.5
GIL,1,Andar com fe,9,4,4,Z1,*6,I,4,major,9.0
GIL,1,Andar com fe,10,11,11,Y0,*7,V,4,major,11.0
GIL,1,Andar com fe,11,9,9,V0,*,IV,4,major,13.0
GIL,1,Andar com fe,12,8,8,z0,*m7,III,4,major,14.0
GIL,1,Andar com fe,13,6,6,z0,*m7,II,4,major,15.0
GIL,1,Andar com fe,14,11,11,Y0,*7,V,4,major,16.0
GIL,1,Andar com fe,15,4,4,Z1,*6,I,4,major,17.0
GIL,1,Andar com fe,16,11,11,Y0,*7,V,4,major,19.0
GIL,1,Andar com fe,17,9,9,V0,*,IV,4,major,21.0
GIL,1,Andar com fe,18,8,8,z0,*m7,III,4,major,22.0
GIL,1,Andar com fe,19,6,6,z0,*m7,II,4,major,23.0
GIL,1,Andar com fe,20,11,11,Y1,*4.7,V,4,major,24.0
GIL,1,Andar com fe,21,11,11,Y0,*7,V,4,major,24.5
GIL,1,Andar com fe,22,4,4,Z1,*6,I,4,major,25.0
GIL,2,Aquele abraco,1,4,4,Y2,*7.9,I,4,major,1.0
GIL,2,Aquele abraco,2,9,9,Y4,*7.13,IV7,4,major,2.0
GIL,2,Aquele abraco,3,4,4,Y2,*7.9,I,4,major,3.0
GIL,2,Aquele abraco,4,9,9,Y4,*7.13,IV7,4,major,4.0
GIL,2,Aquele abraco,5,4,4,Y2,*7.9,I,4,major,5.0
GIL,2,Aquele abraco,6,9,9,Y4,*7.13,IV7,4,major,6.0
GIL,2,Aquele abraco,7,4,4,Y2,*7.9,I,4,major,7.0
GIL,2,Aquele abraco,8,9,9,Y4,*7.13,IV7,4,major,8.0
GIL,2,Aquele abraco,9,4,4,Y2,*7.9,I,4,major,9.0
GIL,2,Aquele abraco,10,9,9,Y4,*7.13,IV7,4,major,10.0
GIL,2,Aquele abraco,11,1,1,z0,*m7,II__X,4,major,11.0
GIL,2,Aquele abraco,12,6,6,Y0,*7,V/V,4,major,12.0
GIL,2,Aquele abraco,13,1,1,z0,*m7,II__X,4,major,13.0
GIL,2,Aquele abraco,14,6,6,Y0,*7,V/V,4,major,14.0
GIL,2,Aquele abraco,15,1,1,z0,*m7,II__X,4,major,15.0
GIL,2,Aquele abraco,16,6,6,Y0,*7,V/V,4,major,16.0
GIL,2,Aquele abraco,17,1,1,z0,*m7,II__X,4,major,17.0
GIL,2,Aquele abraco,18,6,6,Y0,*7,V/V,4,major,18.0
GIL,2,Aquele abraco,19,11,11,Y0,*7,V,4,major,19.0
GIL,2,Aquele abraco,20,4,4,Y2,*7.9,I,4,major,20.0
GIL,2,Aquele abraco,21,9,9,Y4,*7.13,IV7,4,major,21.0
GIL,2,Aquele abraco,22,4,4,Y2,*7.9,I,4,major,23.0
GIL,2,Aquele abraco,23,9,9,Y4,*7.13,IV7,4,major,25.0
GIL,2,Aquele abraco,24,4,4,Y2,*7.9,I,4,major,27.0
GIL,2,Aquele abraco,25,9,9,Y4,*7.13,IV7,4,major,29.0
GIL,2,Aquele abraco,26,4,4,Y2,*7.9,I,4,major,31.0
GIL,2,Aquele abraco,27,9,9,Y4,*7.13,IV7,4,major,33.0
GIL,2,Aquele abraco,28,1,1,z0,*m7,II__X,4,major,35.0
GIL,2,Aquele abraco,29,6,6,Y0,*7,V/V,4,major,37.0
GIL,2,Aquele abraco,30,1,1,z0,*m7,II__X,4,major,39.0
GIL,2,Aquele abraco,31,6,6,Y0,*7,V/V,4,major,41.0
GIL,2,Aquele abraco,32,1,1,z0,*m7,II__X,4,major,42.0
GIL,2,Aquele abraco,33,6,6,Y0,*7,V/V,4,major,43.0
GIL,2,Aquele abraco,34,7,7,Y4,*7.13,?,4,major,43.5
GIL,2,Aquele abraco,35,8,8,Y4,*7.13,?,4,major,43.75
GIL,2,Aquele abraco,36,9,9,Y4,*7.13,IV7,4,major,44.0
GIL,2,Aquele abraco,37,4,4,Y2,*7.9,I,4,major,45.0
GIL,3,Aqui e agora,1,5,5,Z0,*M7,I,5,major,1.0
GIL,3,Aqui e agora,2,7,7,z0,*m7,II,5,major,1.5
GIL,3,Aqui e agora,3,9,9,z0,*m7,III,5,major,2.0
GIL,3,Aqui e agora,4,7,7,z0,*m7,II,5,major,2.5
GIL,3,Aqui e agora,5,5,5,Z0,*M7,I,5,major,3.0
GIL,3,Aqui e agora,6,7,7,z0,*m7,II,5,major,3.5
GIL,3,Aqui e agora,7,9,9,z0,*m7,III,5,major,4.0
GIL,3,Aqui e agora,8,7,7,z0,*m7,II,5,major,4.5
GIL,3,Aqui e agora,9,7,7,Y0,*7,SubV,6,major,5.0
GIL,3,Aqui e agora,10,6,6,Z0,*M7,I,6,major,7.0
GIL,3,Aqui e agora,11,8,8,z0,*m7,II,6,major,7.5
GIL,3,Aqui e agora,12,3,3,z3,*m7.11,VI,6,major,8.0
GIL,3,Aqui e agora,13,1,1,z3,*m7.11,Vm7,6,major,9.5
GIL,3,Aqui e agora,14,11,11,Y2.1,*7.9(#11),SubV/III,6,major,9.75
GIL,3,Aqui e agora,15,10,10,z2,*m7.9,III,6,major,10.0
GIL,3,Aqui e agora,16,3,3,z3,*m7.11,II__X,6,major,10.5
GIL,3,Aqui e agora,17,0,0,Y2.1,*7.9(#11),SubV/IV,6,major,10.75
GIL,3,Aqui e agora,18,11,11,Z0,*M7,IV,6,major,11.0
GIL,3,Aqui e agora,19,10,10,z3,*m7.11,II__X,6,major,12.5
GIL,3,Aqui e agora,20,9,9,Y3,*7(#11),SubV/II,6,major,12.75
GIL,3,Aqui e agora,21,8,8,Y1.1,*4.7.9,V/V,6,major,13.0
GIL,3,Aqui e agora,22,8,8,Y0,*7,SubV/II,5,major,13.25
GIL,3,Aqui e agora,23,7,7,z0,*m7,II,5,major,13.5
GIL,3,Aqui e agora,24,0,0,Y2.3,*7(b9),V,5,major,13.75
GIL,3,Aqui e agora,25,5,5,Z0,*M7,I,5,major,14.0
GIL,4,Barato total,1,5,5,Z1,*6,I,5,major,1.0
GIL,4,Barato total,2,10,10,Y2,*7.9,IV7,5,major,3.0
GIL,4,Barato total,3,5,5,Z1,*6,I,5,major,4.0
GIL,4,Barato total,4,8,8,Z1,*6,bIII7M,5,major,6.0
GIL,4,Barato total,5,10,10,Y2,*7.9,IV7,5,major,7.0
GIL,4,Barato total,6,1,1,Y2,*7.9,SubV/V,5,major,8.0
GIL,4,Barato total,7,0,0,Y2,*7.9,V,5,major,8.5
GIL,4,Barato total,8,5,5,Z1,*6,I,5,major,9.0
GIL,4,Barato total,9,10,10,Y2,*7.9,IV7,5,major,11.0
GIL,4,Barato total,10,5,5,Z1,*6,I,5,major,12.0
GIL,4,Barato total,11,8,8,Z1,*6,bIII7M,5,major,14.0
GIL,4,Barato total,12,10,10,Y2,*7.9,IV7,5,major,15.0
GIL,4,Barato total,13,1,1,Y2,*7.9,SubV/V,5,major,16.0
GIL,4,Barato total,14,0,0,Y2,*7.9,V,5,major,16.5
GIL,4,Barato total,15,5,5,Z1,*6,I,5,major,17.0
GIL,4,Barato total,16,10,10,Y2,*7.9,IV7,5,major,19.0
GIL,4,Barato total,17,1,1,Y2,*7.9,SubV/V,5,major,20.0
GIL,4,Barato total,18,0,0,Y2,*7.9,V,5,major,20.5
GIL,4,Barato total,19,8,8,Z1,*6,bIII7M,5,major,21.0
GIL,4,Barato total,20,1,1,Y2,*7.9,SubV/V,5,major,24.0
GIL,4,Barato total,21,0,0,Y2,*7.9,V,5,major,24.5
GIL,4,Barato total,22,5,5,Y0,*7,V/IV,5,major,25.0
GIL,4,Barato total,23,10,10,Y2,*7.9,IV7,5,major,26.0
GIL,4,Barato total,24,7,7,Y0,*7,V/V,5,major,27.0
GIL,4,Barato total,25,0,0,Y2,*7.9,V,5,major,28.0
GIL,4,Barato total,26,5,5,Y0,*7,V/IV,5,major,29.0
GIL,4,Barato total,27,10,10,Y2,*7.9,IV7,5,major,32.0
GIL,4,Barato total,28,5,5,Z1,*6,I,5,major,34.0
GIL,4,Barato total,29,7,7,Y0,*7,V/V,5,major,35.0
GIL,4,Barato total,30,0,0,Y2,*7.9,V,5,major,36.0
GIL,5,Chororo,1,1,1,Y2.4,*7(#9),V/III,2,major,1.0
GIL,5,Chororo,2,6,6,z0,*m7,III,2,major,2.0
GIL,5,Chororo,3,1,1,Y2.4,*7(#9),V/III,2,major,3.0
GIL,5,Chororo,4,6,6,z0,*m7,III,2,major,4.0
GIL,5,Chororo,5,1,1,Y2.4,*7(#9),V/III,2,major,5.0
GIL,5,Chororo,6,6,6,z0,*m7,III,2,major,6.0
GIL,5,Chororo,7,4,4,z0,*m7,II,2,major,7.0
GIL,5,Chororo,8,2,2,Z0,*M7,I,2,major,8.0
GIL,5,Chororo,9,9,9,Y2.2.1,*7(b9)13,V,2,major,9.0
GIL,5,Chororo,10,9,9,Y2.1.2,*7(b9.#11),V,2,major,9.5
GIL,5,Chororo,11,9,9,Y2.2.1,*7(b9)13,V,2,major,10.0
GIL,5,Chororo,12,2,2,V0,*,I,2,major,12.0
GIL,5,Chororo,13,2,6,V0,*,I,2,major,12.5
GIL,5,Chororo,14,7,7,V0,*,IV,2,major,13.0
GIL,5,Chororo,15,4,8,Y0,*7,V/V,2,major,13.5
GIL,5,Chororo,16,9,9,Y0,*7,V,2,major,14.0
GIL,5,Chororo,17,4,4,V0,*,I,4,major,15.0
GIL,5,Chororo,18,11,3,V0,*,V,4,major,15.5
GIL,5,Chororo,19,9,1,V0,*,IV,4,major,15.75
GIL,5,Chororo,20,11,11,V0,*,V,4,major,16.0
GIL,5,Chororo,21,9,1,V0,*,IV,4,major,16.5
GIL,5,Chororo,22,11,3,V0,*,V,4,major,16.75
GIL,5,Chororo,23,4,4,V0,*,I,4,major,17.0
GIL,5,Chororo,24,11,3,V0,*,V,4,major,17.5
GIL,5,Chororo,25,9,1,V0,*,IV,4,major,17.75
GIL,5,Chororo,26,11,11,V0,*,V,4,major,18.0
GIL,5,Chororo,27,9,1,V0,*,IV,4,major,18.5
GIL,5,Chororo,28,11,3,V0,*,V,4,major,18.75
GIL,5,Chororo,29,4,4,V0,*,I,4,major,19.0
GIL,5,Chororo,30,5,5,V0,*,?,4,major,19.5
GIL,5,Chororo,31,6,6,Y0,*7,V/V,4,major,20.0
GIL,5,Chororo,32,11,11,Y0,*7,V,4,major,21.0
GIL,5,Chororo,33,4,4,Y0,*7,V/V,2,major,22.0
GIL,5,Chororo,34,9,9,Y2.2.1,*7(b9)13,V,2,major,23.0
GIL,5,Chororo,35,2,2,V0,*,I,2,major,27.0
GIL,5,Chororo,36,2,6,Y0,*7,V/IV,2,major,27.5
GIL,5,Chororo,37,7,7,V0,*,IV,2,major,28.0
GIL,5,Chororo,38,9,9,Y0,*7,V,2,major,29.0
GIL,5,Chororo,39,2,2,V0,*,I,2,major,30.0
GIL,5,Chororo,40,2,6,Y0,*7,V/IV,2,major,31.0
GIL,5,Chororo,41,7,7,V0,*,IV,2,major,32.0
GIL,5,Chororo,42,9,9,Y0,*7,V,2,major,33.0
GIL,5,Chororo,43,2,2,V0,*,I,2,major,34.0
GIL,6,Cerebro eletronico,1,7,7,V0,*,I,7,major,1.0
GIL,6,Cerebro eletronico,2,7,7,Y0,*7,V/IV,7,major,1.5
GIL,6,Cerebro eletronico,3,0,0,Y0,*7,IV7,7,major,2.0
GIL,6,Cerebro eletronico,4,11,11,Y0,*7,V/VI,7,major,2.5
GIL,6,Cerebro eletronico,5,4,4,v0,*m,VI,7,major,3.0
GIL,6,Cerebro eletronico,6,11,11,Y0,*7,V/VI,7,major,3.5
GIL,6,Cerebro eletronico,7,0,0,Y0,*7,IV7,7,major,4.0
GIL,6,Cerebro eletronico,8,2,2,Y0,*7,V,7,major,4.5
GIL,6,Cerebro eletronico,9,7,7,V0,*,I,7,major,5.0
GIL,6,Cerebro eletronico,10,7,7,Y0,*7,V/IV,7,major,6.5
GIL,6,Cerebro eletronico,11,0,0,Y0,*7,IV7,7,major,7.0
GIL,6,Cerebro eletronico,12,11,11,Y0,*7,V/VI,7,major,7.5
GIL,6,Cerebro eletronico,13,4,4,v0,*m,VI,7,major,8.0
GIL,6,Cerebro eletronico,14,11,11,Y0,*7,V/VI,7,major,8.5
GIL,6,Cerebro eletronico,15,0,0,Y0,*7,IV7,7,major,9.0
GIL,6,Cerebro eletronico,16,2,2,Y0,*7,V,7,major,9.5
GIL,6,Cerebro eletronico,17,7,7,V0,*,I,7,major,10.0
GIL,6,Cerebro eletronico,18,11,11,Y0,*7,V,4,minor,10.5
GIL,6,Cerebro eletronico,19,4,4,v0,*m,I,4,minor,11.0
GIL,6,Cerebro eletronico,20,9,9,Y0,*7,IV7,4,minor,11.5
GIL,6,Cerebro eletronico,21,4,4,v0,*m,I,4,minor,12.0
GIL,6,Cerebro eletronico,22,9,9,Y0,*7,IV7,4,minor,12.5
GIL,6,Cerebro eletronico,23,4,4,v0,*m,I,4,minor,13.0
GIL,6,Cerebro eletronico,24,9,9,Y0,*7,IV7,4,minor,13.5
GIL,6,Cerebro eletronico,25,4,4,v0,*m,I,4,minor,14.0
GIL,6,Cerebro eletronico,26,2,2,Y0,*7,V,7,major,14.5
GIL,6,Cerebro eletronico,27,7,7,V0,*,I,7,major,15.0
GIL,6,Cerebro eletronico,28,0,0,Y0,*7,IV7,7,major,15.5
GIL,6,Cerebro eletronico,29,7,7,V0,*,I,7,major,16.0
GIL,6,Cerebro eletronico,30,0,0,Y0,*7,IV7,7,major,16.5
GIL,6,Cerebro eletronico,31,7,7,V0,*,I,7,major,17.0
GIL,6,Cerebro eletronico,32,11,11,Y0,*7,V,4,minor,17.5
GIL,6,Cerebro eletronico,33,4,4,v0,*m,I,4,minor,18.0
GIL,6,Cerebro eletronico,34,11,11,Y0,*7,V,4,minor,18.5
GIL,6,Cerebro eletronico,35,4,4,v0,*m,I,4,minor,19.0
GIL,7,Copo vazio,1,7,7,Y0,*7,V/IV,7,major,1.0
GIL,7,Copo vazio,2,0,0,V0,*,IV,7,major,2.0
GIL,7,Copo vazio,3,11,11,Y0,*7,V/VI,7,major,3.0
GIL,7,Copo vazio,4,4,4,z0,*m7,II__X,7,major,4.0
GIL,7,Copo vazio,5,9,9,Y2,*7.9,V/V,7,major,5.0
GIL,7,Copo vazio,6,2,2,Y0,*7,V,7,major,6.0
GIL,7,Copo vazio,7,11,11,Y0,*7,V/VI,7,major,7.0
GIL,7,Copo vazio,8,4,4,z0,*m7,II__X,7,major,8.0
GIL,7,Copo vazio,9,9,9,Y2,*7.9,V/V,7,major,9.0
GIL,7,Copo vazio,10,2,2,Y0,*7,V,7,major,10.0
GIL,7,Copo vazio,11,7,7,V0,*,I,7,major,11.0
GIL,7,Copo vazio,12,7,7,Y2,*7.9,V/IV,7,major,12.0
GIL,7,Copo vazio,13,0,0,V0,*,IV,7,major,13.0
GIL,7,Copo vazio,14,11,11,Y0,*7,V/VI,7,major,14.0
GIL,7,Copo vazio,15,4,4,z0,*m7,II__X,7,major,15.0
GIL,7,Copo vazio,16,9,9,Y2,*7.9,V/V,7,major,16.0
GIL,7,Copo vazio,17,2,2,Y0,*7,V,7,major,17.0
GIL,7,Copo vazio,18,0,0,Y0,*7,SubV/III,7,major,17.75
GIL,7,Copo vazio,19,11,11,Y0,*7,V,4,minor,18.0
GIL,7,Copo vazio,20,4,4,z0,*m7,I,4,minor,20.0
GIL,7,Copo vazio,21,0,0,Y0,*7,SubV/V,4,minor,21.75
GIL,7,Copo vazio,22,11,11,Y0,*7,V,4,minor,22.0
GIL,7,Copo vazio,23,4,4,v1,*m.9,I,4,minor,24.0
GIL,7,Copo vazio,24,10,10,Y0,*7,SubV/IV,4,minor,24.5
GIL,7,Copo vazio,25,9,9,Y0,*7,V/V,7,major,25.0
GIL,7,Copo vazio,26,2,2,V2,*9,V,7,major,27.0
GIL,7,Copo vazio,27,9,9,Y0,*7,V/V,7,major,29.0
GIL,7,Copo vazio,28,2,2,Y2,*7.9,V,7,major,31.0
GIL,7,Copo vazio,29,11,11,Y0,*7,V/VI,7,major,33.0
GIL,7,Copo vazio,30,4,4,Y2,*7.9,V/II,7,major,35.0
GIL,7,Copo vazio,31,0,0,V0,*,IV,7,major,37.0
GIL,7,Copo vazio,32,2,2,Y0,*7,V,7,major,38.0
GIL,7,Copo vazio,33,7,7,Y2,*7.9,IV7,7,major,39.0
GIL,7,Copo vazio,34,0,0,V0,*,IV,7,major,41.0
GIL,7,Copo vazio,35,11,11,Y0,*7,V/VI,7,major,42.0
GIL,7,Copo vazio,36,4,4,z0,*m7,VI,7,major,43.0
GIL,7,Copo vazio,37,9,9,Y0,*7,V/V,7,major,44.0
GIL,7,Copo vazio,38,2,2,Y0,*7,V,7,major,44.5
GIL,7,Copo vazio,39,7,7,V0,*,I,7,major,45.0
GIL,8,Cores vivas,1,4,4,Z1,*6,I,4,major,1.0
GIL,8,Cores vivas,2,11,11,Y0,*7,V,4,major,2.0
GIL,8,Cores vivas,3,4,4,Z1,*6,I,4,major,3.0
GIL,8,Cores vivas,4,11,11,Y0,*7,V,4,major,4.0
GIL,8,Cores vivas,5,4,4,Z1,*6,I,4,major,5.0
GIL,8,Cores vivas,6,11,11,Y0,*7,V,4,major,6.0
GIL,8,Cores vivas,7,4,4,Z1,*6,I,4,major,7.0
GIL,8,Cores vivas,8,11,11,Y0,*7,V,4,major,8.0
GIL,8,Cores vivas,9,4,4,V0,*,I,4,major,9.0
GIL,8,Cores vivas,10,6,6,z0,*m7,II,4,major,9.5
GIL,8,Cores vivas,11,4,4,V0,*,I,4,major,10.0
GIL,8,Cores vivas,12,6,6,z0,*m7,II,4,major,10.5
GIL,8,Cores vivas,13,9,4,V0,*,IV,4,major,11.0
GIL,8,Cores vivas,14,6,6,z0,*m7,II,4,major,11.5
GIL,8,Cores vivas,15,4,4,V0,*,I,4,major,12.0
GIL,8,Cores vivas,16,6,6,z0,*m7,II,4,major,12.5
GIL,8,Cores vivas,17,4,4,V0,*,I,4,major,13.0
GIL,8,Cores vivas,18,6,6,z0,*m7,II,4,major,13.5
GIL,8,Cores vivas,19,9,4,V0,*,IV,4,major,14.0
GIL,8,Cores vivas,20,6,6,z0,*m7,II,4,major,14.5
GIL,8,Cores vivas,21,9,4,V0,*,IV,4,major,15.0
GIL,8,Cores vivas,22,6,6,z0,*m7,II,4,major,15.5
GIL,8,Cores vivas,23,4,4,V0,*,I,4,major,16.0
GIL,8,Cores vivas,24,6,6,z0,*m7,II,4,major,16.5
GIL,8,Cores vivas,25,4,4,V0,*,I,4,major,17.0
GIL,8,Cores vivas,26,6,6,z0,*m7,II,4,major,17.5
GIL,8,Cores vivas,27,0,0,Z0,*M7,I,0,major,18.0
GIL,8,Cores vivas,28,7,7,Y0,*7,V,0,major,20.0
GIL,8,Cores vivas,29,0,0,Z0,*M7,I,0,major,22.0
GIL,8,Cores vivas,30,7,7,Y0,*7,V,0,major,24.0
GIL,8,Cores vivas,31,0,0,Z0,*M7,I,0,major,26.0
GIL,8,Cores vivas,32,4,4,V0,*,I,4,major,35.0
GIL,8,Cores vivas,33,9,9,Z0,*M7,IV,4,major,37.0
GIL,8,Cores vivas,34,11,9,Y0,*7,V,4,major,39.0
GIL,8,Cores vivas,35,4,8,Z1,*6,I,4,major,41.0
GIL,8,Cores vivas,36,11,9,Y0,*7,V,4,major,43.0
GIL,8,Cores vivas,37,4,8,Z1,*6,I,4,major,45.0
GIL,8,Cores vivas,38,11,9,Y0,*7,V,4,major,47.0
GIL,8,Cores vivas,39,4,8,Z1,*6,I,4,major,49.0
GIL,8,Cores vivas,40,11,9,Y0,*7,V,4,major,51.0
GIL,8,Cores vivas,41,6,10,Y0,*7,V/V,4,major,53.0
GIL,8,Cores vivas,42,11,9,Y0,*7,V,4,major,54.0
GIL,8,Cores vivas,43,4,4,Z1,*6,I,4,major,55.0
GIL,9,Divino e maravilhoso,1,9,9,V0,*,I,9,major,1.0
GIL,9,Divino e maravilhoso,2,1,1,V0,*,IIIM7,9,major,2.0
GIL,9,Divino e maravilhoso,3,9,9,V0,*,I,9,major,3.0
GIL,9,Divino e maravilhoso,4,1,1,V0,*,IIIM7,9,major,4.0
GIL,9,Divino e maravilhoso,5,2,2,V0,*,IV,9,major,5.0
GIL,9,Divino e maravilhoso,6,4,4,V0,*,V,9,major,6.0
GIL,9,Divino e maravilhoso,7,9,9,V0,*,I,9,major,7.0
GIL,9,Divino e maravilhoso,8,1,1,V0,*,IIIM7,9,major,8.0
GIL,9,Divino e maravilhoso,9,2,2,V0,*,IV,9,major,9.0
GIL,9,Divino e maravilhoso,10,4,4,V0,*,V,9,major,10.0
GIL,9,Divino e maravilhoso,11,9,9,V0,*,I,9,major,11.0
GIL,9,Divino e maravilhoso,12,8,8,y0,*Ø,II__X,9,major,12.0
GIL,9,Divino e maravilhoso,13,1,1,Y0,*7,V/VI,9,major,12.5
GIL,9,Divino e maravilhoso,14,6,6,v0,*m,VI,9,major,13.0
GIL,9,Divino e maravilhoso,15,2,2,V0,*,IV,9,major,14.0
GIL,9,Divino e maravilhoso,16,7,7,V0,*,bVII7M,9,major,14.5
GIL,9,Divino e maravilhoso,17,9,9,V0,*,I,9,major,14.75
GIL,9,Divino e maravilhoso,18,2,2,V0,*,IV,9,major,15.0
GIL,9,Divino e maravilhoso,19,1,1,Y2.3,*7(b9),V/VI,9,major,15.25
GIL,9,Divino e maravilhoso,20,6,6,v0,*m,VI,9,major,15.5
GIL,9,Divino e maravilhoso,21,9,9,V0,*,I,9,major,16.0
GIL,9,Divino e maravilhoso,22,4,4,v0,*m,Vm7,9,major,17.0
GIL,9,Divino e maravilhoso,23,9,9,V0,*,I,9,major,18.0
GIL,9,Divino e maravilhoso,24,4,4,v0,*m,Vm7,9,major,19.0
GIL,9,Divino e maravilhoso,25,9,9,V0,*,I,9,major,20.0
GIL,9,Divino e maravilhoso,26,4,4,v0,*m,Vm7,9,major,21.0
GIL,9,Divino e maravilhoso,27,9,9,V0,*,I,9,major,22.0
GIL,9,Divino e maravilhoso,28,4,4,v0,*m,Vm7,9,major,23.0
GIL,9,Divino e maravilhoso,29,9,9,V0,*,I,9,major,24.0
GIL,10,Eu vim da Bahia,1,11,11,z3,*m7.11,II,9,minor,1.0
GIL,10,Eu vim da Bahia,2,10,10,Y3,*7(#11),SubV,9,minor,1.5
GIL,10,Eu vim da Bahia,3,9,9,z0,*m7,I,9,minor,2.0
GIL,10,Eu vim da Bahia,4,11,11,z3,*m7.11,II,9,minor,3.0
GIL,10,Eu vim da Bahia,5,10,10,Y3,*7(#11),SubV,9,minor,3.5
GIL,10,Eu vim da Bahia,6,9,9,z0,*m7,I,9,minor,4.0
GIL,10,Eu vim da Bahia,7,0,0,Y4,*7.13,V/VI,9,minor,4.5
GIL,10,Eu vim da Bahia,8,5,5,Z0,*M7,IV,0,major,5.0
GIL,10,Eu vim da Bahia,9,5,5,z1,*m6,IVm7,0,major,5.5
GIL,10,Eu vim da Bahia,10,4,4,Y0,*7,V/VI,0,major,6.0
GIL,10,Eu vim da Bahia,11,9,9,Y0,*7,V/II,0,major,6.5
GIL,10,Eu vim da Bahia,12,2,2,Y0,*7,V/V,0,major,7.0
GIL,10,Eu vim da Bahia,13,7,7,Z2,*M7.9,V,0,major,7.5
GIL,10,Eu vim da Bahia,14,0,0,Z2,*M7.9,I,0,major,8.0
GIL,10,Eu vim da Bahia,15,9,9,z0,*m7,II__X,0,major,9.0
GIL,10,Eu vim da Bahia,16,2,2,Y0,*7,V/V,0,major,10.0
GIL,10,Eu vim da Bahia,17,7,7,Y2,*7.9,V,0,major,11.0
GIL,10,Eu vim da Bahia,18,0,0,Y0,*7,V/IV,0,major,12.0
GIL,10,Eu vim da Bahia,19,5,5,Y0,*7,IV7,0,major,13.0
GIL,10,Eu vim da Bahia,20,10,10,Y0,*7,V/bIII,0,major,13.5
GIL,10,Eu vim da Bahia,21,3,3,Z0,*M7,bIII7M,0,major,14.0
GIL,10,Eu vim da Bahia,22,8,8,Y0,*7,V/bII,0,major,14.5
GIL,10,Eu vim da Bahia,23,1,1,Z0,*M7,bII7M,0,major,15.0
GIL,10,Eu vim da Bahia,24,7,7,Z0,*M7,V,0,major,15.5
GIL,10,Eu vim da Bahia,25,0,0,Z0,*M7,I,0,major,16.0
GIL,10,Eu vim da Bahia,26,4,4,z0,*m7,II__X,0,major,17.0
GIL,10,Eu vim da Bahia,27,9,9,Y0,*7,V/II,0,major,17.5
GIL,10,Eu vim da Bahia,28,2,2,Z0,*M7,I,2,major,18.0
GIL,10,Eu vim da Bahia,29,4,4,z0,*m7,II__X,2,major,19.0
GIL,10,Eu vim da Bahia,30,9,9,Y0,*7,V/II,2,major,19.5
GIL,10,Eu vim da Bahia,31,2,2,Z0,*M7,I,2,major,20.0
GIL,10,Eu vim da Bahia,32,2,2,z0,*m7,II,0,major,21.0
GIL,10,Eu vim da Bahia,33,7,7,Y0,*7,V,0,major,21.5
GIL,10,Eu vim da Bahia,34,0,0,Z0,*M7,I,0,major,22.0
GIL,10,Eu vim da Bahia,35,11,11,z3,*m7.11,II__X,0,major,23.0
GIL,10,Eu vim da Bahia,36,4,4,Y0,*7,V/VI,0,major,23.5
GIL,10,Eu vim da Bahia,37,9,9,Y0,*7,V/II,0,major,24.0
GIL,10,Eu vim da Bahia,38,2,2,Y2,*7.9,V/V,0,major,24.5
GIL,10,Eu vim da Bahia,39,7,7,z0,*m7,II__X,0,major,25.0
GIL,10,Eu vim da Bahia,40,0,0,Y0,*7,V/IV,0,major,25.5
GIL,10,Eu vim da Bahia,41,5,5,Z0,*M7,IV,0,major,26.0
GIL,10,Eu vim da Bahia,42,4,4,Y2.4,*7(#9),V/VI,0,major,27.0
GIL,10,Eu vim da Bahia,43,9,9,Y0,*7,V/II,0,major,28.0
GIL,10,Eu vim da Bahia,44,2,2,Y2,*7.9,V/V,0,major,29.0
GIL,10,Eu vim da Bahia,45,7,7,Y0,*7,V,0,major,29.5
GIL,10,Eu vim da Bahia,46,0,0,Y0,*7,V/IV,0,major,30.0
GIL,10,Eu vim da Bahia,47,5,5,Y0,*7,IV7,0,major,30.5
GIL,10,Eu vim da Bahia,48,11,11,y0,*Ø,II__X,0,major,31.0
GIL,10,Eu vim da Bahia,49,4,4,Y0,*7,V/VI,0,major,31.5
GIL,10,Eu vim da Bahia,50,9,9,Y1,*4.7,V/II,0,major,32.0
GIL,10,Eu vim da Bahia,51,9,9,Y0,*7,V/II,0,major,32.5
GIL,10,Eu vim da Bahia,52,2,2,Y0,*7,V/V,0,major,33.0
GIL,10,Eu vim da Bahia,53,7,7,Y0,*7,V,0,major,33.5
GIL,10,Eu vim da Bahia,54,0,0,Y0,*7,V/IV,0,major,34.0
GIL,10,Eu vim da Bahia,55,11,11,y0,*Ø,II__X,0,major,35.0
GIL,10,Eu vim da Bahia,56,4,4,Y0,*7,V/VI,0,major,35.5
GIL,10,Eu vim da Bahia,57,9,9,Y1,*4.7,V/II,0,major,36.0
GIL,10,Eu vim da Bahia,58,9,9,Y0,*7,V/II,0,major,36.5
GIL,10,Eu vim da Bahia,59,2,2,Y0,*7,V/V,0,major,37.0
GIL,10,Eu vim da Bahia,60,7,7,Y0,*7,V,0,major,37.5
GIL,10,Eu vim da Bahia,61,0,0,Y0,*7,V/IV,0,major,38.0
GIL,10,Eu vim da Bahia,62,11,11,y0,*Ø,II,9,minor,39.0
GIL,10,Eu vim da Bahia,63,4,4,Y2.4,*7(#9),V,9,minor,39.5
GIL,10,Eu vim da Bahia,64,9,9,z0,*m7,I,9,minor,40.0
GIL,11,Drao,1,0,0,Z0,*M7,I,0,major,1.0
GIL,11,Drao,2,5,0,v0,*m,IVm7,0,major,3.0
GIL,11,Drao,3,9,9,v0,*m,VI,0,major,5.0
GIL,11,Drao,4,9,9,w0,*mM7,VI,0,major,6.0
GIL,11,Drao,5,9,9,z2,*m7.9,VI,0,major,7.0
GIL,11,Drao,6,3,3,x0,*°7,bIII°,0,major,8.0
GIL,11,Drao,7,2,2,z2,*m7.9,II,0,major,9.0
GIL,11,Drao,8,7,7,Z2,*M7.9,I,0,major,10.0
GIL,11,Drao,9,4,4,Y2.2.1,*7(b9)13,V/VI,0,major,11.0
GIL,11,Drao,10,9,9,z0,*m7,VI,0,major,12.0
GIL,11,Drao,11,7,7,z0,*m7,II__X,0,major,13.0
GIL,11,Drao,12,0,0,Y2.3,*7(b9),V/IV,0,major,13.5
GIL,11,Drao,13,5,5,Z0,*M7,IV,0,major,14.0
GIL,11,Drao,14,5,5,z1,*m6,IVm7,0,major,15.0
GIL,11,Drao,15,5,5,w0,*mM7,IVm7,0,major,16.0
GIL,11,Drao,16,5,5,z1,*m6,IVm7,0,major,17.0
GIL,11,Drao,17,5,5,z1,*m6,IVm7,0,major,18.0
GIL,11,Drao,18,0,0,Z0,*M7,I,0,major,19.0
GIL,12,Era nova,1,2,2,Z0,*M7,I,2,major,1.0
GIL,12,Era nova,2,6,6,V0,*,IIIM7,2,major,2.0
GIL,12,Era nova,3,2,2,Z0,*M7,I,2,major,3.0
GIL,12,Era nova,4,1,1,W0,*(#5)7,SubV,0,major,4.0
GIL,12,Era nova,5,0,0,Z4,*(#5)M7,I,0,major,5.0
GIL,12,Era nova,6,0,0,Z0,*M7,I,0,major,5.5
GIL,12,Era nova,7,11,11,W0,*(#5)7,aSubV,0,major,6.0
GIL,12,Era nova,8,0,0,Z4,*(#5)M7,I,0,major,7.0
GIL,12,Era nova,9,0,0,Z0,*M7,I,0,major,7.5
GIL,12,Era nova,10,7,7,Y0,*7,V,0,major,8.0
GIL,12,Era nova,11,0,0,Z0,*M7,I,0,major,9.0
GIL,12,Era nova,12,7,7,Y0,*7,V,0,major,10.0
GIL,12,Era nova,13,0,0,Z0,*M7,I,0,major,11.0
GIL,12,Era nova,14,7,7,Y0,*7,V,0,major,12.0
GIL,12,Era nova,15,0,0,Z0,*M7,I,0,major,13.0
GIL,12,Era nova,16,7,7,Y0,*7,V,0,major,14.0
GIL,12,Era nova,17,8,8,Y0,*7,aSubV/VI,0,major,14.75
GIL,12,Era nova,18,9,9,Y0,*7,V,2,major,15.0
GIL,12,Era nova,19,2,2,V0,*,I,2,major,16.0
GIL,12,Era nova,20,2,2,Z0,*M7,I,2,major,16.5
GIL,12,Era nova,21,9,9,W0,*(#5)7,V,2,major,17.0
GIL,12,Era nova,22,2,2,Z0,*M7,I,2,major,18.0
GIL,13,Extra,1,0,0,v0,*m,I,0,minor,1.0
GIL,13,Extra,2,7,7,z0,*m7,II__X,0,minor,3.0
GIL,13,Extra,3,0,0,Y2.3,*7(b9),V/IV,0,minor,4.0
GIL,13,Extra,4,5,5,z0,*m7,IV,0,minor,5.0
GIL,13,Extra,5,10,10,Y2.1.2,*7(b9.#11),bVII7,0,minor,6.0
GIL,13,Extra,6,7,7,z0,*m7,Vm7,0,minor,7.0
GIL,13,Extra,7,7,7,Y4.1,*7(b13),aSubV/VI,0,minor,8.0
GIL,13,Extra,8,8,8,Z0,*M7,VI,0,minor,9.0
GIL,13,Extra,9,2,2,y0,*Ø,IIm7(b5),0,minor,11.0
GIL,13,Extra,10,8,8,Y0,*7,SubV/V,0,minor,12.0
GIL,13,Extra,11,7,7,Y0,*7,V,0,minor,13.0
GIL,13,Extra,12,0,0,v0,*m,I,0,minor,19.0
GIL,13,Extra,13,5,5,v0,*m,IV,0,minor,20.0
GIL,13,Extra,14,0,0,v0,*m,I,0,minor,21.0
GIL,13,Extra,15,5,5,v0,*m,IV,0,minor,22.0
GIL,13,Extra,16,0,0,v0,*m,I,0,minor,23.0
GIL,13,Extra,17,5,5,v0,*m,IV,0,minor,24.0
GIL,13,Extra,18,0,0,v0,*m,I,0,minor,25.0
GIL,13,Extra,19,7,7,Y0,*7,V,0,minor,26.0
GIL,13,Extra,20,7,7,Y2.4,*7(#9),V,0,minor,26.3
GIL,13,Extra,21,7,7,Y0,*7,V,0,minor,26.6
GIL,13,Extra,22,5,0,V0,*,IV,0,major,27.0
GIL,13,Extra,23,0,0,V4,*(#5),I,0,major,28.0
GIL,13,Extra,24,5,5,Y1.1,*4.7.9,IV7,0,major,29.0
GIL,13,Extra,25,5,5,Y2,*7.9,IV,0,major,30.0
GIL,13,Extra,26,5,5,z2,*m7.9,IV,0,minor,31.0
GIL,13,Extra,27,10,10,Y4,*7.13,bVII7,0,minor,32.0
GIL,13,Extra,28,8,8,Y0,*7,SubV/V,0,minor,33.0
GIL,13,Extra,29,7,7,Y0,*7,V,0,minor,34.0
GIL,13,Extra,30,0,0,v0,*m,I,0,minor,35.0
GIL,14,Flora,1,7,7,Y1.1,*4.7.9,V,0,major,1.0
GIL,14,Flora,2,7,7,Y2.3,*7(b9),V,0,major,2.0
GIL,14,Flora,3,0,0,Z4,*(#5)M7,I,0,major,3.0
GIL,14,Flora,4,0,0,Z0,*M7,I,0,major,4.0
GIL,14,Flora,5,9,9,Y1.1,*4.7.9,V/II,0,major,5.0
GIL,14,Flora,6,10,10,w0,*mM7,bVIIm7,0,major,6.0
GIL,14,Flora,7,11,11,z0,*m7,Vm7,4,major,7.0
GIL,14,Flora,8,3,3,y0,*Ø,VII,4,major,8.0
GIL,14,Flora,9,5,5,Y3,*7(#11),SubV,4,major,9.0
GIL,14,Flora,10,4,4,w1,*mM7.9,Im7,4,major,10.0
GIL,14,Flora,11,4,4,Z2,*M7.9,I,4,major,11.0
GIL,14,Flora,12,5,5,Z0,*M7,I,5,major,12.0
GIL,14,Flora,13,6,6,Z0,*M7,I,6,major,14.0
GIL,14,Flora,14,10,10,Y2.3,*7(b9),SubV,9,major,15.0
GIL,14,Flora,15,9,9,Z0,*M7,I,9,major,16.0
GIL,14,Flora,16,8,8,Y0,*7,SubV/V,0,major,17.0
GIL,14,Flora,17,7,7,Y1.1,*4.7.9,V,0,major,18.0
GIL,14,Flora,18,7,7,Y0,*7,V,0,major,19.0
GIL,15,Ladeira da Preguica,1,5,5,Y0,*7,IV7,0,major,1.0
GIL,15,Ladeira da Preguica,2,0,0,Y0,*7,I,0,major,2.0
GIL,15,Ladeira da Preguica,3,5,5,Y0,*7,IV7,0,major,3.0
GIL,15,Ladeira da Preguica,4,0,0,Y0,*7,I,0,major,4.0
GIL,15,Ladeira da Preguica,5,5,5,Y0,*7,IV7,0,major,5.0
GIL,15,Ladeira da Preguica,6,0,0,Y0,*7,I,0,major,6.0
GIL,15,Ladeira da Preguica,7,5,5,Y0,*7,IV7,0,major,7.0
GIL,15,Ladeira da Preguica,8,0,0,Y0,*7,I,0,major,8.0
GIL,15,Ladeira da Preguica,9,5,5,Y0,*7,IV7,0,major,9.0
GIL,15,Ladeira da Preguica,10,0,0,Y0,*7,I,0,major,10.0
GIL,15,Ladeira da Preguica,11,5,5,Y0,*7,IV7,0,major,11.0
GIL,15,Ladeira da Preguica,12,0,0,Y0,*7,I,0,major,12.0
GIL,15,Ladeira da Preguica,13,5,5,Y0,*7,IV7,0,major,13.0
GIL,15,Ladeira da Preguica,14,0,0,Y0,*7,I,0,major,14.0
GIL,15,Ladeira da Preguica,15,9,9,z0,*m7,II__X,0,major,14.5
GIL,15,Ladeira da Preguica,16,8,8,Y4.1,*7(b13),SubV/V,0,major,15.0
GIL,15,Ladeira da Preguica,17,7,7,Y4,*7.13,V,0,major,15.5
GIL,15,Ladeira da Preguica,18,6,6,Y3,*7(#11),SubV/IV,0,major,16.0
GIL,15,Ladeira da Preguica,19,5,5,Z0,*M7,IV,0,major,17.0
GIL,15,Ladeira da Preguica,20,4,4,z0,*m7,II__X,0,major,18.0
GIL,15,Ladeira da Preguica,21,9,9,Y4,*7.13,V/II,0,major,19.0
GIL,15,Ladeira da Preguica,22,9,9,Y4.1,*7(b13),V/II,0,major,19.5
GIL,15,Ladeira da Preguica,23,2,2,Y2,*7.9,V/V,0,major,20.0
GIL,15,Ladeira da Preguica,24,2,2,z0,*m7,II,0,major,21.0
GIL,15,Ladeira da Preguica,25,7,7,Y4,*7.13,V,0,major,22.0
GIL,15,Ladeira da Preguica,26,0,0,Z0,*M7,I,0,major,23.0
GIL,15,Ladeira da Preguica,27,2,2,z0,*m7,II,0,major,23.5
GIL,15,Ladeira da Preguica,28,3,3,x0,*°7,V°/III,0,major,24.0
GIL,15,Ladeira da Preguica,29,0,4,V0,*,I,0,major,24.5
GIL,15,Ladeira da Preguica,30,4,4,z0,*m7,II__X,0,major,25.0
GIL,15,Ladeira da Preguica,31,9,9,Y0,*7,V/II,0,major,26.0
GIL,15,Ladeira da Preguica,32,2,2,Y2.1,*7.9(#11),V/V,0,major,27.0
GIL,15,Ladeira da Preguica,33,2,2,z0,*m7,II,0,major,29.0
GIL,15,Ladeira da Preguica,34,7,7,Y0,*7,V,0,major,30.0
GIL,15,Ladeira da Preguica,35,0,0,Z0,*M7,I,0,major,31.0
GIL,15,Ladeira da Preguica,36,2,2,z0,*m7,II,0,major,31.5
GIL,15,Ladeira da Preguica,37,3,3,x0,*°7,V°/III,0,major,32.0
GIL,15,Ladeira da Preguica,38,0,4,V0,*,I,0,major,32.5
GIL,15,Ladeira da Preguica,39,4,4,y0,*Ø,II__X,0,major,33.0
GIL,15,Ladeira da Preguica,40,9,9,Y0,*7,V/II,0,major,34.0
GIL,15,Ladeira da Preguica,41,5,5,Z0,*M7,IV,0,major,35.0
GIL,15,Ladeira da Preguica,42,8,6,Y0,*7,?,0,major,36.0
GIL,15,Ladeira da Preguica,43,4,4,z2,*m7.9,III,0,major,37.0
GIL,15,Ladeira da Preguica,44,9,9,z0,*m7,VI,0,major,38.0
GIL,15,Ladeira da Preguica,45,2,2,z2,*m7.9,II,0,major,39.0
GIL,15,Ladeira da Preguica,46,7,7,Y4,*7.13,V,0,major,40.0
GIL,15,Ladeira da Preguica,47,0,0,Y0,*7,I,0,major,41.0
GIL,15,Ladeira da Preguica,48,5,5,Y0,*7,IV7,0,major,42.0
GIL,15,Ladeira da Preguica,49,0,0,Y0,*7,I,0,major,43.0
GIL,15,Ladeira da Preguica,50,9,9,z0,*m7,VI,0,major,43.5
GIL,15,Ladeira da Preguica,51,2,2,z0,*m7,II,0,major,44.0
GIL,15,Ladeira da Preguica,52,7,7,Y4,*7.13,V,0,major,44.5
GIL,15,Ladeira da Preguica,53,0,0,Y0,*7,I,0,major,45.0
GIL,16,Lamento sertanejo,1,7,5,z0,*m7,I,7,minor,1.0
GIL,16,Lamento sertanejo,2,4,4,y0,*Ø,VI,7,minor,2.0
GIL,16,Lamento sertanejo,3,3,3,Z0,*M7,VI,7,minor,3.0
GIL,16,Lamento sertanejo,4,7,2,v0,*m,I,7,minor,4.0
GIL,16,Lamento sertanejo,5,7,7,v0,*m,I,7,minor,5.0
GIL,16,Lamento sertanejo,6,7,7,w0,*mM7,I,7,minor,5.25
GIL,16,Lamento sertanejo,7,7,7,z0,*m7,I,7,minor,5.5
GIL,16,Lamento sertanejo,8,7,7,z1,*m6,I,7,minor,5.75
GIL,16,Lamento sertanejo,9,0,0,z0,*m7,IV,7,minor,6.0
GIL,16,Lamento sertanejo,10,5,5,Y0,*7,V,10,major,7.0
GIL,16,Lamento sertanejo,11,3,3,Z1,*6,IV,10,major,7.25
GIL,16,Lamento sertanejo,12,10,2,V0,*,I,10,major,7.5
GIL,16,Lamento sertanejo,13,5,0,Y0,*7,V,10,major,7.75
GIL,16,Lamento sertanejo,14,10,10,Z0,*M7,I,10,major,8.0
GIL,16,Lamento sertanejo,15,10,8,Y0,*7,V/IV,10,major,9.0
GIL,16,Lamento sertanejo,16,3,7,Z0,*M7,IV,10,major,10.0
GIL,16,Lamento sertanejo,17,4,4,y0,*Ø,VI,7,minor,11.0
GIL,16,Lamento sertanejo,18,10,5,V0,*,III,7,minor,12.0
GIL,16,Lamento sertanejo,19,7,7,v0,*m,I,7,minor,13.0
GIL,16,Lamento sertanejo,20,4,4,y0,*Ø,VI,7,minor,14.0
GIL,16,Lamento sertanejo,21,3,3,Y0,*7,SubV/V,7,minor,15.0
GIL,16,Lamento sertanejo,22,2,2,Y1,*4.7,V,7,minor,15.5
GIL,16,Lamento sertanejo,23,7,7,v0,*m,I,7,minor,16.0
GIL,17,Lente do amor,1,7,7,Y1.1,*4.7.9,V,0,major,1.0
GIL,17,Lente do amor,2,7,7,Y2,*7.9,V,0,major,1.5
GIL,17,Lente do amor,3,0,0,Y2,*7.9,V/IV,0,major,2.0
GIL,17,Lente do amor,4,5,5,z2,*m7.9,II__X,0,major,3.0
GIL,17,Lente do amor,5,10,10,Y0,*7,V/bIII,0,major,3.5
GIL,17,Lente do amor,6,3,3,Z0,*M7,I,3,major,4.0
GIL,17,Lente do amor,7,3,3,Y0,*7,V/IV,3,major,4.5
GIL,17,Lente do amor,8,8,8,Z0,*M7,IV,3,major,5.0
GIL,17,Lente do amor,9,8,8,z1,*m6,IVm7,3,major,5.5
GIL,17,Lente do amor,10,10,10,z0,*m7,II__X,3,major,6.0
GIL,17,Lente do amor,11,3,3,Y2,*7.9,V/IV,3,major,6.5
GIL,17,Lente do amor,12,8,8,z0,*m7,II,6,major,7.0
GIL,17,Lente do amor,13,1,1,Y2,*7.9,V,6,major,7.5
GIL,17,Lente do amor,14,6,6,Z0,*M7,I,6,major,8.0
GIL,17,Lente do amor,15,11,11,Z0,*M7,IV,6,major,8.5
GIL,17,Lente do amor,16,7,7,Y1.1,*4.7.9,V,0,major,9.0
GIL,17,Lente do amor,17,8,8,Y1.1,*4.7.9,V,1,major,11.0
GIL,17,Lente do amor,18,8,8,Y2,*7.9,V,1,major,12.5
GIL,17,Lente do amor,19,1,1,Z0,*M7,I,1,major,13.0
GIL,17,Lente do amor,20,8,8,Y1.1,*4.7.9,SubV/V,0,major,15.0
GIL,17,Lente do amor,21,7,7,Y3,*7(#11),V,0,major,16.0
GIL,17,Lente do amor,22,6,6,Y3,*7(#11),SubV/IV,0,major,17.0
GIL,17,Lente do amor,23,5,5,z0,*m7,IVm7,0,major,18.0
GIL,17,Lente do amor,24,6,6,Y3,*7(#11),aSubV/V,0,major,20.0
GIL,17,Lente do amor,25,7,7,Y1.1,*4.7.9,V,0,major,21.0
GIL,17,Lente do amor,26,7,7,Y2,*7.9,V,0,major,21.5
GIL,17,Lente do amor,27,0,4,V0,*,I,0,major,22.0
GIL,17,Lente do amor,28,9,9,v0,*m,VI,0,major,22.5
GIL,17,Lente do amor,29,7,7,Y1.1,*4.7.9,V,0,major,23.0
GIL,17,Lente do amor,30,7,7,Y2,*7.9,V,0,major,23.5
GIL,17,Lente do amor,31,0,4,V0,*,I,0,major,24.0
GIL,18,Lugar comum,1,7,7,Y1,*4.7,I,0,major,1.0
GIL,18,Lugar comum,2,0,7,Z1.1,*6.9,I,0,major,3.0
GIL,18,Lugar comum,3,7,7,Y1,*4.7,I,0,major,5.0
GIL,18,Lugar comum,4,0,7,Z1.1,*6.9,I,0,major,7.0
GIL,18,Lugar comum,5,7,7,Y1,*4.7,I,0,major,9.0
GIL,18,Lugar comum,6,0,7,Z1.1,*6.9,I,0,major,11.0
GIL,18,Lugar comum,7,7,7,Y1,*4.7,I,0,major,13.0
GIL,18,Lugar comum,8,0,7,Z1.1,*6.9,I,0,major,15.0
GIL,18,Lugar comum,9,6,6,Y3,*7(#11),SubV/IV,0,major,16.0
GIL,18,Lugar comum,10,5,5,Z0,*M7,IV,0,major,17.0
GIL,18,Lugar comum,11,11,11,Y1.1,*4.7.9,V/III,0,major,18.0
GIL,18,Lugar comum,12,11,11,Y2,*7.9,V/III,0,major,18.5
GIL,18,Lugar comum,13,10,10,Y1.1,*4.7.9,SubV/VI,0,major,19.0
GIL,18,Lugar comum,14,9,9,Y1.1,*4.7.9,V/II,0,major,20.0
GIL,18,Lugar comum,15,9,9,Y2,*7.9,V/II,0,major,20.5
GIL,18,Lugar comum,16,2,2,z0,*m7,II,0,major,21.0
GIL,18,Lugar comum,17,7,7,Y1.1,*4.7.9,V,0,major,22.0
GIL,18,Lugar comum,18,7,7,Y2,*7.9,V,0,major,22.5
GIL,18,Lugar comum,19,0,0,Z1.1,*6.9,I,0,major,23.0
GIL,18,Lugar comum,20,6,6,Y3,*7(#11),SubV/IV,0,major,24.0
GIL,18,Lugar comum,21,5,5,Z0,*M7,IV,0,major,25.0
GIL,18,Lugar comum,22,11,11,Y1.1,*4.7.9,V/III,0,major,26.0
GIL,18,Lugar comum,23,11,11,Y2,*7.9,V/III,0,major,26.5
GIL,18,Lugar comum,24,10,10,Y1.1,*4.7.9,SubV/VI,0,major,27.0
GIL,18,Lugar comum,25,9,9,Y1.1,*4.7.9,V/II,0,major,28.0
GIL,18,Lugar comum,26,9,9,Y2,*7.9,V/II,0,major,28.5
GIL,18,Lugar comum,27,2,2,z0,*m7,II,0,major,29.0
GIL,18,Lugar comum,28,8,8,Y3,*7(#11),SubV/V,0,major,30.0
GIL,18,Lugar comum,29,7,7,Y1.1,*4.7.9,V,0,major,31.0
GIL,19,Mancada,1,10,10,Z0,*M7,I,10,major,1.0
GIL,19,Mancada,2,4,4,z0,*m7,II__X,10,major,2.0
GIL,19,Mancada,3,9,9,Y0,*7,V/III,10,major,3.0
GIL,19,Mancada,4,2,2,z0,*m7,II__X,10,major,4.0
GIL,19,Mancada,5,7,7,Y0,*7,V/II,10,major,5.0
GIL,19,Mancada,6,0,0,z2,*m7.9,II,10,major,6.0
GIL,19,Mancada,7,5,5,Y0,*7,V,10,major,7.0
GIL,19,Mancada,8,10,10,Z1.1,*6.9,I,10,major,8.0
GIL,19,Mancada,9,4,4,z0,*m7,II__X,10,major,10.0
GIL,19,Mancada,10,9,9,Y0,*7,V/III,10,major,11.0
GIL,19,Mancada,11,2,2,z0,*m7,II__X,10,major,12.0
GIL,19,Mancada,12,7,7,Y0,*7,V/II,10,major,13.0
GIL,19,Mancada,13,0,0,Y2,*7.9,V/V,10,major,14.0
GIL,19,Mancada,14,0,0,z2,*m7.9,II,10,major,15.0
GIL,19,Mancada,15,5,5,Y0,*7,V,10,major,15.5
GIL,19,Mancada,16,10,10,Z1.1,*6.9,I,10,major,16.0
GIL,19,Mancada,17,11,11,Z1.1,*6.9,bII7M,10,major,17.0
GIL,19,Mancada,18,10,10,Z1.1,*6.9,I,10,major,18.0
GIL,19,Mancada,19,5,5,z0,*m7,II__X,10,major,20.0
GIL,19,Mancada,20,10,10,Y2,*7.9,V/IV,10,major,21.0
GIL,19,Mancada,21,4,4,z0,*m7,II__X,10,major,22.0
GIL,19,Mancada,22,9,9,Y0,*7,V/III,10,major,23.0
GIL,19,Mancada,23,2,2,z0,*m7,III,10,major,24.0
GIL,19,Mancada,24,7,7,z0,*m7,I,7,minor,25.0
GIL,19,Mancada,25,9,9,y0,*Ø,II,7,minor,26.0
GIL,19,Mancada,26,2,2,Y2.3,*7(b9),V,7,minor,27.0
GIL,19,Mancada,27,7,7,z0,*m7,I,7,minor,28.0
GIL,19,Mancada,28,0,0,Y2,*7.9,IV7,7,minor,29.0
GIL,19,Mancada,29,7,7,z0,*m7,I,7,minor,30.0
GIL,19,Mancada,30,0,0,Y2,*7.9,V/V,10,major,32.0
GIL,19,Mancada,31,5,5,Y0,*7,V,10,major,34.0
GIL,19,Mancada,32,10,10,Y2,*7.9,V/IV,10,major,35.0
GIL,19,Mancada,33,3,3,Z1.1,*6.9,IV,10,major,36.0
GIL,19,Mancada,34,0,0,z0,*m7,II,10,major,37.0
GIL,19,Mancada,35,5,5,Y0,*7,V,10,major,37.5
GIL,19,Mancada,36,10,10,Z1.1,*6.9,I,10,major,38.0
GIL,19,Mancada,37,5,5,z0,*m7,II__X,10,major,39.0
GIL,19,Mancada,38,10,10,Y2,*7.9,V/IV,10,major,39.5
GIL,19,Mancada,39,3,3,Z1.1,*6.9,IV,10,major,40.0
GIL,19,Mancada,40,0,0,z0,*m7,II,10,major,41.0
GIL,19,Mancada,41,5,5,Y0,*7,V,10,major,41.5
GIL,19,Mancada,42,10,10,Z1.1,*6.9,I,10,major,42.0
GIL,20,Menina do sonho,1,8,8,Z0,*M7,bVI7M,0,major,1.0
GIL,20,Menina do sonho,2,7,7,Y0,*7,V,0,major,3.0
GIL,20,Menina do sonho,3,8,8,Z0,*M7,bVI7M,0,major,5.0
GIL,20,Menina do sonho,4,7,7,Y0,*7,V,0,major,7.0
GIL,20,Menina do sonho,5,10,10,V0,*,bVII7M,0,major,9.0
GIL,20,Menina do sonho,6,0,0,V0,*,I,0,major,11.0
GIL,20,Menina do sonho,7,10,10,V0,*,bVII7M,0,major,13.0
GIL,20,Menina do sonho,8,0,0,V0,*,I,0,major,15.0
GIL,20,Menina do sonho,9,7,7,Y1.1,*4.7.9,V,0,major,17.0
GIL,20,Menina do sonho,10,7,7,Y2.3,*7(b9),V,0,major,18.0
GIL,20,Menina do sonho,11,0,0,Z4,*(#5)M7,I,0,major,19.0
GIL,20,Menina do sonho,12,0,0,Z1.1,*6.9,I,0,major,20.0
GIL,20,Menina do sonho,13,10,10,Y1.1,*4.7.9,V/bIII,0,major,21.0
GIL,20,Menina do sonho,14,10,10,Y2,*7.9,V/bIII,0,major,22.0
GIL,20,Menina do sonho,15,3,3,Y1.1,*4.7.9,SubV/II,0,major,23.0
GIL,20,Menina do sonho,16,3,3,Y2,*7.9,SubV/II,0,major,24.0
GIL,20,Menina do sonho,17,2,2,Y1.1,*4.7.9,V/V,0,major,25.0
GIL,20,Menina do sonho,18,2,2,Y2,*7.9,V/V,0,major,26.0
GIL,20,Menina do sonho,19,0,0,Y3,*7(#11),V/IV,0,major,26.5
GIL,20,Menina do sonho,20,11,11,z2,*m7.9,II__X,0,major,27.0
GIL,20,Menina do sonho,21,4,4,Y2.2.1,*7(b9)13,V/VI,0,major,28.0
GIL,20,Menina do sonho,22,9,9,Y1.1,*4.7.9,V/II,0,major,29.0
GIL,20,Menina do sonho,23,9,9,Y2,*7.9,V/II,0,major,29.5
GIL,20,Menina do sonho,24,2,2,Y1.1,*4.7.9,V/V,0,major,30.0
GIL,20,Menina do sonho,25,2,2,Y2,*7.9,V/V,0,major,30.5
GIL,20,Menina do sonho,26,7,7,Y1.1,*4.7.9,V,0,major,31.0
GIL,20,Menina do sonho,27,7,7,Y2.3,*7(b9),V,0,major,31.5
GIL,21,Meu amigo meu heroi,1,7,7,V0,*,I,7,major,1.0
GIL,21,Meu amigo meu heroi,2,4,4,Y2.2.1,*7(b9)13,V/II,7,major,1.5
GIL,21,Meu amigo meu heroi,3,9,9,z0,*m7,II,7,major,2.0
GIL,21,Meu amigo meu heroi,4,3,0,x0,*°7,V°/VI,7,major,2.5
GIL,21,Meu amigo meu heroi,5,3,3,x0,*°7,V°/VI,7,major,2.75
GIL,21,Meu amigo meu heroi,6,4,4,v0,*m,VI,7,major,3.0
GIL,21,Meu amigo meu heroi,7,4,2,z0,*m7,II__X,7,major,3.5
GIL,21,Meu amigo meu heroi,8,9,1,V0,*,V/V,7,major,4.0
GIL,21,Meu amigo meu heroi,9,2,2,Y1,*4.7,V,7,major,4.5
GIL,21,Meu amigo meu heroi,10,2,2,Y0,*7,V,7,major,4.75
GIL,21,Meu amigo meu heroi,11,7,7,V0,*,I,7,major,5.0
GIL,21,Meu amigo meu heroi,12,4,4,Y2.2.1,*7(b9)13,V/II,7,major,5.5
GIL,21,Meu amigo meu heroi,13,9,9,z0,*m7,II,7,major,6.0
GIL,21,Meu amigo meu heroi,14,3,0,x0,*°7,V°/VI,7,major,6.5
GIL,21,Meu amigo meu heroi,15,3,3,x0,*°7,V°/VI,7,major,6.75
GIL,21,Meu amigo meu heroi,16,4,4,v0,*m,VI,7,major,7.0
GIL,21,Meu amigo meu heroi,17,4,2,z0,*m7,II__X,7,major,7.5
GIL,21,Meu amigo meu heroi,18,9,1,V0,*,V/V,7,major,8.0
GIL,21,Meu amigo meu heroi,19,9,9,Y1.1,*4.7.9,V/V,7,major,8.5
GIL,21,Meu amigo meu heroi,20,9,9,Y2,*7.9,V/V,7,major,8.75
GIL,21,Meu amigo meu heroi,21,2,2,Y1.1,*4.7.9,V,7,major,9.0
GIL,21,Meu amigo meu heroi,22,2,2,Y1.1,*4.7.9,V,7,major,9.25
GIL,21,Meu amigo meu heroi,23,2,2,Y1,*4.7,V,7,major,9.5
GIL,21,Meu amigo meu heroi,24,2,2,Y0,*7,V,7,major,9.75
GIL,21,Meu amigo meu heroi,25,7,7,V0,*,I,7,major,10.0
GIL,21,Meu amigo meu heroi,26,11,6,Y0,*7,V/VI,7,major,10.5
GIL,21,Meu amigo meu heroi,27,4,4,v0,*m,VI,7,major,11.0
GIL,21,Meu amigo meu heroi,28,2,2,z0,*m7,II__X,7,major,11.5
GIL,21,Meu amigo meu heroi,29,7,7,Y0,*7,V/IV,7,major,11.75
GIL,21,Meu amigo meu heroi,30,0,0,V0,*,IV,7,major,12.0
GIL,21,Meu amigo meu heroi,31,11,11,z0,*m7,II__X,7,major,12.5
GIL,21,Meu amigo meu heroi,32,4,4,Y0,*7,V/II,7,major,12.75
GIL,21,Meu amigo meu heroi,33,9,9,v0,*m,II,7,major,13.0
GIL,21,Meu amigo meu heroi,34,9,7,z0,*m7,II,7,major,13.75
GIL,21,Meu amigo meu heroi,35,2,6,Y0,*7,V,7,major,14.0
GIL,21,Meu amigo meu heroi,36,0,4,V0,*,IV,7,major,14.75
GIL,21,Meu amigo meu heroi,37,11,3,V0,*,V/VI,7,major,15.0
GIL,21,Meu amigo meu heroi,38,4,4,w0,*mM7,VI,7,major,15.5
GIL,21,Meu amigo meu heroi,39,4,4,z0,*m7,II__X,7,major,15.75
GIL,21,Meu amigo meu heroi,40,9,9,Y1.1,*4.7.9,V/V,7,major,16.0
GIL,21,Meu amigo meu heroi,41,9,9,Y0,*7,V/V,7,major,17.0
GIL,21,Meu amigo meu heroi,42,7,11,V0,*,I,7,major,17.25
GIL,21,Meu amigo meu heroi,43,0,0,x0,*°7,?,7,major,17.5
GIL,21,Meu amigo meu heroi,44,9,1,V0,*,V/V,7,major,17.75
GIL,21,Meu amigo meu heroi,45,2,2,Y0,*7,V,7,major,18.0
GIL,21,Meu amigo meu heroi,46,2,2,W0,*(#5)7,V,7,major,18.5
GIL,21,Meu amigo meu heroi,47,7,7,V0,*,I,7,major,19.0
GIL,22,Morena,1,9,9,z0,*m7,I,9,minor,1.0
GIL,22,Morena,2,11,11,Y2.4,*7(#9),V/V,9,minor,4.0
GIL,22,Morena,3,4,4,Y0,*7,V,9,minor,4.5
GIL,22,Morena,4,0,0,Y2,*7.9,V/VI,9,minor,5.0
GIL,22,Morena,5,5,5,Z0,*M7,VI,9,minor,6.0
GIL,22,Morena,6,2,2,z2,*m7.9,II,9,minor,7.0
GIL,22,Morena,7,0,0,z2,*m7.9,bIIIm7,9,minor,7.5
GIL,22,Morena,8,11,11,Y1.1.2,*4.7.9.13,II,9,minor,8.0
GIL,22,Morena,9,4,4,Y4.1,*7(b13),V,9,minor,8.5
GIL,22,Morena,10,9,9,z0,*m7,I,9,minor,9.0
GIL,22,Morena,11,2,2,Y2.3,*7(b9),IV7,9,minor,9.5
GIL,22,Morena,12,7,7,z0,*m7,II__X,9,minor,10.0
GIL,22,Morena,13,0,0,Y2.3,*7(b9),SubV/II,9,minor,10.5
GIL,22,Morena,14,11,11,y0,*Ø,II,9,minor,11.0
GIL,22,Morena,15,4,4,Y0,*7,IV,9,minor,11.5
GIL,22,Morena,16,9,9,z0,*m7,I,9,minor,12.0
GIL,23,O rouxinol,1,10,10,V0,*,I,10,major,1.0
GIL,23,O rouxinol,2,10,2,V0,*,I,10,major,1.5
GIL,23,O rouxinol,3,8,6,Y0,*7,?,10,major,2.0
GIL,23,O rouxinol,4,10,5,V0,*,I,10,major,2.5
GIL,23,O rouxinol,5,6,4,Y0,*7,SubV/V,10,major,3.0
GIL,23,O rouxinol,6,5,3,Y0,*7,V,10,major,3.5
GIL,23,O rouxinol,7,10,2,V0,*,I,10,major,4.0
GIL,23,O rouxinol,8,6,4,Y0,*7,SubV/V,10,major,5.5
GIL,23,O rouxinol,9,5,3,Y0,*7,V,10,major,6.0
GIL,23,O rouxinol,10,11,11,Y0,*7,I,4,major,6.5
GIL,23,O rouxinol,11,4,4,V0,*,I,4,major,7.0
GIL,23,O rouxinol,12,9,1,V0,*,IV,4,major,8.0
GIL,23,O rouxinol,13,4,4,V0,*,I,4,major,10.0
GIL,23,O rouxinol,14,9,1,V0,*,IV,4,major,12.0
GIL,23,O rouxinol,15,11,3,V0,*,V,4,major,12.5
GIL,23,O rouxinol,16,1,5,V0,*,?,4,major,12.75
GIL,23,O rouxinol,17,3,7,V0,*,I,3,major,13.0
GIL,23,O rouxinol,18,10,10,Y1,*4.7,V,3,major,15.0
GIL,23,O rouxinol,19,10,10,Y0,*7,V,3,major,16.0
GIL,23,O rouxinol,20,3,3,Y0,*7,I,3,major,17.0
GIL,23,O rouxinol,21,1,1,Y0,*7,bVII7,3,major,17.5
GIL,23,O rouxinol,22,11,11,Y0,*7,SubV/V,3,major,18.0
GIL,23,O rouxinol,23,10,10,Y0,*7,V,3,major,18.5
GIL,23,O rouxinol,24,8,8,Y0,*7,I,8,major,19.0
GIL,23,O rouxinol,25,6,6,Y0,*7,bVII7,8,major,19.5
GIL,23,O rouxinol,26,6,1,Y0,*7,bVII7,8,major,20.0
GIL,23,O rouxinol,27,11,6,Y0,*7,?,8,major,20.5
GIL,23,O rouxinol,28,1,8,Y0,*7,IV7,8,major,22.0
GIL,23,O rouxinol,29,10,10,Y1,*4.7,V,3,major,24.0
GIL,23,O rouxinol,30,10,10,Y0,*7,V,3,major,24.5
GIL,23,O rouxinol,31,3,3,Y0,*7,I,3,major,25.0
GIL,23,O rouxinol,32,1,1,Y0,*7,bVII7,3,major,25.5
GIL,23,O rouxinol,33,11,11,Y0,*7,SubV/V,3,major,26.0
GIL,23,O rouxinol,34,10,10,Y0,*7,V,3,major,26.5
GIL,23,O rouxinol,35,8,8,Y0,*7,IV7,3,major,27.0
GIL,23,O rouxinol,36,3,3,Y0,*7,I,3,major,28.0
GIL,23,O rouxinol,37,1,1,Y0,*7,I,1,major,30.0
GIL,23,O rouxinol,38,8,8,Y0,*7,V,1,major,31.0
GIL,23,O rouxinol,39,1,1,Y0,*7,I,1,major,32.0
GIL,23,O rouxinol,40,8,8,Y0,*7,V,1,major,33.0
GIL,23,O rouxinol,41,1,1,Y0,*7,I,1,major,34.0
GIL,23,O rouxinol,42,8,8,Y0,*7,V,1,major,35.0
GIL,24,O sonho acabou,1,7,7,Z1,*6,I,7,major,1.0
GIL,24,O sonho acabou,2,9,9,z0,*m7,II,7,major,2.0
GIL,24,O sonho acabou,3,2,2,Y2,*7.9,V,7,major,2.5
GIL,24,O sonho acabou,4,7,7,Z1,*6,I,7,major,3.0
GIL,24,O sonho acabou,5,9,9,z0,*m7,II,7,major,4.0
GIL,24,O sonho acabou,6,2,2,Y2,*7.9,V,7,major,4.5
GIL,24,O sonho acabou,7,11,11,z0,*m7,II__X,7,major,5.0
GIL,24,O sonho acabou,8,10,10,Y0,*7,SubV/II,7,major,6.0
GIL,24,O sonho acabou,9,9,9,z0,*m7,II,7,major,7.0
GIL,24,O sonho acabou,10,3,3,Y2,*7.9,SubV/V,7,major,8.0
GIL,24,O sonho acabou,11,2,2,Y2,*7.9,V,7,major,8.5
GIL,24,O sonho acabou,12,7,7,Z1,*6,I,7,major,9.0
GIL,24,O sonho acabou,13,10,10,Y0,*7,SubV/II,7,major,10.0
GIL,24,O sonho acabou,14,9,9,z0,*m7,II,7,major,11.0
GIL,24,O sonho acabou,15,3,3,Y2,*7.9,SubV/V,7,major,12.0
GIL,24,O sonho acabou,16,2,2,Y2,*7.9,V,7,major,12.5
GIL,24,O sonho acabou,17,11,11,z0,*m7,II__X,7,major,13.0
GIL,24,O sonho acabou,18,10,10,Y2,*7.9,SubV/II,7,major,14.0
GIL,24,O sonho acabou,19,9,9,z0,*m7,II,7,major,15.0
GIL,24,O sonho acabou,20,2,2,Y2,*7.9,V,7,major,16.0
GIL,24,O sonho acabou,21,7,7,Z1,*6,I,7,major,17.0
GIL,24,O sonho acabou,22,4,4,Y0,*7,V/II,7,major,18.0
GIL,24,O sonho acabou,23,9,9,z0,*m7,II,7,major,19.0
GIL,24,O sonho acabou,24,11,11,Y0,*7,V/II,2,major,20.0
GIL,24,O sonho acabou,25,4,4,z0,*m7,II,2,major,21.0
GIL,24,O sonho acabou,26,10,10,Y0,*7,SubV/V,2,major,22.0
GIL,24,O sonho acabou,27,9,9,Y0,*7,V,2,major,22.5
GIL,24,O sonho acabou,28,2,2,Z1.1,*6.9,I,2,major,23.0
GIL,24,O sonho acabou,29,10,10,Y0,*7,SubV/V,2,major,24.0
GIL,24,O sonho acabou,30,9,9,Y0,*7,V,2,major,24.5
GIL,24,O sonho acabou,31,2,2,Y2,*7.9,V/IV,2,major,25.0
GIL,24,O sonho acabou,32,9,9,Y0,*7,V/V,2,major,26.0
GIL,24,O sonho acabou,33,8,8,Y0,*7,SubV/IV,2,major,26.5
GIL,24,O sonho acabou,34,7,7,Y0,*7,IV7,2,major,27.0
GIL,24,O sonho acabou,35,0,0,Y0,*7,SubV/VI,2,major,28.0
GIL,24,O sonho acabou,36,11,11,Y0,*7,V/II,2,major,29.0
GIL,24,O sonho acabou,37,4,4,Y2,*7.9,V/V,2,major,30.0
GIL,24,O sonho acabou,38,10,10,Y0,*7,SubV/V,2,major,31.0
GIL,24,O sonho acabou,39,9,9,Y0,*7,V,2,major,31.5
GIL,24,O sonho acabou,40,3,3,Y2,*7.9,SubV/V,7,major,32.0
GIL,24,O sonho acabou,41,2,2,Y2,*7.9,V,7,major,32.5
GIL,24,O sonho acabou,42,7,7,Z1,*6,I,7,major,33.0
GIL,24,O sonho acabou,43,7,7,Y0,*7,V/IV,7,major,34.0
GIL,24,O sonho acabou,44,0,0,Y0,*7,SubV/III,7,major,36.0
GIL,24,O sonho acabou,45,11,11,Y0,*7,V/VI,7,major,37.0
GIL,24,O sonho acabou,46,4,4,Y2,*7.9,V/II,7,major,38.0
GIL,24,O sonho acabou,47,9,9,Y1,*4.7,V/V,7,major,39.0
GIL,24,O sonho acabou,48,9,9,Y0,*7,V/V,7,major,39.5
GIL,24,O sonho acabou,49,9,9,Y1,*4.7,V/V,7,major,40.0
GIL,24,O sonho acabou,50,9,9,Y0,*7,V/V,7,major,40.5
GIL,24,O sonho acabou,51,3,3,Y2,*7.9,SubV/V,7,major,41.0
GIL,24,O sonho acabou,52,2,2,Y2,*7.9,V,7,major,42.0
GIL,24,O sonho acabou,53,11,11,z0,*m7,II__X,7,major,43.0
GIL,24,O sonho acabou,54,10,10,Y0,*7,SubV/II,7,major,43.5
GIL,24,O sonho acabou,55,9,9,z0,*m7,II,7,major,44.0
GIL,24,O sonho acabou,56,2,2,Y2,*7.9,V,7,major,44.5
GIL,24,O sonho acabou,57,11,11,z0,*m7,II__X,7,major,45.0
GIL,24,O sonho acabou,58,10,10,Y0,*7,SubV/II,7,major,46.0
GIL,24,O sonho acabou,59,9,9,z0,*m7,II,7,major,47.0
GIL,24,O sonho acabou,60,3,3,Y2,*7.9,SubV/V,7,major,48.0
GIL,24,O sonho acabou,61,2,2,Y2,*7.9,V,7,major,48.5
GIL,24,O sonho acabou,62,7,7,Z1,*6,I,7,major,49.0
GIL,25,Palco,1,4,4,Z0,*M7,I,4,major,1.0
GIL,25,Palco,2,6,6,z0,*m7,II,4,major,2.0
GIL,25,Palco,3,8,8,z0,*m7,III,4,major,3.0
GIL,25,Palco,4,9,9,Z0,*M7,IV,4,major,4.0
GIL,25,Palco,5,11,11,Y1.1,*4.7.9,V,4,major,5.0
GIL,25,Palco,6,1,1,z0,*m7,VI,4,major,6.0
GIL,25,Palco,7,8,8,Y4.1,*7(b13),aSubV/IV,4,major,7.0
GIL,25,Palco,8,9,9,Z0,*M7,IV,4,major,8.0
GIL,25,Palco,9,4,4,Z0,*M7,I,4,major,9.0
GIL,25,Palco,10,6,6,z0,*m7,II,4,major,10.0
GIL,25,Palco,11,8,8,z0,*m7,III,4,major,11.0
GIL,25,Palco,12,9,9,Z0,*M7,IV,4,major,12.0
GIL,25,Palco,13,11,11,Y0,*7,V,4,major,13.0
GIL,25,Palco,14,1,1,z0,*m7,VI,4,major,14.0
GIL,25,Palco,15,11,11,Y0,*7,V,4,major,15.0
GIL,25,Palco,16,1,1,z0,*m7,VI,4,major,16.0
GIL,25,Palco,17,8,8,Y4.1,*7(b13),aSubV/IV,4,major,17.0
GIL,25,Palco,18,9,9,Z0,*M7,IV,4,major,18.0
GIL,25,Palco,19,11,11,Y1.1,*4.7.9,V,4,major,19.0
GIL,25,Palco,20,1,1,z0,*m7,VI,4,major,20.0
GIL,25,Palco,21,8,8,Y4.1,*7(b13),aSubV/IV,4,major,21.0
GIL,25,Palco,22,9,9,Z0,*M7,IV,4,major,22.0
GIL,25,Palco,23,11,11,Y1.1,*4.7.9,V,4,major,23.0
GIL,25,Palco,24,0,0,x0,*°7,V°/VI,4,major,23.5
GIL,25,Palco,25,1,1,z0,*m7,VI,4,major,24.0
GIL,25,Palco,26,8,8,Y4.1,*7(b13),aSubV/IV,4,major,25.0
GIL,25,Palco,27,9,9,Z0,*M7,IV,4,major,26.0
GIL,25,Palco,28,11,11,Y1.1,*4.7.9,V,4,major,27.0
GIL,25,Palco,29,4,4,Z0,*M7,I,4,major,28.0
GIL,26,Pessoa nefasta,1,4,4,Y0,*7,I,4,major,1.0
GIL,26,Pessoa nefasta,2,0,0,Y0,*7,?,4,major,3.0
GIL,26,Pessoa nefasta,3,9,9,Y0,*7,IV7,4,major,5.0
GIL,26,Pessoa nefasta,4,4,4,Y0,*7,I,4,major,6.0
GIL,26,Pessoa nefasta,5,0,0,Y0,*7,?,4,major,10.0
GIL,26,Pessoa nefasta,6,9,9,Y0,*7,IV7,4,major,12.0
GIL,26,Pessoa nefasta,7,4,4,Y0,*7,I,4,major,13.0
GIL,26,Pessoa nefasta,8,9,9,Y0,*7,IV7,4,major,14.0
GIL,26,Pessoa nefasta,9,8,8,Y0,*7,V,1,minor,14.5
GIL,26,Pessoa nefasta,10,1,1,z0,*m7,I,1,minor,15.0
GIL,26,Pessoa nefasta,11,9,9,Y0,*7,SubV/V,1,minor,16.0
GIL,26,Pessoa nefasta,12,8,8,Y0,*7,V,1,minor,16.5
GIL,26,Pessoa nefasta,13,1,1,z0,*m7,I,1,minor,17.0
GIL,26,Pessoa nefasta,14,9,9,Y0,*7,SubV/V,1,minor,18.0
GIL,26,Pessoa nefasta,15,8,8,Y0,*7,V,1,minor,18.5
GIL,26,Pessoa nefasta,16,1,1,z0,*m7,I,1,minor,19.0
GIL,26,Pessoa nefasta,17,6,6,Y0,*7,IV7,1,minor,20.0
GIL,26,Pessoa nefasta,18,11,11,Y1.1,*4.7.9,bVII7,1,minor,21.0
GIL,26,Pessoa nefasta,19,1,1,z0,*m7,I,1,minor,23.0
GIL,26,Pessoa nefasta,20,9,9,Y0,*7,SubV/V,1,minor,24.0
GIL,26,Pessoa nefasta,21,8,8,Y0,*7,V,1,minor,24.5
GIL,26,Pessoa nefasta,22,1,1,z0,*m7,I,1,minor,25.0
GIL,26,Pessoa nefasta,23,9,9,Y0,*7,SubV/V,1,minor,26.0
GIL,26,Pessoa nefasta,24,8,8,Y0,*7,V,1,minor,26.5
GIL,26,Pessoa nefasta,25,1,1,z0,*m7,I,1,minor,27.0
GIL,26,Pessoa nefasta,26,6,6,Y0,*7,IV7,1,minor,28.0
GIL,26,Pessoa nefasta,27,11,11,Y1.1,*4.7.9,bVII7,1,minor,29.0
GIL,26,Pessoa nefasta,28,4,4,Y0,*7,I,4,major,31.0
GIL,26,Pessoa nefasta,29,9,4,Y0,*7,IV7,4,major,32.0
GIL,26,Pessoa nefasta,30,4,4,Y0,*7,I,4,major,33.0
GIL,26,Pessoa nefasta,31,9,4,Y0,*7,IV7,4,major,35.0
GIL,26,Pessoa nefasta,32,8,8,Y0,*7,V/VI,4,major,36.0
GIL,26,Pessoa nefasta,33,1,1,z0,*m7,VI,4,major,37.0
GIL,26,Pessoa nefasta,34,9,9,Y0,*7,IV7,4,major,38.0
GIL,26,Pessoa nefasta,35,4,4,Y0,*7,I,4,major,39.0
GIL,27,Preciso aprender a so ser,1,4,4,Y2.4,*7(#9),V,9,major,1.0
GIL,27,Preciso aprender a so ser,2,1,1,z0,*m7,II__X,9,major,2.0
GIL,27,Preciso aprender a so ser,3,0,0,Y4,*7.13,V/bVI,9,major,2.5
GIL,27,Preciso aprender a so ser,4,5,5,Z0,*M7,bVI7M,9,major,3.0
GIL,27,Preciso aprender a so ser,5,7,7,Y2,*7.9,bVII7,9,major,3.5
GIL,27,Preciso aprender a so ser,6,9,9,Z0,*M7,I,9,major,4.0
GIL,27,Preciso aprender a so ser,7,0,0,Y1.1,*4.7.9,V/bVI,9,major,5.0
GIL,27,Preciso aprender a so ser,8,0,0,Y2.3,*7(b9),V/bVI,9,major,5.5
GIL,27,Preciso aprender a so ser,9,5,5,Z0,*M7,bVI7M,9,major,6.0
GIL,27,Preciso aprender a so ser,10,4,4,Y4.1,*7(b13),V,9,major,6.5
GIL,27,Preciso aprender a so ser,11,9,9,z2,*m7.9,Im7,9,major,7.0
GIL,27,Preciso aprender a so ser,12,2,2,Z0,*M7,IV,9,major,7.5
GIL,27,Preciso aprender a so ser,13,1,1,z0,*m7,II__X,9,major,8.0
GIL,27,Preciso aprender a so ser,14,6,6,Y2,*7.9,V/II,9,major,8.5
GIL,27,Preciso aprender a so ser,15,6,6,Y2.3,*7(b9),V/II,9,major,9.0
GIL,27,Preciso aprender a so ser,16,11,11,z0,*m7,II,9,major,9.25
GIL,27,Preciso aprender a so ser,17,4,4,Y2.3,*7(b9),V,9,major,9.5
GIL,27,Preciso aprender a so ser,18,2,2,x0,*°7,IV° [pass],9,major,9.75
GIL,27,Preciso aprender a so ser,19,1,1,z0,*m7,II__X,9,major,10.0
GIL,27,Preciso aprender a so ser,20,0,0,Y4,*7.13,SubV/II,9,major,11.0
GIL,27,Preciso aprender a so ser,21,11,11,z0,*m7,II,9,major,12.0
GIL,27,Preciso aprender a so ser,22,9,9,Z0,*M7,I,9,major,14.0
GIL,27,Preciso aprender a so ser,23,8,8,Y4,*7.13,V/III,9,major,14.5
GIL,27,Preciso aprender a so ser,24,7,7,Z0,*M7,bVII7M,9,major,15.0
GIL,27,Preciso aprender a so ser,25,6,6,Y2.3,*7(b9),V/II,9,major,15.5
GIL,27,Preciso aprender a so ser,26,11,11,z0,*m7,II,9,major,16.0
GIL,27,Preciso aprender a so ser,27,1,1,z0,*m7,III,9,major,16.5
GIL,27,Preciso aprender a so ser,28,2,2,z0,*m7,IVm7,9,major,17.0
GIL,27,Preciso aprender a so ser,29,1,1,z0,*m7,III,9,major,17.5
GIL,27,Preciso aprender a so ser,30,9,9,Z4,*(#5)M7,I,9,major,18.0
GIL,27,Preciso aprender a so ser,31,8,8,Y4.1,*7(b13),V/III,9,major,18.5
GIL,27,Preciso aprender a so ser,32,1,1,z0,*m7,II__X,9,major,19.0
GIL,27,Preciso aprender a so ser,33,6,6,Y2.3,*7(b9),V/II,9,major,19.5
GIL,27,Preciso aprender a so ser,34,11,11,z0,*m7,II,9,major,20.0
GIL,27,Preciso aprender a so ser,35,2,2,w0,*mM7,IVm7,9,major,20.5
GIL,27,Preciso aprender a so ser,36,1,1,z0,*m7,II__X,9,major,21.0
GIL,27,Preciso aprender a so ser,37,6,6,Y2.3,*7(b9),V/II,9,major,21.5
GIL,27,Preciso aprender a so ser,38,11,11,Y4,*7.13,V/V,9,major,22.0
GIL,27,Preciso aprender a so ser,39,11,11,Y4.1,*7(b13),V/V,9,major,22.25
GIL,27,Preciso aprender a so ser,40,11,11,z0,*m7,II,9,major,22.5
GIL,27,Preciso aprender a so ser,41,4,4,Y2.3,*7(b9),V,9,major,22.75
GIL,27,Preciso aprender a so ser,42,9,9,Z1,*6,I,9,major,23.0
GIL,28,Procissao,1,4,4,Z1,*6,I,4,major,1.0
GIL,28,Procissao,2,11,11,Y0,*7,V,4,major,2.0
GIL,28,Procissao,3,4,4,Z1,*6,I,4,major,3.0
GIL,28,Procissao,4,11,11,Y0,*7,V,4,major,4.0
GIL,28,Procissao,5,4,4,Z1,*6,I,4,major,5.0
GIL,28,Procissao,6,9,9,V0,*,IV,4,major,6.0
GIL,28,Procissao,7,4,4,Z1,*6,I,4,major,7.0
GIL,28,Procissao,8,9,9,V0,*,IV,4,major,8.0
GIL,28,Procissao,9,4,4,Z1,*6,I,4,major,9.0
GIL,28,Procissao,10,9,9,V0,*,IV,4,major,10.0
GIL,28,Procissao,11,11,11,Y0,*7,V,4,major,10.5
GIL,28,Procissao,12,4,4,Z1,*6,I,4,major,11.0
GIL,28,Procissao,13,9,9,V0,*,IV,4,major,12.0
GIL,28,Procissao,14,11,11,Y0,*7,V,4,major,12.5
GIL,28,Procissao,15,4,4,Z1,*6,I,4,major,13.0
GIL,28,Procissao,16,9,9,V0,*,IV,4,major,14.0
GIL,28,Procissao,17,8,8,z3,*m7.11,II__X,4,major,15.0
GIL,28,Procissao,18,1,1,Y0,*7,V/II,4,major,15.5
GIL,28,Procissao,19,6,6,Y0,*7,V/V,4,major,16.0
GIL,28,Procissao,20,11,11,Y0,*7,V,4,major,16.5
GIL,28,Procissao,21,4,4,Z1,*6,I,4,major,17.0
GIL,29,Punk da periferia,1,9,9,Y0,*7,I,9,major,1.0
GIL,29,Punk da periferia,2,2,2,Y0,*7,IV7,9,major,4.0
GIL,29,Punk da periferia,3,7,7,Y0,*7,bVII7,9,major,5.0
GIL,29,Punk da periferia,4,0,0,Y0,*7,?,9,major,8.0
GIL,29,Punk da periferia,5,5,5,Y0,*7,SubV/V,9,major,9.0
GIL,29,Punk da periferia,6,4,4,Y0,*7,V,9,major,11.0
GIL,29,Punk da periferia,7,9,9,Y0,*7,I,9,major,12.0
GIL,29,Punk da periferia,8,2,2,Y0,*7,IV7,9,major,13.0
GIL,29,Punk da periferia,9,4,4,Y2.4,*7(#9),V,9,major,14.0
GIL,29,Punk da periferia,10,9,9,Y0,*7,I,9,major,15.0
GIL,29,Punk da periferia,11,4,4,Y2.4,*7(#9),V,9,major,16.5
GIL,29,Punk da periferia,12,9,9,Y0,*7,I,9,major,17.0
GIL,29,Punk da periferia,13,2,2,Y0,*7,IV7,9,major,19.0
GIL,29,Punk da periferia,14,1,1,Y0,*7,V/VI,9,major,19.5
GIL,29,Punk da periferia,15,6,6,v0,*m,VI,9,major,20.0
GIL,29,Punk da periferia,16,9,9,Y0,*7,I,9,major,21.0
GIL,29,Punk da periferia,17,2,2,Y0,*7,IV7,9,major,22.0
GIL,29,Punk da periferia,18,1,1,Y0,*7,V/VI,9,major,23.0
GIL,29,Punk da periferia,19,6,6,v0,*m,VI,9,major,24.0
GIL,30,Raca humana,1,9,9,z0,*m7,I,9,minor,1.0
GIL,30,Raca humana,2,2,2,z0,*m7,IV,9,minor,2.0
GIL,30,Raca humana,3,9,9,z0,*m7,I,9,minor,3.0
GIL,30,Raca humana,4,2,2,z0,*m7,IV,9,minor,4.0
GIL,30,Raca humana,5,9,9,z0,*m7,I,9,minor,5.0
GIL,30,Raca humana,6,2,2,z0,*m7,IV,9,minor,6.0
GIL,30,Raca humana,7,7,7,V0,*,V,0,major,7.0
GIL,30,Raca humana,8,0,0,V0,*,I,0,major,8.0
GIL,30,Raca humana,9,5,5,V0,*,IV,0,major,9.0
GIL,30,Raca humana,10,4,4,V0,*,V/VI,0,major,10.0
GIL,30,Raca humana,11,9,9,z0,*m7,II__X,0,major,11.0
GIL,30,Raca humana,12,2,2,Y0,*7,V/V,0,major,12.0
GIL,30,Raca humana,13,2,2,z0,*m7,II,0,major,13.0
GIL,30,Raca humana,14,7,7,Y0,*7,V,0,major,14.0
GIL,30,Raca humana,15,2,2,z0,*m7,II,0,major,15.0
GIL,30,Raca humana,16,7,7,Y0,*7,V,0,major,16.0
GIL,30,Raca humana,17,9,9,z0,*m7,I,9,minor,17.0
GIL,30,Raca humana,18,2,2,z0,*m7,IV,9,minor,18.0
GIL,30,Raca humana,19,9,9,z0,*m7,I,9,minor,19.0
GIL,31,Rebento,1,2,2,Z2,*M7.9,I,2,major,1.0
GIL,31,Rebento,2,8,8,z3,*m7.11,?,2,major,3.0
GIL,31,Rebento,3,9,9,z3,*m7.11,II__X,2,major,9.0
GIL,31,Rebento,4,2,2,Y2,*7.9,V/IV,2,major,10.0
GIL,31,Rebento,5,7,7,Z0,*M7,IV,2,major,11.0
GIL,31,Rebento,6,7,7,z1,*m6,IVm7,2,major,12.0
GIL,31,Rebento,7,2,6,Z0,*M7,I,2,major,13.0
GIL,31,Rebento,8,11,11,Y0,*7,V/II,2,major,14.0
GIL,31,Rebento,9,4,4,Y2,*7.9,V/V,2,major,15.0
GIL,31,Rebento,10,9,9,Y2,*7.9,V,2,major,16.0
GIL,31,Rebento,11,6,6,z0,*m7,II__X,2,major,17.0
GIL,31,Rebento,12,11,11,Y2.4,*7(#9),V/II,2,major,17.5
GIL,31,Rebento,13,4,4,z0,*m7,II,2,major,18.0
GIL,31,Rebento,14,9,9,Y0,*7,V,2,major,18.5
GIL,31,Rebento,15,6,6,Y0,*7,V/VI,2,major,19.0
GIL,31,Rebento,16,11,11,Y2.1,*7.9(#11),V/II,2,major,20.0
GIL,31,Rebento,17,4,4,Y2,*7.9,V/V,2,major,20.5
GIL,31,Rebento,18,3,3,Y0,*7,SubV,2,major,21.0
GIL,31,Rebento,19,2,2,Z1.1.1,*6.9(#11),I,2,major,22.0
GIL,31,Rebento,20,3,3,Z1.1.1,*6.9(#11),bII7M,2,major,23.0
GIL,31,Rebento,21,2,2,Z1.1.1,*6.9(#11),I,2,major,25.0
GIL,31,Rebento,22,9,9,z0,*m7,II__X,2,major,27.0
GIL,31,Rebento,23,2,2,Y2,*7.9,V/IV,2,major,28.0
GIL,31,Rebento,24,7,7,Z0,*M7,IV,2,major,29.0
GIL,31,Rebento,25,6,6,z0,*m7,II__X,2,major,31.0
GIL,31,Rebento,26,11,11,Y2.3,*7(b9),V/II,2,major,32.0
GIL,31,Rebento,27,4,4,Y4,*7.13,V/V,2,major,33.0
GIL,31,Rebento,28,4,4,Y4.1,*7(b13),V/V,2,major,33.5
GIL,31,Rebento,29,9,9,Y2,*7.9,V,2,major,34.0
GIL,31,Rebento,30,9,9,Y2.3,*7(b9),V,2,major,34.5
GIL,31,Rebento,31,2,2,Z2,*M7.9,I,2,major,35.0
GIL,31,Rebento,32,9,9,Y1.1,*4.7.9,V,2,major,37.0
GIL,31,Rebento,33,2,2,Y2.3,*7(b9),V/IV,2,major,39.0
GIL,31,Rebento,34,7,7,Z0,*M7,IV,2,major,41.0
GIL,31,Rebento,35,7,7,z0,*m7,IVm7,2,major,43.0
GIL,31,Rebento,36,6,6,z0,*m7,II__X,2,major,45.0
GIL,31,Rebento,37,11,11,Y0,*7,V/V,2,major,46.0
GIL,31,Rebento,38,10,10,Y0,*7,SubV/V,2,major,47.0
GIL,31,Rebento,39,9,9,Y0,*7,V,2,major,48.0
GIL,31,Rebento,40,2,2,Y2,*7.9,V/IV,2,major,49.0
GIL,31,Rebento,41,7,7,Z0,*M7,IV,2,major,50.0
GIL,31,Rebento,42,7,7,z1,*m6,IVm7,2,major,51.0
GIL,31,Rebento,43,6,6,z0,*m7,II__X,2,major,53.0
GIL,31,Rebento,44,11,11,Y0,*7,V/V,2,major,54.0
GIL,31,Rebento,45,4,4,Y2,*7.9,V/V,2,major,55.0
GIL,31,Rebento,46,9,9,Y0,*7,V,2,major,56.0
GIL,31,Rebento,47,2,2,Z2,*M7.9,I,2,major,57.0
GIL,32,Refazenda,1,2,2,V0,*,I,2,major,1.0
GIL,32,Refazenda,2,9,9,Y1.1,*4.7.9,V,2,major,1.5
GIL,32,Refazenda,3,2,2,V0,*,I,2,major,2.0
GIL,32,Refazenda,4,9,9,Y1.1,*4.7.9,V,2,major,2.5
GIL,32,Refazenda,5,2,2,V0,*,I,2,major,3.0
GIL,32,Refazenda,6,9,9,Y1.1,*4.7.9,V,2,major,3.5
GIL,32,Refazenda,7,2,2,V0,*,I,2,major,4.0
GIL,32,Refazenda,8,9,9,Y1.1,*4.7.9,V,2,major,4.5
GIL,32,Refazenda,9,2,2,V0,*,I,2,major,5.0
GIL,32,Refazenda,10,9,9,Y1.1,*4.7.9,V,2,major,5.5
GIL,32,Refazenda,11,2,2,V0,*,I,2,major,6.0
GIL,32,Refazenda,12,9,9,Y1.1,*4.7.9,V,2,major,6.5
GIL,32,Refazenda,13,2,2,V0,*,I,2,major,7.0
GIL,32,Refazenda,14,9,9,Y1.1,*4.7.9,V,2,major,7.5
GIL,32,Refazenda,15,2,2,V0,*,I,2,major,8.0
GIL,32,Refazenda,16,9,9,Y1.1,*4.7.9,V,2,major,8.5
GIL,32,Refazenda,17,2,2,v0,*m,I,2,minor,9.0
GIL,32,Refazenda,18,9,9,z0,*m7,Vm7,2,minor,9.5
GIL,32,Refazenda,19,2,2,v0,*m,I,2,minor,10.0
GIL,32,Refazenda,20,9,9,z0,*m7,Vm7,2,minor,10.5
GIL,32,Refazenda,21,2,2,v0,*m,I,2,minor,11.0
GIL,32,Refazenda,22,9,9,z0,*m7,Vm7,2,minor,11.5
GIL,32,Refazenda,23,2,2,v0,*m,I,2,minor,12.0
GIL,32,Refazenda,24,9,9,z0,*m7,Vm7,2,minor,12.5
GIL,32,Refazenda,25,2,2,v0,*m,I,2,minor,13.0
GIL,32,Refazenda,26,9,9,z0,*m7,Vm7,2,minor,13.5
GIL,32,Refazenda,27,2,2,v0,*m,I,2,minor,14.0
GIL,32,Refazenda,28,9,9,z0,*m7,Vm7,2,minor,14.5
GIL,32,Refazenda,29,2,2,v0,*m,I,2,minor,15.0
GIL,32,Refazenda,30,9,9,z0,*m7,Vm7,2,minor,15.5
GIL,32,Refazenda,31,2,2,v0,*m,I,2,minor,16.0
GIL,32,Refazenda,32,9,9,Y1.1,*4.7.9,V,2,minor,16.5
GIL,32,Refazenda,33,2,2,V0,*,I,2,major,17.0
GIL,33,Sandra,1,4,4,z0,*m7,I,4,minor,1.0
GIL,33,Sandra,2,2,2,Y1,*4.7,bVII7,4,minor,2.0
GIL,33,Sandra,3,4,4,z0,*m7,I,4,minor,3.0
GIL,33,Sandra,4,2,2,Y1,*4.7,bVII7,4,minor,4.0
GIL,33,Sandra,5,7,7,Y0,*7,V/VI,4,minor,5.0
GIL,33,Sandra,6,0,0,V0,*,VI,4,minor,6.0
GIL,33,Sandra,7,11,11,z0,*m7,Vm7,4,minor,6.5
GIL,33,Sandra,8,9,9,z0,*m7,IV,4,minor,7.0
GIL,33,Sandra,9,4,4,z0,*m7,I,4,minor,8.0
GIL,33,Sandra,10,2,2,Y1,*4.7,bVII7,4,minor,9.0
GIL,33,Sandra,11,4,4,z0,*m7,I,4,minor,10.0
GIL,33,Sandra,12,2,2,Y1,*4.7,bVII7,4,minor,11.0
GIL,33,Sandra,13,7,7,Y0,*7,V/VI,4,minor,12.0
GIL,33,Sandra,14,0,0,V0,*,VI,4,minor,13.0
GIL,33,Sandra,15,11,11,z0,*m7,Vm7,4,minor,14.0
GIL,33,Sandra,16,9,9,z0,*m7,IV,4,minor,15.0
GIL,33,Sandra,17,4,4,z0,*m7,I,4,minor,16.0
GIL,34,Se eu quiser falar por Deus,1,0,0,Z0,*M7,I,0,major,1.0
GIL,34,Se eu quiser falar por Deus,2,11,11,z0,*m7,II__X,0,major,1.5
GIL,34,Se eu quiser falar por Deus,3,4,4,Y2.2.1,*7(b9)13,V/VI,0,major,1.75
GIL,34,Se eu quiser falar por Deus,4,9,9,z0,*m7,VI,0,major,2.0
GIL,34,Se eu quiser falar por Deus,5,0,0,Y1.1,*4.7.9,V/IV,0,major,2.5
GIL,34,Se eu quiser falar por Deus,6,9,9,Z0,*M7,IV,0,major,3.0
GIL,34,Se eu quiser falar por Deus,7,10,10,Y2,*7.9,bVII7,0,major,3.5
GIL,34,Se eu quiser falar por Deus,8,0,7,Z0,*M7,I,0,major,4.0
GIL,34,Se eu quiser falar por Deus,9,0,0,Z0,*M7,I,0,major,5.0
GIL,34,Se eu quiser falar por Deus,10,11,11,z0,*m7,II__X,0,major,5.5
GIL,34,Se eu quiser falar por Deus,11,4,4,Y2.2.1,*7(b9)13,V/VI,0,major,5.75
GIL,34,Se eu quiser falar por Deus,12,9,9,z0,*m7,VI,0,major,6.0
GIL,34,Se eu quiser falar por Deus,13,0,0,Y1.1,*4.7.9,V/IV,0,major,6.5
GIL,34,Se eu quiser falar por Deus,14,9,9,Z0,*M7,IV,0,major,7.0
GIL,34,Se eu quiser falar por Deus,15,10,10,Y2,*7.9,bVII7,0,major,7.5
GIL,34,Se eu quiser falar por Deus,16,0,7,Z0,*M7,I,0,major,8.0
GIL,34,Se eu quiser falar por Deus,17,5,8,z1,*m6,IVm7,0,major,8.5
GIL,34,Se eu quiser falar por Deus,18,7,7,Y0,*7,V,0,major,8.75
GIL,34,Se eu quiser falar por Deus,19,0,0,Z0,*M7,I,0,major,9.0
GIL,34,Se eu quiser falar por Deus,20,11,11,z0,*m7,II__X,0,major,9.5
GIL,34,Se eu quiser falar por Deus,21,4,4,Y2.2.1,*7(b9)13,V/VI,0,major,9.75
GIL,34,Se eu quiser falar por Deus,22,9,9,w0,*mM7,VI,0,major,10.0
GIL,34,Se eu quiser falar por Deus,23,9,9,z0,*m7,VI,0,major,10.25
GIL,34,Se eu quiser falar por Deus,24,7,7,z0,*m7,II__X,0,major,10.5
GIL,34,Se eu quiser falar por Deus,25,6,6,Y3,*7(#11),SubV/IV,0,major,10.75
GIL,34,Se eu quiser falar por Deus,26,5,5,Z0,*M7,IV,0,major,11.0
GIL,34,Se eu quiser falar por Deus,27,10,10,Y2,*7.9,bVII7,0,major,11.5
GIL,34,Se eu quiser falar por Deus,28,7,7,z1,*m6,Vm7,0,major,12.0
GIL,34,Se eu quiser falar por Deus,29,5,5,Z0,*M7,IV,0,major,13.0
GIL,34,Se eu quiser falar por Deus,30,4,4,Y2.2.1,*7(b9)13,V/VI,0,major,13.5
GIL,34,Se eu quiser falar por Deus,31,9,9,z0,*m7,VI,0,major,14.0
GIL,34,Se eu quiser falar por Deus,32,10,10,Z0,*M7,bVII7M,0,major,14.5
GIL,34,Se eu quiser falar por Deus,33,11,11,y0,*Ø,II__X,0,major,15.0
GIL,34,Se eu quiser falar por Deus,34,10,10,Y3,*7(#11),SubV/VI,0,major,15.5
GIL,34,Se eu quiser falar por Deus,35,9,9,z0,*m7,VI,0,major,16.0
GIL,34,Se eu quiser falar por Deus,36,9,7,z0,*m7,VI,0,major,16.25
GIL,34,Se eu quiser falar por Deus,37,6,6,x0,*°7,V°/V,0,major,16.5
GIL,34,Se eu quiser falar por Deus,38,0,7,V0,*,I,0,major,17.0
GIL,34,Se eu quiser falar por Deus,39,8,8,x0,*°7,V°/VI,0,major,17.5
GIL,34,Se eu quiser falar por Deus,40,9,9,z0,*m7,II__X,0,major,18.0
GIL,34,Se eu quiser falar por Deus,41,8,8,Z0,*M7,aNP/V,0,major,18.5
GIL,34,Se eu quiser falar por Deus,42,7,7,Y1.1,*4.7.9,V,0,major,18.75
GIL,34,Se eu quiser falar por Deus,43,0,0,Z0,*M7,I,0,major,19.0
GIL,35,Realce,1,1,1,z2,*m7.9,Vm7,6,minor,1.0
GIL,35,Realce,2,11,11,z2,*m7.9,IV,6,minor,2.0
GIL,35,Realce,3,1,1,z2,*m7.9,Vm7,6,minor,3.0
GIL,35,Realce,4,3,3,z2,*m7.9,VI,6,minor,4.0
GIL,35,Realce,5,6,6,z2,*m7.9,I,6,minor,5.0
GIL,35,Realce,6,4,4,z2,*m7.9,VIIm7,6,minor,6.0
GIL,35,Realce,7,1,1,z2,*m7.9,Vm7,6,minor,7.0
GIL,35,Realce,8,11,11,z2,*m7.9,IV,6,minor,8.0
GIL,35,Realce,9,1,1,z2,*m7.9,Vm7,6,minor,9.0
GIL,35,Realce,10,6,6,z2,*m7.9,I,6,minor,10.0
GIL,35,Realce,11,4,4,Y0,*7,bVII7,6,minor,10.5
GIL,35,Realce,12,11,3,Y0,*7,IV7,6,minor,11.0
GIL,35,Realce,13,2,2,z1,*m6,bVIm7,6,minor,11.5
GIL,35,Realce,14,1,1,z0,*m7,Vm7,6,minor,12.0
GIL,35,Realce,15,8,8,z0,*m7,II,6,minor,13.0
GIL,35,Realce,16,1,1,Y2.3,*7(b9),V,6,minor,13.5
GIL,35,Realce,17,6,6,z0,*m7,I,6,minor,14.0
GIL,35,Realce,18,4,4,Y0,*7,bVII7,6,minor,14.5
GIL,35,Realce,19,11,3,Y0,*7,IV7,6,minor,15.0
GIL,35,Realce,20,2,2,z1,*m6,bVIm7,6,minor,15.5
GIL,35,Realce,21,1,1,z0,*m7,Vm7,6,minor,16.0
GIL,35,Realce,22,3,3,z0,*m7,II__X,6,minor,17.0
GIL,35,Realce,23,8,8,Y0,*7,V/V,6,minor,17.5
GIL,35,Realce,24,7,7,Y3,*7(#11),SubV,6,minor,18.0
GIL,35,Realce,25,6,6,Y2.3,*7(b9),V/IV,6,minor,18.5
GIL,35,Realce,26,5,5,Y4.1,*7(b13),?,6,minor,19.0
GIL,35,Realce,27,4,4,Y0,*7,bVII7,6,minor,19.5
GIL,35,Realce,28,7,7,Y3,*7(#11),SubV,6,minor,20.0
GIL,35,Realce,29,6,6,Y2.3,*7(b9),V/IV,6,minor,20.5
GIL,35,Realce,30,5,5,Y4.1,*7(b13),?,6,minor,21.0
GIL,35,Realce,31,4,4,Y0,*7,V/III,6,minor,21.5
GIL,35,Realce,32,9,9,V0,*,III,6,minor,22.0
GIL,36,Sitio do Pica-Pau Amarelo,1,0,0,V0,*,Np/VI,2,major,1.0
GIL,36,Sitio do Pica-Pau Amarelo,2,11,11,v0,*m,VI,2,major,1.5
GIL,36,Sitio do Pica-Pau Amarelo,3,9,9,v0,*m,Vm7,2,major,2.0
GIL,36,Sitio do Pica-Pau Amarelo,4,11,11,v0,*m,VI,2,major,2.5
GIL,36,Sitio do Pica-Pau Amarelo,5,0,0,V0,*,Np/VI,2,major,3.0
GIL,36,Sitio do Pica-Pau Amarelo,6,11,11,v0,*m,VI,2,major,3.5
GIL,36,Sitio do Pica-Pau Amarelo,7,2,0,Y0,*7,V/IV,2,major,4.0
GIL,36,Sitio do Pica-Pau Amarelo,8,7,7,V0,*,IV,2,major,5.0
GIL,36,Sitio do Pica-Pau Amarelo,9,4,4,Y0,*7,V/V,2,major,7.0
GIL,36,Sitio do Pica-Pau Amarelo,10,9,9,Y0,*7,V,2,major,9.0
GIL,36,Sitio do Pica-Pau Amarelo,11,1,11,Y0,*7,?,2,major,12.25
GIL,36,Sitio do Pica-Pau Amarelo,12,2,0,Y0,*7,V/IV,2,major,12.5
GIL,36,Sitio do Pica-Pau Amarelo,13,7,11,V0,*,IV,2,major,13.0
GIL,36,Sitio do Pica-Pau Amarelo,14,10,10,x0,*°7,V°,2,major,14.0
GIL,36,Sitio do Pica-Pau Amarelo,15,2,9,V0,*,I,2,major,15.0
GIL,36,Sitio do Pica-Pau Amarelo,16,9,9,z0,*m7,II__X,2,major,16.0
GIL,36,Sitio do Pica-Pau Amarelo,17,2,2,Y0,*7,V/IV,2,major,16.5
GIL,36,Sitio do Pica-Pau Amarelo,18,7,7,V0,*,IV,2,major,17.0
GIL,36,Sitio do Pica-Pau Amarelo,19,8,8,x0,*°7,V°/V,2,major,18.0
GIL,36,Sitio do Pica-Pau Amarelo,20,2,9,V0,*,I,2,major,19.0
GIL,36,Sitio do Pica-Pau Amarelo,21,10,10,V4,*(#5),aNP/VI,2,major,20.0
GIL,36,Sitio do Pica-Pau Amarelo,22,11,11,z0,*m7,VI,2,major,21.0
GIL,36,Sitio do Pica-Pau Amarelo,23,2,0,Y0,*7,V/IV,2,major,22.0
GIL,37,Bapa Alapala,1,7,7,V0,*,I,7,major,1.0
GIL,37,Bapa Alapala,2,2,2,z0,*m7,Vm7,7,major,1.5
GIL,37,Bapa Alapala,3,7,7,V0,*,I,7,major,2.0
GIL,37,Bapa Alapala,4,2,2,z0,*m7,Vm7,7,major,2.5
GIL,37,Bapa Alapala,5,7,7,V0,*,I,7,major,3.0
GIL,37,Bapa Alapala,6,2,2,z0,*m7,Vm7,7,major,3.5
GIL,37,Bapa Alapala,7,7,7,V0,*,I,7,major,4.0
GIL,37,Bapa Alapala,8,2,2,z0,*m7,Vm7,7,major,4.5
GIL,37,Bapa Alapala,9,7,7,V0,*,I,7,major,5.0
GIL,37,Bapa Alapala,10,2,2,z0,*m7,Vm7,7,major,5.5
GIL,37,Bapa Alapala,11,7,7,V0,*,I,7,major,6.0
GIL,37,Bapa Alapala,12,2,2,z0,*m7,Vm7,7,major,6.5
GIL,37,Bapa Alapala,13,7,7,V0,*,I,7,major,7.0
GIL,37,Bapa Alapala,14,2,2,z0,*m7,Vm7,7,major,7.5
GIL,37,Bapa Alapala,15,7,7,V0,*,I,7,major,8.0
GIL,37,Bapa Alapala,16,0,0,V0,*,I,0,major,9.0
GIL,37,Bapa Alapala,17,7,7,z0,*m7,Vm7,0,major,9.5
GIL,37,Bapa Alapala,18,0,0,V0,*,I,0,major,10.0
GIL,37,Bapa Alapala,19,7,7,z0,*m7,Vm7,0,major,10.5
GIL,37,Bapa Alapala,20,0,0,V0,*,I,0,major,11.0
GIL,37,Bapa Alapala,21,7,7,z0,*m7,Vm7,0,major,11.5
GIL,37,Bapa Alapala,22,0,0,V0,*,I,0,major,12.0
GIL,37,Bapa Alapala,23,7,7,z0,*m7,Vm7,0,major,12.5
GIL,37,Bapa Alapala,24,0,0,V0,*,I,0,major,13.0
GIL,37,Bapa Alapala,25,7,7,z0,*m7,Vm7,0,major,13.5
GIL,37,Bapa Alapala,26,0,0,V0,*,I,0,major,14.0
GIL,37,Bapa Alapala,27,7,7,z0,*m7,Vm7,0,major,14.5
GIL,37,Bapa Alapala,28,0,0,V0,*,I,0,major,15.0
GIL,37,Bapa Alapala,29,7,7,z0,*m7,Vm7,0,major,15.5
GIL,37,Bapa Alapala,30,0,0,V0,*,I,0,major,16.0
GIL,37,Bapa Alapala,31,7,7,z0,*m7,Vm7,0,major,16.5
GIL,37,Bapa Alapala,32,0,0,V0,*,I,0,major,17.0
GIL,37,Bapa Alapala,33,0,0,Y0,*7,V,5,major,17.5
GIL,37,Bapa Alapala,34,5,5,V0,*,I,5,major,18.0
GIL,37,Bapa Alapala,35,0,4,Y0,*7,V,5,major,18.5
GIL,37,Bapa Alapala,36,2,2,v0,*m,VI,5,major,19.0
GIL,37,Bapa Alapala,37,0,0,V0,*,V,5,major,19.5
GIL,37,Bapa Alapala,38,2,2,v0,*m,VI,5,major,20.0
GIL,37,Bapa Alapala,39,5,5,V0,*,I,5,major,20.5
GIL,37,Bapa Alapala,40,0,0,V0,*,I,0,major,21.0
GIL,37,Bapa Alapala,41,7,7,z0,*m7,Vm7,0,major,21.5
GIL,37,Bapa Alapala,42,0,0,V0,*,I,0,major,22.0
GIL,37,Bapa Alapala,43,7,7,z0,*m7,Vm7,0,major,22.5
GIL,37,Bapa Alapala,44,0,0,V0,*,I,0,major,23.0
GIL,37,Bapa Alapala,45,7,7,z0,*m7,Vm7,0,major,23.5
GIL,37,Bapa Alapala,46,0,0,V0,*,I,0,major,24.0
GIL,37,Bapa Alapala,47,7,7,V0,*,I,7,major,25.0
GIL,37,Bapa Alapala,48,2,2,z0,*m7,Vm7,7,major,25.5
GIL,38,Back in Bahia,1,9,9,Y0,*7,I,9,major,1.0
GIL,38,Back in Bahia,2,2,2,Y0,*7,IV7,9,major,2.0
GIL,38,Back in Bahia,3,9,9,Y0,*7,I,9,major,3.0
GIL,38,Back in Bahia,4,2,2,Y0,*7,IV7,9,major,5.0
GIL,38,Back in Bahia,5,9,9,Y0,*7,I,9,major,7.0
GIL,38,Back in Bahia,6,4,4,Y0,*7,V,9,major,9.0
GIL,38,Back in Bahia,7,2,2,Y0,*7,IV7,9,major,10.0
GIL,38,Back in Bahia,8,9,9,Y0,*7,I,9,major,11.0
GIL,38,Back in Bahia,9,4,4,Y0,*7,V,9,major,13.0
GIL,38,Back in Bahia,10,2,2,Y0,*7,IV7,9,major,14.0
GIL,38,Back in Bahia,11,9,9,Y0,*7,I,9,major,15.0
GIL,38,Back in Bahia,12,4,4,Y0,*7,V,9,major,17.0
GIL,38,Back in Bahia,13,2,2,Y0,*7,IV7,9,major,18.0
GIL,38,Back in Bahia,14,9,9,Y0,*7,I,9,major,19.0
GIL,38,Back in Bahia,15,4,4,Y0,*7,V,9,major,21.0
GIL,38,Back in Bahia,16,2,2,Y0,*7,IV7,9,major,22.0
GIL,38,Back in Bahia,17,9,9,Y0,*7,I,9,major,23.0
GIL,38,Back in Bahia,18,4,4,Y0,*7,V,9,major,25.0
GIL,38,Back in Bahia,19,2,2,Y0,*7,IV7,9,major,26.0
GIL,38,Back in Bahia,20,9,9,Y0,*7,I,9,major,27.0
GIL,38,Back in Bahia,21,4,4,Y0,*7,V,9,major,29.0
GIL,38,Back in Bahia,22,2,2,Y0,*7,IV7,9,major,30.0
GIL,38,Back in Bahia,23,9,9,Y0,*7,I,9,major,31.0
GIL,39,Deixar voce,1,5,5,Z0,*M7,I,5,major,1.0
GIL,39,Deixar voce,2,5,5,Y0,*7,V/IV,5,major,2.0
GIL,39,Deixar voce,3,10,5,Z0,*M7,IV,5,major,3.0
GIL,39,Deixar voce,4,3,3,Z3,*M7(#11),bVII7M,5,major,4.0
GIL,39,Deixar voce,5,3,3,Y3,*7(#11),SubV/VI,5,major,4.5
GIL,39,Deixar voce,6,2,2,z2,*m7.9,II__X,5,major,5.0
GIL,39,Deixar voce,7,7,7,Y4,*7.13,V/V,5,major,5.5
GIL,39,Deixar voce,8,0,0,z2,*m7.9,II__X,5,major,6.0
GIL,39,Deixar voce,9,5,5,Y4,*7.13,V/IV,5,major,6.5
GIL,39,Deixar voce,10,2,2,V0,*,VIM7,5,major,7.0
GIL,39,Deixar voce,11,0,0,Y2.2.1,*7(b9)13,V,5,major,8.0
GIL,39,Deixar voce,12,5,5,Z0,*M7,I,5,major,9.0
GIL,39,Deixar voce,13,5,5,Y0,*7,V/IV,5,major,10.0
GIL,39,Deixar voce,14,10,5,Z0,*M7,IV,5,major,11.0
GIL,39,Deixar voce,15,5,3,Y0,*7,V/IV,5,major,12.0
GIL,39,Deixar voce,16,10,1,z1,*m6,IVm7,5,major,12.5
GIL,39,Deixar voce,17,5,0,V0,*,I,5,major,13.0
GIL,39,Deixar voce,18,7,11,Y0,*7,V/V,5,major,13.5
GIL,39,Deixar voce,19,10,10,V0,*,IV,5,major,14.0
GIL,39,Deixar voce,20,10,10,z0,*m7,IVm7,5,major,14.5
GIL,39,Deixar voce,21,5,5,V0,*,I,5,major,15.0
GIL,39,Deixar voce,22,9,9,z0,*m7,III,5,major,15.5
GIL,39,Deixar voce,23,2,2,v0,*m,I,2,minor,16.0
GIL,39,Deixar voce,24,9,9,Y0,*7,V,2,minor,17.0
GIL,39,Deixar voce,25,2,2,z2,*m7.9,I,2,minor,18.0
GIL,39,Deixar voce,26,0,0,z2,*m7.9,II__X,2,minor,19.0
GIL,39,Deixar voce,27,5,5,Y2.3,*7(b9),V/VI,2,minor,19.5
GIL,39,Deixar voce,28,10,10,Z0,*M7,VI,2,minor,20.0
GIL,39,Deixar voce,29,7,7,z0,*m7,II__X,2,minor,21.0
GIL,39,Deixar voce,30,0,0,Y2,*7.9,V/III,2,minor,21.5
GIL,39,Deixar voce,31,6,6,Y3,*7(#11),SubV/III,2,minor,22.0
GIL,39,Deixar voce,32,5,5,Y3,*7(#11),SubV/II,2,minor,22.5
GIL,39,Deixar voce,33,4,4,Y3,*7(#11),V/V,2,minor,23.0
GIL,39,Deixar voce,34,3,3,Y3,*7(#11),SubV,2,minor,23.5
GIL,39,Deixar voce,35,2,2,v0,*m,I,2,minor,24.0
GIL,39,Deixar voce,36,9,9,Y0,*7,V,2,minor,25.0
GIL,39,Deixar voce,37,2,2,z2,*m7.9,I,2,minor,26.0
GIL,39,Deixar voce,38,0,0,z2,*m7.9,II__X,2,minor,27.0
GIL,39,Deixar voce,39,5,5,Y2.3,*7(b9),V/VI,2,minor,27.5
GIL,39,Deixar voce,40,10,10,Z0,*M7,VI,2,minor,28.0
GIL,39,Deixar voce,41,7,7,z0,*m7,II,5,major,29.0
GIL,39,Deixar voce,42,0,0,Y2,*7.9,V,5,major,29.5
GIL,39,Deixar voce,43,7,7,z0,*m7,II,5,major,30.0
GIL,39,Deixar voce,44,0,0,Y2,*7.9,V,5,major,30.5
GIL,39,Deixar voce,45,5,5,Z0,*M7,I,5,major,31.0
GIL,39,Deixar voce,46,5,5,Y0,*7,V/IV,5,major,32.0
GIL,39,Deixar voce,47,10,10,Z0,*M7,IV,5,major,33.0
GIL,39,Deixar voce,48,5,3,Y0,*7,V/IV,5,major,34.0
GIL,39,Deixar voce,49,10,1,z1,*m6,IVm7,5,major,34.5
GIL,39,Deixar voce,50,5,0,V0,*,I,5,major,35.0
GIL,39,Deixar voce,51,7,11,Y0,*7,V/V,5,major,35.5
GIL,39,Deixar voce,52,10,10,V0,*,IV,5,major,36.0
GIL,39,Deixar voce,53,10,10,z0,*m7,IVm7,5,major,36.5
GIL,39,Deixar voce,54,5,5,V0,*,I,5,major,37.0
GIL,40,Domingo no parque,1,0,0,V0,*,I,0,major,1.0
GIL,40,Domingo no parque,2,10,10,V0,*,bVII7M,0,major,1.5
GIL,40,Domingo no parque,3,0,0,V0,*,I,0,major,2.0
GIL,40,Domingo no parque,4,10,10,V0,*,bVII7M,0,major,2.5
GIL,40,Domingo no parque,5,0,0,V0,*,I,0,major,3.0
GIL,40,Domingo no parque,6,10,10,V0,*,bVII7M,0,major,3.5
GIL,40,Domingo no parque,7,0,0,V0,*,I,0,major,4.0
GIL,40,Domingo no parque,8,10,10,V0,*,bVII7M,0,major,4.5
GIL,40,Domingo no parque,9,0,0,V0,*,I,0,major,5.0
GIL,40,Domingo no parque,10,10,10,V0,*,bVII7M,0,major,5.5
GIL,40,Domingo no parque,11,0,0,V0,*,I,0,major,6.0
GIL,40,Domingo no parque,12,10,10,V0,*,bVII7M,0,major,6.5
GIL,40,Domingo no parque,13,0,0,V0,*,I,0,major,7.0
GIL,40,Domingo no parque,14,10,10,V0,*,bVII7M,0,major,7.5
GIL,40,Domingo no parque,15,0,0,V0,*,I,0,major,8.0
GIL,40,Domingo no parque,16,10,10,V0,*,bVII7M,0,major,8.5
GIL,40,Domingo no parque,17,0,0,V0,*,I,0,major,9.0
GIL,40,Domingo no parque,18,10,10,V0,*,bVII7M,0,major,9.5
GIL,40,Domingo no parque,19,5,5,V0,*,IV,0,major,10.0
GIL,40,Domingo no parque,20,7,7,V0,*,V,0,major,10.5
GIL,40,Domingo no parque,21,0,0,V0,*,I,0,major,11.0
GIL,40,Domingo no parque,22,6,6,y0,*Ø,II__X,0,major,12.0
GIL,40,Domingo no parque,23,11,11,Y0,*7,V/III,0,major,12.5
GIL,40,Domingo no parque,24,4,4,z0,*m7,II__X,0,major,13.0
GIL,40,Domingo no parque,25,9,9,Y0,*7,V/II,0,major,13.5
GIL,40,Domingo no parque,26,2,2,z0,*m7,II,0,major,14.0
GIL,40,Domingo no parque,27,7,7,Y0,*7,V,0,major,14.5
GIL,40,Domingo no parque,28,0,0,V0,*,I,0,major,15.0
GIL,40,Domingo no parque,29,6,6,y0,*Ø,II__X,0,major,16.0
GIL,40,Domingo no parque,30,11,11,Y0,*7,V/III,0,major,16.5
GIL,40,Domingo no parque,31,4,4,z0,*m7,II__X,0,major,17.0
GIL,40,Domingo no parque,32,9,9,Y0,*7,V/II,0,major,17.5
GIL,40,Domingo no parque,33,2,2,z0,*m7,II,0,major,18.0
GIL,40,Domingo no parque,34,7,7,Y0,*7,V,0,major,19.0
GIL,40,Domingo no parque,35,0,0,V0,*,I,0,major,20.0
GIL,40,Domingo no parque,36,10,10,V0,*,bVII7M,0,major,21.0
GIL,40,Domingo no parque,37,9,9,z0,*m7,VI,0,major,22.0
GIL,40,Domingo no parque,38,7,7,Y1.1,*4.7.9,V,0,major,23.0
GIL,40,Domingo no parque,39,0,0,V0,*,I,0,major,24.0
GIL,40,Domingo no parque,40,10,10,V0,*,bVII7M,0,major,24.5
GIL,40,Domingo no parque,41,0,0,V0,*,I,0,major,25.0
GIL,40,Domingo no parque,42,10,10,V0,*,bVII7M,0,major,25.5
GIL,40,Domingo no parque,43,0,0,V0,*,I,0,major,26.0
GIL,40,Domingo no parque,44,10,10,V0,*,bVII7M,0,major,26.5
GIL,40,Domingo no parque,45,9,9,Y0,*7,V,2,major,27.0
GIL,40,Domingo no parque,46,2,2,V0,*,I,2,major,28.0
GIL,40,Domingo no parque,47,9,9,V0,*,V,2,major,30.0
GIL,40,Domingo no parque,48,7,7,V0,*,IV,2,major,31.0
GIL,40,Domingo no parque,49,2,2,V0,*,I,2,major,32.0
GIL,40,Domingo no parque,50,9,9,V0,*,V,2,major,33.0
GIL,40,Domingo no parque,51,7,7,V0,*,IV,2,major,34.0
GIL,40,Domingo no parque,52,9,9,V0,*,V,2,major,35.0
GIL,40,Domingo no parque,53,0,0,V0,*,I,0,major,36.0
GIL,40,Domingo no parque,54,5,5,V0,*,IV,0,major,37.0
GIL,40,Domingo no parque,55,4,4,v0,*m,III,0,major,38.0
GIL,40,Domingo no parque,56,9,9,V0,*,V/V,7,major,41.0
GIL,40,Domingo no parque,57,7,7,V0,*,I,7,major,42.0
GIL,40,Domingo no parque,58,5,5,V0,*,bVII7M,7,major,42.5
GIL,40,Domingo no parque,59,7,7,V0,*,I,7,major,43.0
GIL,40,Domingo no parque,60,5,5,V0,*,bVII7M,7,major,43.5
GIL,40,Domingo no parque,61,7,7,V0,*,I,7,major,44.0
GIL,40,Domingo no parque,62,5,5,V0,*,bVII7M,7,major,44.5
GIL,40,Domingo no parque,63,7,7,V0,*,I,7,major,45.0
GIL,40,Domingo no parque,64,5,5,V0,*,bVII7M,7,major,45.5
GIL,40,Domingo no parque,65,8,8,V0,*,I,8,major,46.0
GIL,40,Domingo no parque,66,6,6,V0,*,bVII7M,8,major,46.5
GIL,40,Domingo no parque,67,8,8,V0,*,I,8,major,47.0
GIL,40,Domingo no parque,68,6,6,V0,*,bVII7M,8,major,47.5
GIL,40,Domingo no parque,69,8,8,V0,*,I,8,major,48.0
GIL,40,Domingo no parque,70,6,6,V0,*,bVII7M,8,major,48.5
GIL,40,Domingo no parque,71,8,8,V0,*,I,8,major,49.0
GIL,40,Domingo no parque,72,2,2,Y2.4,*7(#9),?,8,major,50.0
GIL,40,Domingo no parque,73,5,5,V0,*,I,5,major,51.0
GIL,40,Domingo no parque,74,3,3,V0,*,I,5,major,51.5
GIL,41,Expresso 2222,1,0,0,V0,*,I,0,major,1.0
GIL,41,Expresso 2222,2,10,10,V0,*,bVII7M,0,major,2.0
GIL,41,Expresso 2222,3,5,5,V0,*,IV,0,major,3.0
GIL,41,Expresso 2222,4,0,0,V0,*,I,0,major,4.0
GIL,41,Expresso 2222,5,4,4,z0,*m7,III,0,major,6.0
GIL,41,Expresso 2222,6,2,2,z0,*m7,II,0,major,7.0
GIL,41,Expresso 2222,7,7,7,Y0,*7,V,0,major,7.5
GIL,41,Expresso 2222,8,0,0,V0,*,I,0,major,8.0
GIL,41,Expresso 2222,9,10,10,V0,*,bVII7M,0,major,10.0
GIL,41,Expresso 2222,10,5,5,V0,*,IV,0,major,11.0
GIL,41,Expresso 2222,11,0,0,V0,*,I,0,major,12.0
GIL,41,Expresso 2222,12,10,10,V0,*,bVII7M,0,major,14.0
GIL,41,Expresso 2222,13,5,5,V0,*,IV,0,major,15.0
GIL,41,Expresso 2222,14,0,0,V0,*,I,0,major,16.0
GIL,41,Expresso 2222,15,7,7,Y0,*7,V,0,major,18.0
GIL,41,Expresso 2222,16,0,0,V0,*,I,0,major,20.0
GIL,41,Expresso 2222,17,7,7,Y0,*7,V,0,major,22.0
GIL,41,Expresso 2222,18,0,0,V0,*,I,0,major,24.0
GIL,41,Expresso 2222,19,7,5,Y0,*7,V,0,major,26.0
GIL,41,Expresso 2222,20,4,4,z0,*m7,III,0,major,28.0
GIL,41,Expresso 2222,21,9,9,z0,*m7,VI,0,major,29.0
GIL,41,Expresso 2222,22,2,2,z0,*m7,II,0,major,30.0
GIL,41,Expresso 2222,23,7,7,Y0,*7,V,0,major,30.5
GIL,41,Expresso 2222,24,2,2,z0,*m7,II,0,major,31.0
GIL,41,Expresso 2222,25,7,7,Y0,*7,V,0,major,31.5
GIL,41,Expresso 2222,26,0,0,V0,*,I,0,major,32.0
GIL,42,Luar,1,2,2,z0,*m7,I,2,minor,1.0
GIL,42,Luar,2,2,2,Y1.1,*4.7.9,V/IV,2,minor,3.0
GIL,42,Luar,3,2,2,z0,*m7,I,2,minor,5.0
GIL,42,Luar,4,2,2,Y1.1,*4.7.9,V/IV,2,minor,7.0
GIL,42,Luar,5,5,5,V0,*,III,2,minor,9.0
GIL,42,Luar,6,7,2,V0,*,IV,2,major,11.0
GIL,42,Luar,7,2,2,V0,*,I,2,major,13.0
GIL,42,Luar,8,4,2,Y0,*7,V/V,2,major,16.0
GIL,42,Luar,9,7,7,V2,*9,IV,2,major,18.0
GIL,42,Luar,10,2,2,Y1.1,*4.7.9,V,7,major,20.0
GIL,42,Luar,11,7,7,V2,*9,I,7,major,22.0
GIL,42,Luar,12,2,2,Y1.1,*4.7.9,V,7,major,24.0
GIL,42,Luar,13,7,7,V2,*9,I,7,major,27.0
GIL,42,Luar,14,7,2,V0,*,I,7,major,27.5
GIL,42,Luar,15,7,2,v0,*m,IV,2,minor,28.0
GIL,42,Luar,16,2,2,z0,*m7,I,2,minor,31.0
GIL,43,Lovacao,1,9,9,V0,*,I,9,major,1.0
GIL,43,Lovacao,2,2,2,V0,*,IV,9,major,2.5
GIL,43,Lovacao,3,7,7,V0,*,bVII7M,9,major,3.0
GIL,43,Lovacao,4,9,9,V0,*,I,9,major,4.0
GIL,43,Lovacao,5,2,2,V0,*,IV,9,major,7.0
GIL,43,Lovacao,6,4,4,V0,*,V,9,major,8.0
GIL,43,Lovacao,7,2,2,V0,*,IV,9,major,10.5
GIL,43,Lovacao,8,7,7,V0,*,bVII7M,9,major,11.0
GIL,43,Lovacao,9,9,9,V0,*,I,9,major,12.0
GIL,43,Lovacao,10,4,4,Y0,*7,V,9,major,14.0
GIL,43,Lovacao,11,9,9,Z1,*6,I,9,major,15.0
GIL,43,Lovacao,12,1,8,Y0,*7,V/VI,9,major,15.5
GIL,43,Lovacao,13,6,6,z0,*m7,II__X,9,major,16.0
GIL,43,Lovacao,14,11,11,Y2,*7.9,V/V,9,major,17.0
GIL,43,Lovacao,15,6,6,z0,*m7,II__X,9,major,18.0
GIL,43,Lovacao,16,11,11,Y4,*7.13,V/V,9,major,19.0
GIL,43,Lovacao,17,4,4,Y2,*7.9,V,9,major,19.5
GIL,43,Lovacao,18,9,9,Z1,*6,I,9,major,20.0
GIL,43,Lovacao,19,11,11,Y4,*7.13,V/V,9,major,21.0
GIL,43,Lovacao,20,6,6,z0,*m7,II__X,9,major,22.0
GIL,43,Lovacao,21,11,11,Y4,*7.13,V/V,9,major,22.5
GIL,43,Lovacao,22,4,4,z2,*m7.9,II__X,9,major,23.0
GIL,43,Lovacao,23,9,9,Y4,*7.13,V/IV,9,major,23.5
GIL,43,Lovacao,24,2,2,Z0,*M7,IV,9,major,24.0
GIL,43,Lovacao,25,4,4,z2,*m7.9,II__X,9,major,25.0
GIL,43,Lovacao,26,9,9,Y4,*7.13,V/IV,9,major,25.5
GIL,43,Lovacao,27,2,2,Z1.1,*6.9,IV,9,major,26.0
GIL,43,Lovacao,28,9,9,z2,*m7.9,II__X,9,major,27.0
GIL,43,Lovacao,29,2,2,Y2.3,*7(b9),V/bVII,9,major,27.5
GIL,43,Lovacao,30,7,7,Z0,*M7,bVII7M,9,major,28.0
GIL,43,Lovacao,31,4,4,Y2,*7.9,V,9,major,29.0
GIL,43,Lovacao,32,1,1,z0,*m7,III,9,major,30.0
GIL,43,Lovacao,33,6,6,z0,*m7,VI,9,major,30.5
GIL,43,Lovacao,34,11,11,z3,*m7.11,II,9,major,31.0
GIL,43,Lovacao,35,4,4,Y0,*7,V,9,major,31.5
GIL,43,Lovacao,36,9,9,V0,*,I,9,major,32.0
GIL,43,Lovacao,37,7,7,Y0,*7,IV7,2,major,33.0
GIL,43,Lovacao,38,0,0,Y2.1,*7.9(#11),bVII7,2,major,33.5
GIL,43,Lovacao,39,6,6,z0,*m7,II__X,2,major,34.0
GIL,43,Lovacao,40,11,11,Y2.3,*7(b9),V/II,2,major,34.5
GIL,43,Lovacao,41,4,4,Y2,*7.9,V/V,2,major,35.0
GIL,43,Lovacao,42,9,9,Y0,*7,V,2,major,35.5
GIL,43,Lovacao,43,2,2,Z1,*6,I,2,major,36.0
GIL,43,Lovacao,44,9,9,z0,*m7,II__X,2,major,37.0
GIL,43,Lovacao,45,2,2,Y2,*7.9,V/IV,2,major,37.5
GIL,43,Lovacao,46,7,7,Z0,*M7,IV,2,major,38.0
GIL,43,Lovacao,47,11,11,z0,*m7,II,9,major,39.0
GIL,43,Lovacao,48,4,4,Y2,*7.9,V,9,major,39.5
GIL,43,Lovacao,49,9,9,Z0,*M7,I,9,major,40.0
GIL,43,Lovacao,50,0,0,z3,*m7.11,II,10,major,41.0
GIL,43,Lovacao,51,5,5,Y0,*7,V,10,major,41.5
GIL,43,Lovacao,52,10,10,V0,*,I,10,major,42.0
GIL,43,Lovacao,53,10,10,z3,*m7.11,II,8,major,43.0
GIL,43,Lovacao,54,3,3,Y2,*7.9,V,8,major,43.5
GIL,43,Lovacao,55,8,8,Z1,*6,I,8,major,44.0
GIL,43,Lovacao,56,8,8,z0,*m7,II,6,major,45.0
GIL,43,Lovacao,57,1,1,Y2,*7.9,V,6,major,45.5
GIL,43,Lovacao,58,6,6,Z1,*6,I,6,major,46.0
GIL,43,Lovacao,59,9,9,Y4,*7.13,V/IV,9,major,47.0
GIL,43,Lovacao,60,2,2,Y2,*7.9,V/bVII,9,major,47.5
GIL,43,Lovacao,61,7,7,V0,*,bVII7M,9,major,48.0
GIL,43,Lovacao,62,4,4,Y0,*7,V,9,major,49.0
GIL,43,Lovacao,63,9,9,V0,*,I,9,major,50.0
GIL,44,Meio de campo,1,11,11,Y0,*7,V/II,2,major,1.0
GIL,44,Meio de campo,2,4,4,Y0,*7,V/V,2,major,2.0
GIL,44,Meio de campo,3,9,9,Y0,*7,V,2,major,3.0
GIL,44,Meio de campo,4,2,2,Y0,*7,V/IV,2,major,4.0
GIL,44,Meio de campo,5,7,7,Y0,*7,IV7,2,major,4.5
GIL,44,Meio de campo,6,6,6,Y0,*7,V/VI,2,major,5.0
GIL,44,Meio de campo,7,11,11,z0,*m7,II__X,2,major,6.0
GIL,44,Meio de campo,8,4,4,Y0,*7,V/V,2,major,7.0
GIL,44,Meio de campo,9,9,9,Y1.1,*4.7.9,V,2,major,8.0
GIL,44,Meio de campo,10,6,6,z0,*m7,II__X,2,major,9.0
GIL,44,Meio de campo,11,11,11,Y0,*7,V/II,2,major,9.5
GIL,44,Meio de campo,12,4,4,Y0,*7,V/V,2,major,10.0
GIL,44,Meio de campo,13,9,9,Y0,*7,V,2,major,11.0
GIL,44,Meio de campo,14,2,2,Z1.1,*6.9,I,2,major,12.0
GIL,44,Meio de campo,15,11,11,Y0,*7,V/II,2,major,13.0
GIL,44,Meio de campo,16,4,4,Y0,*7,V/V,2,major,14.0
GIL,44,Meio de campo,17,9,9,Y0,*7,V,2,major,15.0
GIL,44,Meio de campo,18,2,2,Z1.1,*6.9,I,2,major,16.0
GIL,45,Retiros espirituais,1,9,9,Y0,*7,V/IV,9,major,1.0
GIL,45,Retiros espirituais,2,2,2,Z2,*M7.9,IV,9,major,3.0
GIL,45,Retiros espirituais,3,4,4,Y0,*7,V,9,major,4.0
GIL,45,Retiros espirituais,4,5,5,x0,*°7,V°/VI,9,major,4.5
GIL,45,Retiros espirituais,5,6,6,w1,*mM7.9,VI,9,major,5.0
GIL,45,Retiros espirituais,6,6,6,z2,*m7.9,II__X,9,major,5.5
GIL,45,Retiros espirituais,7,11,11,Y2.1,*7.9(#11),V/V,9,major,6.0
GIL,45,Retiros espirituais,8,4,4,w1,*mM7.9,II__X,9,major,7.0
GIL,45,Retiros espirituais,9,9,9,Y2,*7.9,V/IV,9,major,8.0
GIL,45,Retiros espirituais,10,2,2,Z5,*6.M7,IV,9,major,9.0
GIL,45,Retiros espirituais,11,4,2,Y0,*7,V,9,major,10.0
GIL,45,Retiros espirituais,12,1,1,z0,*m7,III,9,major,11.0
GIL,45,Retiros espirituais,13,6,6,z0,*m7,II__X,9,major,12.0
GIL,45,Retiros espirituais,14,11,11,Y2,*7.9,V/V,9,major,13.0
GIL,45,Retiros espirituais,15,4,4,Y0,*7,V,9,major,15.0
GIL,45,Retiros espirituais,16,2,6,V0,*,IV,9,major,16.25
GIL,45,Retiros espirituais,17,7,7,z1,*m6,bVIIm7,9,major,16.5
GIL,45,Retiros espirituais,18,4,8,V0,*,V,9,major,16.75
GIL,45,Retiros espirituais,19,9,9,Y2,*7.9,V/IV,9,major,17.0
GIL,45,Retiros espirituais,20,2,2,Z5,*6.M7,IV,9,major,18.0
GIL,45,Retiros espirituais,21,9,9,Y2,*7.9,V/IV,9,major,19.0
GIL,45,Retiros espirituais,22,4,4,Y0,*7,V,9,major,20.0
GIL,45,Retiros espirituais,23,9,9,Y2,*7.9,V/IV,9,major,21.0
GIL,45,Retiros espirituais,24,2,2,Z2,*M7.9,IV,9,major,23.0
GIL,45,Retiros espirituais,25,1,1,Y2.4,*7(#9),V/VI,9,major,24.0
GIL,45,Retiros espirituais,26,1,1,Y2.3,*7(b9),V/VI,9,major,24.5
GIL,45,Retiros espirituais,27,6,6,z0,*m7,II__X,9,major,25.0
GIL,45,Retiros espirituais,28,11,11,Y2,*7.9,V/V,9,major,27.0
GIL,45,Retiros espirituais,29,4,4,Y2,*7.9,V,9,major,28.0
GIL,45,Retiros espirituais,30,8,8,Y2.4,*7(#9),aSubV,9,major,29.0
GIL,45,Retiros espirituais,31,9,9,Y2,*7.9,V/IV,9,major,31.0
GIL,45,Retiros espirituais,32,4,4,Y2,*7.9,V,9,major,32.0
GIL,46,Sarara miolo,1,7,7,V0,*,I,7,major,1.0
GIL,46,Sarara miolo,2,5,5,V0,*,bVII7M,7,major,1.5
GIL,46,Sarara miolo,3,0,0,V0,*,IV,7,major,1.75
GIL,46,Sarara miolo,4,7,7,V0,*,I,7,major,2.0
GIL,46,Sarara miolo,5,5,5,V0,*,bVII7M,7,major,2.5
GIL,46,Sarara miolo,6,0,0,V0,*,IV,7,major,2.75
GIL,46,Sarara miolo,7,7,7,V0,*,I,7,major,3.0
GIL,46,Sarara miolo,8,5,5,V0,*,bVII7M,7,major,3.5
GIL,46,Sarara miolo,9,0,0,V0,*,IV,7,major,3.75
GIL,46,Sarara miolo,10,7,7,V0,*,I,7,major,4.0
GIL,46,Sarara miolo,11,5,5,V0,*,bVII7M,7,major,4.5
GIL,46,Sarara miolo,12,0,0,V0,*,IV,7,major,4.75
GIL,46,Sarara miolo,13,7,7,V0,*,I,7,major,5.0
GIL,46,Sarara miolo,14,5,5,V0,*,bVII7M,7,major,5.5
GIL,46,Sarara miolo,15,0,0,V0,*,IV,7,major,5.75
GIL,46,Sarara miolo,16,7,7,V0,*,I,7,major,6.0
GIL,46,Sarara miolo,17,5,5,V0,*,bVII7M,7,major,6.5
GIL,46,Sarara miolo,18,0,0,V0,*,IV,7,major,6.75
GIL,46,Sarara miolo,19,7,7,V0,*,I,7,major,7.0
GIL,46,Sarara miolo,20,5,5,V0,*,bVII7M,7,major,7.5
GIL,46,Sarara miolo,21,0,0,V0,*,IV,7,major,7.75
GIL,46,Sarara miolo,22,7,7,V0,*,I,7,major,8.0
GIL,46,Sarara miolo,23,5,5,V0,*,bVII7M,7,major,8.5
GIL,46,Sarara miolo,24,0,0,V0,*,IV,7,major,8.75
GIL,46,Sarara miolo,25,4,4,V0,*,I,4,major,9.0
GIL,46,Sarara miolo,26,9,4,V0,*,IV,4,major,9.5
GIL,46,Sarara miolo,27,4,4,V0,*,I,4,major,10.0
GIL,46,Sarara miolo,28,9,4,V0,*,IV,4,major,10.5
GIL,46,Sarara miolo,29,4,4,V0,*,I,4,major,11.0
GIL,46,Sarara miolo,30,9,4,V0,*,IV,4,major,11.5
GIL,46,Sarara miolo,31,4,4,V0,*,I,4,major,12.0
GIL,46,Sarara miolo,32,9,4,V0,*,IV,4,major,12.5
GIL,46,Sarara miolo,33,4,4,V0,*,I,4,major,13.0
GIL,46,Sarara miolo,34,9,4,V0,*,IV,4,major,13.5
GIL,46,Sarara miolo,35,4,4,V0,*,I,4,major,14.0
GIL,46,Sarara miolo,36,9,4,V0,*,IV,4,major,14.5
GIL,46,Sarara miolo,37,4,4,V0,*,I,4,major,15.0
GIL,46,Sarara miolo,38,9,4,V0,*,IV,4,major,15.5
GIL,46,Sarara miolo,39,4,4,V0,*,I,4,major,16.0
GIL,46,Sarara miolo,40,9,4,V0,*,IV,4,major,16.5
GIL,46,Sarara miolo,41,7,7,V0,*,I,7,major,17.0
GIL,47,Soy loco por ti America,1,3,3,V0,*,I,3,major,1.0
GIL,47,Soy loco por ti America,2,5,5,z0,*m7,II,3,major,2.0
GIL,47,Soy loco por ti America,3,10,10,Y0,*7,V,3,major,2.5
GIL,47,Soy loco por ti America,4,5,5,z0,*m7,II,3,major,3.0
GIL,47,Soy loco por ti America,5,10,10,Y0,*7,V,3,major,3.5
GIL,47,Soy loco por ti America,6,3,3,V0,*,I,3,major,4.0
GIL,47,Soy loco por ti America,7,5,5,z0,*m7,II,3,major,6.0
GIL,47,Soy loco por ti America,8,10,10,Y0,*7,V,3,major,6.5
GIL,47,Soy loco por ti America,9,5,5,z0,*m7,II,3,major,7.0
GIL,47,Soy loco por ti America,10,10,10,Y0,*7,V,3,major,7.5
GIL,47,Soy loco por ti America,11,3,3,V0,*,I,3,major,8.0
GIL,47,Soy loco por ti America,12,5,5,z0,*m7,II,3,major,10.0
GIL,47,Soy loco por ti America,13,10,10,Y0,*7,V,3,major,10.5
GIL,47,Soy loco por ti America,14,5,5,z0,*m7,II,3,major,11.0
GIL,47,Soy loco por ti America,15,10,10,Y0,*7,V,3,major,11.5
GIL,47,Soy loco por ti America,16,3,3,V0,*,I,3,major,12.0
GIL,47,Soy loco por ti America,17,5,5,z0,*m7,II,3,major,14.0
GIL,47,Soy loco por ti America,18,10,10,Y0,*7,V,3,major,14.5
GIL,47,Soy loco por ti America,19,8,8,V0,*,IV,3,major,15.0
GIL,47,Soy loco por ti America,20,10,10,Y0,*7,V,3,major,15.5
GIL,47,Soy loco por ti America,21,3,3,V0,*,I,3,major,16.0
GIL,47,Soy loco por ti America,22,8,8,V0,*,IV,3,major,17.0
GIL,47,Soy loco por ti America,23,10,10,Y0,*7,V,3,major,17.5
GIL,47,Soy loco por ti America,24,3,3,V0,*,I,3,major,18.0
GIL,47,Soy loco por ti America,25,5,5,z0,*m7,II,3,major,20.0
GIL,47,Soy loco por ti America,26,10,10,Y0,*7,V,3,major,20.5
GIL,47,Soy loco por ti America,27,5,5,z0,*m7,II,3,major,21.0
GIL,47,Soy loco por ti America,28,10,10,Y0,*7,V,3,major,21.5
GIL,47,Soy loco por ti America,29,3,3,V0,*,I,3,major,22.0
GIL,47,Soy loco por ti America,30,5,5,z0,*m7,II,3,major,24.0
GIL,47,Soy loco por ti America,31,10,10,Y0,*7,V,3,major,24.5
GIL,47,Soy loco por ti America,32,8,8,V0,*,IV,3,major,25.0
GIL,47,Soy loco por ti America,33,10,10,Y0,*7,V,3,major,25.5
GIL,47,Soy loco por ti America,34,3,3,V0,*,I,3,major,26.0
GIL,48,Super-homem,1,9,9,Z0,*M7,I,9,major,1.0
GIL,48,Super-homem,2,9,9,x0,*°7,I°,9,major,2.0
GIL,48,Super-homem,3,9,9,Z0,*M7,I,9,major,3.0
GIL,48,Super-homem,4,9,9,x0,*°7,I°,9,major,4.0
GIL,48,Super-homem,5,8,8,z0,*m7,II__X,9,major,5.0
GIL,48,Super-homem,6,1,1,Y2.3,*7(b9),V/VI,9,major,6.0
GIL,48,Super-homem,7,6,6,Z0,*M7,VIM7,9,major,7.0
GIL,48,Super-homem,8,11,11,z0,*m7,II,9,major,8.0
GIL,48,Super-homem,9,4,4,Y2.4,*7(#9),V,9,major,8.5
GIL,48,Super-homem,10,9,9,Z0,*M7,I,9,major,9.0
GIL,48,Super-homem,11,9,9,x0,*°7,I°,9,major,10.0
GIL,48,Super-homem,12,9,9,Z0,*M7,I,9,major,11.0
GIL,48,Super-homem,13,9,9,x0,*°7,I°,9,major,12.0
GIL,48,Super-homem,14,8,8,z0,*m7,II__X,9,major,13.0
GIL,48,Super-homem,15,1,1,Y2.3,*7(b9),V/VI,9,major,14.0
GIL,48,Super-homem,16,6,6,Z0,*M7,VIM7,9,major,15.0
GIL,48,Super-homem,17,4,4,z2,*m7.9,II__X,9,major,16.0
GIL,48,Super-homem,18,9,9,Y4,*7.13,V/IV,9,major,16.5
GIL,48,Super-homem,19,2,2,Z0,*M7,IV,9,major,17.0
GIL,48,Super-homem,20,3,3,x0,*°7,V°/III,9,major,18.0
GIL,48,Super-homem,21,1,1,z0,*m7,II__X,9,major,19.0
GIL,48,Super-homem,22,6,6,Y2.3,*7(b9),V/II,9,major,20.0
GIL,48,Super-homem,23,11,11,z2,*m7.9,II,9,major,21.0
GIL,48,Super-homem,24,1,1,z2,*m7.9,II__X,9,major,22.0
GIL,48,Super-homem,25,6,6,Y0,*7,V/II,9,major,22.5
GIL,48,Super-homem,26,11,11,Y2,*7.9,V/V,9,major,23.0
GIL,48,Super-homem,27,11,11,z2,*m7.9,II,9,major,24.0
GIL,48,Super-homem,28,4,4,Y2.3,*7(b9),V,9,major,24.5
GIL,48,Super-homem,29,9,9,Z0,*M7,I,9,major,25.0
GIL,48,Super-homem,30,9,9,x0,*°7,I°,9,major,26.0
GIL,48,Super-homem,31,9,9,Z0,*M7,I,9,major,27.0
GIL,48,Super-homem,32,9,9,x0,*°7,I°,9,major,28.0
GIL,48,Super-homem,33,11,11,z0,*m7,II,9,major,29.0
GIL,48,Super-homem,34,4,4,Y2,*7.9,V,9,major,30.0
GIL,48,Super-homem,35,9,9,Z0,*M7,I,9,major,31.0
GIL,49,Toda menina baiana,1,6,6,z0,*m7,III,2,major,1.0
GIL,49,Toda menina baiana,2,4,4,z0,*m7,II,2,major,2.0
GIL,49,Toda menina baiana,3,6,6,z0,*m7,III,2,major,3.0
GIL,49,Toda menina baiana,4,4,4,z0,*m7,II,2,major,4.0
GIL,49,Toda menina baiana,5,6,6,z0,*m7,III,2,major,5.0
GIL,49,Toda menina baiana,6,4,4,z0,*m7,II,2,major,6.0
GIL,49,Toda menina baiana,7,6,6,z0,*m7,III,2,major,7.0
GIL,49,Toda menina baiana,8,4,4,z0,*m7,II,2,major,8.0
GIL,49,Toda menina baiana,9,2,2,V0,*,I,2,major,9.0
GIL,49,Toda menina baiana,10,4,2,Y0,*7,V/V,2,major,13.0
GIL,49,Toda menina baiana,11,7,2,V0,*,IV,2,major,17.0
GIL,49,Toda menina baiana,12,2,2,Y1.1,*4.7.9,I,2,major,21.0
GIL,49,Toda menina baiana,13,11,2,v0,*m,VI,2,major,23.0
GIL,49,Toda menina baiana,14,2,2,Y1.1,*4.7.9,I,2,major,25.0
GIL,49,Toda menina baiana,15,11,2,v0,*m,VI,2,major,27.0
GIL,49,Toda menina baiana,16,2,2,Y1.1,*4.7.9,I,2,major,29.0
GIL,49,Toda menina baiana,17,11,2,v0,*m,VI,2,major,31.0
GIL,49,Toda menina baiana,18,7,2,V0,*,IV,2,major,33.0
GIL,49,Toda menina baiana,19,6,6,z0,*m7,III,2,major,37.0
GIL,49,Toda menina baiana,20,4,4,z0,*m7,II,2,major,38.0
GIL,49,Toda menina baiana,21,6,6,z0,*m7,III,2,major,39.0
GIL,49,Toda menina baiana,22,4,4,z0,*m7,II,2,major,40.0
GIL,50,Vamos fugir,1,9,9,V0,*,I,9,major,1.0
GIL,50,Vamos fugir,2,4,4,V0,*,V,9,major,3.0
GIL,50,Vamos fugir,3,6,6,v0,*m,VI,9,major,5.0
GIL,50,Vamos fugir,4,2,2,V0,*,IV,9,major,7.0
GIL,50,Vamos fugir,5,4,4,V0,*,V,9,major,8.0
GIL,50,Vamos fugir,6,6,6,v0,*m,VI,9,major,9.0
GIL,50,Vamos fugir,7,9,9,V0,*,I,9,major,11.0
GIL,50,Vamos fugir,8,4,4,V0,*,V,9,major,12.0
GIL,50,Vamos fugir,9,2,2,V0,*,IV,9,major,13.0
GIL,50,Vamos fugir,10,9,9,V0,*,I,9,major,15.0
GIL,50,Vamos fugir,11,4,4,V0,*,V,9,major,16.0
GIL,50,Vamos fugir,12,2,2,V0,*,IV,9,major,17.0
GIL,50,Vamos fugir,13,9,9,V0,*,I,9,major,19.0
GIL,50,Vamos fugir,14,4,4,V0,*,V,9,major,20.0
GIL,50,Vamos fugir,15,2,2,V0,*,IV,9,major,21.0
GIL,50,Vamos fugir,16,9,9,V0,*,I,9,major,23.0
GIL,50,Vamos fugir,17,4,4,V0,*,V,9,major,24.0
GIL,50,Vamos fugir,18,2,2,V0,*,IV,9,major,25.0
JOBIM,1,Absolute Lee,1,2,2,x0,*°7,II,0,major,1.0
JOBIM,1,Absolute Lee,2,7,7,W0,*(#5)7,V,0,major,2.0
JOBIM,1,Absolute Lee,3,0,0,Z0,*M7,I,0,major,3.0
JOBIM,1,Absolute Lee,4,11,11,y0,*Ø,II__X,0,major,5.0
JOBIM,1,Absolute Lee,5,4,4,Y2.3,*7(b9),V,0,major,6.0
JOBIM,1,Absolute Lee,6,9,9,Z0,*M7,I,9,major,7.0
JOBIM,1,Absolute Lee,7,8,8,y0,*Ø,II__X,9,major,9.0
JOBIM,1,Absolute Lee,8,1,1,Y2.3,*7(b9),V/VI,9,major,10.0
JOBIM,1,Absolute Lee,9,6,6,Z0,*M7,I,6,major,11.0
JOBIM,1,Absolute Lee,10,7,7,z0,*m7,II__X,0,major,13.0
JOBIM,1,Absolute Lee,11,0,0,Y1.1,*4.7.9,V/IV,0,major,14.0
JOBIM,1,Absolute Lee,12,0,0,Y2.3,*7(b9),V/IV,0,major,14.5
JOBIM,1,Absolute Lee,13,5,5,Z0,*M7,IV,0,major,15.0
JOBIM,1,Absolute Lee,14,10,10,Y1.1,*4.7.9,bVII7,0,major,15.5
JOBIM,1,Absolute Lee,15,1,1,Y2,*7.9,bII7M,0,major,16.0
JOBIM,1,Absolute Lee,16,2,2,x0,*°7,II,0,major,17.0
JOBIM,1,Absolute Lee,17,7,7,W0,*(#5)7,V,0,major,18.0
JOBIM,1,Absolute Lee,18,0,0,Z0,*M7,I,0,major,19.0
JOBIM,1,Absolute Lee,19,11,11,y0,*Ø,II__X,0,major,21.0
JOBIM,1,Absolute Lee,20,4,4,Y2.3,*7(b9),V,0,major,22.0
JOBIM,1,Absolute Lee,21,9,9,Z0,*M7,I,9,major,23.0
JOBIM,1,Absolute Lee,22,2,2,z0,*m7,II,0,major,24.0
JOBIM,1,Absolute Lee,23,7,7,Y2.3,*7(b9),V,0,major,24.5
JOBIM,1,Absolute Lee,24,4,4,z0,*m7,II__X,0,major,25.0
JOBIM,1,Absolute Lee,25,9,9,Y2.3,*7(b9),V/II,0,major,25.5
JOBIM,1,Absolute Lee,26,2,2,z0,*m7,II,0,major,26.0
JOBIM,1,Absolute Lee,27,7,7,Y2.3,*7(b9),V,0,major,26.5
JOBIM,1,Absolute Lee,28,0,0,Z1,*6,I,0,major,27.0
JOBIM,1,Absolute Lee,29,9,1,Z0,*M7,V/II,0,major,27.5
JOBIM,1,Absolute Lee,30,2,2,z0,*m7,II,0,major,28.0
JOBIM,1,Absolute Lee,31,3,3,x3,*°7(b13),V°/III,0,major,28.5
JOBIM,1,Absolute Lee,32,4,4,z0,*m7,III,0,major,29.0
JOBIM,1,Absolute Lee,33,4,4,W0,*(#5)7,V/VI,0,major,29.5
JOBIM,1,Absolute Lee,34,5,5,Z1,*6,IV,0,major,30.0
JOBIM,1,Absolute Lee,35,5,5,z1,*m6,IVm7,0,major,30.5
JOBIM,1,Absolute Lee,36,2,2,Y2.1.1,*7.9(#11)13,V/V,0,major,31.0
JOBIM,1,Absolute Lee,37,7,7,Y4,*7.13,V,0,major,32.0
JOBIM,1,Absolute Lee,38,8,8,Y4,*7.13,SubV/V,0,major,32.25
JOBIM,1,Absolute Lee,39,9,9,Y4.1,*7(b13),V/II,0,major,32.5
JOBIM,1,Absolute Lee,40,2,2,z0,*m7,II,0,major,33.0
JOBIM,1,Absolute Lee,41,9,9,Y2.3,*7(b9),V/II,0,major,33.5
JOBIM,1,Absolute Lee,42,2,2,Y0,*7,V/V,0,major,34.0
JOBIM,1,Absolute Lee,43,5,5,z0,*m7,IVm7,0,major,35.0
JOBIM,1,Absolute Lee,44,5,5,z1,*m6,IVm7,0,major,35.5
JOBIM,1,Absolute Lee,45,2,2,Y2,*7.9,V/V,0,major,37.0
JOBIM,1,Absolute Lee,46,7,7,Y1.1,*4.7.9,V,0,major,38.0
JOBIM,1,Absolute Lee,47,0,0,Z1.1,*6.9,I,0,major,39.0
JOBIM,1,Absolute Lee,48,1,1,Y2.1.3,*7(#9.#11),SubV,0,major,40.0
JOBIM,1,Absolute Lee,49,0,0,Z1.1,*6.9,I,0,major,41.0
JOBIM,1,Absolute Lee,50,7,7,W0,*(#5)7,V,0,major,42.0
JOBIM,1,Absolute Lee,51,0,0,Y1.1,*4.7.9,V/IV,0,major,43.0
JOBIM,1,Absolute Lee,52,0,0,Y2.3,*7(b9),V/IV,0,major,44.0
JOBIM,1,Absolute Lee,53,5,5,Z0,*M7,IV,0,major,45.0
JOBIM,1,Absolute Lee,54,5,5,z1,*m6,IVm7,0,major,46.0
JOBIM,1,Absolute Lee,55,4,4,Y4,*7.13,V/VI,0,major,47.0
JOBIM,1,Absolute Lee,56,4,4,Y4.1,*7(b13),V/VI,0,major,47.5
JOBIM,1,Absolute Lee,57,9,9,Y1.1,*4.7.9,V/II,0,major,48.0
JOBIM,1,Absolute Lee,58,9,9,Y2.3,*7(b9),V/II,0,major,48.5
JOBIM,1,Absolute Lee,59,2,2,Y2,*7.9,V/V,0,major,49.0
JOBIM,1,Absolute Lee,60,7,7,Y1.1,*4.7.9,V,0,major,50.0
JOBIM,1,Absolute Lee,61,0,0,Y1.1,*4.7.9,V/IV,0,major,51.0
JOBIM,1,Absolute Lee,62,0,0,Y2.3,*7(b9),V/IV,0,major,52.0
JOBIM,1,Absolute Lee,63,2,2,Y2,*7.9,V/V,0,major,53.0
JOBIM,1,Absolute Lee,64,7,7,Y1.1,*4.7.9,V,0,major,54.0
JOBIM,1,Absolute Lee,65,0,6,Z1.1,*6.9,I,0,major,55.0
JOBIM,1,Absolute Lee,66,9,9,Y2.2.1.1,*7(b9.b13),V/II,0,major,55.5
JOBIM,1,Absolute Lee,67,2,2,Y2,*7.9,V/V,0,major,56.0
JOBIM,1,Absolute Lee,68,7,7,Y2.2.1,*7(b9)13,V,0,major,56.5
JOBIM,1,Absolute Lee,69,0,0,Z1.1,*6.9,I,0,major,57.0
JOBIM,2,Agua de beber,1,11,11,z0,*m7,I,11,minor,1.0
JOBIM,2,Agua de beber,2,1,11,Y0,*7,V/V,11,minor,2.0
JOBIM,2,Agua de beber,3,11,11,z1,*m6,I,11,minor,2.5
JOBIM,2,Agua de beber,4,4,11,z0,*m7,IV,11,minor,3.0
JOBIM,2,Agua de beber,5,11,11,z0,*m7,I,11,minor,4.0
JOBIM,2,Agua de beber,6,4,4,Y0,*7,IV7,11,minor,5.0
JOBIM,2,Agua de beber,7,4,4,z0,*m7,IV,11,minor,6.0
JOBIM,2,Agua de beber,8,9,9,Y2,*7.9,V/III,11,minor,7.0
JOBIM,2,Agua de beber,9,2,2,Z0,*M7,III,11,minor,8.0
JOBIM,2,Agua de beber,10,1,1,Y2,*7.9,V/V,11,minor,10.0
JOBIM,2,Agua de beber,11,0,0,Y2,*7.9,SubV,11,minor,10.5
JOBIM,2,Agua de beber,12,11,11,z1,*m6,I,11,minor,11.0
JOBIM,2,Agua de beber,13,2,9,Z1,*6,III,11,minor,12.0
JOBIM,2,Agua de beber,14,2,2,Y3,*7(#11),V/VI,11,minor,12.5
JOBIM,2,Agua de beber,15,1,1,Y3,*7(#11),V/V,11,minor,13.0
JOBIM,2,Agua de beber,16,1,1,Y2.3,*7(b9),V/V,11,minor,14.0
JOBIM,2,Agua de beber,17,6,6,Y1.1,*4.7.9,V,11,minor,15.0
JOBIM,2,Agua de beber,18,11,11,z0,*m7,I,11,minor,16.0
JOBIM,2,Agua de beber,19,4,4,Y4,*7.13,IV7,11,minor,18.0
JOBIM,2,Agua de beber,20,4,4,z0,*m7,IV,11,minor,19.0
JOBIM,2,Agua de beber,21,11,11,z0,*m7,I,11,minor,20.0
JOBIM,2,Agua de beber,22,4,4,Y4,*7.13,IV7,11,minor,21.0
JOBIM,2,Agua de beber,23,4,4,z0,*m7,IV,11,minor,22.0
JOBIM,2,Agua de beber,24,11,11,z0,*m7,I,11,minor,23.0
JOBIM,2,Agua de beber,25,2,6,Y2.2,*7.9.13,V/VI,11,minor,24.0
JOBIM,2,Agua de beber,26,11,11,z0,*m7,I,11,minor,25.0
JOBIM,2,Agua de beber,27,11,9,z0,*m7,I,11,minor,25.5
JOBIM,2,Agua de beber,28,8,8,x0,*°7,bIII°,11,minor,26.0
JOBIM,2,Agua de beber,29,7,7,z1,*m6,VI,11,minor,26.5
JOBIM,2,Agua de beber,30,11,11,z0,*m7,I,11,minor,27.0
JOBIM,2,Agua de beber,31,11,9,z0,*m7,I,11,minor,27.5
JOBIM,2,Agua de beber,32,8,8,x0,*°7,bIII°,11,minor,28.0
JOBIM,2,Agua de beber,33,7,7,z1,*m6,VI,11,minor,28.5
JOBIM,2,Agua de beber,34,11,11,z0,*m7,I,11,minor,29.0
JOBIM,2,Agua de beber,35,11,9,z0,*m7,I,11,minor,29.5
JOBIM,2,Agua de beber,36,7,7,V0,*,VI,11,minor,30.0
JOBIM,2,Agua de beber,37,7,7,Z1,*6,VI,11,minor,30.5
JOBIM,2,Agua de beber,38,11,11,z0,*m7,I,11,minor,31.0
JOBIM,3,Ai quem me dera,1,6,6,z0,*m7,II,4,major,1.0
JOBIM,3,Ai quem me dera,2,11,11,Y2,*7.9,V,4,major,1.5
JOBIM,3,Ai quem me dera,3,4,4,Z0,*M7,I,4,major,2.0
JOBIM,3,Ai quem me dera,4,4,4,Z0,*M7,I,4,major,2.5
JOBIM,3,Ai quem me dera,5,6,6,z0,*m7,II,4,major,3.0
JOBIM,3,Ai quem me dera,6,11,11,Y2,*7.9,V,4,major,3.5
JOBIM,3,Ai quem me dera,7,11,11,z0,*m7,II__X,4,major,4.0
JOBIM,3,Ai quem me dera,8,4,4,Y2,*7.9,V/IV,4,major,4.5
JOBIM,3,Ai quem me dera,9,9,9,Z0,*M7,IV,4,major,5.0
JOBIM,3,Ai quem me dera,10,2,2,Y2,*7.9,bVII7,4,major,5.5
JOBIM,3,Ai quem me dera,11,8,8,z0,*m7,III,4,major,6.0
JOBIM,3,Ai quem me dera,12,1,1,z2,*m7.9,VI,4,major,6.5
JOBIM,3,Ai quem me dera,13,6,6,z0,*m7,II,4,major,7.0
JOBIM,3,Ai quem me dera,14,11,11,Y2,*7.9,V,4,major,7.5
JOBIM,3,Ai quem me dera,15,4,4,Z0,*M7,I,4,major,8.0
JOBIM,3,Ai quem me dera,16,4,4,Z0,*M7,I,4,major,8.5
JOBIM,3,Ai quem me dera,17,9,9,z0,*m7,II,7,major,9.0
JOBIM,3,Ai quem me dera,18,2,2,Y2,*7.9,V,7,major,9.5
JOBIM,3,Ai quem me dera,19,7,7,Z0,*M7,I,7,major,10.0
JOBIM,3,Ai quem me dera,20,7,7,Z1,*6,I,4,major,10.5
JOBIM,3,Ai quem me dera,21,7,7,z0,*m7,II,5,major,11.0
JOBIM,3,Ai quem me dera,22,0,0,Y2,*7.9,V,5,major,11.5
JOBIM,3,Ai quem me dera,23,5,5,Z0,*M7,I,5,major,12.0
JOBIM,3,Ai quem me dera,24,5,5,Z1,*6,I,5,major,12.5
JOBIM,3,Ai quem me dera,25,6,6,z0,*m7,II,4,major,13.0
JOBIM,3,Ai quem me dera,26,11,11,Y2,*7.9,V,4,major,13.5
JOBIM,3,Ai quem me dera,27,4,4,Z0,*M7,I,4,major,14.0
JOBIM,3,Ai quem me dera,28,1,1,z0,*m7,VI,4,major,14.5
JOBIM,3,Ai quem me dera,29,6,6,z0,*m7,II,4,major,15.0
JOBIM,3,Ai quem me dera,30,11,11,Y2,*7.9,V,4,major,15.5
JOBIM,3,Ai quem me dera,31,2,2,Y1.1,*4.7.9,V,7,major,16.0
JOBIM,3,Ai quem me dera,32,7,7,Z0,*M7,I,7,major,17.0
JOBIM,3,Ai quem me dera,33,7,7,Z1,*6,I,7,major,17.5
JOBIM,3,Ai quem me dera,34,9,9,z0,*m7,II,7,major,18.0
JOBIM,3,Ai quem me dera,35,2,2,Y2,*7.9,V,7,major,18.5
JOBIM,3,Ai quem me dera,36,11,11,y0,*Ø,II__X,7,major,19.0
JOBIM,3,Ai quem me dera,37,4,4,Y2.3,*7(b9),V/II,7,major,19.5
JOBIM,3,Ai quem me dera,38,9,9,z0,*m7,II,7,major,20.0
JOBIM,3,Ai quem me dera,39,0,0,z1,*m6,IVm7,7,major,20.5
JOBIM,3,Ai quem me dera,40,11,11,z0,*m7,II__X,4,major,21.0
JOBIM,3,Ai quem me dera,41,4,4,Y2,*7.9,V/IV,4,major,21.5
JOBIM,3,Ai quem me dera,42,2,9,Y0,*7,bVII7,4,major,22.0
JOBIM,3,Ai quem me dera,43,5,5,Y0,*7,SubV,4,major,22.5
JOBIM,3,Ai quem me dera,44,8,8,Y0,*7,V/VI,4,major,23.0
JOBIM,3,Ai quem me dera,45,11,11,Y0,*7,V,4,major,23.5
JOBIM,3,Ai quem me dera,46,6,6,z0,*m7,II,4,major,24.0
JOBIM,3,Ai quem me dera,47,11,11,Y2,*7.9,V,4,major,24.5
JOBIM,3,Ai quem me dera,48,4,4,Z0,*M7,I,4,major,25.0
JOBIM,3,Ai quem me dera,49,4,4,Z0,*M7,I,4,major,25.5
JOBIM,3,Ai quem me dera,50,6,6,z0,*m7,II,4,major,26.0
JOBIM,3,Ai quem me dera,51,11,11,Y2,*7.9,V,4,major,26.5
JOBIM,3,Ai quem me dera,52,11,11,z0,*m7,II__X,4,major,27.0
JOBIM,3,Ai quem me dera,53,4,4,Y2,*7.9,V/IV,4,major,27.5
JOBIM,3,Ai quem me dera,54,9,9,Z0,*M7,IV,4,major,28.0
JOBIM,3,Ai quem me dera,55,2,2,Y2,*7.9,bVII7,4,major,28.5
JOBIM,3,Ai quem me dera,56,8,8,z0,*m7,III,4,major,29.0
JOBIM,3,Ai quem me dera,57,1,1,z2,*m7.9,VI,4,major,29.5
JOBIM,3,Ai quem me dera,58,4,4,Z2,*M7.9,I,4,major,30.0
JOBIM,4,Angela,1,3,3,y1,*Ø.9,II__X,9,major,1.0
JOBIM,4,Angela,2,8,8,Y4.1,*7(b13),V/III,9,major,2.0
JOBIM,4,Angela,3,1,1,y1,*Ø.9,II__X,9,major,3.0
JOBIM,4,Angela,4,6,6,Y4.1,*7(b13),V/II,9,major,4.0
JOBIM,4,Angela,5,11,11,y1,*Ø.9,IIm7(b5),9,major,5.0
JOBIM,4,Angela,6,4,4,Y0,*7,V,9,major,6.0
JOBIM,4,Angela,7,9,9,Z0,*M7,I,9,major,7.0
JOBIM,4,Angela,8,11,11,z0,*m7,II,9,major,7.25
JOBIM,4,Angela,9,1,1,z0,*m7,III,9,major,7.5
JOBIM,4,Angela,10,2,2,Z0,*M7,IV,9,major,7.75
JOBIM,4,Angela,11,3,3,y1,*Ø.9,II__X,9,major,8.0
JOBIM,4,Angela,12,8,8,Y4.1,*7(b13),V/III,9,major,9.0
JOBIM,4,Angela,13,1,1,y1,*Ø.9,II__X,9,major,10.0
JOBIM,4,Angela,14,6,6,Y4.1,*7(b13),V/II,9,major,11.0
JOBIM,4,Angela,15,11,11,y1,*Ø.9,IIm7(b5),9,major,12.0
JOBIM,4,Angela,16,4,4,Y4,*7.13,V,9,major,13.0
JOBIM,4,Angela,17,9,9,Y1.1,*4.7.9,V/IV,9,major,14.0
JOBIM,4,Angela,18,9,9,Y0,*7,V/IV,9,major,15.0
JOBIM,4,Angela,19,2,2,Z0,*M7,IV,9,major,16.0
JOBIM,4,Angela,20,2,2,w1,*mM7.9,IVm7,9,major,17.0
JOBIM,4,Angela,21,2,2,z2,*m7.9,IVm7,9,major,17.5
JOBIM,4,Angela,22,1,1,z2,*m7.9,II__X,9,major,18.0
JOBIM,4,Angela,23,6,6,Y4,*7.13,V/II,9,major,19.0
JOBIM,4,Angela,24,6,6,Y4.1,*7(b13),V/II,9,major,19.25
JOBIM,4,Angela,25,6,6,Y2.3,*7(b9),V/II,9,major,19.5
JOBIM,4,Angela,26,3,3,y1,*Ø.9,#IVm7(b5),9,major,20.0
JOBIM,4,Angela,27,11,11,y0,*Ø,IIm7(b5),9,major,21.0
JOBIM,4,Angela,28,4,4,X0,*(b5)7,V,9,major,21.5
JOBIM,4,Angela,29,9,9,Z2,*M7.9,I,9,major,22.0
JOBIM,4,Angela,30,6,6,z2,*m7.9,VI,9,major,23.0
JOBIM,5,Bebel,1,9,9,Z0,*M7,I,9,major,1.0
JOBIM,5,Bebel,2,10,10,x0,*°7,V°/II,9,major,2.0
JOBIM,5,Bebel,3,11,11,z0,*m7,II,9,major,3.0
JOBIM,5,Bebel,4,0,0,x0,*°7,V°/III,9,major,4.0
JOBIM,5,Bebel,5,1,1,z0,*m7,III,9,major,5.0
JOBIM,5,Bebel,6,1,1,X0,*(b5)7,V°/VI,9,major,6.0
JOBIM,5,Bebel,7,2,2,Z0,*M7,IV,9,major,7.0
JOBIM,5,Bebel,8,2,2,w0,*mM7,IVm7,9,major,8.0
JOBIM,5,Bebel,9,1,1,z0,*m7,III,9,major,9.0
JOBIM,5,Bebel,10,6,6,z0,*m7,VI,9,major,10.0
JOBIM,5,Bebel,11,3,3,y2,*Ø.11,II__X,9,major,11.0
JOBIM,5,Bebel,12,8,8,Y2.3,*7(b9),V/III,9,major,12.0
JOBIM,5,Bebel,13,1,1,z2,*m7.9,II__X,9,major,13.0
JOBIM,5,Bebel,14,6,6,Y4,*7.13,V/II,9,major,14.0
JOBIM,5,Bebel,15,6,6,Y4.1,*7(b13),V/II,9,major,14.5
JOBIM,5,Bebel,16,11,11,z2,*m7.9,II,9,major,15.0
JOBIM,5,Bebel,17,4,4,Y2.2.1,*7(b9)13,V,9,major,16.0
JOBIM,5,Bebel,18,9,9,Z0,*M7,I,9,major,17.0
JOBIM,5,Bebel,19,10,10,z0,*m7,bIIm7,9,major,18.0
JOBIM,5,Bebel,20,9,9,Z0,*M7,I,9,major,19.0
JOBIM,5,Bebel,21,10,10,z0,*m7,bIIm7,9,major,20.0
JOBIM,5,Bebel,22,9,9,Z1,*6,I,9,major,21.0
JOBIM,5,Bebel,23,10,10,x0,*°7,V°/II,9,major,22.0
JOBIM,5,Bebel,24,11,11,z0,*m7,II,9,major,23.0
JOBIM,5,Bebel,25,4,4,Y1,*4.7,V,9,major,24.0
JOBIM,5,Bebel,26,10,10,Y2.2,*7.9.13,SubV,9,major,24.5
JOBIM,5,Bebel,27,9,9,Z2,*M7.9,I,9,major,25.0
JOBIM,5,Bebel,28,3,3,Y2.1,*7.9(#11),SubV/II,9,major,26.0
JOBIM,5,Bebel,29,2,2,Z0,*M7,IV,9,major,27.0
JOBIM,5,Bebel,30,2,2,z1,*m6,IVm7,9,major,28.0
JOBIM,5,Bebel,31,1,1,z0,*m7,III,9,major,29.0
JOBIM,5,Bebel,32,0,0,x0,*°7,bIII°,9,major,30.0
JOBIM,5,Bebel,33,11,11,z0,*m7,II,9,major,31.0
JOBIM,5,Bebel,34,4,4,Y0,*7,V,9,major,32.0
JOBIM,5,Bebel,35,3,3,z0,*m7,III,9,major,33.0
JOBIM,5,Bebel,36,6,6,Y4,*7.13,V/II,9,major,34.0
JOBIM,5,Bebel,37,6,6,Y4.1,*7(b13),V/II,9,major,34.5
JOBIM,5,Bebel,38,11,11,Y4,*7.13,V/V,9,major,35.0
JOBIM,5,Bebel,39,11,11,Y4.1,*7(b13),V/V,9,major,35.5
JOBIM,5,Bebel,40,11,11,Y0,*7,V/V,9,major,36.0
JOBIM,5,Bebel,41,11,11,z0,*m7,II,9,major,37.0
JOBIM,5,Bebel,42,4,4,Y1,*4.7,V,9,major,38.0
JOBIM,5,Bebel,43,5,5,z0,*m7,V°/VI,9,major,38.5
JOBIM,5,Bebel,44,11,6,Y0,*7,V/V,9,major,39.0
JOBIM,5,Bebel,45,2,5,z1,*m6,IVm7,9,major,40.0
JOBIM,5,Bebel,46,9,4,Z0,*M7,I,9,major,41.0
JOBIM,5,Bebel,47,6,6,z0,*m7,VI,9,major,42.0
JOBIM,5,Bebel,48,11,6,Y0,*7,V/V,9,major,43.0
JOBIM,5,Bebel,49,2,5,z1,*m6,IVm7,9,major,44.0
JOBIM,5,Bebel,50,9,4,Z0,*M7,I,9,major,45.0
JOBIM,5,Bebel,51,3,3,z2,*m7.9,II,9,major,46.0
JOBIM,5,Bebel,52,8,8,W1.1,*4(#5)7.9,V,9,major,46.5
JOBIM,5,Bebel,53,1,1,Z0,*M7,I,9,major,47.0
JOBIM,5,Bebel,54,2,2,x0,*°7,V°/II,1,major,47.5
JOBIM,5,Bebel,55,3,3,z0,*m7,II,1,major,48.0
JOBIM,5,Bebel,56,8,8,Y2.3,*7(b9),V,1,major,48.5
JOBIM,5,Bebel,57,1,1,Z0,*M7,I,1,major,49.0
JOBIM,5,Bebel,58,6,6,Y0,*7,V/II,9,major,49.5
JOBIM,5,Bebel,59,11,11,z0,*m7,II,9,major,50.0
JOBIM,5,Bebel,60,4,4,Y0,*7,V,9,major,50.5
JOBIM,5,Bebel,61,9,9,V1,*4,I,9,major,51.0
JOBIM,5,Bebel,62,2,2,Y2.3,*7(b9),V/II,5,major,51.5
JOBIM,5,Bebel,63,7,7,z0,*m7,II,5,major,52.0
JOBIM,5,Bebel,64,0,0,Y2.3,*7(b9),V,5,major,52.5
JOBIM,5,Bebel,65,5,5,V1,*4,I,5,major,53.0
JOBIM,6,Bonita,1,9,9,z2,*m7.9,I,9,minor,1.0
JOBIM,6,Bonita,2,3,3,Z2.1,*M7.9(#11),bVM7,9,minor,3.0
JOBIM,6,Bonita,3,9,9,z2,*m7.9,I,9,minor,5.0
JOBIM,6,Bonita,4,3,3,Z2.1,*M7.9(#11),bVM7,9,minor,7.0
JOBIM,6,Bonita,5,9,9,v0,*m,I,9,minor,9.0
JOBIM,6,Bonita,6,9,9,w0,*mM7,I,9,minor,10.0
JOBIM,6,Bonita,7,9,9,z0,*m7,I,9,minor,11.0
JOBIM,6,Bonita,8,9,9,z1,*m6,I,9,minor,12.0
JOBIM,6,Bonita,9,9,9,w0,*mM7,I,9,minor,13.0
JOBIM,6,Bonita,10,9,9,z0,*m7,I,9,minor,13.5
JOBIM,6,Bonita,11,9,9,w0,*mM7,I,9,minor,14.0
JOBIM,6,Bonita,12,9,9,z1.3,*m(b6),I,9,minor,14.5
JOBIM,6,Bonita,13,9,9,w0,*mM7,I,9,minor,17.0
JOBIM,6,Bonita,14,9,9,z0,*m7,I,9,minor,18.0
JOBIM,6,Bonita,15,9,9,z1,*m6,I,9,minor,19.0
JOBIM,6,Bonita,16,9,9,w0,*mM7,I,9,minor,21.0
JOBIM,6,Bonita,17,9,9,z0,*m7,I,9,minor,21.5
JOBIM,6,Bonita,18,9,9,z1,*m6,I,9,minor,22.0
JOBIM,6,Bonita,19,9,9,z1.3,*m(b6),I,9,minor,22.5
JOBIM,6,Bonita,20,9,9,v0,*m,I,9,minor,23.0
JOBIM,6,Bonita,21,2,2,Y2.3,*7(b9),V,7,minor,24.0
JOBIM,6,Bonita,22,7,7,v0,*m,I,7,minor,25.0
JOBIM,6,Bonita,23,7,7,w0,*mM7,I,7,minor,26.0
JOBIM,6,Bonita,24,7,7,z0,*m7,I,7,minor,27.0
JOBIM,6,Bonita,25,7,7,z1,*m6,I,7,minor,28.0
JOBIM,6,Bonita,26,7,7,z0,*m7,I,7,minor,28.5
JOBIM,6,Bonita,27,7,7,w0,*mM7,I,7,minor,28.75
JOBIM,6,Bonita,28,7,7,z0,*m7,I,7,minor,29.0
JOBIM,6,Bonita,29,7,7,z1,*m6,I,7,minor,29.5
JOBIM,6,Bonita,30,7,7,z1.3,*m(b6),I,7,minor,30.0
JOBIM,6,Bonita,31,7,7,v0,*m,I,7,minor,30.5
JOBIM,6,Bonita,32,9,9,Y2.2.1.1,*7(b9.b13),V,2,minor,31.0
JOBIM,6,Bonita,33,2,2,v0,*m,I,2,minor,32.0
JOBIM,6,Bonita,34,2,2,w0,*mM7,I,2,minor,32.5
JOBIM,6,Bonita,35,2,2,z0,*m7,I,2,minor,33.0
JOBIM,6,Bonita,36,2,2,z1,*m6,I,2,minor,35.0
JOBIM,6,Bonita,37,2,2,z0,*m7,I,2,minor,37.0
JOBIM,6,Bonita,38,2,2,w0,*mM7,I,2,minor,39.0
JOBIM,6,Bonita,39,2,2,z0,*m7,I,2,minor,41.0
JOBIM,6,Bonita,40,2,2,z1,*m6,I,2,minor,43.0
JOBIM,6,Bonita,41,2,2,z1.3,*m(b6),I,2,minor,45.0
JOBIM,6,Bonita,42,4,4,Z4,*(#5)M7,IIIM7,0,major,47.0
JOBIM,6,Bonita,43,4,4,Y4.1,*7(b13),V/VI,0,major,48.0
JOBIM,6,Bonita,44,0,0,Z0,*M7,I,0,major,49.0
JOBIM,6,Bonita,45,9,9,z3,*m7.11,II__X,0,major,51.0
JOBIM,6,Bonita,46,2,2,Y2.1,*7.9(#11),V/V,0,major,52.0
JOBIM,6,Bonita,47,2,2,Y2.1.2,*7(b9.#11),V/V,0,major,53.0
JOBIM,6,Bonita,48,2,2,z2,*m7.9,II,0,major,55.0
JOBIM,6,Bonita,49,10,10,z1,*m6,bVIIm7,0,major,56.0
JOBIM,6,Bonita,50,2,2,Y2.1,*7.9(#11),V/V,0,major,57.0
JOBIM,6,Bonita,51,2,2,z2,*m7.9,II,0,major,58.0
JOBIM,6,Bonita,52,7,7,Y2.1,*7.9(#11),V,0,major,59.0
JOBIM,6,Bonita,53,0,0,Y1,*4.7,V/IV,0,major,60.0
JOBIM,6,Bonita,54,0,0,Y1.1,*4.7.9,V/IV,0,major,61.0
JOBIM,6,Bonita,55,6,6,Z0,*M7,Np/IV,0,major,63.0
JOBIM,6,Bonita,56,5,5,Z0,*M7,IV,0,major,65.0
JOBIM,6,Bonita,57,5,5,z1,*m6,IVm7,0,major,67.0
JOBIM,6,Bonita,58,10,10,Y2,*7.9,bVII7,0,major,68.0
JOBIM,6,Bonita,59,0,0,Z0,*M7,I,0,major,69.0
JOBIM,6,Bonita,60,9,9,z0,*m7,II__X,0,major,70.0
JOBIM,6,Bonita,61,2,2,Y2.1,*7.9(#11),V/V,0,major,71.0
JOBIM,6,Bonita,62,1,1,Y2.1,*7.9(#11),SubV,0,major,72.0
JOBIM,6,Bonita,63,0,0,x4,*°7.14,I°,0,major,73.0
JOBIM,6,Bonita,64,0,0,Z1.1,*6.9,I,0,major,74.0
JOBIM,6,Bonita,65,0,0,x0,*°7,I°,0,major,75.0
JOBIM,6,Bonita,66,0,0,Z1.1,*6.9,I,0,major,76.0
JOBIM,7,Brigas nunca mais,1,0,0,Z0,*M7,I,0,major,1.0
JOBIM,7,Brigas nunca mais,2,11,11,Y4.1,*7(b13),V/III,0,major,2.0
JOBIM,7,Brigas nunca mais,3,10,10,Z1,*6,bVII7M,0,major,3.0
JOBIM,7,Brigas nunca mais,4,9,9,Y2.3,*7(b9),V/II,0,major,4.0
JOBIM,7,Brigas nunca mais,5,2,2,z0,*m7,II,0,major,5.0
JOBIM,7,Brigas nunca mais,6,10,10,z1,*m6,bVIIm7,0,major,6.0
JOBIM,7,Brigas nunca mais,7,2,2,z2,*m7.9,II,0,major,7.0
JOBIM,7,Brigas nunca mais,8,7,7,Y4,*7.13,V,0,major,8.0
JOBIM,7,Brigas nunca mais,9,0,0,Z1.1,*6.9,I,0,major,9.0
JOBIM,7,Brigas nunca mais,10,3,3,x0,*°7,bIII°,0,major,10.0
JOBIM,7,Brigas nunca mais,11,2,2,z0,*m7,II,0,major,11.0
JOBIM,7,Brigas nunca mais,12,8,8,x0,*°7,V°/VI,0,major,12.0
JOBIM,7,Brigas nunca mais,13,9,9,z0,*m7,II__X,0,major,13.0
JOBIM,7,Brigas nunca mais,14,2,2,Y2,*7.9,V/V,0,major,14.0
JOBIM,7,Brigas nunca mais,15,2,2,z2,*m7.9,II,0,major,15.0
JOBIM,7,Brigas nunca mais,16,7,7,Y2.3,*7(b9),V,0,major,16.0
JOBIM,7,Brigas nunca mais,17,0,0,Z0,*M7,I,0,major,17.0
JOBIM,7,Brigas nunca mais,18,11,11,Y4.1,*7(b13),V/III,0,major,18.0
JOBIM,7,Brigas nunca mais,19,10,10,Z1,*6,bVII7M,0,major,19.0
JOBIM,7,Brigas nunca mais,20,9,9,Y2.3,*7(b9),V/II,0,major,20.0
JOBIM,7,Brigas nunca mais,21,2,2,z2,*m7.9,II,0,major,21.0
JOBIM,7,Brigas nunca mais,22,10,10,z1,*m6,?,0,major,22.0
JOBIM,7,Brigas nunca mais,23,2,2,z2,*m7.9,II,0,major,23.0
JOBIM,7,Brigas nunca mais,24,7,7,Y4,*7.13,V,0,major,24.0
JOBIM,7,Brigas nunca mais,25,0,0,Z1.1,*6.9,I,0,major,25.0
JOBIM,7,Brigas nunca mais,26,0,0,Y4.1,*7(b13),V/IV,0,major,26.0
JOBIM,7,Brigas nunca mais,27,5,5,Z2,*M7.9,IV,0,major,27.0
JOBIM,7,Brigas nunca mais,28,5,5,z1,*m6,IVm7,0,major,28.0
JOBIM,7,Brigas nunca mais,29,0,0,z1,*m6,Im7,0,major,29.0
JOBIM,7,Brigas nunca mais,30,2,0,z0,*m7,II,0,major,30.0
JOBIM,7,Brigas nunca mais,31,0,0,z1,*m6,Im7,0,major,31.0
JOBIM,7,Brigas nunca mais,32,2,0,z0,*m7,II,0,major,32.0
JOBIM,7,Brigas nunca mais,33,11,11,x0,*°7,V°,0,major,32.5
JOBIM,7,Brigas nunca mais,34,0,0,z1,*m6,Im7,0,major,33.0
JOBIM,7,Brigas nunca mais,35,2,0,z0,*m7,II,0,major,34.0
JOBIM,7,Brigas nunca mais,36,11,11,x0,*°7,V°,0,major,34.5
JOBIM,7,Brigas nunca mais,37,1,1,Z1.1,*6.9,bII7M,0,major,35.0
JOBIM,8,Caminho de pedra,1,9,9,Z0,*M7,I,9,major,1.0
JOBIM,8,Caminho de pedra,2,4,4,z0,*m7,Vm7,9,major,1.5
JOBIM,8,Caminho de pedra,3,9,9,Z0,*M7,I,9,major,2.0
JOBIM,8,Caminho de pedra,4,4,4,z0,*m7,Vm7,9,major,2.5
JOBIM,8,Caminho de pedra,5,9,9,Z0,*M7,I,9,major,3.0
JOBIM,8,Caminho de pedra,6,4,4,z0,*m7,Vm7,9,major,3.5
JOBIM,8,Caminho de pedra,7,9,9,Z0,*M7,I,9,major,4.0
JOBIM,8,Caminho de pedra,8,4,4,z0,*m7,Vm7,9,major,4.5
JOBIM,8,Caminho de pedra,9,9,9,Z0,*M7,I,9,major,5.0
JOBIM,8,Caminho de pedra,10,4,4,z0,*m7,Vm7,9,major,5.5
JOBIM,8,Caminho de pedra,11,9,9,Z0,*M7,I,9,major,6.0
JOBIM,8,Caminho de pedra,12,4,4,z0,*m7,Vm7,9,major,6.5
JOBIM,8,Caminho de pedra,13,9,9,Z0,*M7,I,9,major,7.0
JOBIM,8,Caminho de pedra,14,9,9,y0,*Ø,?,9,major,7.5
JOBIM,8,Caminho de pedra,15,4,9,z0,*m7,Vm7,9,major,8.0
JOBIM,8,Caminho de pedra,16,9,9,v0,*m,Im7,9,major,8.5
JOBIM,8,Caminho de pedra,17,9,9,V0,*,I,9,major,9.0
JOBIM,8,Caminho de pedra,18,2,9,V0,*,IV,9,major,9.5
JOBIM,8,Caminho de pedra,19,4,4,z0,*m7,Vm7,9,major,9.75
JOBIM,8,Caminho de pedra,20,9,9,V0,*,I,9,major,10.0
JOBIM,8,Caminho de pedra,21,2,9,V0,*,IV,9,major,10.5
JOBIM,8,Caminho de pedra,22,9,9,V0,*,I,9,major,11.0
JOBIM,8,Caminho de pedra,23,2,9,V0,*,IV,9,major,11.5
JOBIM,8,Caminho de pedra,24,4,4,z0,*m7,Vm7,9,major,11.75
JOBIM,8,Caminho de pedra,25,9,9,V0,*,I,9,major,12.0
JOBIM,8,Caminho de pedra,26,2,9,V0,*,IV,9,major,12.5
JOBIM,8,Caminho de pedra,27,4,4,z0,*m7,Vm7,9,major,12.75
JOBIM,8,Caminho de pedra,28,9,9,Z0,*M7,I,9,major,13.0
JOBIM,8,Caminho de pedra,29,4,4,z0,*m7,Vm7,9,major,13.5
JOBIM,8,Caminho de pedra,30,9,9,Z0,*M7,I,9,major,14.0
JOBIM,8,Caminho de pedra,31,4,4,z0,*m7,Vm7,9,major,14.5
JOBIM,8,Caminho de pedra,32,9,9,Z0,*M7,I,9,major,15.0
JOBIM,8,Caminho de pedra,33,4,4,z0,*m7,Vm7,9,major,15.5
JOBIM,8,Caminho de pedra,34,9,9,Z0,*M7,I,9,major,16.0
JOBIM,8,Caminho de pedra,35,4,4,z0,*m7,Vm7,9,major,16.5
JOBIM,8,Caminho de pedra,36,9,9,Z0,*M7,I,9,major,17.0
JOBIM,8,Caminho de pedra,37,8,8,Z0,*M7,?,9,major,17.5
JOBIM,8,Caminho de pedra,38,7,7,Z0,*M7,bVII7M,9,major,18.0
JOBIM,8,Caminho de pedra,39,8,8,V4,*(#5),?,9,major,18.5
JOBIM,8,Caminho de pedra,40,2,2,Y2.1,*7.9(#11),IV7,9,major,19.0
JOBIM,8,Caminho de pedra,41,1,1,v0,*m,VI,4,major,20.0
JOBIM,8,Caminho de pedra,42,2,1,Z0,*M7,bVII7M,4,major,20.5
JOBIM,8,Caminho de pedra,43,1,1,z0,*m7,VI,4,major,21.5
JOBIM,8,Caminho de pedra,44,6,1,V0,*,V/V,4,major,22.0
JOBIM,8,Caminho de pedra,45,3,3,v0,*m,VIIm7,4,major,22.5
JOBIM,8,Caminho de pedra,46,2,2,V0,*,bVII7M,4,major,22.75
JOBIM,8,Caminho de pedra,47,1,1,v0,*m,VI,4,major,23.0
JOBIM,8,Caminho de pedra,48,4,4,Z0,*M7,I,4,major,24.0
JOBIM,8,Caminho de pedra,49,6,4,z0,*m7,II,4,major,24.5
JOBIM,8,Caminho de pedra,50,4,4,Z1,*6,I,4,major,25.0
JOBIM,8,Caminho de pedra,51,9,4,v0,*m,IVm7,4,major,25.5
JOBIM,8,Caminho de pedra,52,4,4,Z0,*M7,I,4,major,26.0
JOBIM,8,Caminho de pedra,53,9,4,v0,*m,IVm7,4,major,26.5
JOBIM,8,Caminho de pedra,54,4,4,V0,*,I,4,major,27.0
JOBIM,8,Caminho de pedra,55,10,10,Y3,*7(#11),SubV,9,major,27.5
JOBIM,8,Caminho de pedra,56,9,9,V0,*,I,9,major,28.0
JOBIM,8,Caminho de pedra,57,4,4,v0,*m,IVm7,9,major,28.5
JOBIM,8,Caminho de pedra,58,9,9,Z1,*6,I,9,major,29.0
JOBIM,8,Caminho de pedra,59,6,6,z1,*m6,VI,9,major,30.0
JOBIM,8,Caminho de pedra,60,11,11,V0,*,V/V,9,major,30.5
JOBIM,8,Caminho de pedra,61,10,10,Z0,*M7,bII7M,9,major,31.0
JOBIM,8,Caminho de pedra,62,4,4,Y0,*7,V,9,major,31.5
JOBIM,9,Caminhos cruzados,1,9,9,Z2,*M7.9,I,9,major,1.0
JOBIM,9,Caminhos cruzados,2,9,9,Y1.1,*4.7.9,V/IV,9,major,2.0
JOBIM,9,Caminhos cruzados,3,2,9,Z1,*6,IV,9,major,3.0
JOBIM,9,Caminhos cruzados,4,2,9,z1,*m6,IVm7,9,major,4.0
JOBIM,9,Caminhos cruzados,5,9,9,Z2,*M7.9,I,9,major,5.0
JOBIM,9,Caminhos cruzados,6,9,9,Y1.1,*4.7.9,V/IV,9,major,6.0
JOBIM,9,Caminhos cruzados,7,2,9,Z1,*6,IV,9,major,7.0
JOBIM,9,Caminhos cruzados,8,2,9,z1,*m6,IVm7,9,major,8.0
JOBIM,9,Caminhos cruzados,9,9,9,Z2,*M7.9,I,9,major,9.0
JOBIM,9,Caminhos cruzados,10,8,8,Y4.1,*7(b13),V/III,9,major,10.0
JOBIM,9,Caminhos cruzados,11,4,7,z1,*m6,Vm7,9,major,11.0
JOBIM,9,Caminhos cruzados,12,6,6,Y0,*7,V/II,9,major,12.0
JOBIM,9,Caminhos cruzados,13,4,7,z1,*m6,Vm7,9,major,13.0
JOBIM,9,Caminhos cruzados,14,6,6,Y4.1,*7(b13),V/II,9,major,14.0
JOBIM,9,Caminhos cruzados,15,6,6,z1,*m6,VI,9,major,15.0
JOBIM,9,Caminhos cruzados,16,8,5,x3,*°7(b13),V°,9,major,16.0
JOBIM,9,Caminhos cruzados,17,9,9,Z2,*M7.9,I,9,major,17.0
JOBIM,9,Caminhos cruzados,18,9,9,Y1.1,*4.7.9,V/IV,9,major,18.0
JOBIM,9,Caminhos cruzados,19,2,9,Z1,*6,IV,9,major,19.0
JOBIM,9,Caminhos cruzados,20,2,9,z1,*m6,IVm7,9,major,20.0
JOBIM,9,Caminhos cruzados,21,9,9,Z2,*M7.9,I,9,major,21.0
JOBIM,9,Caminhos cruzados,22,9,9,Y1.1,*4.7.9,V/IV,9,major,22.0
JOBIM,9,Caminhos cruzados,23,8,8,z0,*m7,II__X,9,major,23.0
JOBIM,9,Caminhos cruzados,24,1,1,Y2.3,*7(b9),V/VI,9,major,24.0
JOBIM,9,Caminhos cruzados,25,2,2,Z0,*M7,IV,9,major,25.0
JOBIM,9,Caminhos cruzados,26,8,8,Y4,*7.13,V,1,major,26.0
JOBIM,9,Caminhos cruzados,27,1,1,Z2,*M7.9,I,1,major,27.0
JOBIM,9,Caminhos cruzados,28,6,6,Y4.1,*7(b13),V/II,9,major,28.0
JOBIM,9,Caminhos cruzados,29,11,11,Y2,*7.9,V/V,9,major,29.0
JOBIM,9,Caminhos cruzados,30,6,6,Y4.1,*7(b13),V/II,9,major,30.0
JOBIM,9,Caminhos cruzados,31,11,11,Y4,*7.13,V/V,9,major,31.0
JOBIM,9,Caminhos cruzados,32,11,11,Y4.1,*7(b13),V/V,9,major,31.5
JOBIM,9,Caminhos cruzados,33,4,4,Y1.1,*4.7.9,V,9,major,32.0
JOBIM,9,Caminhos cruzados,34,4,4,Y2.2.1,*7(b9)13,V,9,major,32.5
JOBIM,9,Caminhos cruzados,35,9,9,Z2,*M7.9,I,9,major,33.0
JOBIM,9,Caminhos cruzados,36,9,9,Y1.1,*4.7.9,V/IV,9,major,34.0
JOBIM,9,Caminhos cruzados,37,2,9,Z1,*6,IV,9,major,35.0
JOBIM,9,Caminhos cruzados,38,2,9,z1,*m6,IVm7,9,major,36.0
JOBIM,9,Caminhos cruzados,39,9,9,Z2,*M7.9,I,9,major,37.0
JOBIM,9,Caminhos cruzados,40,9,9,Y1.1,*4.7.9,V/IV,9,major,38.0
JOBIM,9,Caminhos cruzados,41,3,3,y0,*Ø,#IVm7(b5),9,major,39.0
JOBIM,9,Caminhos cruzados,42,2,2,z1,*m6,IVm7,9,major,40.0
JOBIM,9,Caminhos cruzados,43,2,2,Z0,*M7,IV,9,major,41.0
JOBIM,9,Caminhos cruzados,44,8,8,Y4.1,*7(b13),V/III,9,major,42.0
JOBIM,9,Caminhos cruzados,45,4,7,z1,*m6,Vm7,9,major,43.0
JOBIM,9,Caminhos cruzados,46,6,6,Y4.1,*7(b13),V/II,9,major,44.0
JOBIM,9,Caminhos cruzados,47,11,11,Y2,*7.9,V/V,9,major,45.0
JOBIM,9,Caminhos cruzados,48,2,2,z1,*m6,IVm7,9,major,46.0
JOBIM,9,Caminhos cruzados,49,9,9,Z2,*M7.9,I,9,major,47.0
JOBIM,9,Caminhos cruzados,50,2,2,Y2.1.1,*7.9(#11)13,IV7,9,major,48.0
JOBIM,9,Caminhos cruzados,51,9,9,Z2,*M7.9,I,9,major,49.0
JOBIM,10,Cancao do amor demais,1,4,4,z2.1,*m7.9.11,I,7,minor,1.0
JOBIM,10,Cancao do amor demais,2,6,10,Y0,*7,V/V,7,minor,2.0
JOBIM,10,Cancao do amor demais,3,11,9,Y2.3,*7(b9),V,7,minor,2.5
JOBIM,10,Cancao do amor demais,4,4,4,z2.1,*m7.9.11,I,7,minor,3.0
JOBIM,10,Cancao do amor demais,5,6,10,Y0,*7,V/V,7,minor,4.0
JOBIM,10,Cancao do amor demais,6,11,9,Y2.3,*7(b9),V,7,minor,4.5
JOBIM,10,Cancao do amor demais,7,4,4,Y1,*4.7,V/IV,7,minor,5.0
JOBIM,10,Cancao do amor demais,8,4,4,Y0,*7,V/IV,7,minor,5.5
JOBIM,10,Cancao do amor demais,9,9,9,v0,*m,IV,7,minor,6.0
JOBIM,10,Cancao do amor demais,10,10,10,x0,*°7,V°/V,7,minor,6.5
JOBIM,10,Cancao do amor demais,11,11,11,v0,*m,Vm7,7,minor,7.0
JOBIM,10,Cancao do amor demais,12,10,10,x0,*°7,V°/V,7,minor,8.0
JOBIM,10,Cancao do amor demais,13,9,9,z0,*m7,IV,7,minor,9.0
JOBIM,10,Cancao do amor demais,14,6,10,Y0,*7,V/V,7,minor,10.0
JOBIM,10,Cancao do amor demais,15,11,9,Y2.3,*7(b9),V,7,minor,10.5
JOBIM,10,Cancao do amor demais,16,4,4,v0,*m,I,7,minor,11.0
JOBIM,10,Cancao do amor demais,17,6,10,Y0,*7,V/V,7,minor,12.0
JOBIM,10,Cancao do amor demais,18,11,9,Y2.3,*7(b9),V,7,minor,12.5
JOBIM,10,Cancao do amor demais,19,4,4,Y1,*4.7,V/IV,7,minor,13.0
JOBIM,10,Cancao do amor demais,20,4,4,Y2.3,*7(b9),V/IV,7,minor,13.5
JOBIM,10,Cancao do amor demais,21,9,9,v0,*m,IV,7,minor,14.0
JOBIM,10,Cancao do amor demais,22,10,10,x0,*°7,V°/V,7,minor,14.5
JOBIM,10,Cancao do amor demais,23,4,11,v0,*m,I,7,minor,15.0
JOBIM,10,Cancao do amor demais,24,0,0,Z0,*M7,VI,7,minor,15.5
JOBIM,10,Cancao do amor demais,25,6,6,y0,*Ø,II,7,minor,16.0
JOBIM,10,Cancao do amor demais,26,0,0,z1,*m6,bVIm7,7,minor,16.5
JOBIM,10,Cancao do amor demais,27,4,4,z1,*m6,I,7,minor,17.0
JOBIM,10,Cancao do amor demais,28,9,9,Y2,*7.9,IV7,7,minor,17.5
JOBIM,10,Cancao do amor demais,29,4,4,z1,*m6,I,7,minor,18.0
JOBIM,10,Cancao do amor demais,30,9,9,Y2,*7.9,IV7,7,minor,18.5
JOBIM,10,Cancao do amor demais,31,4,4,Z2.1,*M7.9(#11),I,7,minor,19.0
JOBIM,11,Chega de saudade,1,7,7,z0,*m7,IV,2,minor,1.0
JOBIM,11,Chega de saudade,2,9,9,Y0,*7,V,2,minor,2.0
JOBIM,11,Chega de saudade,3,2,2,v1,*m.9,I,2,minor,3.0
JOBIM,11,Chega de saudade,4,2,0,z0,*m7,I,2,minor,4.0
JOBIM,11,Chega de saudade,5,11,11,x0,*°7,V°/V,2,minor,5.0
JOBIM,11,Chega de saudade,6,3,3,Z0,*M7,bII7M,2,minor,6.0
JOBIM,11,Chega de saudade,7,9,9,Y0,*7,V,2,minor,6.5
JOBIM,11,Chega de saudade,8,2,2,v0,*m,I,2,minor,7.0
JOBIM,11,Chega de saudade,9,3,3,Y2.1,*7.9(#11),SubV,2,minor,8.0
JOBIM,11,Chega de saudade,10,2,2,v1,*m.9,I,2,minor,9.0
JOBIM,11,Chega de saudade,11,2,0,z0,*m7,I,2,minor,10.0
JOBIM,11,Chega de saudade,12,4,11,Y0,*7,V/V,2,minor,11.0
JOBIM,11,Chega de saudade,13,2,2,Y2.3,*7(b9),V/IV,2,minor,12.0
JOBIM,11,Chega de saudade,14,7,7,z0,*m7,IV,2,minor,13.0
JOBIM,11,Chega de saudade,15,9,9,Y2.3,*7(b9),V,2,minor,14.0
JOBIM,11,Chega de saudade,16,2,2,v0,*m,I,2,minor,15.0
JOBIM,11,Chega de saudade,17,9,0,v0,*m,Vm7,2,minor,16.0
JOBIM,11,Chega de saudade,18,11,11,x0,*°7,V°/V,2,minor,17.0
JOBIM,11,Chega de saudade,19,10,10,z1,*m6,bVIm7,2,minor,18.0
JOBIM,11,Chega de saudade,20,9,9,Y4.1,*7(b13),V,2,minor,18.5
JOBIM,11,Chega de saudade,21,2,2,v0,*m,I,2,minor,19.0
JOBIM,11,Chega de saudade,22,4,4,z2,*m7.9,II,2,minor,20.0
JOBIM,11,Chega de saudade,23,9,9,Y2.2.1,*7(b9)13,V,2,minor,20.5
JOBIM,11,Chega de saudade,24,2,2,Z5,*6.M7,I,2,major,21.0
JOBIM,11,Chega de saudade,25,11,11,Y2.3,*7(b9),V/II,2,major,22.0
JOBIM,11,Chega de saudade,26,4,4,Y4,*7.13,V/V,2,major,23.0
JOBIM,11,Chega de saudade,27,4,4,z0,*m7,II,2,major,24.0
JOBIM,11,Chega de saudade,28,9,9,Y1.1,*4.7.9,V,2,major,25.0
JOBIM,11,Chega de saudade,29,9,9,Y2.3,*7(b9),V,2,major,26.0
JOBIM,11,Chega de saudade,30,2,2,x0,*°7,I°,2,major,27.0
JOBIM,11,Chega de saudade,31,2,2,Z0,*M7,I,2,major,28.0
JOBIM,11,Chega de saudade,32,2,2,x0,*°7,I°,2,major,30.0
JOBIM,11,Chega de saudade,33,4,4,z0,*m7,II,2,major,31.0
JOBIM,11,Chega de saudade,34,4,11,Y0,*7,V/V,2,major,32.0
JOBIM,11,Chega de saudade,35,10,10,z1,*m6,bVIm7,2,major,33.0
JOBIM,11,Chega de saudade,36,9,9,Y0,*7,V,2,major,34.0
JOBIM,11,Chega de saudade,37,2,2,v0,*m,II,2,minor,35.0
JOBIM,11,Chega de saudade,38,3,3,Y3,*7(#11),SubV,2,minor,36.0
JOBIM,11,Chega de saudade,39,2,2,v0,*m,I,2,minor,37.0
JOBIM,11,Chega de saudade,40,4,4,Y0,*7,V/V,2,minor,38.0
JOBIM,11,Chega de saudade,41,9,9,v0,*m,Vm7,2,minor,39.0
JOBIM,11,Chega de saudade,42,8,8,z0,*m7,Vm7,2,minor,40.0
JOBIM,11,Chega de saudade,43,10,10,Z0,*M7,bVI7M,2,minor,41.0
JOBIM,11,Chega de saudade,44,10,10,Z1,*6,bVI7M,2,minor,41.5
JOBIM,11,Chega de saudade,45,10,10,Z1,*6,bVI7M,2,minor,42.0
JOBIM,11,Chega de saudade,46,9,9,Y1,*4.7,V,2,minor,43.0
JOBIM,11,Chega de saudade,47,9,9,Y2.3,*7(b9),V,2,minor,44.0
JOBIM,11,Chega de saudade,48,2,2,v0,*m,I,2,minor,45.0
JOBIM,11,Chega de saudade,49,4,11,Y0,*7,V/V,2,minor,47.0
JOBIM,11,Chega de saudade,50,10,10,z1,*m6,bVIm7,2,minor,49.0
JOBIM,11,Chega de saudade,51,9,9,Y0,*7,V,2,minor,50.0
JOBIM,11,Chega de saudade,52,2,2,Z2,*M7.9,I,2,minor,51.0
JOBIM,11,Chega de saudade,53,4,4,z0,*m7,II,2,minor,52.0
JOBIM,11,Chega de saudade,54,4,4,Y0,*7,V/V,2,minor,53.0
JOBIM,11,Chega de saudade,55,7,10,z1,*m6,IV,2,minor,55.0
JOBIM,11,Chega de saudade,56,9,9,Y2.3,*7(b9),V,2,minor,56.0
JOBIM,11,Chega de saudade,57,2,2,Z0,*M7,I,2,major,57.0
JOBIM,11,Chega de saudade,58,2,2,Z1,*6,I,2,major,58.0
JOBIM,11,Chega de saudade,59,4,4,Y0,*7,V/V,2,major,59.0
JOBIM,11,Chega de saudade,60,6,6,Y0,*7,V/VI,2,major,61.0
JOBIM,11,Chega de saudade,61,11,11,z0,*m7,VI,2,major,63.0
JOBIM,11,Chega de saudade,62,10,10,z0,*m7,bVIm7,2,major,63.5
JOBIM,11,Chega de saudade,63,9,9,Y0,*7,II__X,2,major,64.0
JOBIM,11,Chega de saudade,64,2,2,Y2.3,*7(b9),V/IV,2,major,64.5
JOBIM,11,Chega de saudade,65,7,7,Z0,*M7,IV,2,major,65.0
JOBIM,11,Chega de saudade,66,7,7,z0,*m7,IVm7,2,major,66.0
JOBIM,11,Chega de saudade,67,6,6,z0,*m7,III,2,major,67.0
JOBIM,11,Chega de saudade,68,11,11,Y3.1,*7(#11)13,V/II,2,major,68.0
JOBIM,11,Chega de saudade,69,11,11,Y2.2.1.1,*7(b9.b13),V/II,2,major,68.5
JOBIM,11,Chega de saudade,70,4,4,Y2,*7.9,V/V,2,major,69.0
JOBIM,11,Chega de saudade,71,9,9,Y1.1,*4.7.9,V,2,major,70.0
JOBIM,11,Chega de saudade,72,6,6,Y4,*7.13,V/VI,2,major,71.0
JOBIM,11,Chega de saudade,73,6,6,Y4.1,*7(b13),V/VI,2,major,71.5
JOBIM,11,Chega de saudade,74,11,11,Y4.1,*7(b13),V/II,2,major,72.0
JOBIM,11,Chega de saudade,75,11,11,Y2.2.1.1,*7(b9.b13),V/II,2,major,72.5
JOBIM,11,Chega de saudade,76,4,4,Y0,*7,V/V,2,major,73.0
JOBIM,11,Chega de saudade,77,9,9,Y1.1,*4.7.9,V,2,major,74.0
JOBIM,11,Chega de saudade,78,2,2,Z1,*6,I,2,major,75.0
JOBIM,11,Chega de saudade,79,0,0,Y2,*7.9,bVII7,2,major,75.5
JOBIM,11,Chega de saudade,80,11,11,Y0,*7,V/II,2,major,76.0
JOBIM,11,Chega de saudade,81,11,11,Y2.3,*7(b9),V/II,2,major,76.5
JOBIM,11,Chega de saudade,82,4,4,Y0,*7,V,2,major,77.0
JOBIM,11,Chega de saudade,83,9,9,Y1.1,*4.7.9,V,2,major,78.0
JOBIM,11,Chega de saudade,84,2,2,Z1,*6,I,2,major,79.0
JOBIM,11,Chega de saudade,85,0,0,Y2,*7.9,bVII7,2,major,79.5
JOBIM,11,Chega de saudade,86,11,11,Y0,*7,V/II,2,major,80.0
JOBIM,11,Chega de saudade,87,11,11,Y2.3,*7(b9),V/II,2,major,80.5
JOBIM,11,Chega de saudade,88,4,4,Y0,*7,V/V,2,major,81.0
JOBIM,11,Chega de saudade,89,4,4,z0,*m7,II,2,major,82.0
JOBIM,11,Chega de saudade,90,9,9,Y1.1,*4.7.9,V,2,major,82.5
JOBIM,11,Chega de saudade,91,2,2,Z1,*6,I,2,major,83.0
JOBIM,11,Chega de saudade,92,2,2,Z1.1,*6.9,I,2,major,84.0
JOBIM,12,Corcovado,1,9,9,z1,*m6,VI,0,major,1.0
JOBIM,12,Corcovado,2,8,8,x3,*°7(b13),V°/VI,0,major,2.0
JOBIM,12,Corcovado,3,7,7,z0,*m7,II__X,0,major,3.0
JOBIM,12,Corcovado,4,0,0,Y1.1,*4.7.9,V/IV,0,major,4.0
JOBIM,12,Corcovado,5,5,5,Z0,*M7,IV,0,major,5.0
JOBIM,12,Corcovado,6,5,5,z1,*m6,IVm7,0,major,6.0
JOBIM,12,Corcovado,7,4,4,z0,*m7,III,0,major,7.0
JOBIM,12,Corcovado,8,9,9,z0,*m7,VI,0,major,8.0
JOBIM,12,Corcovado,9,9,9,z1,*m6,VI,0,major,9.0
JOBIM,12,Corcovado,10,8,8,x0,*°7,V°/VI,0,major,10.0
JOBIM,12,Corcovado,11,9,9,z1,*m6,VI,0,major,11.0
JOBIM,12,Corcovado,12,8,8,x3,*°7(b13),V°/VI,0,major,13.0
JOBIM,12,Corcovado,13,7,7,z0,*m7,II__X,0,major,15.0
JOBIM,12,Corcovado,14,0,0,Y1.1,*4.7.9,V/IV,0,major,16.0
JOBIM,12,Corcovado,15,6,6,Y1.1,*4.7.9,SubV/IV,0,major,17.0
JOBIM,12,Corcovado,16,5,5,Z1,*6,IV,0,major,18.0
JOBIM,12,Corcovado,17,5,5,w0,*mM7,IVm7,0,major,19.0
JOBIM,12,Corcovado,18,5,5,z0,*m7,IVm7,0,major,20.5
JOBIM,12,Corcovado,19,4,4,Y2.2.2,*7(#9)13,V/VI,0,major,21.0
JOBIM,12,Corcovado,20,4,4,Y4.1,*7(b13),V/VI,0,major,21.5
JOBIM,12,Corcovado,21,9,9,Y2,*7.9,V/II,0,major,22.0
JOBIM,12,Corcovado,22,9,9,Y2.3,*7(b9),V/II,0,major,22.5
JOBIM,12,Corcovado,23,2,2,Y2.1.1,*7.9(#11)13,V/V,0,major,23.0
JOBIM,12,Corcovado,24,2,2,Y2,*7.9,V/V,0,major,24.0
JOBIM,12,Corcovado,25,7,7,Y1.1,*4.7.9,V,0,major,25.0
JOBIM,12,Corcovado,26,7,7,Y1.1.3,*4.7(b9),V,0,major,26.0
JOBIM,12,Corcovado,27,9,9,z1,*m6,VI,0,major,27.0
JOBIM,12,Corcovado,28,8,8,z3,*m7.11,V°/VI,0,major,29.0
JOBIM,12,Corcovado,29,7,7,z2.1,*m7.9.11,II__X,0,major,31.0
JOBIM,12,Corcovado,30,0,0,Y1.1,*4.7.9,V/IV,0,major,32.0
JOBIM,12,Corcovado,31,6,6,Y2,*7.9,SubV/IV,0,major,33.0
JOBIM,12,Corcovado,32,5,5,Z1,*6,IV,0,major,34.0
JOBIM,12,Corcovado,33,5,5,z1,*m6,IVm7,0,major,35.0
JOBIM,12,Corcovado,34,4,4,z0,*m7,III,0,major,37.0
JOBIM,12,Corcovado,35,9,9,z0,*m7,VI,0,major,38.0
JOBIM,12,Corcovado,36,2,2,z2,*m7.9,II,0,major,39.0
JOBIM,12,Corcovado,37,7,7,Y1.1.3,*4.7(b9),V,0,major,40.0
JOBIM,12,Corcovado,38,5,5,x0,*°7,IV° [aux],0,major,40.5
JOBIM,12,Corcovado,39,4,4,Y2.2.2,*7(#9)13,V/VI,0,major,41.0
JOBIM,12,Corcovado,40,4,4,Y4.1,*7(b13),V/VI,0,major,41.5
JOBIM,12,Corcovado,41,9,9,Y1.1,*4.7.9,V/II,0,major,42.0
JOBIM,12,Corcovado,42,9,9,Y2.3,*7(b9),V/II,0,major,42.5
JOBIM,12,Corcovado,43,2,2,z0,*m7,II,0,major,43.0
JOBIM,12,Corcovado,44,7,7,Y1.1,*4.7.9,V,0,major,44.0
JOBIM,12,Corcovado,45,7,7,Y2.3,*7(b9),V,0,major,44.5
JOBIM,12,Corcovado,46,0,0,Z1.1,*6.9,I,0,major,45.0
JOBIM,13,Demais,1,10,10,Z0,*M7,I,10,major,1.0
JOBIM,13,Demais,2,3,3,X0,*(b5)7,IV7,10,major,2.0
JOBIM,13,Demais,3,0,0,z0,*m7,II,10,major,3.0
JOBIM,13,Demais,4,8,8,X0,*(b5)7,bVII7,10,major,4.0
JOBIM,13,Demais,5,2,2,z0,*m7,III,10,major,5.0
JOBIM,13,Demais,6,7,7,z0,*m7,VI,10,major,5.5
JOBIM,13,Demais,7,0,0,z0,*m7,II,10,major,6.0
JOBIM,13,Demais,8,5,5,Y2.3,*7(b9),V,10,major,6.5
JOBIM,13,Demais,9,2,2,z0,*m7,II__X,10,major,7.0
JOBIM,13,Demais,10,7,7,Y0,*7,V/II,10,major,7.5
JOBIM,13,Demais,11,0,0,z2,*m7.9,II,10,major,8.0
JOBIM,13,Demais,12,5,5,Y2.3,*7(b9),V,10,major,8.5
JOBIM,13,Demais,13,10,10,Z0,*M7,I,10,major,9.0
JOBIM,13,Demais,14,3,3,X0,*(b5)7,IV7,10,major,10.0
JOBIM,13,Demais,15,0,0,z0,*m7,II,10,major,11.0
JOBIM,13,Demais,16,8,8,X0,*(b5)7,bVII7,10,major,12.0
JOBIM,13,Demais,17,2,2,z0,*m7,III,10,major,13.0
JOBIM,13,Demais,18,7,7,z0,*m7,VI,10,major,13.5
JOBIM,13,Demais,19,0,0,z0,*m7,II,10,major,14.0
JOBIM,13,Demais,20,5,5,Y2.3,*7(b9),V,10,major,14.5
JOBIM,13,Demais,21,2,2,z0,*m7,II__X,10,major,15.0
JOBIM,13,Demais,22,7,7,Y0,*7,V/II,10,major,15.5
JOBIM,13,Demais,23,0,0,Y2,*7.9,V/V,10,major,16.0
JOBIM,13,Demais,24,5,5,Y4,*7.13,V,10,major,16.5
JOBIM,13,Demais,25,6,6,Z0,*M7,I,6,major,17.0
JOBIM,13,Demais,26,3,3,z0,*m7,VI,6,major,18.0
JOBIM,13,Demais,27,6,6,Z0,*M7,I,6,major,19.0
JOBIM,13,Demais,28,3,3,z0,*m7,VI,6,major,20.0
JOBIM,13,Demais,29,2,2,z0,*m7,III,2,minor,21.0
JOBIM,13,Demais,30,7,7,z2,*m7.9,IV,2,minor,22.0
JOBIM,13,Demais,31,9,9,Y2.2.1.1,*7(b9.b13),V,2,minor,22.5
JOBIM,13,Demais,32,2,2,z0,*m7,III,10,major,23.0
JOBIM,13,Demais,33,1,1,Y0,*7,SubV/II,10,major,23.5
JOBIM,13,Demais,34,6,6,Z0,*M7,bVI7M,10,major,24.0
JOBIM,13,Demais,35,11,11,X0,*(b5)7,SubV,10,major,24.5
JOBIM,13,Demais,36,10,10,Z0,*M7,I,10,major,25.0
JOBIM,13,Demais,37,3,3,X0,*(b5)7,IV7,10,major,26.0
JOBIM,13,Demais,38,0,0,z2,*m7.9,II,10,major,27.0
JOBIM,13,Demais,39,8,8,X0,*(b5)7,bVII7,10,major,28.0
JOBIM,13,Demais,40,2,2,z0,*m7,III,10,major,29.0
JOBIM,13,Demais,41,7,7,z0,*m7,VI,10,major,29.5
JOBIM,13,Demais,42,0,0,z0,*m7,II,10,major,30.0
JOBIM,13,Demais,43,5,5,Y2.3,*7(b9),V,10,major,30.5
JOBIM,13,Demais,44,2,2,Y4,*7.13,V/VI,10,major,31.0
JOBIM,13,Demais,45,2,2,Y4.1,*7(b13),V/VI,10,major,31.25
JOBIM,13,Demais,46,7,7,Y2.3,*7(b9),V/V,10,major,31.5
JOBIM,13,Demais,47,0,0,z0,*m7,II,10,major,32.0
JOBIM,13,Demais,48,5,5,Y0,*7,V,10,major,33.0
JOBIM,13,Demais,49,2,2,z0,*m7,II__X,10,major,34.0
JOBIM,13,Demais,50,7,7,Y0,*7,V/V,10,major,35.0
JOBIM,13,Demais,51,7,7,Y4.1,*7(b13),V/V,10,major,35.5
JOBIM,13,Demais,52,0,0,z0,*m7,II,10,major,36.0
JOBIM,13,Demais,53,5,5,Y1.1.3,*4.7(b9),V,10,major,37.0
JOBIM,13,Demais,54,10,10,Z0,*M7,I,10,major,38.0
JOBIM,13,Demais,55,6,6,Z0,*M7,bVI7M,10,major,39.0
JOBIM,13,Demais,56,3,3,z2,*m7.9,IVm7,10,major,40.0
JOBIM,13,Demais,57,10,10,Z0,*M7,I,10,major,41.0
JOBIM,14,Derradeira primavera,1,9,9,z0,*m7,I,9,minor,1.0
JOBIM,14,Derradeira primavera,2,2,9,z2.1,*m7.9.11,IV,9,minor,8.0
JOBIM,14,Derradeira primavera,3,2,9,z2,*m7.9,IV,9,minor,9.0
JOBIM,14,Derradeira primavera,4,2,2,v1,*m.9,IV,9,minor,10.0
JOBIM,14,Derradeira primavera,5,2,2,z1,*m6,IV,9,minor,11.0
JOBIM,14,Derradeira primavera,6,4,4,Y2.3,*7(b9),V,9,minor,13.0
JOBIM,14,Derradeira primavera,7,9,9,z2,*m7.9,I,9,minor,14.0
JOBIM,14,Derradeira primavera,8,9,9,Y2.3,*7(b9),V/IV,9,minor,15.0
JOBIM,14,Derradeira primavera,9,2,2,z1.3,*m(b6),IV,9,minor,17.0
JOBIM,14,Derradeira primavera,10,7,7,Y0,*7,V/III,9,minor,18.0
JOBIM,14,Derradeira primavera,11,0,0,Z0,*M7,III,9,minor,19.0
JOBIM,14,Derradeira primavera,12,0,0,Y0,*7,V/VI,9,minor,19.5
JOBIM,14,Derradeira primavera,13,5,5,Z0,*M7,VI,9,minor,20.0
JOBIM,14,Derradeira primavera,14,2,2,z2,*m7.9,IV,9,minor,21.0
JOBIM,14,Derradeira primavera,15,4,4,Y2.3,*7(b9),V,9,minor,23.0
JOBIM,14,Derradeira primavera,16,10,10,Z1,*6,bII7M,9,minor,24.0
JOBIM,14,Derradeira primavera,17,10,10,Y3,*7(#11),SubV,9,minor,24.5
JOBIM,14,Derradeira primavera,18,9,9,v1,*m.9,I,9,minor,25.0
JOBIM,15,Desafinado,1,5,5,Z0,*M7,I,5,major,1.0
JOBIM,15,Desafinado,2,7,7,Y3,*7(#11),V/V,5,major,3.0
JOBIM,15,Desafinado,3,7,7,z0,*m7,II,5,major,5.0
JOBIM,15,Desafinado,4,0,0,Y0,*7,V,5,major,6.0
JOBIM,15,Desafinado,5,9,9,y0,*Ø,II__X,5,major,7.0
JOBIM,15,Desafinado,6,2,2,Y2.3,*7(b9),V/II,5,major,8.0
JOBIM,15,Desafinado,7,7,7,z0,*m7,II,5,major,9.0
JOBIM,15,Desafinado,8,9,9,Y2.1.2,*7(b9.#11),V/VI,5,major,10.0
JOBIM,15,Desafinado,9,2,2,Z0,*M7,VIM7,5,major,11.0
JOBIM,15,Desafinado,10,2,2,Y2.3,*7(b9),V/II,5,major,12.0
JOBIM,15,Desafinado,11,7,7,Y0,*7,V/V,5,major,13.0
JOBIM,15,Desafinado,12,6,6,Z0,*M7,bII7M,5,major,15.0
JOBIM,15,Desafinado,13,6,6,Y3,*7(#11),SubV,5,major,16.0
JOBIM,15,Desafinado,14,5,5,Z0,*M7,I,5,major,17.0
JOBIM,15,Desafinado,15,7,7,Y3,*7(#11),V/V,5,major,19.0
JOBIM,15,Desafinado,16,7,7,z0,*m7,II,5,major,21.0
JOBIM,15,Desafinado,17,0,0,Y0,*7,V,5,major,22.0
JOBIM,15,Desafinado,18,9,9,y0,*Ø,II__X,5,major,23.0
JOBIM,15,Desafinado,19,2,2,Y2.3,*7(b9),V/II,5,major,24.0
JOBIM,15,Desafinado,20,7,7,z0,*m7,II,5,major,25.0
JOBIM,15,Desafinado,21,9,9,Y4.1,*7(b13),V/VI,5,major,26.0
JOBIM,15,Desafinado,22,2,2,z0,*m7,VI,5,major,27.0
JOBIM,15,Desafinado,23,4,4,Y2.4,*7(#9),V,9,major,28.0
JOBIM,15,Desafinado,24,9,9,Z0,*M7,I,9,major,29.0
JOBIM,15,Desafinado,25,8,8,W0,*(#5)7,V/III,9,major,30.0
JOBIM,15,Desafinado,26,7,7,Y4,*7.13,bVII7,9,major,31.0
JOBIM,15,Desafinado,27,6,6,Y0,*7,V/II,9,major,32.0
JOBIM,15,Desafinado,28,9,9,Z0,*M7,I,9,major,33.0
JOBIM,15,Desafinado,29,10,10,x0,*°7,V°/II,9,major,34.0
JOBIM,15,Desafinado,30,11,11,z0,*m7,II,9,major,35.0
JOBIM,15,Desafinado,31,4,4,Y4,*7.13,V,9,major,36.0
JOBIM,15,Desafinado,32,9,9,Z0,*M7,I,9,major,37.0
JOBIM,15,Desafinado,33,9,9,z0,*m7,Im7,9,major,38.0
JOBIM,15,Desafinado,34,11,11,y0,*Ø,IIm7(b5),9,major,39.0
JOBIM,15,Desafinado,35,10,10,Y3,*7(#11),SubV,9,major,40.0
JOBIM,15,Desafinado,36,0,0,Z0,*M7,I,0,major,41.0
JOBIM,15,Desafinado,37,1,1,x0,*°7,V°/II,0,major,42.0
JOBIM,15,Desafinado,38,2,2,z0,*m7,II,0,major,43.0
JOBIM,15,Desafinado,39,7,7,Y4,*7.13,V,0,major,44.0
JOBIM,15,Desafinado,40,7,7,z0,*m7,Vm7,0,major,45.0
JOBIM,15,Desafinado,41,3,3,z1,*m6,bIIIm7,0,major,46.0
JOBIM,15,Desafinado,42,7,7,z0,*m7,II,5,major,47.0
JOBIM,15,Desafinado,43,0,0,Y1.1,*4.7.9,V,5,major,48.0
JOBIM,15,Desafinado,44,6,6,Y0,*7,SubV,5,major,48.5
JOBIM,15,Desafinado,45,5,5,Z0,*M7,I,5,major,49.0
JOBIM,15,Desafinado,46,7,7,Y3,*7(#11),V/V,5,major,51.0
JOBIM,15,Desafinado,47,7,7,z0,*m7,II,5,major,52.0
JOBIM,15,Desafinado,48,0,0,Y0,*7,V,5,major,53.0
JOBIM,15,Desafinado,49,9,9,y0,*Ø,II__X,5,major,54.0
JOBIM,15,Desafinado,50,2,2,Y4.1,*7(b13),V/II,5,major,55.0
JOBIM,15,Desafinado,51,10,10,Z0,*M7,IV,5,major,56.0
JOBIM,15,Desafinado,52,10,10,z1,*m6,IVm7,5,major,57.0
JOBIM,15,Desafinado,53,9,9,z0,*m7,III,5,major,58.0
JOBIM,15,Desafinado,54,8,8,x0,*°7,bIII°,5,major,59.0
JOBIM,15,Desafinado,55,7,7,Y0,*7,V/V,5,major,60.0
JOBIM,15,Desafinado,56,6,6,Z0,*M7,bII7M,5,major,62.0
JOBIM,15,Desafinado,57,7,7,Y0,*7,V/V,5,major,63.0
JOBIM,15,Desafinado,58,7,7,z0,*m7,II,5,major,64.0
JOBIM,15,Desafinado,59,0,0,Y0,*7,V,5,major,64.5
JOBIM,15,Desafinado,60,5,5,Z1,*6,I,5,major,65.0
JOBIM,15,Desafinado,61,0,0,Y2.3,*7(b9),V,5,major,65.25
JOBIM,15,Desafinado,62,5,5,Z1,*6,I,5,major,65.5
JOBIM,16,Dindi,1,0,0,Z2,*M7.9,I,0,major,1.0
JOBIM,16,Dindi,2,10,0,Z0,*M7,bVII7M,0,major,2.0
JOBIM,16,Dindi,3,0,0,Z2,*M7.9,I,0,major,3.0
JOBIM,16,Dindi,4,10,0,Z0,*M7,bVII7M,0,major,4.0
JOBIM,16,Dindi,5,9,9,Z0,*M7,I,9,major,5.0
JOBIM,16,Dindi,6,6,6,z3,*m7.11,II__X,9,major,6.0
JOBIM,16,Dindi,7,11,11,Y4,*7.13,V/V,9,major,7.0
JOBIM,16,Dindi,8,11,11,Y4.1,*7(b13),V/V,9,major,7.5
JOBIM,16,Dindi,9,4,4,Y2,*7.9,V,9,major,8.0
JOBIM,16,Dindi,10,4,4,Y2.3,*7(b9),V,9,major,8.5
JOBIM,16,Dindi,11,0,0,Z2,*M7.9,I,0,major,9.0
JOBIM,16,Dindi,12,11,0,Z0,*M7,bVII7M,0,major,10.0
JOBIM,16,Dindi,13,0,0,Z2,*M7.9,I,0,major,11.0
JOBIM,16,Dindi,14,0,0,Y1.1,*4.7.9,V/IV,0,major,12.0
JOBIM,16,Dindi,15,0,0,Y2.3,*7(b9),V/IV,0,major,12.5
JOBIM,16,Dindi,16,5,5,Z0,*M7,IV,0,major,13.0
JOBIM,16,Dindi,17,5,5,w2,*mM711,IVm7,0,major,14.0
JOBIM,16,Dindi,18,0,0,Z0,*M7,I,0,major,15.0
JOBIM,16,Dindi,19,6,6,y0,*Ø,II,4,minor,16.0
JOBIM,16,Dindi,20,11,11,Y0,*7,V,4,minor,16.5
JOBIM,16,Dindi,21,4,4,v0,*m,I,4,minor,17.0
JOBIM,16,Dindi,22,0,0,z1,*m6,bVIm7,4,minor,18.0
JOBIM,16,Dindi,23,4,4,v0,*m,I,4,minor,19.0
JOBIM,16,Dindi,24,0,0,z1,*m6,bVIm7,4,minor,19.5
JOBIM,16,Dindi,25,2,2,v0,*m,I,2,minor,20.0
JOBIM,16,Dindi,26,10,10,z1,*m6,bVIm7,2,minor,21.0
JOBIM,16,Dindi,27,2,2,v0,*m,I,2,minor,22.0
JOBIM,16,Dindi,28,10,10,z1,*m6,bVIm7,2,minor,22.5
JOBIM,16,Dindi,29,2,2,v0,*m,II,0,major,23.0
JOBIM,16,Dindi,30,7,7,Y2.3,*7(b9),V,0,major,23.5
JOBIM,16,Dindi,31,0,0,Z2,*M7.9,I,0,major,24.0
JOBIM,16,Dindi,32,10,0,Z0,*M7,bVII7M,0,major,25.0
JOBIM,16,Dindi,33,0,0,Z2,*M7.9,I,0,major,26.0
JOBIM,16,Dindi,34,0,0,Y2.3,*7(b9),V/IV,0,major,27.0
JOBIM,16,Dindi,35,0,0,Y1.1,*4.7.9,V/IV,0,major,27.5
JOBIM,16,Dindi,36,5,5,Z0,*M7,IV,0,major,28.0
JOBIM,16,Dindi,37,5,5,w2,*mM711,IVm7,0,major,29.0
JOBIM,16,Dindi,38,2,2,Y2.1.1,*7.9(#11)13,V/V,0,major,30.0
JOBIM,16,Dindi,39,1,1,Z5.1.1,*6.M7.9(#11),bII7M,0,major,31.0
JOBIM,16,Dindi,40,0,0,Z1.1,*6.9,I,0,major,32.0
JOBIM,16,Dindi,41,0,0,Z3,*M7(#11),I,0,major,33.0
JOBIM,16,Dindi,42,11,0,Y0,*7,aSubV,0,major,34.0
JOBIM,16,Dindi,43,0,0,Z2,*M7.9,I,0,major,35.0
JOBIM,17,Discussao,1,0,0,Z0,*M7,I,0,major,1.0
JOBIM,17,Discussao,2,3,3,x0,*°7,bIII°,0,major,2.0
JOBIM,17,Discussao,3,2,2,z0,*m7,II,0,major,3.0
JOBIM,17,Discussao,4,3,3,x0,*°7,V°/III,0,major,4.0
JOBIM,17,Discussao,5,0,4,V0,*,I,0,major,5.0
JOBIM,17,Discussao,6,4,4,Y0,*7,V/VI,0,major,6.0
JOBIM,17,Discussao,7,5,5,Z0,*M7,IV,0,major,7.0
JOBIM,17,Discussao,8,5,5,z1,*m6,IVm7,0,major,8.0
JOBIM,17,Discussao,9,0,4,Z0,*M7,I,0,major,9.0
JOBIM,17,Discussao,10,6,3,x0,*°7,V°/V,0,major,10.0
JOBIM,17,Discussao,11,7,7,z0,*m7,Vm7,0,major,11.0
JOBIM,17,Discussao,12,9,9,Y2.3,*7(b9),V/II,0,major,12.0
JOBIM,17,Discussao,13,2,2,Y0,*7,V/V,0,major,13.0
JOBIM,17,Discussao,14,9,9,z1,*m6,VI,0,major,14.0
JOBIM,17,Discussao,15,2,2,z0,*m7,II,0,major,15.0
JOBIM,17,Discussao,16,7,7,Y2.3,*7(b9),V,0,major,16.0
JOBIM,17,Discussao,17,0,4,Z1,*6,I,0,major,17.0
JOBIM,17,Discussao,18,3,3,x0,*°7,bIII°,0,major,18.0
JOBIM,17,Discussao,19,2,2,z0,*m7,II,0,major,19.0
JOBIM,17,Discussao,20,3,3,x0,*°7,V°/III,0,major,20.0
JOBIM,17,Discussao,21,0,4,V0,*,I,0,major,21.0
JOBIM,17,Discussao,22,4,4,Y0,*7,V/VI,0,major,22.0
JOBIM,17,Discussao,23,5,5,Z0,*M7,IV,0,major,23.0
JOBIM,17,Discussao,24,5,5,z1,*m6,IVm7,0,major,24.0
JOBIM,17,Discussao,25,0,4,Z1,*6,I,0,major,25.0
JOBIM,17,Discussao,26,6,3,x0,*°7,V°/V,0,major,26.0
JOBIM,17,Discussao,27,7,7,z0,*m7,Vm7,0,major,27.0
JOBIM,17,Discussao,28,9,9,Y2.3,*7(b9),V/II,0,major,28.0
JOBIM,17,Discussao,29,9,9,z1,*m6,VI,0,major,29.0
JOBIM,17,Discussao,30,2,2,z0,*m7,II,0,major,30.0
JOBIM,17,Discussao,31,7,7,Y1.1,*4.7.9,V,0,major,30.5
JOBIM,17,Discussao,32,0,0,Z0,*M7,I,0,major,31.0
JOBIM,17,Discussao,33,5,5,z1,*m6,IVm7,0,major,31.5
JOBIM,17,Discussao,34,0,0,Z1,*6,I,0,major,32.0
JOBIM,18,E preciso dizer adeus,1,1,1,Z0,*M7,I,1,major,1.0
JOBIM,18,E preciso dizer adeus,2,6,1,z1,*m6,IVm7,1,major,2.0
JOBIM,18,E preciso dizer adeus,3,1,1,Z0,*M7,I,1,major,3.0
JOBIM,18,E preciso dizer adeus,4,0,0,z0,*m7,II__X,1,major,4.0
JOBIM,18,E preciso dizer adeus,5,5,5,Y2.3,*7(b9),V/VI,1,major,4.5
JOBIM,18,E preciso dizer adeus,6,10,10,z0,*m7,VI,1,major,5.0
JOBIM,18,E preciso dizer adeus,7,3,3,z0,*m7,II,1,major,6.0
JOBIM,18,E preciso dizer adeus,8,10,10,z0,*m7,II__X,1,major,7.0
JOBIM,18,E preciso dizer adeus,9,3,3,Y0,*7,V/V,1,major,7.5
JOBIM,18,E preciso dizer adeus,10,10,10,z0,*m7,II__X,1,major,8.0
JOBIM,18,E preciso dizer adeus,11,3,3,Y0,*7,V/V,1,major,8.5
JOBIM,18,E preciso dizer adeus,12,3,3,z0,*m7,II,1,major,9.0
JOBIM,18,E preciso dizer adeus,13,8,8,Y0,*7,V,1,major,10.0
JOBIM,18,E preciso dizer adeus,14,8,8,Y0,*7,IV,1,major,10.5
JOBIM,18,E preciso dizer adeus,15,5,5,z0,*m7,III,1,major,11.0
JOBIM,18,E preciso dizer adeus,16,4,4,z0,*m7,bIII°,1,major,12.0
JOBIM,18,E preciso dizer adeus,17,3,3,z0,*m7,II,1,major,13.0
JOBIM,18,E preciso dizer adeus,18,8,8,Y4,*7.13,V,1,major,14.0
JOBIM,18,E preciso dizer adeus,19,5,5,Y4,*7.13,V/VI,1,major,15.0
JOBIM,18,E preciso dizer adeus,20,5,5,Y4.1,*7(b13),V/VI,1,major,15.5
JOBIM,18,E preciso dizer adeus,21,10,10,Y1.1,*4.7.9,V/II,1,major,16.0
JOBIM,18,E preciso dizer adeus,22,10,10,Y2.3,*7(b9),V/II,1,major,16.5
JOBIM,18,E preciso dizer adeus,23,3,3,z0,*m7,II,1,major,17.0
JOBIM,18,E preciso dizer adeus,24,11,11,Y1.1,*4.7.9,SubV/VI,1,major,18.0
JOBIM,18,E preciso dizer adeus,25,11,11,Y4.1,*7(b13),SubV/VI,1,major,18.5
JOBIM,18,E preciso dizer adeus,26,5,5,z0,*m7,III,1,major,19.0
JOBIM,18,E preciso dizer adeus,27,4,4,x0,*°7,bIII°,1,major,20.0
JOBIM,18,E preciso dizer adeus,28,3,3,z0,*m7,II,1,major,21.0
JOBIM,18,E preciso dizer adeus,29,8,8,Y1.1,*4.7.9,V,1,major,22.0
JOBIM,18,E preciso dizer adeus,30,8,6,Y4.1,*7(b13),V,1,major,22.5
JOBIM,18,E preciso dizer adeus,31,5,5,Y4,*7.13,V/VI,1,major,23.0
JOBIM,18,E preciso dizer adeus,32,5,5,Y4.1,*7(b13),V/VI,1,major,23.5
JOBIM,18,E preciso dizer adeus,33,10,10,Y2,*7.9,V/II,1,major,24.0
JOBIM,18,E preciso dizer adeus,34,10,10,Y2.3,*7(b9),V/II,1,major,24.5
JOBIM,18,E preciso dizer adeus,35,3,3,Y2,*7.9,V/V,1,major,25.0
JOBIM,18,E preciso dizer adeus,36,3,3,z2,*m7.9,II,1,major,26.0
JOBIM,18,E preciso dizer adeus,37,8,8,Y4,*7.13,V,1,major,26.5
JOBIM,18,E preciso dizer adeus,38,9,9,Z0,*M7,bVI7M,1,major,27.0
JOBIM,18,E preciso dizer adeus,39,6,6,z0,*m7,IVm7,1,major,28.0
JOBIM,18,E preciso dizer adeus,40,1,1,Z2,*M7.9,I,1,major,29.0
JOBIM,19,Ela e carioca,1,2,2,Z2,*M7.9,I,2,major,1.0
JOBIM,19,Ela e carioca,2,11,11,z0,*m7,II__X,2,major,2.0
JOBIM,19,Ela e carioca,3,4,4,Y4,*7.13,V/V,2,major,3.0
JOBIM,19,Ela e carioca,4,4,4,Y4.1,*7(b13),V/V,2,major,4.0
JOBIM,19,Ela e carioca,5,4,4,Y0,*7,V/V,2,major,4.5
JOBIM,19,Ela e carioca,6,4,4,z0,*m7,II,2,major,5.0
JOBIM,19,Ela e carioca,7,0,0,z1,*m6,bVIIm7,2,major,6.0
JOBIM,19,Ela e carioca,8,4,4,Y2,*7.9,V/V,2,major,7.0
JOBIM,19,Ela e carioca,9,9,9,Y1.1,*4.7.9,V,2,major,8.0
JOBIM,19,Ela e carioca,10,9,9,Y2.3,*7(b9),V,2,major,8.5
JOBIM,19,Ela e carioca,11,2,2,Y1.1,*4.7.9,V/IV,2,major,9.0
JOBIM,19,Ela e carioca,12,2,2,Y2,*7.9,V/IV,2,major,10.0
JOBIM,19,Ela e carioca,13,4,8,Y0,*7,V/V,2,major,11.0
JOBIM,19,Ela e carioca,14,7,7,z1,*m6,IVm7,2,major,12.0
JOBIM,19,Ela e carioca,15,2,2,Z2,*M7.9,I,2,major,13.0
JOBIM,19,Ela e carioca,16,1,1,Y2.4,*7(#9),V/III,2,major,13.5
JOBIM,19,Ela e carioca,17,0,0,Z2,*M7.9,bVII7M,2,major,14.0
JOBIM,19,Ela e carioca,18,11,11,Y2.4,*7(#9),V/II,2,major,14.5
JOBIM,19,Ela e carioca,19,10,10,Z2,*M7.9,bVI7M,2,major,15.0
JOBIM,19,Ela e carioca,20,9,9,Y2.4,*7(#9),V,2,major,16.0
JOBIM,19,Ela e carioca,21,2,2,Z2,*M7.9,I,2,major,17.0
JOBIM,19,Ela e carioca,22,11,11,z0,*m7,II__X,2,major,18.0
JOBIM,19,Ela e carioca,23,4,4,Y4,*7.13,V/V,2,major,19.0
JOBIM,19,Ela e carioca,24,4,4,Y4.1,*7(b13),V/V,2,major,20.0
JOBIM,19,Ela e carioca,25,4,4,Y0,*7,V/V,2,major,20.5
JOBIM,19,Ela e carioca,26,4,4,z0,*m7,II,2,major,21.0
JOBIM,19,Ela e carioca,27,0,0,z1,*m6,bVIIm7,2,major,22.0
JOBIM,19,Ela e carioca,28,4,4,Y2,*7.9,V/V,2,major,23.0
JOBIM,19,Ela e carioca,29,9,9,Y1.1,*4.7.9,V,2,major,24.0
JOBIM,19,Ela e carioca,30,9,9,Y2.3,*7(b9),V,2,major,24.5
JOBIM,19,Ela e carioca,31,2,2,Y1.1,*4.7.9,V/IV,2,major,25.0
JOBIM,19,Ela e carioca,32,2,2,Y2,*7.9,V/IV,2,major,26.0
JOBIM,19,Ela e carioca,33,4,8,Y0,*7,V/V,2,major,27.0
JOBIM,19,Ela e carioca,34,7,7,z1,*m6,IVm7,2,major,28.0
JOBIM,19,Ela e carioca,35,2,2,Z2,*M7.9,I,2,major,29.0
JOBIM,19,Ela e carioca,36,1,1,Y2.4,*7(#9),V/III,2,major,29.5
JOBIM,19,Ela e carioca,37,0,0,Z2,*M7.9,bVII7M,2,major,30.0
JOBIM,19,Ela e carioca,38,1,1,Y0,*7,aSubV,2,major,30.5
JOBIM,19,Ela e carioca,39,2,2,Z4,*(#5)M7,I,2,major,32.0
JOBIM,20,Engano,1,0,0,z0,*m7,II,10,major,1.0
JOBIM,20,Engano,2,5,5,Y2.2.1,*7(b9)13,V,10,major,1.5
JOBIM,20,Engano,3,10,10,Z0,*M7,I,10,major,2.0
JOBIM,20,Engano,4,1,1,x0,*°7,bIII°,10,major,2.5
JOBIM,20,Engano,5,0,0,z0,*m7,II,10,major,3.0
JOBIM,20,Engano,6,5,5,Y4,*7.13,V,10,major,3.5
JOBIM,20,Engano,7,5,5,z1,*m6,Vm7,10,major,4.0
JOBIM,20,Engano,8,7,7,Y2.3,*7(b9),V/II,10,major,4.5
JOBIM,20,Engano,9,0,0,z0,*m7,II,10,major,5.0
JOBIM,20,Engano,10,2,2,Y0,*7,V/VI,10,major,5.5
JOBIM,20,Engano,11,7,7,z0,*m7,II__X,10,major,6.0
JOBIM,20,Engano,12,0,0,Y2,*7.9,V,10,major,6.5
JOBIM,20,Engano,13,0,0,z2,*m7.9,II,10,major,7.0
JOBIM,20,Engano,14,5,5,W2,*(#5)7.9,V,10,major,7.5
JOBIM,20,Engano,15,10,10,Z1,*6,I,10,major,8.0
JOBIM,20,Engano,16,3,3,z0,*m7,IVm7,10,major,8.5
JOBIM,20,Engano,17,10,10,Z1,*6,I,10,major,8.75
JOBIM,20,Engano,18,3,3,z0,*m7,II,1,major,9.0
JOBIM,20,Engano,19,8,8,Y2.2,*7.9.13,V,1,major,9.5
JOBIM,20,Engano,20,1,1,Z2,*M7.9,I,1,major,10.0
JOBIM,20,Engano,21,4,4,x0,*°7,bIII°,1,major,10.5
JOBIM,20,Engano,22,3,3,z0,*m7,II,1,major,11.0
JOBIM,20,Engano,23,5,5,Y2.3,*7(b9),V/VI,1,major,11.5
JOBIM,20,Engano,24,10,10,v1,*m.9,VI,1,major,12.0
JOBIM,20,Engano,25,10,10,w1,*mM7.9,VI,1,major,12.5
JOBIM,20,Engano,26,10,10,z0,*m7,VI,1,major,12.75
JOBIM,20,Engano,27,3,3,z0,*m7,II,1,major,13.0
JOBIM,20,Engano,28,8,8,Y2.2,*7.9.13,V,1,major,13.5
JOBIM,20,Engano,29,10,10,z0,*m7,VI,1,major,14.0
JOBIM,20,Engano,30,3,3,Y4,*7.13,V/V,1,major,15.0
JOBIM,20,Engano,31,3,3,z0,*m7,IVm7,10,major,16.0
JOBIM,20,Engano,32,5,5,W0,*(#5)7,V,10,major,17.0
JOBIM,20,Engano,33,0,0,z0,*m7,II,10,major,18.0
JOBIM,20,Engano,34,5,5,Y2.2.1,*7(b9)13,V,10,major,18.5
JOBIM,20,Engano,35,10,10,Z0,*M7,I,10,major,19.0
JOBIM,20,Engano,36,1,1,x0,*°7,bIII°,10,major,19.5
JOBIM,20,Engano,37,0,0,z0,*m7,II,10,major,20.0
JOBIM,20,Engano,38,5,5,Y0,*7,V,10,major,20.5
JOBIM,20,Engano,39,11,11,Y2,*7.9,SubV,10,major,21.0
JOBIM,20,Engano,40,10,10,Z2,*M7.9,I,10,major,22.0
JOBIM,21,Este seu olhar,1,5,5,Z0,*M7,I,5,major,1.0
JOBIM,21,Este seu olhar,2,6,6,x0,*°7,V°/II,5,major,2.0
JOBIM,21,Este seu olhar,3,7,7,z0,*m7,II,5,major,3.0
JOBIM,21,Este seu olhar,4,8,8,x0,*°7,V°/III,5,major,4.0
JOBIM,21,Este seu olhar,5,5,9,Z0,*M7,I,5,major,5.0
JOBIM,21,Este seu olhar,6,9,9,Y0,*7,V/VI,5,major,6.0
JOBIM,21,Este seu olhar,7,10,10,Z5,*6.M7,IV,5,major,7.0
JOBIM,21,Este seu olhar,8,10,10,z1,*m6,IVm7,5,major,8.0
JOBIM,21,Este seu olhar,9,5,9,Z0,*M7,I,5,major,9.0
JOBIM,21,Este seu olhar,10,8,8,x0,*°7,bIII°,5,major,10.0
JOBIM,21,Este seu olhar,11,7,7,z0,*m7,II,5,major,11.0
JOBIM,21,Este seu olhar,12,0,0,Y2,*7.9,V,5,major,12.0
JOBIM,21,Este seu olhar,13,9,9,z0,*m7,II__X,5,major,13.0
JOBIM,21,Este seu olhar,14,2,2,Y0,*7,V/II,5,major,14.0
JOBIM,21,Este seu olhar,15,7,7,z0,*m7,II,5,major,15.0
JOBIM,21,Este seu olhar,16,0,0,Y0,*7,V,5,major,16.0
JOBIM,21,Este seu olhar,17,5,5,Z0,*M7,I,5,major,17.0
JOBIM,21,Este seu olhar,18,6,6,x0,*°7,V°/II,5,major,18.0
JOBIM,21,Este seu olhar,19,7,7,z0,*m7,II,5,major,19.0
JOBIM,21,Este seu olhar,20,8,8,x0,*°7,V°/III,5,major,20.0
JOBIM,21,Este seu olhar,21,5,9,Z0,*M7,I,5,major,21.0
JOBIM,21,Este seu olhar,22,9,9,Y0,*7,aSubV/IV,5,major,22.0
JOBIM,21,Este seu olhar,23,10,10,Z5,*6.M7,IV,5,major,23.0
JOBIM,21,Este seu olhar,24,10,10,z1.1,*m6.9,IVm7,5,major,24.0
JOBIM,21,Este seu olhar,25,5,9,Z0,*M7,I,5,major,25.0
JOBIM,21,Este seu olhar,26,8,8,x0,*°7,bIII°,5,major,26.0
JOBIM,21,Este seu olhar,27,0,7,z0,*m7,Vm7,5,major,27.0
JOBIM,21,Este seu olhar,28,6,6,x3,*°7(b13),V°/II,5,major,28.0
JOBIM,21,Este seu olhar,29,7,7,Y4,*7.13,V/V,5,major,29.0
JOBIM,21,Este seu olhar,30,7,7,Y4.1,*7(b13),V/V,5,major,29.5
JOBIM,21,Este seu olhar,31,7,7,z0,*m7,II,5,major,30.0
JOBIM,21,Este seu olhar,32,0,0,Y2.3,*7(b9),V,5,major,30.5
JOBIM,21,Este seu olhar,33,5,5,Z1,*6,I,5,major,31.0
JOBIM,22,Estrada do sol,1,2,2,z0,*m7,I,2,minor,1.0
JOBIM,22,Estrada do sol,2,7,7,Y4,*7.13,IV7,2,minor,2.0
JOBIM,22,Estrada do sol,3,2,2,z0,*m7,I,2,minor,3.0
JOBIM,22,Estrada do sol,4,7,7,Y4,*7.13,IV7,2,minor,4.0
JOBIM,22,Estrada do sol,5,2,2,z2,*m7.9,I,2,minor,5.0
JOBIM,22,Estrada do sol,6,7,7,Y4,*7.13,IV7,2,minor,6.0
JOBIM,22,Estrada do sol,7,2,2,z2,*m7.9,I,2,minor,7.0
JOBIM,22,Estrada do sol,8,7,7,Y4,*7.13,IV7,2,minor,8.0
JOBIM,22,Estrada do sol,9,0,0,Z2,*M7.9,I,0,major,9.0
JOBIM,22,Estrada do sol,10,2,2,z0,*m7,II,0,major,10.0
JOBIM,22,Estrada do sol,11,4,4,z0,*m7,III,0,major,11.0
JOBIM,22,Estrada do sol,12,2,2,z0,*m7,II,0,major,12.0
JOBIM,22,Estrada do sol,13,0,0,Z5,*6.M7,I,0,major,13.0
JOBIM,22,Estrada do sol,14,5,5,z0,*m7,I,5,minor,14.0
JOBIM,22,Estrada do sol,15,10,10,Y2.2,*7.9.13,IV7,5,minor,14.5
JOBIM,22,Estrada do sol,16,4,4,z0,*m7,I,4,minor,15.0
JOBIM,22,Estrada do sol,17,9,9,Y2.2,*7.9.13,IV7,4,minor,15.5
JOBIM,22,Estrada do sol,18,3,3,z0,*m7,I,3,minor,16.0
JOBIM,22,Estrada do sol,19,8,8,Y2.2,*7.9.13,IV7,3,minor,16.5
JOBIM,22,Estrada do sol,20,2,2,z0,*m7,I,2,minor,17.0
JOBIM,22,Estrada do sol,21,7,7,Y4,*7.13,IV7,2,minor,18.0
JOBIM,22,Estrada do sol,22,2,2,z0,*m7,I,2,minor,19.0
JOBIM,22,Estrada do sol,23,7,7,Y4,*7.13,IV7,2,minor,20.0
JOBIM,22,Estrada do sol,24,2,2,z2,*m7.9,I,2,minor,21.0
JOBIM,22,Estrada do sol,25,7,7,Y4,*7.13,IV7,2,minor,22.0
JOBIM,22,Estrada do sol,26,2,2,z2,*m7.9,I,2,minor,23.0
JOBIM,22,Estrada do sol,27,7,7,Y4,*7.13,IV7,2,minor,24.0
JOBIM,22,Estrada do sol,28,0,0,Z2,*M7.9,I,0,major,25.0
JOBIM,22,Estrada do sol,29,2,2,z0,*m7,II,0,major,26.0
JOBIM,22,Estrada do sol,30,4,4,z0,*m7,III,0,major,27.0
JOBIM,22,Estrada do sol,31,2,2,z0,*m7,II,0,major,28.0
JOBIM,22,Estrada do sol,32,0,0,Z5,*6.M7,I,0,major,29.0
JOBIM,23,Eu e o meu amor,1,11,11,V1,*4,V,4,minor,1.0
JOBIM,23,Eu e o meu amor,2,4,4,v1,*m.9,I,4,minor,2.0
JOBIM,23,Eu e o meu amor,3,9,4,z1,*m6,IV,4,minor,3.0
JOBIM,23,Eu e o meu amor,4,4,4,v0,*m,I,4,minor,4.0
JOBIM,23,Eu e o meu amor,5,11,11,V1,*4,V,4,minor,5.0
JOBIM,23,Eu e o meu amor,6,4,4,v1,*m.9,I,4,minor,6.0
JOBIM,23,Eu e o meu amor,7,9,4,z1,*m6,IV,4,minor,7.0
JOBIM,23,Eu e o meu amor,8,4,4,v0,*m,I,4,minor,8.0
JOBIM,23,Eu e o meu amor,9,11,11,V1,*4,V,4,minor,9.0
JOBIM,23,Eu e o meu amor,10,1,1,y0,*Ø,II__X,4,minor,10.0
JOBIM,23,Eu e o meu amor,11,6,6,Y0,*7,V/V,4,minor,11.0
JOBIM,23,Eu e o meu amor,12,11,11,Y4,*7.13,V,4,minor,12.0
JOBIM,23,Eu e o meu amor,13,2,9,Y0,*7,V/III,4,minor,13.0
JOBIM,23,Eu e o meu amor,14,7,7,V0,*,III,4,minor,14.0
JOBIM,23,Eu e o meu amor,15,11,6,Y2,*7.9,V,4,minor,15.0
JOBIM,23,Eu e o meu amor,16,4,4,v1,*m.9,I,4,minor,16.0
JOBIM,23,Eu e o meu amor,17,9,4,z1,*m6,IV,4,minor,17.0
JOBIM,23,Eu e o meu amor,18,4,4,v0,*m,I,4,minor,18.0
JOBIM,23,Eu e o meu amor,19,11,11,V1,*4,V,4,minor,19.0
JOBIM,23,Eu e o meu amor,20,4,4,v1,*m.9,I,4,minor,20.0
JOBIM,23,Eu e o meu amor,21,9,4,z1,*m6,IV,4,minor,21.0
JOBIM,23,Eu e o meu amor,22,4,4,v0,*m,I,4,minor,22.0
JOBIM,23,Eu e o meu amor,23,2,2,Y1.1.2,*4.7.9.13,V,7,major,23.0
JOBIM,23,Eu e o meu amor,24,2,2,Y2.2,*7.9.13,V,7,major,23.5
JOBIM,23,Eu e o meu amor,25,7,7,Z2,*M7.9,I,7,major,24.0
JOBIM,23,Eu e o meu amor,26,7,7,Z1,*6,I,7,major,24.5
JOBIM,23,Eu e o meu amor,27,2,2,Y1.1.2,*4.7.9.13,V,7,major,25.0
JOBIM,23,Eu e o meu amor,28,2,2,Y2.2,*7.9.13,V,7,major,25.5
JOBIM,23,Eu e o meu amor,29,7,7,Z2,*M7.9,I,7,major,26.0
JOBIM,23,Eu e o meu amor,30,7,7,Z1,*6,I,7,major,26.5
JOBIM,23,Eu e o meu amor,31,11,11,Y4.1,*7(b13),V,4,minor,27.0
JOBIM,23,Eu e o meu amor,32,4,4,z2,*m7.9,I,4,minor,28.0
JOBIM,23,Eu e o meu amor,33,9,4,v0,*m,IV,4,minor,29.0
JOBIM,23,Eu e o meu amor,34,7,7,Z0,*M7,III,4,minor,30.0
JOBIM,23,Eu e o meu amor,35,6,6,Y0,*7,V/V,4,minor,30.5
JOBIM,23,Eu e o meu amor,36,5,5,Y0,*7,SubV,4,minor,30.75
JOBIM,23,Eu e o meu amor,37,11,11,V1,*4,V,4,minor,31.0
JOBIM,23,Eu e o meu amor,38,4,4,v1,*m.9,I,4,minor,32.0
JOBIM,23,Eu e o meu amor,39,9,4,z1,*m6,IV,4,minor,33.0
JOBIM,23,Eu e o meu amor,40,4,4,v0,*m,I,4,minor,34.0
JOBIM,23,Eu e o meu amor,41,11,11,V1,*4,V,4,minor,35.0
JOBIM,23,Eu e o meu amor,42,4,4,v1,*m.9,I,4,minor,36.0
JOBIM,23,Eu e o meu amor,43,9,4,z1,*m6,IV,4,minor,37.0
JOBIM,23,Eu e o meu amor,44,4,4,v0,*m,I,4,minor,38.0
JOBIM,24,Eu sei que vou te amar,1,0,0,Z0,*M7,I,0,major,1.0
JOBIM,24,Eu sei que vou te amar,2,3,3,x3,*°7(b13),bIII°,0,major,2.0
JOBIM,24,Eu sei que vou te amar,3,2,2,z0,*m7,II,0,major,3.0
JOBIM,24,Eu sei que vou te amar,4,3,3,x3,*°7(b13),V°/III,0,major,4.0
JOBIM,24,Eu sei que vou te amar,5,4,4,z0,*m7,III,0,major,5.0
JOBIM,24,Eu sei que vou te amar,6,4,4,Y4.1,*7(b13),V/VI,0,major,6.0
JOBIM,24,Eu sei que vou te amar,7,5,5,Z0,*M7,IV,0,major,7.0
JOBIM,24,Eu sei que vou te amar,8,5,5,w1.1,*mM7.9.11,IVm7,0,major,8.0
JOBIM,24,Eu sei que vou te amar,9,4,4,z0,*m7,III,0,major,9.0
JOBIM,24,Eu sei que vou te amar,10,11,3,Y0,*7,V/III,0,major,10.0
JOBIM,24,Eu sei que vou te amar,11,2,2,z0,*m7,II,0,major,11.0
JOBIM,24,Eu sei que vou te amar,12,7,7,W1.1,*4(#5)7.9,V,0,major,12.0
JOBIM,24,Eu sei que vou te amar,13,4,4,Y4,*7.13,V/VI,0,major,13.0
JOBIM,24,Eu sei que vou te amar,14,4,4,Y4.1,*7(b13),V/VI,0,major,13.5
JOBIM,24,Eu sei que vou te amar,15,9,9,Y2,*7.9,V/II,0,major,14.0
JOBIM,24,Eu sei que vou te amar,16,9,9,Y2.3,*7(b9),V/II,0,major,14.5
JOBIM,24,Eu sei que vou te amar,17,2,2,Y0,*7,V/V,0,major,15.0
JOBIM,24,Eu sei que vou te amar,18,7,7,W2.1,*(#5)7(b9),V,0,major,16.0
JOBIM,24,Eu sei que vou te amar,19,0,0,Z0,*M7,I,0,major,17.0
JOBIM,24,Eu sei que vou te amar,20,3,3,x0,*°7,bIII°,0,major,18.0
JOBIM,24,Eu sei que vou te amar,21,2,2,z0,*m7,II,0,major,19.0
JOBIM,24,Eu sei que vou te amar,22,6,3,x4,*°7.14,V°/V,0,major,20.0
JOBIM,24,Eu sei que vou te amar,23,7,7,z0,*m7,II__X,0,major,21.0
JOBIM,24,Eu sei que vou te amar,24,0,0,W1,*4(#5)7,V/IV,0,major,22.0
JOBIM,24,Eu sei que vou te amar,25,5,5,Z0,*M7,IV,0,major,23.0
JOBIM,24,Eu sei que vou te amar,26,5,5,w2,*mM711,IVm7,0,major,24.0
JOBIM,24,Eu sei que vou te amar,27,0,4,Z0,*M7,I,0,major,25.0
JOBIM,24,Eu sei que vou te amar,28,3,3,x3,*°7(b13),V°/III,0,major,26.0
JOBIM,24,Eu sei que vou te amar,29,4,4,y0,*Ø,II__X,0,major,27.0
JOBIM,24,Eu sei que vou te amar,30,9,9,Y2.3,*7(b9),V/II,0,major,28.0
JOBIM,24,Eu sei que vou te amar,31,2,2,Y0,*7,V/V,0,major,29.0
JOBIM,24,Eu sei que vou te amar,32,7,7,Y1.1,*4.7.9,V,0,major,30.0
JOBIM,24,Eu sei que vou te amar,33,7,7,Y2.3,*7(b9),V,0,major,30.5
JOBIM,24,Eu sei que vou te amar,34,2,6,Y0,*7,V/V,0,major,31.0
JOBIM,24,Eu sei que vou te amar,35,5,5,z1,*m6,IVm7,0,major,31.5
JOBIM,24,Eu sei que vou te amar,36,0,4,V0,*,I,0,major,32.0
JOBIM,24,Eu sei que vou te amar,37,0,3,v0,*m,Im7,0,major,32.5
JOBIM,24,Eu sei que vou te amar,38,2,2,v0,*m,II,0,major,33.0
JOBIM,24,Eu sei que vou te amar,39,7,7,Y4,*7.13,V,0,major,34.0
JOBIM,24,Eu sei que vou te amar,40,7,7,W2.2,*(#5)7(#9),V,0,major,34.5
JOBIM,24,Eu sei que vou te amar,41,0,0,Z1.1,*6.9,I,0,major,35.0
JOBIM,25,Faz uma semana,1,0,0,Z2,*M7.9,I,0,major,1.0
JOBIM,25,Faz uma semana,2,7,7,Y4.1,*7(b13),V,0,major,2.0
JOBIM,25,Faz uma semana,3,0,0,z2,*m7.9,II,10,major,3.0
JOBIM,25,Faz uma semana,4,5,5,Y2.3,*7(b9),V,10,major,4.0
JOBIM,25,Faz uma semana,5,11,11,Y0,*7,SubV,10,major,4.5
JOBIM,25,Faz uma semana,6,10,10,Z5,*6.M7,I,10,major,5.0
JOBIM,25,Faz uma semana,7,5,5,W0,*(#5)7,V,10,major,6.0
JOBIM,25,Faz uma semana,8,10,10,z2,*m7.9,II,8,major,7.0
JOBIM,25,Faz uma semana,9,10,10,z1.1,*m6.9,II,8,major,8.0
JOBIM,25,Faz uma semana,10,9,9,Y2.4,*7(#9),SubV,8,major,8.5
JOBIM,25,Faz uma semana,11,8,8,Z0,*M7,I,8,major,9.0
JOBIM,25,Faz uma semana,12,2,2,z0,*m7,II,0,major,10.0
JOBIM,25,Faz uma semana,13,7,7,Y1,*4.7,V,0,major,10.5
JOBIM,25,Faz uma semana,14,7,7,Y2.3,*7(b9),V,0,major,11.0
JOBIM,25,Faz uma semana,15,0,0,Z0,*M7,I,0,major,12.0
JOBIM,25,Faz uma semana,16,0,0,Z1,*6,I,0,major,13.0
JOBIM,25,Faz uma semana,17,6,6,z2,*m7.9,II,4,major,14.0
JOBIM,25,Faz uma semana,18,6,6,z1,*m6,II,4,major,14.5
JOBIM,25,Faz uma semana,19,11,11,Y1.1,*4.7.9,V,4,major,15.0
JOBIM,25,Faz uma semana,20,11,11,Y2.3,*7(b9),V,4,major,15.5
JOBIM,25,Faz uma semana,21,4,4,Z2,*M7.9,I,4,major,16.0
JOBIM,25,Faz uma semana,22,7,7,Y1.1,*4.7.9,V,0,major,17.0
JOBIM,25,Faz uma semana,23,7,7,Y0,*7,V,0,major,17.5
JOBIM,25,Faz uma semana,24,1,1,Y2,*7.9,SubV,0,major,18.0
JOBIM,25,Faz uma semana,25,0,0,z0,*m7,I,0,minor,19.0
JOBIM,25,Faz uma semana,26,5,5,z0,*m7,IV,0,minor,20.0
JOBIM,25,Faz uma semana,27,0,0,z0,*m7,I,0,minor,21.0
JOBIM,25,Faz uma semana,28,1,1,Y2.4,*7(#9),SubV,0,minor,22.5
JOBIM,25,Faz uma semana,29,0,0,Z0,*M7,I,0,major,23.0
JOBIM,25,Faz uma semana,30,5,5,V0,*,IV,0,major,24.0
JOBIM,25,Faz uma semana,31,5,5,v0,*m,IVm7,0,major,24.5
JOBIM,25,Faz uma semana,32,0,0,Z0,*M7,I,0,major,25.0
JOBIM,25,Faz uma semana,33,0,0,Z1,*6,I,0,major,25.5
JOBIM,25,Faz uma semana,34,0,0,Y0,*7,V/IV,0,major,26.0
JOBIM,25,Faz uma semana,35,0,0,z0,*m7,Im7,0,major,27.0
JOBIM,25,Faz uma semana,36,5,5,V0,*,IV,0,major,28.0
JOBIM,25,Faz uma semana,37,7,7,Y2.3,*7(b9),V,0,major,28.5
JOBIM,25,Faz uma semana,38,0,0,z0,*m7,I,1,major,29.0
JOBIM,25,Faz uma semana,39,2,2,Y2.3,*7(b9),V/V,1,major,31.0
JOBIM,25,Faz uma semana,40,8,8,Y0,*7,SubV/V,1,major,32.0
JOBIM,25,Faz uma semana,41,9,9,x0,*°7,V°/V,1,major,33.0
JOBIM,25,Faz uma semana,42,8,8,Y0,*7,SubV/V,1,major,33.5
JOBIM,25,Faz uma semana,43,7,7,Y1.1,*4.7.9,V,1,major,34.0
JOBIM,25,Faz uma semana,44,3,7,Z0,*M7,III,1,major,34.5
JOBIM,25,Faz uma semana,45,7,7,Y1.1,*4.7.9,V,1,major,34.75
JOBIM,25,Faz uma semana,46,7,7,Y0,*7,V,1,major,35.0
JOBIM,25,Faz uma semana,47,1,1,Y2.1.3,*7(#9.#11),SubV,1,major,35.5
JOBIM,26,Garota de Ipanema,1,5,5,Z2,*M7.9,I,5,major,1.0
JOBIM,26,Garota de Ipanema,2,7,7,Y2.2,*7.9.13,V/V,5,major,3.0
JOBIM,26,Garota de Ipanema,3,7,7,z2,*m7.9,II,5,major,5.0
JOBIM,26,Garota de Ipanema,4,6,6,Y2,*7.9,SubV,5,major,6.0
JOBIM,26,Garota de Ipanema,5,5,5,Z2,*M7.9,I,5,major,7.0
JOBIM,26,Garota de Ipanema,6,6,6,Y2.1,*7.9(#11),SubV,5,major,8.0
JOBIM,26,Garota de Ipanema,7,5,5,Z2,*M7.9,I,5,major,9.0
JOBIM,26,Garota de Ipanema,8,7,7,Y2.2,*7.9.13,V/V,5,major,11.0
JOBIM,26,Garota de Ipanema,9,7,7,z2,*m7.9,II,5,major,13.0
JOBIM,26,Garota de Ipanema,10,6,6,Y2,*7.9,SubV,5,major,14.0
JOBIM,26,Garota de Ipanema,11,5,5,Z2,*M7.9,I,5,major,15.0
JOBIM,26,Garota de Ipanema,12,6,6,Z0,*M7,I,6,major,17.0
JOBIM,26,Garota de Ipanema,13,6,6,Z1,*6,I,6,major,18.5
JOBIM,26,Garota de Ipanema,14,11,11,Y2,*7.9,IV7,6,major,19.0
JOBIM,26,Garota de Ipanema,15,6,6,z2,*m7.9,VI,9,major,21.0
JOBIM,26,Garota de Ipanema,16,2,2,Y2,*7.9,IV7,9,major,23.0
JOBIM,26,Garota de Ipanema,17,7,7,z2,*m7.9,VI,10,major,25.0
JOBIM,26,Garota de Ipanema,18,3,3,Y2,*7.9,IV7,10,major,27.0
JOBIM,26,Garota de Ipanema,19,9,9,z0,*m7,II__X,5,major,28.0
JOBIM,26,Garota de Ipanema,20,2,2,Y2.3,*7(b9),V/II,5,major,29.0
JOBIM,26,Garota de Ipanema,21,7,7,z0,*m7,II,5,major,30.0
JOBIM,26,Garota de Ipanema,22,0,0,Y2.3,*7(b9),V,5,major,31.0
JOBIM,26,Garota de Ipanema,23,5,5,Z2,*M7.9,I,5,major,32.0
JOBIM,26,Garota de Ipanema,24,7,7,Y4,*7.13,V/V,5,major,34.0
JOBIM,26,Garota de Ipanema,25,7,7,Y3,*7(#11),V/V,5,major,34.5
JOBIM,26,Garota de Ipanema,26,7,7,Y4,*7.13,V/V,5,major,35.0
JOBIM,26,Garota de Ipanema,27,7,7,Y3,*7(#11),V/V,5,major,35.5
JOBIM,26,Garota de Ipanema,28,7,7,z2,*m7.9,II,5,major,36.0
JOBIM,26,Garota de Ipanema,29,6,6,Y2,*7.9,SubV,5,major,37.0
JOBIM,26,Garota de Ipanema,30,5,5,Z0,*M7,I,5,major,38.0
JOBIM,26,Garota de Ipanema,31,6,6,Y3,*7(#11),SubV,5,major,39.0
JOBIM,26,Garota de Ipanema,32,5,5,Z0,*M7,I,5,major,40.0
JOBIM,26,Garota de Ipanema,33,6,6,Y3,*7(#11),SubV,5,major,41.0
JOBIM,26,Garota de Ipanema,34,5,5,Z1.2,*6(#11),I,5,major,42.0
JOBIM,26,Garota de Ipanema,35,5,5,Z5.1,*6.M7.9,I,5,major,43.0
JOBIM,27,Incerteza,1,7,7,v2,*m.11,VI,3,major,1.0
JOBIM,27,Incerteza,2,6,6,x0,*°7,bIII°,3,major,2.0
JOBIM,27,Incerteza,3,5,5,z3,*m7.11,II,3,major,3.0
JOBIM,27,Incerteza,4,10,10,Y2,*7.9,V,3,major,4.0
JOBIM,27,Incerteza,5,7,7,v2,*m.11,VI,3,major,5.0
JOBIM,27,Incerteza,6,6,6,x0,*°7,bIII°,3,major,6.0
JOBIM,27,Incerteza,7,5,5,z3,*m7.11,II,3,major,7.0
JOBIM,27,Incerteza,8,10,10,Y2,*7.9,V,3,major,7.5
JOBIM,27,Incerteza,9,10,10,Y1.1,*4.7.9,V,3,major,8.0
JOBIM,27,Incerteza,10,10,10,Y0,*7,V,3,major,8.5
JOBIM,27,Incerteza,11,10,10,z2,*m7.9,II__X,3,major,9.0
JOBIM,27,Incerteza,12,3,3,Y2.2,*7.9.13,V/IV,3,major,10.0
JOBIM,27,Incerteza,13,8,8,Z2,*M7.9,IV,3,major,11.0
JOBIM,27,Incerteza,14,1,1,Y1.1,*4.7.9,bVII7,3,major,12.0
JOBIM,27,Incerteza,15,7,7,Y4.1,*7(b13),V/VI,3,major,12.5
JOBIM,27,Incerteza,16,0,0,z0,*m7,VI,3,major,13.0
JOBIM,27,Incerteza,17,3,3,Y0,*7,V/IV,3,major,13.5
JOBIM,27,Incerteza,18,0,0,z1,*m6,VI,3,major,14.0
JOBIM,27,Incerteza,19,5,11,x0,*°7,V°,3,major,14.5
JOBIM,27,Incerteza,20,3,3,Z2,*M7.9,I,3,major,15.0
JOBIM,27,Incerteza,21,9,9,z0,*m7,II,7,major,16.0
JOBIM,27,Incerteza,22,2,2,Y0,*7,V,7,major,16.5
JOBIM,27,Incerteza,23,7,7,Z0,*M7,I,7,major,17.0
JOBIM,27,Incerteza,24,9,7,z2,*m7.9,II,7,major,19.0
JOBIM,27,Incerteza,25,9,7,y0,*Ø,IIm7(b5),7,major,19.5
JOBIM,27,Incerteza,26,7,7,Z0,*M7,I,3,major,20.0
JOBIM,27,Incerteza,27,10,2,V0,*,V,3,major,21.0
JOBIM,27,Incerteza,28,3,3,Z1.2,*6(#11),I,3,major,22.0
JOBIM,27,Incerteza,29,5,5,Y2,*7.9,V/V,3,major,23.0
JOBIM,27,Incerteza,30,10,10,Y0,*7,V,3,major,24.0
JOBIM,27,Incerteza,31,10,10,z2,*m7.9,II__X,3,major,25.0
JOBIM,27,Incerteza,32,3,3,Y2.2,*7.9.13,V/IV,3,major,26.0
JOBIM,27,Incerteza,33,10,10,Y1.1,*4.7.9,V,3,major,26.5
JOBIM,27,Incerteza,34,8,8,Z0,*M7,IV,3,major,27.0
JOBIM,27,Incerteza,35,1,1,Y1.1.2,*4.7.9.13,bVII7,3,major,28.0
JOBIM,27,Incerteza,36,7,7,Y4.1,*7(b13),V/VI,3,major,28.5
JOBIM,27,Incerteza,37,0,0,z0,*m7,VI,3,major,29.0
JOBIM,27,Incerteza,38,3,3,Y0,*7,V/IV,3,major,29.5
JOBIM,27,Incerteza,39,0,0,z1,*m6,VI,3,major,30.0
JOBIM,27,Incerteza,40,5,11,x0,*°7,V°/V,3,major,30.5
JOBIM,27,Incerteza,41,3,3,Y2,*7.9,V/IV,3,major,31.0
JOBIM,27,Incerteza,42,0,0,Y0,*7,V/II,3,major,32.0
JOBIM,27,Incerteza,43,5,5,x0,*°7,II,3,major,33.0
JOBIM,27,Incerteza,44,10,10,Y2.3,*7(b9),V,3,major,34.0
JOBIM,27,Incerteza,45,1,5,Y0,*7,bVII7,3,major,35.0
JOBIM,27,Incerteza,46,3,3,v2,*m.11,Im7,3,major,35.5
JOBIM,27,Incerteza,47,3,10,V0,*,I,3,major,36.0
JOBIM,27,Incerteza,48,3,3,Z5,*6.M7,I,3,major,37.0
JOBIM,28,Insensatez,1,11,11,v0,*m,I,11,minor,1.0
JOBIM,28,Insensatez,2,10,10,x0,*°7,V°,11,minor,3.0
JOBIM,28,Insensatez,3,9,9,z1,*m6,II__X,11,minor,5.0
JOBIM,28,Insensatez,4,2,2,Y0,*7,V/VI,11,minor,6.0
JOBIM,28,Insensatez,5,4,8,Y2,*7.9,IV7,11,minor,7.0
JOBIM,28,Insensatez,6,7,7,Z1,*6,VI,11,minor,8.0
JOBIM,28,Insensatez,7,0,0,Z2,*M7.9,SubV,11,minor,10.0
JOBIM,28,Insensatez,8,1,1,y0,*Ø,II,11,minor,12.0
JOBIM,28,Insensatez,9,6,6,Y2.3,*7(b9),V,11,minor,13.0
JOBIM,28,Insensatez,10,11,11,z2,*m7.9,I,11,minor,14.0
JOBIM,28,Insensatez,11,2,9,Y0,*7,V/VI,11,minor,15.0
JOBIM,28,Insensatez,12,5,8,x0,*°7,IV° [pass],11,minor,17.0
JOBIM,28,Insensatez,13,4,4,z2.1,*m7.9.11,IV,11,minor,19.0
JOBIM,28,Insensatez,14,6,6,Y1.1.3,*4.7(b9),V,11,minor,20.0
JOBIM,28,Insensatez,15,11,11,v0,*m,I,11,minor,21.0
JOBIM,28,Insensatez,16,11,11,z0,*m7,I,11,minor,22.0
JOBIM,28,Insensatez,17,2,9,Y0,*7,V/III,11,minor,23.0
JOBIM,28,Insensatez,18,1,8,Y0,*7,V/V,11,minor,25.0
JOBIM,28,Insensatez,19,4,7,z1,*m6,IV,11,minor,27.0
JOBIM,28,Insensatez,20,6,6,Y2.3,*7(b9),V,11,minor,28.0
JOBIM,28,Insensatez,21,7,7,Z0,*M7,VI,11,minor,29.0
JOBIM,28,Insensatez,22,4,4,z0,*m7,IV,11,minor,30.0
JOBIM,29,Janelas abertas,1,9,9,Z0,*M7,I,9,major,1.0
JOBIM,29,Janelas abertas,2,4,4,z0,*m7,II__X,9,major,2.0
JOBIM,29,Janelas abertas,3,9,9,Y4,*7.13,V/IV,9,major,2.5
JOBIM,29,Janelas abertas,4,2,2,w0,*mM7,IVm7,9,major,3.0
JOBIM,29,Janelas abertas,5,9,9,Y2,*7.9,I,9,major,4.0
JOBIM,29,Janelas abertas,6,9,9,Y0,*7,I,9,major,5.0
JOBIM,29,Janelas abertas,7,1,1,z0,*m7,III,9,major,6.0
JOBIM,29,Janelas abertas,8,0,0,z0,*m7,bIIIm7,9,major,6.5
JOBIM,29,Janelas abertas,9,11,11,z0,*m7,II,9,major,7.0
JOBIM,29,Janelas abertas,10,7,7,z1,*m6,bVIIm7,9,major,7.5
JOBIM,29,Janelas abertas,11,11,11,z0,*m7,II,9,major,8.0
JOBIM,29,Janelas abertas,12,6,6,Y2.3,*7(b9),V/VI,9,major,8.5
JOBIM,29,Janelas abertas,13,11,11,z0,*m7,II,9,major,9.0
JOBIM,29,Janelas abertas,14,6,6,Y2.3,*7(b9),V/VI,9,major,9.5
JOBIM,29,Janelas abertas,15,11,11,z0,*m7,II,9,major,10.0
JOBIM,29,Janelas abertas,16,2,5,v0,*m,IVm7,9,major,12.0
JOBIM,29,Janelas abertas,17,4,4,Y0,*7,V,9,major,13.0
JOBIM,29,Janelas abertas,18,11,11,z0,*m7,II,9,major,14.0
JOBIM,29,Janelas abertas,19,4,4,W0,*(#5)7,V,9,major,14.5
JOBIM,29,Janelas abertas,20,1,1,Y4,*7.13,V/VI,9,major,15.0
JOBIM,29,Janelas abertas,21,6,6,Y2.3,*7(b9),V/II,9,major,15.5
JOBIM,29,Janelas abertas,22,11,11,Y4,*7.13,V/V,9,major,16.0
JOBIM,29,Janelas abertas,23,4,4,Y2.3,*7(b9),V,9,major,16.5
JOBIM,29,Janelas abertas,24,9,9,Z0,*M7,I,9,major,17.0
JOBIM,29,Janelas abertas,25,4,4,z0,*m7,II__X,9,major,18.0
JOBIM,29,Janelas abertas,26,9,9,Y4,*7.13,V/IV,9,major,18.5
JOBIM,29,Janelas abertas,27,2,2,w0,*mM7,IVm7,9,major,19.0
JOBIM,29,Janelas abertas,28,9,9,Y2,*7.9,I,9,major,20.0
JOBIM,29,Janelas abertas,29,9,9,Y0,*7,I,9,major,21.0
JOBIM,29,Janelas abertas,30,1,1,z0,*m7,III,9,major,22.0
JOBIM,29,Janelas abertas,31,0,0,z0,*m7,bIIIm7,9,major,22.5
JOBIM,29,Janelas abertas,32,11,11,z0,*m7,II,9,major,23.0
JOBIM,29,Janelas abertas,33,7,7,z1,*m6,bVIIm7,9,major,23.5
JOBIM,29,Janelas abertas,34,11,11,z0,*m7,II,9,major,24.0
JOBIM,29,Janelas abertas,35,6,6,Y2.3,*7(b9),V/VI,9,major,24.5
JOBIM,29,Janelas abertas,36,2,2,Z0,*M7,IV,9,major,25.0
JOBIM,29,Janelas abertas,37,3,3,x3,*°7(b13),V°/III,9,major,26.0
JOBIM,29,Janelas abertas,38,1,1,z0,*m7,III,9,major,27.0
JOBIM,29,Janelas abertas,39,6,6,z0,*m7,VI,9,major,28.0
JOBIM,29,Janelas abertas,40,6,6,Y0,*7,V/II,9,major,28.5
JOBIM,29,Janelas abertas,41,11,11,Y4,*7.13,V/V,9,major,29.0
JOBIM,29,Janelas abertas,42,11,11,Y4.1,*7(b13),V/V,9,major,29.5
JOBIM,29,Janelas abertas,43,4,4,Y1.1,*4.7.9,V,9,major,30.0
JOBIM,29,Janelas abertas,44,4,4,Y2.3,*7(b9),V,9,major,30.5
JOBIM,29,Janelas abertas,45,5,5,Z2,*M7.9,bVI7M,9,major,31.0
JOBIM,29,Janelas abertas,46,2,2,z2.1,*m7.9.11,IVm7,9,major,32.0
JOBIM,29,Janelas abertas,47,9,9,Z0,*M7,I,9,major,33.0
JOBIM,30,Lamento no morro,1,9,9,z0,*m7,I,9,minor,1.0
JOBIM,30,Lamento no morro,2,2,2,z0,*m7,II__X,9,minor,2.0
JOBIM,30,Lamento no morro,3,7,7,Y4,*7.13,V/III,9,minor,2.5
JOBIM,30,Lamento no morro,4,0,0,Z2,*M7.9,III,9,minor,3.0
JOBIM,30,Lamento no morro,5,0,0,Y2.3,*7(b9),V/VI,9,minor,4.0
JOBIM,30,Lamento no morro,6,5,5,Z0,*M7,VI,9,minor,5.0
JOBIM,30,Lamento no morro,7,2,2,z0,*m7,IV,9,minor,6.0
JOBIM,30,Lamento no morro,8,2,2,Y0,*7,IV7,9,minor,8.0
JOBIM,30,Lamento no morro,9,9,9,z0,*m7,I,9,minor,9.0
JOBIM,30,Lamento no morro,10,2,2,z0,*m7,II__X,9,minor,10.0
JOBIM,30,Lamento no morro,11,7,7,Y4,*7.13,V/III,9,minor,10.5
JOBIM,30,Lamento no morro,12,0,0,Z2,*M7.9,III,9,minor,11.0
JOBIM,30,Lamento no morro,13,0,0,Y2.3,*7(b9),V/VI,9,minor,12.0
JOBIM,30,Lamento no morro,14,5,5,Z0,*M7,VI,9,minor,13.0
JOBIM,30,Lamento no morro,15,2,2,z0,*m7,IV,9,minor,14.0
JOBIM,30,Lamento no morro,16,9,9,z0,*m7,I,9,minor,15.0
JOBIM,30,Lamento no morro,17,2,2,z2,*m7.9,IV,9,minor,17.0
JOBIM,30,Lamento no morro,18,4,4,Y2.3,*7(b9),V,9,minor,18.0
JOBIM,30,Lamento no morro,19,9,9,z0,*m7,I,9,minor,19.0
JOBIM,30,Lamento no morro,20,2,2,z2,*m7.9,IV,9,minor,20.0
JOBIM,30,Lamento no morro,21,7,7,W0,*(#5)7,V/III,9,minor,21.0
JOBIM,30,Lamento no morro,22,0,0,Z0,*M7,III,9,minor,22.0
JOBIM,30,Lamento no morro,23,5,0,Y0,*7,SubV/V,9,minor,24.0
JOBIM,30,Lamento no morro,24,4,11,V0,*,V,9,minor,25.0
JOBIM,30,Lamento no morro,25,4,4,Y0,*7,V,9,minor,26.5
JOBIM,30,Lamento no morro,26,9,9,z0,*m7,I,9,minor,27.0
JOBIM,30,Lamento no morro,27,5,5,V0,*,VI,9,minor,29.0
JOBIM,30,Lamento no morro,28,2,2,z0,*m7,IV,9,minor,30.0
JOBIM,30,Lamento no morro,29,4,4,X0,*(b5)7,V,9,minor,31.0
JOBIM,30,Lamento no morro,30,9,9,z0,*m7,I,9,minor,33.0
JOBIM,30,Lamento no morro,31,2,2,z2,*m7.9,IV,9,minor,33.5
JOBIM,30,Lamento no morro,32,7,7,Z1,*6,bVII7M,9,minor,34.0
JOBIM,30,Lamento no morro,33,0,0,Z2,*M7.9,III,9,minor,35.0
JOBIM,30,Lamento no morro,34,7,7,z2,*m7.9,II__X,9,minor,35.5
JOBIM,30,Lamento no morro,35,0,0,Y2.3,*7(b9),V/VI,9,minor,36.0
JOBIM,30,Lamento no morro,36,5,5,x2,*°7.11,VI,9,minor,37.0
JOBIM,30,Lamento no morro,37,2,2,z0,*m7,IV,9,minor,38.0
JOBIM,30,Lamento no morro,38,9,9,z0,*m7,I,9,minor,39.0
JOBIM,30,Lamento no morro,39,2,2,Y0,*7,IV7,9,minor,40.0
JOBIM,30,Lamento no morro,40,9,9,z0,*m7,I,9,minor,41.0
JOBIM,30,Lamento no morro,41,5,5,Y0,*7,SubV/V,9,minor,42.0
JOBIM,30,Lamento no morro,42,9,9,v0,*m,I,9,minor,43.0
JOBIM,31,Ligia,1,2,2,z2,*m7.9,II,0,major,1.0
JOBIM,31,Ligia,2,7,5,W2,*(#5)7.9,V,0,major,2.0
JOBIM,31,Ligia,3,4,4,z2,*m7.9,III,0,major,3.0
JOBIM,31,Ligia,4,3,3,x2.1,*°7.11(b13),bIII°,0,major,4.0
JOBIM,31,Ligia,5,2,2,y1,*Ø.9,IIm7(b5),0,major,5.0
JOBIM,31,Ligia,6,7,7,Y1.1,*4.7.9,V,0,major,6.0
JOBIM,31,Ligia,7,4,4,Y1.1,*4.7.9,V/VI,0,major,7.0
JOBIM,31,Ligia,8,4,4,X2.1,*(b5)7(b9),V/VI,0,major,8.0
JOBIM,31,Ligia,9,5,5,Z0,*M7,IV,0,major,9.0
JOBIM,31,Ligia,10,6,6,x0,*°7,V°/V,0,major,10.0
JOBIM,31,Ligia,11,4,7,v0,*m,III,0,major,11.0
JOBIM,31,Ligia,12,9,9,z1,*m6,VI,0,major,12.0
JOBIM,31,Ligia,13,6,6,y0,*Ø,II__X,0,major,13.0
JOBIM,31,Ligia,14,11,11,Y4.1,*7(b13),V/III,0,major,14.0
JOBIM,31,Ligia,15,4,4,Z2,*M7.9,IIIM7,0,major,15.0
JOBIM,31,Ligia,16,4,4,Y2,*7.9,V/VI,0,major,15.25
JOBIM,31,Ligia,17,9,9,W2,*(#5)7.9,V/II,0,major,15.5
JOBIM,31,Ligia,18,2,2,z2,*m7.9,II,0,major,16.0
JOBIM,31,Ligia,19,1,1,Y1.1.2.1,*4.7.9(b13),SubV,0,major,17.0
JOBIM,32,Luar e batucada,1,9,9,Z2,*M7.9,I,9,major,1.0
JOBIM,32,Luar e batucada,2,2,2,Y2.2,*7.9.13,IV7,9,major,3.0
JOBIM,32,Luar e batucada,3,7,7,Z5,*6.M7,bVII7M,9,major,5.0
JOBIM,32,Luar e batucada,4,1,1,y2,*Ø.11,II__X,9,major,7.0
JOBIM,32,Luar e batucada,5,6,6,Y0,*7,V/II,9,major,7.5
JOBIM,32,Luar e batucada,6,1,1,y2,*Ø.11,II__X,9,major,8.0
JOBIM,32,Luar e batucada,7,6,6,Y0,*7,V/II,9,major,8.5
JOBIM,32,Luar e batucada,8,11,11,v0,*m,II,9,major,9.0
JOBIM,32,Luar e batucada,9,11,11,Y0,*7,V/V,9,major,11.0
JOBIM,32,Luar e batucada,10,4,4,Y2.3,*7(b9),V,9,major,12.0
JOBIM,32,Luar e batucada,11,9,9,Z0,*M7,I,9,major,13.0
JOBIM,32,Luar e batucada,12,9,9,x0,*°7,V°/II,9,major,14.0
JOBIM,32,Luar e batucada,13,11,11,z3,*m7.11,II,9,major,15.0
JOBIM,32,Luar e batucada,14,4,4,Y2,*7.9,V,9,major,16.0
JOBIM,32,Luar e batucada,15,9,9,Z2,*M7.9,I,9,major,17.0
JOBIM,32,Luar e batucada,16,2,2,Y2.2,*7.9.13,IV7,9,major,19.0
JOBIM,32,Luar e batucada,17,7,7,Z5,*6.M7,bVII7M,9,major,21.0
JOBIM,32,Luar e batucada,18,6,6,Y0,*7,V/II,9,major,23.0
JOBIM,32,Luar e batucada,19,11,11,v0,*m,II,9,major,25.0
JOBIM,32,Luar e batucada,20,4,4,Y0,*7,V,9,major,26.0
JOBIM,32,Luar e batucada,21,9,9,Z0,*M7,I,9,major,27.0
JOBIM,32,Luar e batucada,22,0,0,z0,*m7,II__X,9,major,28.0
JOBIM,32,Luar e batucada,23,5,5,Y0,*7,SubV/V,9,major,28.5
JOBIM,32,Luar e batucada,24,11,11,z3,*m7.11,II,9,major,29.0
JOBIM,32,Luar e batucada,25,10,10,Y0,*7,SubV,9,major,30.0
JOBIM,32,Luar e batucada,26,9,9,V0,*,I,9,major,31.0
JOBIM,32,Luar e batucada,27,8,8,Y4,*7.13,V/III,9,major,32.0
JOBIM,32,Luar e batucada,28,1,1,v0,*m,III,9,major,33.0
JOBIM,32,Luar e batucada,29,2,2,V0,*,IV,9,major,35.0
JOBIM,32,Luar e batucada,30,3,3,Y0,*7,SubV/IV,9,major,37.0
JOBIM,32,Luar e batucada,31,1,1,Z0,*M7,IIIM7,9,major,39.0
JOBIM,32,Luar e batucada,32,4,4,V0,*,V,9,major,41.0
JOBIM,32,Luar e batucada,33,5,5,V0,*,bVI7M,9,major,43.0
JOBIM,32,Luar e batucada,34,6,6,V0,*,V/II,9,major,45.0
JOBIM,32,Luar e batucada,35,6,6,Y0,*7,V/II,9,major,46.0
JOBIM,32,Luar e batucada,36,11,11,z0,*m7,II,9,major,47.0
JOBIM,32,Luar e batucada,37,4,4,Y0,*7,V,9,major,48.0
JOBIM,32,Luar e batucada,38,9,9,Z2,*M7.9,I,9,major,49.0
JOBIM,32,Luar e batucada,39,2,2,Y2.2,*7.9.13,IV7,9,major,50.0
JOBIM,32,Luar e batucada,40,7,7,Z5,*6.M7,bVII7M,9,major,51.0
JOBIM,32,Luar e batucada,41,1,1,y2,*Ø.11,II__X,9,major,52.0
JOBIM,32,Luar e batucada,42,6,6,Y0,*7,V/II,9,major,53.0
JOBIM,32,Luar e batucada,43,1,1,y2,*Ø.11,II__X,9,major,54.0
JOBIM,32,Luar e batucada,44,6,6,Y0,*7,V/II,9,major,55.0
JOBIM,32,Luar e batucada,45,11,11,v0,*m,II,9,major,56.0
JOBIM,32,Luar e batucada,46,11,11,Y0,*7,V/V,9,major,57.0
JOBIM,32,Luar e batucada,47,4,4,Y2.3,*7(b9),V,9,major,58.0
JOBIM,32,Luar e batucada,48,9,9,Z0,*M7,I,9,major,59.0
JOBIM,32,Luar e batucada,49,9,9,x0,*°7,V°/II,9,major,60.0
JOBIM,32,Luar e batucada,50,4,4,Y0,*7,V,9,major,61.0
JOBIM,32,Luar e batucada,51,9,9,Z0,*M7,I,9,major,62.0
JOBIM,32,Luar e batucada,52,2,2,Y2.1,*7.9(#11),IV7,9,major,64.0
JOBIM,32,Luar e batucada,53,7,7,Z0,*M7,bVII7M,9,major,66.0
JOBIM,32,Luar e batucada,54,0,0,Y2.1,*7.9(#11),SubV/II,9,major,68.0
JOBIM,32,Luar e batucada,55,11,11,z0,*m7,II,9,major,70.0
JOBIM,32,Luar e batucada,56,2,2,z0,*m7,IVm7,9,major,74.0
JOBIM,32,Luar e batucada,57,4,4,Y0,*7,V,9,major,75.0
JOBIM,32,Luar e batucada,58,9,9,Z0,*M7,I,9,major,76.0
JOBIM,33,Luiza,1,0,0,w1,*mM7.9,I,0,minor,1.0
JOBIM,33,Luiza,2,0,0,z0,*m7,I,0,minor,2.0
JOBIM,33,Luiza,3,5,5,Y4,*7.13,IV7,0,minor,3.0
JOBIM,33,Luiza,4,7,7,Y2.3,*7(b9),V,0,minor,4.0
JOBIM,33,Luiza,5,0,0,z2,*m7.9,I,0,minor,5.0
JOBIM,33,Luiza,6,5,5,Y4,*7.13,IV7,0,minor,6.0
JOBIM,33,Luiza,7,5,5,v0,*m,IV,0,minor,7.0
JOBIM,33,Luiza,8,10,1,x1,*°7.9,V°/IV,0,minor,8.0
JOBIM,33,Luiza,9,0,0,Y0,*7,V/IV,0,minor,8.5
JOBIM,33,Luiza,10,5,5,w0,*mM7,IV,0,minor,9.0
JOBIM,33,Luiza,11,5,5,z0,*m7,IV,0,minor,9.5
JOBIM,33,Luiza,12,10,10,Y2,*7.9,V/III,0,minor,10.0
JOBIM,33,Luiza,13,3,3,Z0,*M7,III,0,minor,11.0
JOBIM,33,Luiza,14,2,2,y0,*Ø,II,0,minor,13.0
JOBIM,33,Luiza,15,7,7,Y2.3,*7(b9),V,0,minor,14.0
JOBIM,33,Luiza,16,0,0,Z2,*M7.9,I,0,major,15.0
JOBIM,33,Luiza,17,5,5,y0,*Ø,IV,0,minor,16.0
JOBIM,33,Luiza,18,5,5,z0,*m7,IV,0,minor,16.5
JOBIM,33,Luiza,19,10,10,Y2,*7.9,V/III,0,minor,17.0
JOBIM,33,Luiza,20,3,3,Z5,*6.M7,III,0,minor,18.0
JOBIM,33,Luiza,21,0,0,z2,*m7.9,I,0,minor,19.0
JOBIM,33,Luiza,22,2,2,Y2.3,*7(b9),V/V,0,minor,20.0
JOBIM,33,Luiza,23,2,2,z2,*m7.9,II,0,minor,22.0
JOBIM,33,Luiza,24,1,1,Y2.1,*7.9(#11),SubV,0,minor,23.0
JOBIM,33,Luiza,25,0,0,y1,*Ø.9,I,0,minor,24.0
JOBIM,33,Luiza,26,0,0,z0,*m7,I,0,minor,24.5
JOBIM,33,Luiza,27,5,5,Y4,*7.13,IV7,0,minor,25.0
JOBIM,33,Luiza,28,5,5,v0,*m,IV,0,minor,26.0
JOBIM,33,Luiza,29,7,7,Y2.3,*7(b9),V,0,minor,27.0
JOBIM,33,Luiza,30,0,0,z2,*m7.9,I,0,minor,28.0
JOBIM,33,Luiza,31,5,5,Y4,*7.13,IV7,0,minor,29.0
JOBIM,33,Luiza,32,5,5,v0,*m,IV,0,minor,30.0
JOBIM,33,Luiza,33,10,1,x1,*°7.9,V°/IV,0,minor,31.0
JOBIM,33,Luiza,34,0,0,Y0,*7,V/IV,0,minor,31.5
JOBIM,33,Luiza,35,5,5,y0,*Ø,IV,0,minor,32.0
JOBIM,33,Luiza,36,5,5,z0,*m7,IV,0,minor,32.5
JOBIM,33,Luiza,37,10,10,Y2,*7.9,V/III,0,minor,33.0
JOBIM,33,Luiza,38,3,3,Y1.1,*4.7.9,V/VI,0,minor,34.0
JOBIM,33,Luiza,39,3,3,Y2.3,*7(b9),V/VI,0,minor,35.0
JOBIM,33,Luiza,40,8,8,V4,*(#5),VI,0,minor,36.0
JOBIM,33,Luiza,41,5,5,v0,*m,IV,0,minor,37.0
JOBIM,33,Luiza,42,0,3,v0,*m,I,0,minor,37.5
JOBIM,33,Luiza,43,2,2,X2.1,*(b5)7(b9),V/V,0,minor,38.0
JOBIM,33,Luiza,44,7,7,Y2.3,*7(b9),V,0,minor,39.0
JOBIM,33,Luiza,45,8,8,Z0,*M7,VI,0,minor,40.0
JOBIM,33,Luiza,46,5,5,z0,*m7,IV,0,minor,42.0
JOBIM,33,Luiza,47,7,7,z0,*m7,Vm7,0,minor,45.0
JOBIM,33,Luiza,48,4,7,v0,*m,III,0,major,45.5
JOBIM,33,Luiza,49,1,1,Y2,*7.9,SubV,0,major,46.0
JOBIM,33,Luiza,50,0,0,z1,*m6,I,0,major,47.0
JOBIM,33,Luiza,51,0,0,V1,*4,I,0,major,49.0
JOBIM,33,Luiza,52,0,0,z1,*m6,I,0,major,53.0
JOBIM,33,Luiza,53,0,0,z0,*m7,I,0,major,54.0
JOBIM,34,Magoa,1,9,9,Z0,*M7,I,9,major,1.0
JOBIM,34,Magoa,2,4,4,V4,*(#5),V,9,major,2.0
JOBIM,34,Magoa,3,4,7,v0,*m,Vm7,9,major,3.0
JOBIM,34,Magoa,4,6,6,Y2.3,*7(b9),V/II,9,major,4.0
JOBIM,34,Magoa,5,11,11,z0,*m7,II,9,major,5.0
JOBIM,34,Magoa,6,4,4,Z1,*6,IVm7,9,major,6.0
JOBIM,34,Magoa,7,1,1,Y2.3,*7(b9),V/VI,9,major,6.5
JOBIM,34,Magoa,8,6,6,Z0,*M7,VIM7,9,major,7.0
JOBIM,34,Magoa,9,11,11,z0,*m7,II,9,major,8.0
JOBIM,34,Magoa,10,4,4,W2.1,*(#5)7(b9),V,9,major,8.5
JOBIM,34,Magoa,11,9,9,Z0,*M7,I,9,major,9.0
JOBIM,34,Magoa,12,4,4,V4,*(#5),V,9,major,10.0
JOBIM,34,Magoa,13,4,7,v0,*m,Vm7,9,major,11.0
JOBIM,34,Magoa,14,6,6,Y2.3,*7(b9),V/II,9,major,12.0
JOBIM,34,Magoa,15,11,11,z0,*m7,II,9,major,13.0
JOBIM,34,Magoa,16,2,2,z1,*m6,IVm7,9,major,14.0
JOBIM,34,Magoa,17,4,4,Y0,*7,V,9,major,14.5
JOBIM,34,Magoa,18,9,9,Z0,*M7,I,9,major,15.0
JOBIM,34,Magoa,19,10,10,x0,*°7,V°/II,9,major,15.5
JOBIM,34,Magoa,20,11,11,z0,*m7,II,9,major,16.0
JOBIM,34,Magoa,21,2,2,z1,*m6,IVm7,9,major,16.5
JOBIM,34,Magoa,22,9,9,Z0,*M7,I,9,major,17.0
JOBIM,34,Magoa,23,6,6,Y0,*7,V/II,9,major,17.5
JOBIM,34,Magoa,24,11,11,Y4,*7.13,V/V,9,major,18.0
JOBIM,34,Magoa,25,4,4,Y1.1,*4.7.9,V,9,major,18.5
JOBIM,34,Magoa,26,4,4,Y2.3,*7(b9),V,9,major,18.75
JOBIM,34,Magoa,27,9,9,Z0,*M7,I,9,major,19.0
JOBIM,34,Magoa,28,5,5,Z4,*(#5)M7,bVI7M,9,major,20.0
JOBIM,34,Magoa,29,2,2,z2.1,*m7.9.11,II,9,major,21.0
JOBIM,34,Magoa,30,9,9,Z2,*M7.9,I,9,major,22.0
JOBIM,35,Meditacao,1,7,7,Z1,*6,I,7,major,1.0
JOBIM,35,Meditacao,2,6,6,Y1,*4.7,V/III,7,major,3.0
JOBIM,35,Meditacao,3,6,6,Y0,*7,V/VI,7,major,4.0
JOBIM,35,Meditacao,4,7,7,Z1,*6,I,7,major,5.0
JOBIM,35,Meditacao,5,11,11,z3,*m7.11,II__X,7,major,7.0
JOBIM,35,Meditacao,6,4,4,Y2.2.1.1,*7(b9.b13),V/II,7,major,8.0
JOBIM,35,Meditacao,7,9,9,z0,*m7,II,7,major,9.0
JOBIM,35,Meditacao,8,0,0,z2,*m7.9,IVm7,7,major,11.0
JOBIM,35,Meditacao,9,0,0,z1,*m6,IVm7,7,major,12.0
JOBIM,35,Meditacao,10,11,11,z0,*m7,II__X,7,major,13.0
JOBIM,35,Meditacao,11,4,4,Y2.2.1.1,*7(b9.b13),V/II,7,major,14.0
JOBIM,35,Meditacao,12,9,9,z3,*m7.11,II,7,major,15.0
JOBIM,35,Meditacao,13,2,2,W1,*4(#5)7,V,7,major,16.0
JOBIM,35,Meditacao,14,7,7,Z1,*6,I,7,major,17.0
JOBIM,35,Meditacao,15,6,6,Y1,*4.7,V/III,7,major,19.0
JOBIM,35,Meditacao,16,6,6,Y0,*7,V/VI,7,major,20.0
JOBIM,35,Meditacao,17,7,7,Z1,*6,I,7,major,21.0
JOBIM,35,Meditacao,18,11,11,z3,*m7.11,II__X,7,major,23.0
JOBIM,35,Meditacao,19,4,4,Y2.2.1.1,*7(b9.b13),V/II,7,major,24.0
JOBIM,35,Meditacao,20,9,9,z0,*m7,II,7,major,25.0
JOBIM,35,Meditacao,21,0,0,z2,*m7.9,IVm7,7,major,27.0
JOBIM,35,Meditacao,22,0,0,z1,*m6,IVm7,7,major,28.0
JOBIM,35,Meditacao,23,11,11,z0,*m7,II__X,7,major,29.0
JOBIM,35,Meditacao,24,4,4,Y2.2.1.1,*7(b9.b13),V/II,7,major,30.0
JOBIM,35,Meditacao,25,9,9,z3,*m7.11,II,7,major,31.0
JOBIM,35,Meditacao,26,2,2,W1,*4(#5)7,V,7,major,32.0
JOBIM,35,Meditacao,27,0,0,Z2,*M7.9,IV,7,major,33.0
JOBIM,35,Meditacao,28,0,0,z1,*m6,IVm7,7,major,35.0
JOBIM,35,Meditacao,29,0,0,z0,*m7,IVm7,7,major,36.0
JOBIM,35,Meditacao,30,0,0,z1,*m6,IVm7,7,major,36.5
JOBIM,35,Meditacao,31,7,11,V1,*4,I,7,major,37.0
JOBIM,35,Meditacao,32,10,10,x4,*°7.14,bIII°,7,major,38.0
JOBIM,35,Meditacao,33,9,9,z0,*m7,II,7,major,39.0
JOBIM,35,Meditacao,34,2,2,W1,*4(#5)7,V,7,major,40.0
JOBIM,36,Modinha,1,2,2,v0,*m,I,2,minor,1.0
JOBIM,36,Modinha,2,2,2,z2,*m7.9,I,2,minor,2.0
JOBIM,36,Modinha,3,3,3,V0,*,bII7M,2,minor,3.0
JOBIM,36,Modinha,4,3,3,Z0,*M7,bII7M,2,minor,4.0
JOBIM,36,Modinha,5,4,4,x4,*°7.14,V°,2,minor,5.0
JOBIM,36,Modinha,6,7,7,z2,*m7.9,IV,2,minor,6.0
JOBIM,36,Modinha,7,6,6,Y2.4,*7(#9),SubV/III,2,minor,6.5
JOBIM,36,Modinha,8,5,5,Z0,*M7,III,2,minor,7.0
JOBIM,36,Modinha,9,9,4,Y0,*7,V,2,minor,8.0
JOBIM,36,Modinha,10,3,3,Y2.1,*7.9(#11),SubV,2,minor,8.5
JOBIM,36,Modinha,11,2,2,v0,*m,I,2,minor,9.0
JOBIM,36,Modinha,12,2,2,z2,*m7.9,I,2,minor,10.0
JOBIM,36,Modinha,13,3,3,V0,*,bII7M,2,minor,11.0
JOBIM,36,Modinha,14,3,3,Z0,*M7,bII7M,2,minor,12.0
JOBIM,36,Modinha,15,4,4,x4,*°7.14,V°,2,minor,13.0
JOBIM,36,Modinha,16,7,7,z2,*m7.9,IV,2,minor,14.0
JOBIM,36,Modinha,17,6,6,Y2.4,*7(#9),SubV/III,2,minor,14.5
JOBIM,36,Modinha,18,5,5,Z0,*M7,III,5,major,15.0
JOBIM,36,Modinha,19,6,6,x3,*°7(b13),V°/IV,5,major,16.0
JOBIM,36,Modinha,20,10,10,Z2,*M7.9,IV,5,major,17.0
JOBIM,36,Modinha,21,11,11,y0,*Ø,#IVm7(b5),5,major,18.0
JOBIM,36,Modinha,22,5,0,V0,*,I,5,major,19.0
JOBIM,36,Modinha,23,5,1,V1.2,*4(#5),I,5,major,19.5
JOBIM,36,Modinha,24,2,2,v0,*m,I,2,minor,20.0
JOBIM,36,Modinha,25,2,1,w0,*mM7,I,2,minor,20.25
JOBIM,36,Modinha,26,2,0,z0,*m7,I,2,minor,20.5
JOBIM,36,Modinha,27,2,11,z1,*m6,I,2,minor,20.75
JOBIM,36,Modinha,28,10,10,z1,*m6,bVIm7,2,minor,21.0
JOBIM,36,Modinha,29,7,7,z2,*m7.9,IV,2,minor,22.0
JOBIM,36,Modinha,30,2,2,v0,*m,I,2,minor,23.0
JOBIM,36,Modinha,31,10,10,z1,*m6,bVIm7,2,minor,24.0
JOBIM,36,Modinha,32,7,7,z2,*m7.9,IV,2,minor,25.0
JOBIM,36,Modinha,33,2,2,z0,*m7,I,2,minor,26.0
JOBIM,36,Modinha,34,2,2,Z2,*M7.9,I,2,major,27.0
JOBIM,37,O amor em paz,1,2,2,z0,*m7,II,0,major,1.0
JOBIM,37,O amor em paz,2,7,7,W1,*4(#5)7,V,0,major,2.0
JOBIM,37,O amor em paz,3,0,0,Z0,*M7,I,0,major,3.0
JOBIM,37,O amor em paz,4,9,9,Y2.2.1.1,*7(b9.b13),V/II,0,major,4.0
JOBIM,37,O amor em paz,5,2,2,z0,*m7,II,0,major,5.0
JOBIM,37,O amor em paz,6,3,3,x0,*°7,V°/III,0,major,6.0
JOBIM,37,O amor em paz,7,4,4,z0,*m7,III,0,major,7.0
JOBIM,37,O amor em paz,8,9,4,Y2.3,*7(b9),V/II,0,major,8.5
JOBIM,37,O amor em paz,9,0,0,z0,*m7,Im7,0,major,9.0
JOBIM,37,O amor em paz,10,5,5,Y2,*7.9,IV7,0,major,10.0
JOBIM,37,O amor em paz,11,10,10,Z0,*M7,bVII7M,0,major,11.0
JOBIM,37,O amor em paz,12,10,10,Z1,*6,bVII7M,0,major,12.0
JOBIM,37,O amor em paz,13,11,11,y0,*Ø,II__X,0,major,13.0
JOBIM,37,O amor em paz,14,4,4,Y2.3,*7(b9),V/VI,0,major,14.0
JOBIM,37,O amor em paz,15,9,9,Z0,*M7,VIM7,0,major,15.0
JOBIM,37,O amor em paz,16,9,9,Y2.3,*7(b9),V/II,0,major,16.0
JOBIM,37,O amor em paz,17,2,2,z0,*m7,II,0,major,17.0
JOBIM,37,O amor em paz,18,7,7,W1,*4(#5)7,V,0,major,18.0
JOBIM,37,O amor em paz,19,0,0,Z0,*M7,I,0,major,19.0
JOBIM,37,O amor em paz,20,9,9,Y2.2.1.1,*7(b9.b13),V/II,0,major,20.0
JOBIM,37,O amor em paz,21,2,2,z0,*m7,II,0,major,21.0
JOBIM,37,O amor em paz,22,3,3,x0,*°7,V°/III,0,major,22.0
JOBIM,37,O amor em paz,23,4,4,z0,*m7,III,0,major,23.0
JOBIM,37,O amor em paz,24,9,4,Y2.3,*7(b9),V/II,0,major,24.0
JOBIM,37,O amor em paz,25,0,0,z0,*m7,Im7,0,major,25.0
JOBIM,37,O amor em paz,26,5,5,Y2,*7.9,IV7,0,major,26.0
JOBIM,37,O amor em paz,27,10,10,Z0,*M7,bVII7M,0,major,27.0
JOBIM,37,O amor em paz,28,10,10,Z1,*6,bVII7M,0,major,28.0
JOBIM,37,O amor em paz,29,11,11,y0,*Ø,II__X,0,major,29.0
JOBIM,37,O amor em paz,30,4,4,Y2.3,*7(b9),V,9,major,30.0
JOBIM,37,O amor em paz,31,9,9,Z0,*M7,I,9,major,31.0
JOBIM,37,O amor em paz,32,2,2,Y2,*7.9,IV7,9,major,32.0
JOBIM,37,O amor em paz,33,7,7,Z0,*M7,bVII7M,9,major,33.0
JOBIM,37,O amor em paz,34,7,7,z1,*m6,bVIIm7,9,major,34.0
JOBIM,37,O amor em paz,35,5,5,Z0,*M7,IV,0,major,35.0
JOBIM,37,O amor em paz,36,6,6,x0,*°7,V°/V,0,major,37.0
JOBIM,37,O amor em paz,37,5,5,z1,*m6,IVm7,0,major,38.0
JOBIM,37,O amor em paz,38,4,4,z1,*m6,II__X,0,major,39.0
JOBIM,37,O amor em paz,39,3,3,Y3,*7(#11),SubV/II,0,major,40.0
JOBIM,37,O amor em paz,40,2,2,Y0,*7,V/V,0,major,41.0
JOBIM,37,O amor em paz,41,2,2,z0,*m7,II,0,major,42.0
JOBIM,37,O amor em paz,42,9,0,v0,*m,VI,0,major,43.0
JOBIM,37,O amor em paz,43,11,11,Y0,*7,V/III,0,major,44.0
JOBIM,37,O amor em paz,44,10,10,Z0,*M7,bII7M,9,minor,45.0
JOBIM,37,O amor em paz,45,9,9,v0,*m,I,9,minor,47.0
JOBIM,37,O amor em paz,46,9,9,z1.1.2,*m(b6)9,I,9,minor,48.0
JOBIM,38,Pois e,1,3,3,Y2.2,*7.9.13,SubV/IV,9,minor,1.0
JOBIM,38,Pois e,2,2,2,Y2.2,*7.9.13,IV7,9,minor,2.0
JOBIM,38,Pois e,3,9,9,z1.3,*m(b6),I,9,minor,2.5
JOBIM,38,Pois e,4,9,9,z1,*m6,I,9,minor,3.0
JOBIM,38,Pois e,5,9,9,z0,*m7,I,9,minor,3.5
JOBIM,38,Pois e,6,9,9,w0,*mM7,I,9,minor,4.0
JOBIM,38,Pois e,7,9,9,z0,*m7,I,9,minor,4.5
JOBIM,38,Pois e,8,9,9,z1,*m6,I,9,minor,5.0
JOBIM,38,Pois e,9,9,9,z1.3,*m(b6),I,9,minor,5.5
JOBIM,38,Pois e,10,9,9,z1,*m6,I,9,minor,6.0
JOBIM,38,Pois e,11,3,3,X0,*(b5)7,SubV/IV,9,minor,6.5
JOBIM,38,Pois e,12,2,2,Y0,*7,IV7,9,minor,7.0
JOBIM,38,Pois e,13,3,3,Y0,*7,aSubV/IV,9,minor,7.5
JOBIM,38,Pois e,14,2,2,Y1.1,*4.7.9,IV7,9,minor,8.0
JOBIM,38,Pois e,15,2,2,Y2.3,*7(b9),IV7,9,minor,9.0
JOBIM,38,Pois e,16,2,2,z0,*m7,I,2,minor,10.0
JOBIM,38,Pois e,17,2,2,z1.3,*m(b6),I,2,minor,10.5
JOBIM,38,Pois e,18,2,2,z1,*m6,I,2,minor,11.0
JOBIM,38,Pois e,19,2,2,z0,*m7,I,2,minor,11.5
JOBIM,38,Pois e,20,2,2,w0,*mM7,I,2,minor,12.0
JOBIM,38,Pois e,21,2,2,z0,*m7,I,2,minor,12.5
JOBIM,38,Pois e,22,2,2,z1,*m6,I,2,minor,13.0
JOBIM,38,Pois e,23,2,2,z1.3,*m(b6),I,2,minor,13.5
JOBIM,38,Pois e,24,2,2,v0,*m,I,2,minor,14.0
JOBIM,38,Pois e,25,8,8,X0,*(b5)7,SubV/IV,2,minor,14.5
JOBIM,38,Pois e,26,7,7,Y0,*7,IV7,2,minor,15.0
JOBIM,38,Pois e,27,6,6,Y0,*7,aSubV/IV,2,minor,15.5
JOBIM,38,Pois e,28,7,7,Y1.1,*4.7.9,IV7,2,minor,16.0
JOBIM,38,Pois e,29,7,7,Y2.3,*7(b9),IV7,2,minor,17.0
JOBIM,38,Pois e,30,7,7,z0,*m7,I,7,minor,18.0
JOBIM,38,Pois e,31,7,7,z1.3,*m(b6),I,7,minor,18.5
JOBIM,38,Pois e,32,7,7,z1,*m6,I,7,minor,19.0
JOBIM,38,Pois e,33,7,7,z0,*m7,I,7,minor,19.5
JOBIM,38,Pois e,34,7,7,w0,*mM7,I,7,minor,20.0
JOBIM,38,Pois e,35,7,7,z0,*m7,I,7,minor,20.5
JOBIM,38,Pois e,36,7,7,z1,*m6,I,7,minor,21.0
JOBIM,38,Pois e,37,7,7,z1.3,*m(b6),I,7,minor,21.5
JOBIM,38,Pois e,38,7,7,z0,*m7,I,7,minor,22.0
JOBIM,38,Pois e,39,7,7,y1,*Ø.9,?,7,minor,22.5
JOBIM,38,Pois e,40,0,7,Y0,*7,IV7,7,minor,23.0
JOBIM,38,Pois e,41,2,6,Y0,*7,V,7,minor,24.0
JOBIM,38,Pois e,42,2,5,v0,*m,IV,9,minor,26.0
JOBIM,38,Pois e,43,4,4,Y0,*7,V,9,minor,27.0
JOBIM,38,Pois e,44,3,3,Z0,*M7,Np/IV,9,minor,28.0
JOBIM,38,Pois e,45,2,2,Y0,*7,IV7,9,minor,29.0
JOBIM,38,Pois e,46,7,7,Y1.1,*4.7.9,V/III,9,minor,30.0
JOBIM,38,Pois e,47,7,7,Y1.1.3,*4.7(b9),V/III,9,minor,31.0
JOBIM,38,Pois e,48,0,0,Z2,*M7.9,III,9,minor,32.0
JOBIM,38,Pois e,49,9,9,z0,*m7,I,9,minor,33.0
JOBIM,38,Pois e,50,2,2,Y2.1.1.1,*7(b9.#11)13,IV7,9,minor,34.0
JOBIM,39,Sabia,1,5,5,x3,*°7(b13),bIII°,2,major,1.0
JOBIM,39,Sabia,2,4,4,z0,*m7,II,2,major,2.0
JOBIM,39,Sabia,3,9,9,Y0,*7,V,5,major,3.0
JOBIM,39,Sabia,4,2,6,Z0,*M7,I,2,major,4.0
JOBIM,39,Sabia,5,5,5,x3,*°7(b13),bIII°,2,major,5.0
JOBIM,39,Sabia,6,4,4,z0,*m7,II,2,major,6.0
JOBIM,39,Sabia,7,6,6,Y0,*7,V/VI,2,major,7.0
JOBIM,39,Sabia,8,11,11,z2,*m7.9,VI,2,major,8.0
JOBIM,39,Sabia,9,7,10,w0,*mM7,IVm7,2,major,9.0
JOBIM,39,Sabia,10,9,9,Y4,*7.13,V,2,major,10.0
JOBIM,39,Sabia,11,8,8,Z4,*(#5)M7,aNP/IV,2,major,11.0
JOBIM,39,Sabia,12,7,7,Z0,*M7,IV,2,major,12.0
JOBIM,39,Sabia,13,6,6,z0,*m7,III,2,major,13.0
JOBIM,39,Sabia,14,4,4,z0,*m7,II,2,major,14.0
JOBIM,39,Sabia,15,6,6,Y2.3,*7(b9),V/VI,2,major,15.0
JOBIM,39,Sabia,16,11,11,z0,*m7,VI,2,major,16.0
JOBIM,39,Sabia,17,2,6,Y0,*7,V/IV,2,major,17.0
JOBIM,39,Sabia,18,8,8,x0,*°7,V°/V,2,major,18.0
JOBIM,39,Sabia,19,7,7,x0,*°7,V°,2,major,19.0
JOBIM,39,Sabia,20,11,11,z0,*m7,VI,2,major,20.0
JOBIM,39,Sabia,21,11,9,Y0,*7,VI,2,major,21.0
JOBIM,39,Sabia,22,8,8,x0,*°7,V°/V,2,major,22.0
JOBIM,39,Sabia,23,7,7,x0,*°7,V°,2,major,23.0
JOBIM,39,Sabia,24,2,6,Z0,*M7,I,2,major,24.0
JOBIM,39,Sabia,25,5,5,x2,*°7.11,bIII°,2,major,25.0
JOBIM,39,Sabia,26,4,4,z0,*m7,II,2,major,26.0
JOBIM,39,Sabia,27,9,9,Y2.3,*7(b9),V,2,major,27.0
JOBIM,39,Sabia,28,5,5,Z3,*M7(#11),I,5,major,28.0
JOBIM,39,Sabia,29,5,5,Z0,*M7,I,5,major,29.0
JOBIM,39,Sabia,30,8,8,x0,*°7,bIII°,5,major,29.5
JOBIM,39,Sabia,31,7,7,z0,*m7,II,5,major,30.0
JOBIM,39,Sabia,32,0,0,Y2.3,*7(b9),V,5,major,31.0
JOBIM,39,Sabia,33,5,5,v0,*m,IV,0,minor,32.0
JOBIM,39,Sabia,34,0,3,v0,*m,I,0,minor,32.5
JOBIM,39,Sabia,35,2,2,z0,*m7,II,0,minor,33.0
JOBIM,39,Sabia,36,7,7,Y2.3,*7(b9),V,0,minor,33.5
JOBIM,39,Sabia,37,0,0,v0,*m,I,0,minor,34.0
JOBIM,39,Sabia,38,5,8,x0,*°7,V°,0,minor,36.0
JOBIM,39,Sabia,39,0,0,v0,*m,I,0,minor,37.0
JOBIM,39,Sabia,40,5,5,Y2.3,*7(b9),V,10,minor,38.0
JOBIM,39,Sabia,41,10,10,z0,*m7,I,10,minor,39.0
JOBIM,39,Sabia,42,3,6,x0,*°7,V°,10,minor,40.0
JOBIM,39,Sabia,43,10,10,z0,*m7,I,10,minor,41.0
JOBIM,39,Sabia,44,3,3,Y1,*4.7,IV7,10,minor,42.0
JOBIM,39,Sabia,45,0,4,Y0,*7,V/V,10,minor,42.5
JOBIM,39,Sabia,46,5,5,v0,*m,Vm7,10,minor,43.0
JOBIM,39,Sabia,47,4,4,V4,*(#5),?,2,major,44.0
JOBIM,39,Sabia,48,8,3,z0,*m7,?,2,major,45.0
JOBIM,39,Sabia,49,10,2,v0,*m,VI,2,major,46.0
JOBIM,39,Sabia,50,2,2,Y0,*7,V/IV,2,major,46.5
JOBIM,39,Sabia,51,9,0,v0,*m,Vm7,2,major,47.0
JOBIM,39,Sabia,52,11,11,Y1,*4.7,V/II,2,major,48.0
JOBIM,39,Sabia,53,11,11,Y0,*7,V/II,2,major,48.5
JOBIM,39,Sabia,54,9,9,Y1,*4.7,V,2,major,49.0
JOBIM,39,Sabia,55,9,9,Y1.1.3,*4.7(b9),V,2,major,50.0
JOBIM,39,Sabia,56,9,9,Y2,*7.9,V,2,major,51.0
JOBIM,39,Sabia,57,6,6,z0,*m7,III,2,major,52.0
JOBIM,39,Sabia,58,5,5,x0,*°7,bIII°,2,major,53.0
JOBIM,39,Sabia,59,2,5,v0,*m,I,2,minor,54.0
JOBIM,39,Sabia,60,4,4,z0,*m7,II,2,minor,54.5
JOBIM,39,Sabia,61,9,9,Y2.3,*7(b9),V,2,minor,55.0
JOBIM,39,Sabia,62,2,2,w0,*mM7,I,2,minor,56.0
JOBIM,39,Sabia,63,2,2,z0,*m7,I,2,minor,57.0
JOBIM,39,Sabia,64,8,8,x0,*°7,V°/V,2,minor,57.5
JOBIM,39,Sabia,65,7,7,z0,*m7,IV,2,minor,58.0
JOBIM,39,Sabia,66,0,0,Y0,*7,V,5,major,59.0
JOBIM,39,Sabia,67,5,5,Z0,*M7,I,5,major,60.0
JOBIM,39,Sabia,68,0,0,z1,*m6,Vm7,5,major,61.0
JOBIM,39,Sabia,69,10,10,Z0,*M7,IV,5,major,62.0
JOBIM,39,Sabia,70,7,7,z0,*m7,IV,5,major,63.0
JOBIM,39,Sabia,71,2,2,z0,*m7,VI,5,major,64.0
JOBIM,39,Sabia,72,5,0,Y0,*7,V/IV,5,major,65.0
JOBIM,39,Sabia,73,10,10,Z0,*M7,IV,5,major,66.0
JOBIM,39,Sabia,74,7,7,z0,*m7,II,5,major,67.0
JOBIM,39,Sabia,75,2,2,z0,*m7,I,2,minor,68.0
JOBIM,39,Sabia,76,7,7,z0,*m7,IV,2,minor,69.0
JOBIM,39,Sabia,77,2,2,z0,*m7,I,2,minor,70.0
JOBIM,39,Sabia,78,7,7,z0,*m7,IV,2,minor,71.0
JOBIM,39,Sabia,79,2,2,z0,*m7,I,2,minor,72.0
JOBIM,39,Sabia,80,7,7,z0,*m7,IV,2,minor,73.0
JOBIM,39,Sabia,81,2,2,z0,*m7,I,2,minor,74.0
JOBIM,39,Sabia,82,7,7,z0,*m7,IV,2,minor,75.0
JOBIM,39,Sabia,83,2,2,z1,*m6,I,2,minor,76.0
JOBIM,39,Sabia,84,4,2,X0,*(b5)7,?,2,minor,76.5
JOBIM,39,Sabia,85,3,2,X0,*(b5)7,SubV,2,major,77.0
JOBIM,39,Sabia,86,1,2,X0,*(b5)7,aSubV,2,major,77.5
JOBIM,39,Sabia,87,2,2,Z1.1,*6.9,I,2,major,78.0
JOBIM,39,Sabia,88,11,11,Y1.1,*4.7.9,V/II,2,major,80.0
JOBIM,40,Samba de uma nota so,1,11,11,z0,*m7,II__X,7,major,1.0
JOBIM,40,Samba de uma nota so,2,10,10,Y2,*7.9,SubV/II,7,major,2.0
JOBIM,40,Samba de uma nota so,3,9,9,z3,*m7.11,II,7,major,3.0
JOBIM,40,Samba de uma nota so,4,8,8,Z3,*M7(#11),bII7M,7,major,4.0
JOBIM,40,Samba de uma nota so,5,8,8,Y3,*7(#11),SubV,7,major,4.5
JOBIM,40,Samba de uma nota so,6,11,11,z0,*m7,II__X,7,major,5.0
JOBIM,40,Samba de uma nota so,7,10,10,Y2,*7.9,SubV/II,7,major,6.0
JOBIM,40,Samba de uma nota so,8,9,9,z3,*m7.11,II,7,major,7.0
JOBIM,40,Samba de uma nota so,9,8,8,Y2.1,*7.9(#11),SubV,7,major,8.0
JOBIM,40,Samba de uma nota so,10,2,2,z2,*m7.9,II__X,7,major,9.0
JOBIM,40,Samba de uma nota so,11,1,1,Y2,*7.9,SubV/IV,7,major,10.0
JOBIM,40,Samba de uma nota so,12,0,0,Z2,*M7.9,IV,7,major,11.0
JOBIM,40,Samba de uma nota so,13,0,0,w1,*mM7.9,IVm7,7,major,12.0
JOBIM,40,Samba de uma nota so,14,0,0,z1,*m6,IVm7,7,major,12.5
JOBIM,40,Samba de uma nota so,15,11,11,z0,*m7,II__X,7,major,13.0
JOBIM,40,Samba de uma nota so,16,10,10,Y2,*7.9,SubV/II,7,major,13.5
JOBIM,40,Samba de uma nota so,17,9,9,z3,*m7.11,II,7,major,14.0
JOBIM,40,Samba de uma nota so,18,8,8,Z3,*M7(#11),bII7M,7,major,15.0
JOBIM,40,Samba de uma nota so,19,8,8,Y3,*7(#11),SubV,7,major,15.5
JOBIM,40,Samba de uma nota so,20,7,7,Z1,*6,I,7,major,16.0
JOBIM,40,Samba de uma nota so,21,0,0,z0,*m7,II,10,major,17.0
JOBIM,40,Samba de uma nota so,22,5,5,Y0,*7,V,10,major,18.0
JOBIM,40,Samba de uma nota so,23,10,10,Z0,*M7,I,10,major,19.0
JOBIM,40,Samba de uma nota so,24,3,3,Z0,*M7,IV,10,major,19.5
JOBIM,40,Samba de uma nota so,25,10,10,Z0,*M7,I,10,major,20.0
JOBIM,40,Samba de uma nota so,26,3,3,Z0,*M7,IV,10,major,20.5
JOBIM,40,Samba de uma nota so,27,10,10,z0,*m7,II,8,major,21.0
JOBIM,40,Samba de uma nota so,28,3,3,Y0,*7,V,8,major,22.0
JOBIM,40,Samba de uma nota so,29,8,8,Z0,*M7,I,8,major,23.0
JOBIM,40,Samba de uma nota so,30,1,1,Z0,*M7,IV,8,major,23.5
JOBIM,40,Samba de uma nota so,31,9,9,y0,*Ø,II__X,7,major,24.0
JOBIM,40,Samba de uma nota so,32,8,8,Y3,*7(#11),SubV,7,major,24.5
JOBIM,40,Samba de uma nota so,33,11,11,z0,*m7,II__X,7,major,25.0
JOBIM,40,Samba de uma nota so,34,10,10,Y2,*7.9,SubV/II,7,major,26.0
JOBIM,40,Samba de uma nota so,35,9,9,z3,*m7.11,II,7,major,27.0
JOBIM,40,Samba de uma nota so,36,8,8,Z3,*M7(#11),bII7M,7,major,28.0
JOBIM,40,Samba de uma nota so,37,8,8,Y3,*7(#11),SubV,7,major,28.5
JOBIM,40,Samba de uma nota so,38,11,11,z0,*m7,II__X,7,major,29.0
JOBIM,40,Samba de uma nota so,39,10,10,Y2,*7.9,SubV/II,7,major,30.0
JOBIM,40,Samba de uma nota so,40,9,9,z3,*m7.11,II,7,major,31.0
JOBIM,40,Samba de uma nota so,41,8,8,Y2.1,*7.9(#11),SubV,7,major,32.0
JOBIM,40,Samba de uma nota so,42,2,2,z2,*m7.9,II__X,7,major,33.0
JOBIM,40,Samba de uma nota so,43,1,1,Y2,*7.9,SubV/IV,7,major,34.0
JOBIM,40,Samba de uma nota so,44,0,0,Z2,*M7.9,IV,7,major,35.0
JOBIM,40,Samba de uma nota so,45,0,0,w1,*mM7.9,IVm7,7,major,36.0
JOBIM,40,Samba de uma nota so,46,0,0,z1,*m6,IVm7,7,major,36.5
JOBIM,40,Samba de uma nota so,47,11,11,z0,*m7,II__X,7,major,37.0
JOBIM,40,Samba de uma nota so,48,10,10,Y2,*7.9,SubV/II,7,major,38.0
JOBIM,40,Samba de uma nota so,49,9,9,z3,*m7.11,II,7,major,38.5
JOBIM,40,Samba de uma nota so,50,8,8,Z3,*M7(#11),bII7M,7,major,39.0
JOBIM,40,Samba de uma nota so,51,8,8,Y3,*7(#11),SubV,7,major,39.5
JOBIM,40,Samba de uma nota so,52,7,7,Z1,*6,I,7,major,40.0
JOBIM,41,Samba do aviao,1,2,6,Z1.1,*6.9,I,2,major,1.0
JOBIM,41,Samba do aviao,2,0,0,Z1.1,*6.9,bVII7M,2,major,1.5
JOBIM,41,Samba do aviao,3,2,6,Z1.1,*6.9,I,2,major,2.0
JOBIM,41,Samba do aviao,4,0,0,Z1.1,*6.9,bVII7M,2,major,3.5
JOBIM,41,Samba do aviao,5,2,6,Z1.1,*6.9,I,2,major,4.0
JOBIM,41,Samba do aviao,6,3,3,Z4,*(#5)M7,bII7M,2,major,4.5
JOBIM,41,Samba do aviao,7,3,3,Z1,*6,bII7M,2,major,4.75
JOBIM,41,Samba do aviao,8,2,6,Z1.1,*6.9,I,2,major,5.0
JOBIM,41,Samba do aviao,9,0,0,Z1.1,*6.9,bVII7M,2,major,5.5
JOBIM,41,Samba do aviao,10,2,6,Z1.1,*6.9,I,2,major,7.0
JOBIM,41,Samba do aviao,11,5,5,Z1.1,*6.9,bIII7M,2,major,7.5
JOBIM,41,Samba do aviao,12,2,6,Z1.1,*6.9,I,2,major,8.0
JOBIM,41,Samba do aviao,13,0,0,z1,*m6,bVIIm7,2,major,9.0
JOBIM,41,Samba do aviao,14,10,0,z1,*m6,bVIm7,2,major,9.5
JOBIM,41,Samba do aviao,15,0,0,Y2,*7.9,bVII7,2,major,10.0
JOBIM,41,Samba do aviao,16,10,10,Y2,*7.9,?,2,major,10.5
JOBIM,41,Samba do aviao,17,0,0,Y2,*7.9,bVII7,2,major,11.0
JOBIM,41,Samba do aviao,18,2,6,Z1.1,*6.9,I,2,major,12.0
JOBIM,41,Samba do aviao,19,0,0,Z1.1,*6.9,bVII7M,2,major,12.5
JOBIM,41,Samba do aviao,20,2,6,Z1.1,*6.9,I,2,major,13.0
JOBIM,41,Samba do aviao,21,2,2,V0,*,I,2,major,14.0
JOBIM,41,Samba do aviao,22,0,0,V0,*,bVII7M,2,major,14.5
JOBIM,41,Samba do aviao,23,5,5,Z1,*6,SubV/III,2,major,14.75
JOBIM,41,Samba do aviao,24,4,4,Y0,*7,V/V,2,major,15.0
JOBIM,41,Samba do aviao,25,3,3,Z0,*M7,bII7M,2,major,15.5
JOBIM,41,Samba do aviao,26,2,2,Z0,*M7,I,2,major,17.0
JOBIM,41,Samba do aviao,27,10,5,Y0,*7,SubV/V,2,major,18.0
JOBIM,41,Samba do aviao,28,4,4,z0,*m7,II,2,major,19.0
JOBIM,41,Samba do aviao,29,5,5,x3,*°7(b13),V°/III,2,major,20.0
JOBIM,41,Samba do aviao,30,6,6,z0,*m7,III,2,major,21.0
JOBIM,41,Samba do aviao,31,6,6,Y0,*7,aSubV/IV,2,major,22.0
JOBIM,41,Samba do aviao,32,7,7,Z0,*M7,IV,2,major,23.0
JOBIM,41,Samba do aviao,33,7,7,z1,*m6,IVm7,2,major,24.0
JOBIM,41,Samba do aviao,34,2,6,Z0,*M7,I,2,major,25.0
JOBIM,41,Samba do aviao,35,5,5,x0,*°7,V°/III,2,major,26.0
JOBIM,41,Samba do aviao,36,6,6,y0,*Ø,II__X,2,major,27.0
JOBIM,41,Samba do aviao,37,11,11,Y4.1,*7(b13),V/II,2,major,28.0
JOBIM,41,Samba do aviao,38,4,4,Y4,*7.13,V/V,2,major,29.0
JOBIM,41,Samba do aviao,39,4,4,Y4.1,*7(b13),V/V,2,major,29.5
JOBIM,41,Samba do aviao,40,4,4,Y0,*7,V/V,2,major,30.0
JOBIM,41,Samba do aviao,41,4,4,Y3,*7(#11),V/V,2,major,30.5
JOBIM,41,Samba do aviao,42,9,9,Y1.1,*4.7.9,V,2,major,31.0
JOBIM,41,Samba do aviao,43,9,9,Y2,*7.9,V,2,major,31.5
JOBIM,41,Samba do aviao,44,9,9,z0,*m7,Vm7,2,major,32.0
JOBIM,41,Samba do aviao,45,9,9,Y1.1,*4.7.9,V,2,major,32.5
JOBIM,41,Samba do aviao,46,9,9,Y2.3,*7(b9),V,2,major,32.75
JOBIM,41,Samba do aviao,47,2,2,Z0,*M7,I,2,major,33.0
JOBIM,41,Samba do aviao,48,10,5,Y0,*7,SubV/V,2,major,34.0
JOBIM,41,Samba do aviao,49,4,4,z0,*m7,II,2,major,35.0
JOBIM,41,Samba do aviao,50,5,5,x0,*°7,V°/III,2,major,36.0
JOBIM,41,Samba do aviao,51,6,6,z0,*m7,III,2,major,37.0
JOBIM,41,Samba do aviao,52,6,6,Y0,*7,aSubV/IV,2,major,38.0
JOBIM,41,Samba do aviao,53,7,7,Z0,*M7,IV,2,major,39.0
JOBIM,41,Samba do aviao,54,7,7,z1,*m6,IVm7,2,major,40.0
JOBIM,41,Samba do aviao,55,7,7,Z0,*M7,IV,2,major,41.0
JOBIM,41,Samba do aviao,56,7,7,y0,*Ø,IVm7,2,major,41.5
JOBIM,41,Samba do aviao,57,7,7,z0,*m7,IVm7,2,major,42.0
JOBIM,41,Samba do aviao,58,7,7,z1,*m6,IVm7,2,major,42.5
JOBIM,41,Samba do aviao,59,2,2,Z0,*M7,I,2,major,43.0
JOBIM,41,Samba do aviao,60,2,2,Z1,*6,I,2,major,43.5
JOBIM,41,Samba do aviao,61,2,2,x4,*°7.14,I°,2,major,44.0
JOBIM,41,Samba do aviao,62,2,2,x3,*°7(b13),I°,2,major,44.5
JOBIM,41,Samba do aviao,63,7,7,w0,*mM7,IVm7,2,major,45.0
JOBIM,41,Samba do aviao,64,7,7,z1,*m6,IVm7,2,major,45.5
JOBIM,41,Samba do aviao,65,7,7,w0,*mM7,IVm7,2,major,46.0
JOBIM,41,Samba do aviao,66,7,7,z1,*m6,IVm7,2,major,46.5
JOBIM,41,Samba do aviao,67,6,6,z0,*m7,II__X,2,major,47.0
JOBIM,41,Samba do aviao,68,11,11,Y2.2.1.1,*7(b9.b13),V/II,2,major,47.5
JOBIM,41,Samba do aviao,69,4,4,z0,*m7,II,2,major,48.0
JOBIM,41,Samba do aviao,70,9,9,Y2.2.1.1,*7(b9.b13),V,2,major,48.5
JOBIM,41,Samba do aviao,71,6,6,z2,*m7.9,II__X,2,major,49.0
JOBIM,41,Samba do aviao,72,11,11,Y1.1.3,*4.7(b9),V/II,2,major,50.0
JOBIM,41,Samba do aviao,73,11,11,Y2.3,*7(b9),V/II,2,major,50.5
JOBIM,41,Samba do aviao,74,4,4,z0,*m7,II,2,major,51.0
JOBIM,41,Samba do aviao,75,4,4,z2,*m7.9,II,2,major,53.0
JOBIM,41,Samba do aviao,76,4,4,z0,*m7,II,2,major,54.0
JOBIM,41,Samba do aviao,77,4,4,Y2.1,*7.9(#11),V/V,2,major,55.0
JOBIM,41,Samba do aviao,78,3,3,Y2.1,*7.9(#11),SubV,2,major,56.0
JOBIM,41,Samba do aviao,79,2,2,Z1.1,*6.9,I,2,major,57.0
JOBIM,42,Se todos fossem iguais a voce,1,5,5,Y0,*7,V,10,major,1.0
JOBIM,42,Se todos fossem iguais a voce,2,5,5,Y2,*7.9,V,10,major,2.0
JOBIM,42,Se todos fossem iguais a voce,3,7,5,Y0,*7,V/V,10,major,3.0
JOBIM,42,Se todos fossem iguais a voce,4,7,5,Y2,*7.9,V/V,10,major,4.0
JOBIM,42,Se todos fossem iguais a voce,5,5,5,Y0,*7,V,10,major,5.0
JOBIM,42,Se todos fossem iguais a voce,6,5,5,Y2,*7.9,V,10,major,6.0
JOBIM,42,Se todos fossem iguais a voce,7,10,5,Z1,*6,I,10,major,7.0
JOBIM,42,Se todos fossem iguais a voce,8,10,10,Z1,*6,I,10,major,7.5
JOBIM,42,Se todos fossem iguais a voce,9,4,4,y0,*Ø,II__X,10,major,8.0
JOBIM,42,Se todos fossem iguais a voce,10,9,9,Y4,*7.13,V/III,10,major,9.0
JOBIM,42,Se todos fossem iguais a voce,11,9,9,Y4.1,*7(b13),V/III,10,major,9.5
JOBIM,42,Se todos fossem iguais a voce,12,2,2,Y1.1,*4.7.9,V/VI,10,major,10.0
JOBIM,42,Se todos fossem iguais a voce,13,2,2,Y2.3,*7(b9),V/VI,10,major,10.5
JOBIM,42,Se todos fossem iguais a voce,14,2,7,Y0,*7,V/VI,10,major,11.0
JOBIM,42,Se todos fossem iguais a voce,15,7,2,z0,*m7,VI,10,major,11.5
JOBIM,42,Se todos fossem iguais a voce,16,10,10,z0,*m7,II,8,major,12.0
JOBIM,42,Se todos fossem iguais a voce,17,3,3,Y2,*7.9,V,8,major,12.5
JOBIM,42,Se todos fossem iguais a voce,18,8,8,Z2,*M7.9,I,8,major,13.0
JOBIM,42,Se todos fossem iguais a voce,19,9,9,y0,*Ø,II,7,major,14.0
JOBIM,42,Se todos fossem iguais a voce,20,2,2,Y2.3,*7(b9),V,7,major,14.5
JOBIM,42,Se todos fossem iguais a voce,21,7,7,Z0,*M7,I,7,major,15.0
JOBIM,42,Se todos fossem iguais a voce,22,8,8,x0,*°7,V°/II,7,major,15.5
JOBIM,42,Se todos fossem iguais a voce,23,9,9,z0,*m7,II,7,major,16.0
JOBIM,42,Se todos fossem iguais a voce,24,0,0,z0,*m7,II,10,major,16.5
JOBIM,42,Se todos fossem iguais a voce,25,5,5,W0,*(#5)7,V,10,major,16.75
JOBIM,42,Se todos fossem iguais a voce,26,10,10,Z0,*M7,I,10,major,17.0
JOBIM,42,Se todos fossem iguais a voce,27,10,10,Z1,*6,I,10,major,17.5
JOBIM,42,Se todos fossem iguais a voce,28,9,9,y0,*Ø,II__X,10,major,18.0
JOBIM,42,Se todos fossem iguais a voce,29,2,2,Y2.3,*7(b9),V/VI,10,major,18.5
JOBIM,42,Se todos fossem iguais a voce,30,7,7,w0,*mM7,II__X,10,major,19.0
JOBIM,42,Se todos fossem iguais a voce,31,0,7,Y0,*7,V/V,10,major,19.5
JOBIM,42,Se todos fossem iguais a voce,32,5,5,y0,*Ø,II__X,10,major,20.0
JOBIM,42,Se todos fossem iguais a voce,33,10,10,Y2,*7.9,V/IV,10,major,20.5
JOBIM,42,Se todos fossem iguais a voce,34,3,3,Z0,*M7,IV,10,major,21.0
JOBIM,42,Se todos fossem iguais a voce,35,3,3,Z1,*6,IV,10,major,21.5
JOBIM,42,Se todos fossem iguais a voce,36,2,2,y0,*Ø,II__X,10,major,22.0
JOBIM,42,Se todos fossem iguais a voce,37,7,7,Y2.3,*7(b9),V/II,10,major,22.5
JOBIM,42,Se todos fossem iguais a voce,38,0,0,z0,*m7,II,10,major,23.0
JOBIM,42,Se todos fossem iguais a voce,39,5,5,Y1.1,*4.7.9,V,10,major,24.0
JOBIM,42,Se todos fossem iguais a voce,40,5,5,Y2,*7.9,V,10,major,24.5
JOBIM,42,Se todos fossem iguais a voce,41,5,5,Y4,*7.13,V,10,major,25.0
JOBIM,42,Se todos fossem iguais a voce,42,5,5,Z4,*(#5)M7,?,10,major,26.0
JOBIM,42,Se todos fossem iguais a voce,43,10,10,Z1,*6,I,10,major,27.0
JOBIM,42,Se todos fossem iguais a voce,44,4,4,y0,*Ø,II__X,10,major,29.0
JOBIM,42,Se todos fossem iguais a voce,45,9,9,Y2.2.1.1,*7(b9.b13),V/III,10,major,30.0
JOBIM,42,Se todos fossem iguais a voce,46,2,2,z2,*m7.9,III,10,major,31.0
JOBIM,42,Se todos fossem iguais a voce,47,10,10,z1,*m6,Im7,10,major,31.5
JOBIM,42,Se todos fossem iguais a voce,48,5,5,z2,*m7.9,Vm7,10,major,32.0
JOBIM,42,Se todos fossem iguais a voce,49,5,5,Y0,*7,V,10,major,32.5
JOBIM,42,Se todos fossem iguais a voce,50,10,10,Y1.1,*4.7.9,V/IV,10,major,33.0
JOBIM,42,Se todos fossem iguais a voce,51,10,10,Y2.3,*7(b9),V/IV,10,major,33.5
JOBIM,42,Se todos fossem iguais a voce,52,3,10,V0,*,IV,10,major,34.0
JOBIM,42,Se todos fossem iguais a voce,53,10,10,Z2.2,*(#5)M7.9,I,10,major,34.5
JOBIM,42,Se todos fossem iguais a voce,54,7,10,v0,*m,VI,10,major,35.0
JOBIM,42,Se todos fossem iguais a voce,55,10,10,Y1.1,*4.7.9,V/IV,10,major,36.0
JOBIM,42,Se todos fossem iguais a voce,56,10,10,Y2,*7.9,V/IV,10,major,36.5
JOBIM,42,Se todos fossem iguais a voce,57,3,3,Z0,*M7,IV,10,major,37.0
JOBIM,42,Se todos fossem iguais a voce,58,3,3,Z1,*6,IV,10,major,37.5
JOBIM,42,Se todos fossem iguais a voce,59,2,2,y0,*Ø,II__X,10,major,38.0
JOBIM,42,Se todos fossem iguais a voce,60,7,7,Y2.3,*7(b9),V/II,10,major,38.5
JOBIM,42,Se todos fossem iguais a voce,61,3,3,Z0,*M7,IV,10,major,39.0
JOBIM,42,Se todos fossem iguais a voce,62,4,4,y0,*Ø,#IVm7(b5),10,major,41.0
JOBIM,42,Se todos fossem iguais a voce,63,3,3,z0,*m7,IVm7,10,major,42.0
JOBIM,42,Se todos fossem iguais a voce,64,3,3,z1,*m6,IVm7,10,major,42.5
JOBIM,42,Se todos fossem iguais a voce,65,10,2,V1,*4,I,10,major,43.0
JOBIM,42,Se todos fossem iguais a voce,66,1,1,Y1.1.2,*4.7.9.13,SubV/II,10,major,44.0
JOBIM,42,Se todos fossem iguais a voce,67,1,1,Y4,*7.13,SubV/II,10,major,44.5
JOBIM,42,Se todos fossem iguais a voce,68,0,0,Y2,*7.9,V/V,10,major,45.0
JOBIM,42,Se todos fossem iguais a voce,69,0,0,z0,*m7,II,10,major,46.0
JOBIM,42,Se todos fossem iguais a voce,70,5,5,Y1.1.3,*4.7(b9),V,10,major,46.5
JOBIM,42,Se todos fossem iguais a voce,71,6,4,Y0,*7,SubV/V,10,major,47.0
JOBIM,42,Se todos fossem iguais a voce,72,8,3,Y0,*7,bVII7,10,major,49.0
JOBIM,42,Se todos fossem iguais a voce,73,4,2,Y0,*7,?,10,major,51.0
JOBIM,42,Se todos fossem iguais a voce,74,6,1,Y0,*7,?,10,major,53.0
JOBIM,42,Se todos fossem iguais a voce,75,0,0,X2.1,*(b5)7(b9),V/V,10,major,54.0
JOBIM,42,Se todos fossem iguais a voce,76,6,1,Y0,*7,?,10,major,54.5
JOBIM,42,Se todos fossem iguais a voce,77,10,10,Z5,*6.M7,I,10,major,55.0
JOBIM,42,Se todos fossem iguais a voce,78,10,10,Z2,*M7.9,I,10,major,57.0
JOBIM,43,So danco samba,1,1,1,Z1.1,*6.9,I,1,major,1.0
JOBIM,43,So danco samba,2,6,6,Y2,*7.9,IV7,1,major,2.0
JOBIM,43,So danco samba,3,3,3,Y0,*7,V/V,1,major,3.0
JOBIM,43,So danco samba,4,3,3,z0,*m7,II,1,major,5.0
JOBIM,43,So danco samba,5,8,8,Y2,*7.9,V,1,major,6.0
JOBIM,43,So danco samba,6,1,1,Z1.1,*6.9,I,1,major,7.0
JOBIM,43,So danco samba,7,6,6,Y0,*7,IV7,1,major,8.0
JOBIM,43,So danco samba,8,1,1,Z1.1,*6.9,I,1,major,9.0
JOBIM,43,So danco samba,9,6,6,Y2,*7.9,IV7,1,major,10.0
JOBIM,43,So danco samba,10,3,3,Y0,*7,V/V,1,major,11.0
JOBIM,43,So danco samba,11,3,3,z0,*m7,II,1,major,13.0
JOBIM,43,So danco samba,12,8,8,Y2,*7.9,V,1,major,14.0
JOBIM,43,So danco samba,13,1,1,Z1.1,*6.9,I,1,major,15.0
JOBIM,43,So danco samba,14,8,8,z2,*m7.9,II__X,1,major,17.0
JOBIM,43,So danco samba,15,1,1,Y2.2.1.1,*7(b9.b13),V/IV,1,major,18.5
JOBIM,43,So danco samba,16,6,6,Z1,*6,IV,1,major,19.0
JOBIM,43,So danco samba,17,3,3,Y2,*7.9,V/V,1,major,21.0
JOBIM,43,So danco samba,18,3,3,z0,*m7,II,1,major,23.0
JOBIM,43,So danco samba,19,10,10,Y4.1,*7(b13),V/II,1,major,23.5
JOBIM,43,So danco samba,20,3,3,z0,*m7,II,1,major,24.0
JOBIM,43,So danco samba,21,8,8,Y2.2,*7.9.13,V,1,major,24.5
JOBIM,43,So danco samba,22,1,1,Z1.1,*6.9,I,1,major,25.0
JOBIM,43,So danco samba,23,6,6,Y2,*7.9,IV7,1,major,26.0
JOBIM,43,So danco samba,24,3,3,Y0,*7,V/V,1,major,27.0
JOBIM,43,So danco samba,25,3,3,z0,*m7,II,1,major,29.0
JOBIM,43,So danco samba,26,8,8,Y2,*7.9,V,1,major,30.0
JOBIM,43,So danco samba,27,1,1,Z1.1,*6.9,I,1,major,31.0
JOBIM,43,So danco samba,28,1,1,Z0,*M7,I,1,major,33.0
JOBIM,43,So danco samba,29,6,6,Y2,*7.9,IV7,1,major,34.0
JOBIM,43,So danco samba,30,3,3,Y0,*7,V/V,1,major,35.0
JOBIM,43,So danco samba,31,3,3,z1,*m6,II,1,major,37.0
JOBIM,43,So danco samba,32,2,2,Z0,*M7,bII7M,1,major,38.0
JOBIM,43,So danco samba,33,1,1,Z0,*M7,I,1,major,39.0
JOBIM,43,So danco samba,34,6,6,Y0,*7,IV7,1,major,40.0
JOBIM,44,So tinha de ser com voce,1,7,7,Z2,*M7.9,I,7,major,1.0
JOBIM,44,So tinha de ser com voce,2,9,9,Y4,*7.13,V/V,7,major,2.0
JOBIM,44,So tinha de ser com voce,3,8,8,Y4.1,*7(b13),SubV,7,major,2.5
JOBIM,44,So tinha de ser com voce,4,7,7,Z2,*M7.9,I,7,major,3.0
JOBIM,44,So tinha de ser com voce,5,9,9,Y4,*7.13,V/V,7,major,4.0
JOBIM,44,So tinha de ser com voce,6,8,8,Z0,*M7,bII7M,7,major,4.5
JOBIM,44,So tinha de ser com voce,7,8,8,Y2,*7.9,SubV,7,major,4.75
JOBIM,44,So tinha de ser com voce,8,7,7,Z2,*M7.9,I,7,major,5.0
JOBIM,44,So tinha de ser com voce,9,2,2,W0,*(#5)7,V,7,major,6.0
JOBIM,44,So tinha de ser com voce,10,2,2,z0,*m7,II__X,7,major,7.0
JOBIM,44,So tinha de ser com voce,11,7,7,Y2.3,*7(b9),V/IV,7,major,8.0
JOBIM,44,So tinha de ser com voce,12,1,1,y0,*Ø,#IVm7(b5),7,major,9.0
JOBIM,44,So tinha de ser com voce,13,0,0,z1,*m6,IVm7,7,major,10.0
JOBIM,44,So tinha de ser com voce,14,11,11,Y4.1,*7(b13),V/VI,7,major,11.0
JOBIM,44,So tinha de ser com voce,15,4,4,Y2.3,*7(b9),V/II,7,major,12.0
JOBIM,44,So tinha de ser com voce,16,9,9,Y4,*7.13,V/V,7,major,13.0
JOBIM,44,So tinha de ser com voce,17,2,2,Y2.3,*7(b9),V,7,major,14.0
JOBIM,44,So tinha de ser com voce,18,7,7,z0,*m7,II__X,7,major,15.0
JOBIM,44,So tinha de ser com voce,19,0,0,Y4,*7.13,IV7,7,major,16.0
JOBIM,44,So tinha de ser com voce,20,5,5,Y2,*7.9,SubV/VI,7,major,16.5
JOBIM,44,So tinha de ser com voce,21,10,10,Y4,*7.13,SubV/II,7,major,17.0
JOBIM,44,So tinha de ser com voce,22,3,3,Y0,*7,SubV/V,7,major,17.5
JOBIM,44,So tinha de ser com voce,23,2,2,Y1.1,*4.7.9,V,7,major,18.0
JOBIM,44,So tinha de ser com voce,24,2,2,Y2.3,*7(b9),V,7,major,18.5
JOBIM,44,So tinha de ser com voce,25,7,7,Z2,*M7.9,I,7,major,19.0
JOBIM,44,So tinha de ser com voce,26,0,7,z1,*m6,IVm7,7,major,20.0
JOBIM,44,So tinha de ser com voce,27,7,7,Z2,*M7.9,I,7,major,21.0
JOBIM,44,So tinha de ser com voce,28,9,9,Y2.2.1,*7(b9)13,V/V,7,major,22.0
JOBIM,44,So tinha de ser com voce,29,8,8,Y2.2,*7.9.13,SubV/V,7,major,22.25
JOBIM,44,So tinha de ser com voce,30,2,2,Y2.3,*7(b9),V,7,major,22.5
JOBIM,44,So tinha de ser com voce,31,7,7,z2,*m7.9,Im7,7,major,23.0
JOBIM,44,So tinha de ser com voce,32,2,2,Y2.4,*7(#9),V,7,major,24.0
JOBIM,44,So tinha de ser com voce,33,7,7,Y1.1,*4.7.9,V/IV,7,major,25.0
JOBIM,44,So tinha de ser com voce,34,7,7,Y4,*7.13,V/IV,7,major,26.0
JOBIM,44,So tinha de ser com voce,35,0,0,Z2,*M7.9,IV,7,major,27.0
JOBIM,44,So tinha de ser com voce,36,0,0,z2,*m7.9,IVm7,7,major,28.0
JOBIM,44,So tinha de ser com voce,37,11,11,Y2.2,*7.9.13,V/VI,7,major,29.0
JOBIM,44,So tinha de ser com voce,38,10,10,Y2.2,*7.9.13,SubV/II,7,major,30.0
JOBIM,44,So tinha de ser com voce,39,3,3,Z0,*M7,bVI7M,7,major,31.0
JOBIM,44,So tinha de ser com voce,40,8,8,Z2.1,*M7.9(#11),bII7M,7,major,32.0
JOBIM,44,So tinha de ser com voce,41,7,7,Y0,*7,V/IV,7,major,33.0
JOBIM,44,So tinha de ser com voce,42,0,0,Y2,*7.9,IV7,7,major,34.0
JOBIM,44,So tinha de ser com voce,43,5,5,Y2,*7.9,bVII7,7,major,34.5
JOBIM,44,So tinha de ser com voce,44,10,10,Y4,*7.13,SubV/II,7,major,35.0
JOBIM,44,So tinha de ser com voce,45,3,3,Y2,*7.9,SubV/V,7,major,35.5
JOBIM,44,So tinha de ser com voce,46,2,2,Y2.2.3,*7.9(b13),V,7,major,36.0
JOBIM,44,So tinha de ser com voce,47,7,7,Y4,*7.13,V/IV,7,major,37.0
JOBIM,45,Solidao,1,3,3,Z0,*M7,I,3,major,1.0
JOBIM,45,Solidao,2,5,5,z0,*m7,II,3,major,2.0
JOBIM,45,Solidao,3,7,7,z0,*m7,III,3,major,3.0
JOBIM,45,Solidao,4,0,0,Y1.1,*4.7.9,V/II,3,major,4.0
JOBIM,45,Solidao,5,0,0,Y0,*7,V/II,3,major,4.5
JOBIM,45,Solidao,6,5,5,z0,*m7,II,3,major,5.0
JOBIM,45,Solidao,7,2,2,z0,*m7,VIIm7,3,major,5.5
JOBIM,45,Solidao,8,1,1,z0,*m7,bVIIm7,3,major,5.75
JOBIM,45,Solidao,9,0,0,z0,*m7,II__X,3,major,6.0
JOBIM,45,Solidao,10,5,5,Y4,*7.13,V/V,3,major,7.0
JOBIM,45,Solidao,11,10,10,Y4,*7.13,V,3,major,8.0
JOBIM,45,Solidao,12,10,10,Y4.1,*7(b13),V/V,3,major,8.5
JOBIM,45,Solidao,13,4,4,Y0,*7,SubV,3,major,8.75
JOBIM,45,Solidao,14,3,3,Z0,*M7,I,3,major,9.0
JOBIM,45,Solidao,15,5,5,z0,*m7,II,3,major,10.0
JOBIM,45,Solidao,16,7,7,z0,*m7,III,3,major,11.0
JOBIM,45,Solidao,17,0,0,Y1.1,*4.7.9,V/II,3,major,12.0
JOBIM,45,Solidao,18,0,0,Y0,*7,V/II,3,major,12.5
JOBIM,45,Solidao,19,8,8,Z0,*M7,IV,3,major,13.0
JOBIM,45,Solidao,20,7,7,z0,*m7,II__X,3,major,14.0
JOBIM,45,Solidao,21,0,0,Y2.3,*7(b9),V/II,3,major,14.5
JOBIM,45,Solidao,22,5,5,z0,*m7,II,3,major,15.0
JOBIM,45,Solidao,23,10,10,Y2.3,*7(b9),V,3,major,15.5
JOBIM,45,Solidao,24,7,7,y0,*Ø,II__X,3,major,16.0
JOBIM,45,Solidao,25,0,0,Y2.3,*7(b9),V/II,3,major,16.5
JOBIM,45,Solidao,26,5,5,z0,*m7,II,3,major,17.0
JOBIM,45,Solidao,27,8,8,z1,*m6,IVm7,3,major,17.5
JOBIM,45,Solidao,28,7,7,z0,*m7,II__X,3,major,18.0
JOBIM,45,Solidao,29,0,0,Y2.3,*7(b9),V/II,3,major,18.5
JOBIM,45,Solidao,30,5,5,Y4,*7.13,V/V,3,major,19.0
JOBIM,45,Solidao,31,5,5,Y4.1,*7(b13),V/V,3,major,19.25
JOBIM,45,Solidao,32,10,10,Y2.3,*7(b9),V,3,major,19.5
JOBIM,45,Solidao,33,3,3,Z1,*6,I,3,major,20.0
JOBIM,46,Tereza da praia,1,2,2,z2,*m7.9,II,0,major,1.0
JOBIM,46,Tereza da praia,2,7,7,Y2,*7.9,V,0,major,2.0
JOBIM,46,Tereza da praia,3,7,7,Y2.3,*7(b9),V,0,major,2.5
JOBIM,46,Tereza da praia,4,4,4,z0,*m7,II__X,0,major,3.0
JOBIM,46,Tereza da praia,5,9,9,Y0,*7,V/II,0,major,3.5
JOBIM,46,Tereza da praia,6,2,2,z0,*m7,II,0,major,4.0
JOBIM,46,Tereza da praia,7,5,5,z0,*m7,II__X,0,major,4.5
JOBIM,46,Tereza da praia,8,10,10,Y0,*7,bVII7,0,major,4.75
JOBIM,46,Tereza da praia,9,3,3,Z0,*M7,bIII7M,0,major,5.0
JOBIM,46,Tereza da praia,10,9,9,Y4.1,*7(b13),V/II,0,major,5.5
JOBIM,46,Tereza da praia,11,2,2,z3,*m7.11,II,0,major,6.0
JOBIM,46,Tereza da praia,12,10,10,Y2.3,*7(b9),bVII7,0,major,7.0
JOBIM,46,Tereza da praia,13,7,7,W0,*(#5)7,V,0,major,8.0
JOBIM,46,Tereza da praia,14,2,2,z2,*m7.9,II,0,major,9.0
JOBIM,46,Tereza da praia,15,7,7,Y2,*7.9,V,0,major,10.0
JOBIM,46,Tereza da praia,16,7,7,Y2.3,*7(b9),V,0,major,10.5
JOBIM,46,Tereza da praia,17,4,4,z0,*m7,II__X,0,major,11.0
JOBIM,46,Tereza da praia,18,9,9,Y0,*7,V/II,0,major,11.5
JOBIM,46,Tereza da praia,19,2,2,z0,*m7,II,0,major,12.0
JOBIM,46,Tereza da praia,20,5,5,z0,*m7,II__X,0,major,12.5
JOBIM,46,Tereza da praia,21,10,10,Y0,*7,bVII7,0,major,12.75
JOBIM,46,Tereza da praia,22,3,3,Z0,*M7,bIII7M,0,major,13.0
JOBIM,46,Tereza da praia,23,9,9,Y4.1,*7(b13),V/II,0,major,13.5
JOBIM,46,Tereza da praia,24,2,2,z0,*m7,II,0,major,14.0
JOBIM,46,Tereza da praia,25,7,7,z0,*m7,II__X,0,major,15.0
JOBIM,46,Tereza da praia,26,0,0,X0,*(b5)7,V/IV,0,major,16.0
JOBIM,46,Tereza da praia,27,5,5,z0,*m7,II__X,0,major,17.0
JOBIM,46,Tereza da praia,28,10,10,Y0,*7,bVII7,0,major,17.5
JOBIM,46,Tereza da praia,29,3,3,Z0,*M7,bIII7M,0,major,18.0
JOBIM,46,Tereza da praia,30,2,2,z0,*m7,II,0,major,19.0
JOBIM,46,Tereza da praia,31,7,7,Y0,*7,V,0,major,19.5
JOBIM,46,Tereza da praia,32,0,0,Z0,*M7,I,0,major,20.0
JOBIM,46,Tereza da praia,33,0,0,Z1,*6,I,0,major,20.5
JOBIM,46,Tereza da praia,34,5,5,z0,*m7,II__X,0,major,21.0
JOBIM,46,Tereza da praia,35,10,10,Y0,*7,bVII7,0,major,21.5
JOBIM,46,Tereza da praia,36,3,3,Z0,*M7,bIII7M,0,major,22.0
JOBIM,46,Tereza da praia,37,2,2,z0,*m7,II,0,major,23.0
JOBIM,46,Tereza da praia,38,9,9,Y2.3,*7(b9),V/II,0,major,23.5
JOBIM,46,Tereza da praia,39,2,2,z0,*m7,II,0,major,24.0
JOBIM,46,Tereza da praia,40,7,7,Y0,*7,V,0,major,24.5
JOBIM,46,Tereza da praia,41,2,2,z2,*m7.9,II,0,major,25.0
JOBIM,46,Tereza da praia,42,7,7,Y2,*7.9,V,0,major,26.0
JOBIM,46,Tereza da praia,43,7,7,Y2.3,*7(b9),V,0,major,26.5
JOBIM,46,Tereza da praia,44,4,4,z0,*m7,II__X,0,major,27.0
JOBIM,46,Tereza da praia,45,9,9,Y0,*7,V/II,0,major,27.5
JOBIM,46,Tereza da praia,46,2,2,z0,*m7,II,0,major,28.0
JOBIM,46,Tereza da praia,47,5,5,z0,*m7,II__X,0,major,28.5
JOBIM,46,Tereza da praia,48,10,10,Y0,*7,bVII7,0,major,28.75
JOBIM,46,Tereza da praia,49,3,3,Z0,*M7,bIII7M,0,major,29.0
JOBIM,46,Tereza da praia,50,9,9,Y4.1,*7(b13),V/II,0,major,29.5
JOBIM,46,Tereza da praia,51,2,2,z3,*m7.11,II,0,major,30.0
JOBIM,46,Tereza da praia,52,7,7,Y0,*7,V,0,major,30.5
JOBIM,46,Tereza da praia,53,4,4,z0,*m7,II__X,0,major,31.0
JOBIM,46,Tereza da praia,54,9,9,Y2.3,*7(b9),V/II,0,major,31.5
JOBIM,46,Tereza da praia,55,2,2,z0,*m7,II,0,major,32.0
JOBIM,46,Tereza da praia,56,7,7,Y0,*7,V,0,major,32.5
JOBIM,46,Tereza da praia,57,4,4,z2,*m7.9,II__X,0,major,33.0
JOBIM,46,Tereza da praia,58,9,9,Y2.2.1.1,*7(b9.b13),V/II,0,major,33.5
JOBIM,46,Tereza da praia,59,2,2,Y2,*7.9,V/V,0,major,34.0
JOBIM,46,Tereza da praia,60,5,5,Z0,*M7,IV,0,major,35.0
JOBIM,46,Tereza da praia,61,4,4,w0,*mM7,III,0,major,35.25
JOBIM,46,Tereza da praia,62,3,3,Z0,*M7,bIII7M,0,major,35.5
JOBIM,46,Tereza da praia,63,1,1,Z0,*M7,bII7M,0,major,35.75
JOBIM,46,Tereza da praia,64,0,0,Z2.1,*M7.9(#11),I,0,major,36.0
JOBIM,47,Triste,1,9,9,Z0,*M7,I,9,major,1.0
JOBIM,47,Triste,2,9,9,Z1,*6,I,9,major,2.0
JOBIM,47,Triste,3,5,9,Z4,*(#5)M7,bVI7M,9,major,3.0
JOBIM,47,Triste,4,9,9,Z0,*M7,I,9,major,5.0
JOBIM,47,Triste,5,9,9,Z1,*6,I,9,major,6.0
JOBIM,47,Triste,6,1,1,z0,*m7,II__X,9,major,7.0
JOBIM,47,Triste,7,6,6,Y0,*7,V/III,9,major,8.0
JOBIM,47,Triste,8,11,11,z0,*m7,II,9,major,9.0
JOBIM,47,Triste,9,8,8,y0,*Ø,II__X,9,major,10.0
JOBIM,47,Triste,10,1,1,Y0,*7,V/VI,9,major,10.5
JOBIM,47,Triste,11,6,6,w0,*mM7,VI,9,major,11.0
JOBIM,47,Triste,12,6,6,z0,*m7,VI,9,major,11.5
JOBIM,47,Triste,13,8,8,Y4,*7.13,V/III,9,major,12.0
JOBIM,47,Triste,14,8,8,Y4.1,*7(b13),V/III,9,major,12.5
JOBIM,47,Triste,15,1,1,Z0,*M7,I,1,major,13.0
JOBIM,47,Triste,16,8,8,Y4,*7.13,V,1,major,14.0
JOBIM,47,Triste,17,1,1,Z1.1,*6.9,I,1,major,15.0
JOBIM,47,Triste,18,6,6,Y0,*7,IV7,1,major,15.5
JOBIM,47,Triste,19,11,11,z0,*m7,II,9,major,16.0
JOBIM,47,Triste,20,4,4,Y4,*7.13,V,9,major,16.5
JOBIM,47,Triste,21,9,9,Z0,*M7,I,9,major,17.0
JOBIM,47,Triste,22,9,9,Z1,*6,I,9,major,18.0
JOBIM,47,Triste,23,9,9,z2,*m7.9,Im7,9,major,19.0
JOBIM,47,Triste,24,9,9,z1.1,*m6.9,Im7,9,major,20.0
JOBIM,47,Triste,25,9,9,Z0,*M7,I,9,major,21.0
JOBIM,47,Triste,26,9,9,Z1,*6,I,9,major,22.0
JOBIM,47,Triste,27,4,4,z0,*m7,II__X,9,major,23.0
JOBIM,47,Triste,28,9,9,Y2.2.1,*7(b9)13,V/IV,9,major,24.0
JOBIM,47,Triste,29,2,2,Z0,*M7,IV,9,major,25.0
JOBIM,47,Triste,30,2,2,z1,*m6,IVm7,9,major,26.0
JOBIM,47,Triste,31,1,1,z0,*m7,III,9,major,27.0
JOBIM,47,Triste,32,0,0,x4,*°7.14,bIII°,9,major,28.0
JOBIM,47,Triste,33,11,11,z0,*m7,II,9,major,29.0
JOBIM,47,Triste,34,4,4,Y1.1,*4.7.9,V,9,major,30.0
JOBIM,47,Triste,35,4,4,Y1.1.3,*4.7(b9),V,9,major,30.5
JOBIM,47,Triste,36,9,9,z0,*m7,Im7,9,major,31.0
JOBIM,47,Triste,37,9,9,z1,*m6,Im7,9,major,32.0
JOBIM,48,Vivo sonhando,1,7,7,Z0,*M7,I,7,major,1.0
JOBIM,48,Vivo sonhando,2,3,3,Z2,*M7.9,bVI7M,7,major,3.0
JOBIM,48,Vivo sonhando,3,7,7,Z0,*M7,I,7,major,5.0
JOBIM,48,Vivo sonhando,4,11,11,z0,*m7,II__X,7,major,7.0
JOBIM,48,Vivo sonhando,5,4,4,Y4.1,*7(b13),V/II,7,major,8.0
JOBIM,48,Vivo sonhando,6,9,9,z0,*m7,II,7,major,9.0
JOBIM,48,Vivo sonhando,7,0,0,z2,*m7.9,II__X,7,major,10.0
JOBIM,48,Vivo sonhando,8,5,5,Y2,*7.9,bVII7,7,major,10.5
JOBIM,48,Vivo sonhando,9,11,11,Y4,*7.13,V/VI,7,major,11.0
JOBIM,48,Vivo sonhando,10,11,11,Y4.1,*7(b13),V/VI,7,major,11.5
JOBIM,48,Vivo sonhando,11,4,4,Y2.2.3,*7.9(b13),V/II,7,major,12.0
JOBIM,48,Vivo sonhando,12,4,4,Y2.3,*7(b9),V/II,7,major,12.5
JOBIM,48,Vivo sonhando,13,9,9,Y4,*7.13,V/V,7,major,13.0
JOBIM,48,Vivo sonhando,14,9,9,Y4.1,*7(b13),V/V,7,major,13.5
JOBIM,48,Vivo sonhando,15,2,2,Y1.1,*4.7.9,V,7,major,14.0
JOBIM,48,Vivo sonhando,16,2,2,Y2.3,*7(b9),V,7,major,14.5
JOBIM,48,Vivo sonhando,17,7,7,Z0,*M7,I,7,major,15.0
JOBIM,48,Vivo sonhando,18,3,3,Z0,*M7,bVI7M,7,major,16.0
JOBIM,49,Voce vai ver,1,11,11,y3,*Ø(b13),#IVm7(b5),5,major,1.0
JOBIM,49,Voce vai ver,2,10,10,z1.2,*m6.11,IVm7,5,major,2.0
JOBIM,49,Voce vai ver,3,9,9,z3,*m7.11,II,5,major,3.0
JOBIM,49,Voce vai ver,4,8,8,Y2.2,*7.9.13,SubV/II,5,major,4.0
JOBIM,49,Voce vai ver,5,1,1,Z0,*M7,bVI7M,5,major,5.0
JOBIM,49,Voce vai ver,6,6,6,Z3,*M7(#11),bII7M,5,major,6.0
JOBIM,49,Voce vai ver,7,5,5,Z0,*M7,I,5,major,7.0
JOBIM,49,Voce vai ver,8,5,5,Z1,*6,I,5,major,7.5
JOBIM,49,Voce vai ver,9,9,9,Y3,*7(#11),SubV,5,major,8.0
JOBIM,49,Voce vai ver,10,5,5,Z0,*M7,I,5,major,9.0
JOBIM,49,Voce vai ver,11,11,11,y3,*Ø(b13),II__X,5,major,11.0
JOBIM,49,Voce vai ver,12,4,4,Y0,*7,V/III,5,major,12.0
JOBIM,49,Voce vai ver,13,3,3,Z0,*M7,bVII7M,5,major,13.0
JOBIM,49,Voce vai ver,14,3,3,Z1,*6,bVII7M,5,major,14.0
JOBIM,49,Voce vai ver,15,2,2,Y1,*4.7,V/II,5,major,15.0
JOBIM,49,Voce vai ver,16,2,2,Y0,*7,V/II,5,major,16.0
JOBIM,49,Voce vai ver,17,7,7,z0,*m7,II,5,major,17.0
JOBIM,49,Voce vai ver,18,0,0,Y2,*7.9,V,5,major,18.0
JOBIM,49,Voce vai ver,19,5,5,Z1,*6,I,5,major,19.0
JOBIM,49,Voce vai ver,20,11,11,y3,*Ø(b13),II__X,5,major,21.0
JOBIM,49,Voce vai ver,21,4,4,Y0,*7,V/III,5,major,22.0
JOBIM,49,Voce vai ver,22,9,9,Z0,*M7,IIIM7,5,major,23.0
JOBIM,49,Voce vai ver,23,8,8,Z0,*M7,bIII7M,5,major,23.5
JOBIM,49,Voce vai ver,24,7,7,z0,*m7,II,5,major,24.0
JOBIM,49,Voce vai ver,25,6,6,Y3,*7(#11),SubV,5,major,24.5
JOBIM,49,Voce vai ver,26,5,5,Z0,*M7,I,5,major,25.0
JOBIM,49,Voce vai ver,27,11,11,y3,*Ø(b13),II__X,5,major,27.0
JOBIM,49,Voce vai ver,28,4,4,Y0,*7,V/III,5,major,28.0
JOBIM,49,Voce vai ver,29,3,3,Z0,*M7,bVII7M,5,major,29.0
JOBIM,49,Voce vai ver,30,3,3,Z1,*6,bVII7M,5,major,30.0
JOBIM,49,Voce vai ver,31,2,2,Y1,*4.7,V/II,5,major,31.0
JOBIM,49,Voce vai ver,32,2,2,Y0,*7,V/II,5,major,32.0
JOBIM,49,Voce vai ver,33,7,7,z0,*m7,II,5,major,33.0
JOBIM,49,Voce vai ver,34,0,0,Y2,*7.9,V,5,major,34.0
JOBIM,49,Voce vai ver,35,9,9,z3,*m7.11,II__X,5,major,35.0
JOBIM,49,Voce vai ver,36,2,2,Y0,*7,V/II,5,major,36.0
JOBIM,49,Voce vai ver,37,7,7,Y2.2,*7.9.13,V/V,5,major,37.0
JOBIM,49,Voce vai ver,38,7,7,z0,*m7,II,5,major,38.0
JOBIM,49,Voce vai ver,39,0,0,Y1.1,*4.7.9,V,5,major,38.5
JOBIM,49,Voce vai ver,40,9,9,Y4,*7.13,V/VI,5,major,39.0
JOBIM,49,Voce vai ver,41,9,9,Y4.1,*7(b13),V/VI,5,major,39.5
JOBIM,49,Voce vai ver,42,9,9,z0,*m7,II__X,5,major,40.0
JOBIM,49,Voce vai ver,43,2,2,Y2.3,*7(b9),V/II,5,major,40.5
JOBIM,49,Voce vai ver,44,7,7,Y4,*7.13,V/V,5,major,41.0
JOBIM,49,Voce vai ver,45,0,0,Y1.1,*4.7.9,V,5,major,42.0
JOBIM,49,Voce vai ver,46,0,0,Y2.3,*7(b9),V,5,major,42.5
JOBIM,49,Voce vai ver,47,11,11,y3,*Ø(b13),#IVm7(b5),5,major,43.0
JOBIM,49,Voce vai ver,48,10,10,z1.2,*m6.11,IVm7,5,major,44.0
JOBIM,49,Voce vai ver,49,9,9,z3,*m7.11,II,5,major,45.0
JOBIM,49,Voce vai ver,50,8,8,Y2.2,*7.9.13,SubV/II,5,major,46.0
JOBIM,49,Voce vai ver,51,1,1,Z0,*M7,bVI7M,5,major,47.0
JOBIM,49,Voce vai ver,52,6,6,Z3,*M7(#11),bII7M,5,major,48.0
JOBIM,49,Voce vai ver,53,5,5,Z0,*M7,I,5,major,49.0
JOBIM,50,Wave,1,2,2,z0,*m7,Im7,2,major,1.0
JOBIM,50,Wave,2,7,7,Y4,*7.13,IV7,2,major,1.5
JOBIM,50,Wave,3,2,2,z0,*m7,Im7,2,major,2.0
JOBIM,50,Wave,4,7,7,Y4,*7.13,IV7,2,major,2.5
JOBIM,50,Wave,5,2,2,z0,*m7,Im7,2,major,3.0
JOBIM,50,Wave,6,7,7,Y4,*7.13,IV7,2,major,3.5
JOBIM,50,Wave,7,2,2,z0,*m7,Im7,2,major,4.0
JOBIM,50,Wave,8,7,7,Y4,*7.13,IV7,2,major,4.5
JOBIM,50,Wave,9,2,2,Z2,*M7.9,I,2,major,5.0
JOBIM,50,Wave,10,10,10,x1.2,*°7.9(b13),V°/V,2,major,6.0
JOBIM,50,Wave,11,9,9,z0,*m7,II__X,2,major,7.0
JOBIM,50,Wave,12,2,2,Y2.3,*7(b9),V/IV,2,major,8.0
JOBIM,50,Wave,13,7,7,Z0,*M7,IV,2,major,9.0
JOBIM,50,Wave,14,7,7,z1,*m6,IVm7,2,major,10.0
JOBIM,50,Wave,15,6,6,Y4,*7.13,V/VI,2,major,11.0
JOBIM,50,Wave,16,6,6,Y4.1,*7(b13),V/VI,2,major,11.5
JOBIM,50,Wave,17,11,11,Y2,*7.9,V/II,2,major,12.0
JOBIM,50,Wave,18,11,11,Y2.3,*7(b9),V/II,2,major,12.5
JOBIM,50,Wave,19,4,4,Y1,*4.7,V/V,2,major,13.0
JOBIM,50,Wave,20,4,4,Y0,*7,V/V,2,major,13.5
JOBIM,50,Wave,21,10,10,Y2,*7.9,SubV/V,2,major,14.0
JOBIM,50,Wave,22,9,9,Y4.1,*7(b13),V,2,major,14.5
JOBIM,50,Wave,23,2,2,z0,*m7,Im7,2,major,15.0
JOBIM,50,Wave,24,7,7,Y0,*7,IV7,2,major,15.5
JOBIM,50,Wave,25,2,2,z0,*m7,Im7,2,major,16.0
JOBIM,50,Wave,26,7,7,Y0,*7,IV7,2,major,16.5
JOBIM,50,Wave,27,2,2,Z2,*M7.9,I,2,major,17.0
JOBIM,50,Wave,28,10,10,x1.2,*°7.9(b13),V°/V,2,major,18.0
JOBIM,50,Wave,29,9,9,z0,*m7,II__X,2,major,19.0
JOBIM,50,Wave,30,2,2,Y2.3,*7(b9),V/IV,2,major,20.0
JOBIM,50,Wave,31,7,7,Z0,*M7,IV,2,major,21.0
JOBIM,50,Wave,32,7,7,z1,*m6,IVm7,2,major,22.0
JOBIM,50,Wave,33,6,6,Y4,*7.13,V/VI,2,major,23.0
JOBIM,50,Wave,34,6,6,Y4.1,*7(b13),V/VI,2,major,23.5
JOBIM,50,Wave,35,11,11,Y2,*7.9,V/II,2,major,24.0
JOBIM,50,Wave,36,11,11,Y2.3,*7(b9),V/II,2,major,24.5
JOBIM,50,Wave,37,4,4,Y1,*4.7,V/V,2,major,25.0
JOBIM,50,Wave,38,4,4,Y0,*7,V/V,2,major,25.5
JOBIM,50,Wave,39,10,10,Y2,*7.9,SubV/V,2,major,26.0
JOBIM,50,Wave,40,9,9,Y4.1,*7(b13),V,2,major,26.5
JOBIM,50,Wave,41,2,2,z0,*m7,Im7,2,major,27.0
JOBIM,50,Wave,42,7,7,Y0,*7,IV7,2,major,27.5
JOBIM,50,Wave,43,2,2,z0,*m7,Im7,2,major,28.0
JOBIM,50,Wave,44,7,7,Y0,*7,IV7,2,major,28.5
LINS,1,A cor do por do sol,1,11,11,z2.1,*m7.9.11,I,11,minor,1.0
LINS,1,A cor do por do sol,2,6,6,z0,*m7,Vm7,11,minor,2.0
LINS,1,A cor do por do sol,3,11,11,z2.1,*m7.9.11,I,11,minor,3.0
LINS,1,A cor do por do sol,4,6,6,z0,*m7,Vm7,11,minor,4.0
LINS,1,A cor do por do sol,5,11,11,z2.1,*m7.9.11,I,11,minor,5.0
LINS,1,A cor do por do sol,6,6,6,z0,*m7,Vm7,11,minor,6.0
LINS,1,A cor do por do sol,7,9,9,Y4,*7.13,V/III,11,minor,6.5
LINS,1,A cor do por do sol,8,8,8,Y1.1,*4.7.9,V/II,11,minor,7.0
LINS,1,A cor do por do sol,9,8,8,Y2,*7.9,V/II,11,minor,7.5
LINS,1,A cor do por do sol,10,1,1,Y1.1.2,*4.7.9.13,V/V,11,minor,8.0
LINS,1,A cor do por do sol,11,1,1,Y0,*7,V/V,11,minor,8.5
LINS,1,A cor do por do sol,12,11,11,z2.1,*m7.9.11,I,11,minor,9.0
LINS,1,A cor do por do sol,13,6,6,z0,*m7,Vm7,11,minor,10.0
LINS,1,A cor do por do sol,14,11,11,z2.1,*m7.9.11,I,11,minor,11.0
LINS,1,A cor do por do sol,15,6,6,z0,*m7,Vm7,11,minor,12.0
LINS,1,A cor do por do sol,16,11,11,z2.1,*m7.9.11,I,11,minor,13.0
LINS,1,A cor do por do sol,17,6,6,z0,*m7,Vm7,11,minor,14.0
LINS,1,A cor do por do sol,18,9,9,Y4,*7.13,V/III,11,minor,14.5
LINS,1,A cor do por do sol,19,8,8,Y1.1,*4.7.9,V/II,11,minor,15.0
LINS,1,A cor do por do sol,20,8,8,Y2,*7.9,V/II,11,minor,15.5
LINS,1,A cor do por do sol,21,1,1,Y1.1.2,*4.7.9.13,V/V,11,minor,16.0
LINS,1,A cor do por do sol,22,1,1,Y0,*7,V/V,11,minor,16.5
LINS,1,A cor do por do sol,23,2,2,Z2,*M7.9,I,2,major,17.0
LINS,1,A cor do por do sol,24,11,3,Y0,*7,V/II,2,major,18.0
LINS,1,A cor do por do sol,25,9,4,V1,*4,V,2,major,19.0
LINS,1,A cor do por do sol,26,6,6,z2,*m7.9,III,2,major,19.5
LINS,1,A cor do por do sol,27,2,2,z2.1,*m7.9.11,II,0,major,20.0
LINS,1,A cor do por do sol,28,7,7,Y2.2,*7.9.13,V,0,major,20.5
LINS,1,A cor do por do sol,29,0,0,Z2,*M7.9,I,0,major,21.0
LINS,1,A cor do por do sol,30,0,0,Z2,*M7.9,bII7M,11,minor,21.5
LINS,1,A cor do por do sol,31,6,6,z2,*m7.9,II__X,11,minor,22.0
LINS,1,A cor do por do sol,32,11,11,Y0,*7,V/IV,11,minor,22.5
LINS,1,A cor do por do sol,33,4,4,Y1.1,*4.7.9,IV7,11,minor,23.0
LINS,1,A cor do por do sol,34,8,8,y0,*Ø,II__X,11,minor,24.0
LINS,1,A cor do por do sol,35,1,1,Y2.3,*7(b9),V/V,11,minor,24.5
LINS,1,A cor do por do sol,36,11,11,z2.1,*m7.9.11,I,11,minor,25.0
LINS,1,A cor do por do sol,37,6,6,z0,*m7,Vm7,11,minor,26.0
LINS,1,A cor do por do sol,38,11,11,z2.1,*m7.9.11,I,11,minor,27.0
LINS,1,A cor do por do sol,39,6,6,z0,*m7,Vm7,11,minor,28.0
LINS,1,A cor do por do sol,40,11,11,z2.1,*m7.9.11,I,11,minor,29.0
LINS,1,A cor do por do sol,41,6,6,z0,*m7,Vm7,11,minor,30.0
LINS,1,A cor do por do sol,42,9,9,Y4,*7.13,V/III,11,minor,30.5
LINS,1,A cor do por do sol,43,8,8,Y1.1,*4.7.9,V/II,11,minor,31.0
LINS,1,A cor do por do sol,44,8,8,Y2,*7.9,V/II,11,minor,31.5
LINS,1,A cor do por do sol,45,1,1,Y1.1.2,*4.7.9.13,V/V,11,minor,32.0
LINS,1,A cor do por do sol,46,1,1,Y0,*7,V/V,11,minor,32.5
LINS,1,A cor do por do sol,47,6,6,z2,*m7.9,Vm7,11,minor,33.0
LINS,1,A cor do por do sol,48,7,7,z2,*m7.9,III,3,major,35.0
LINS,1,A cor do por do sol,49,3,3,Z2,*M7.9,I,3,major,36.0
LINS,1,A cor do por do sol,50,0,4,Y0,*7,V/II,3,major,37.0
LINS,1,A cor do por do sol,51,10,5,V2,*9,V,3,major,38.0
LINS,1,A cor do por do sol,52,7,7,z2,*m7.9,III,3,major,38.5
LINS,1,A cor do por do sol,53,3,3,z2.1,*m7.9.11,II,1,major,39.0
LINS,1,A cor do por do sol,54,8,8,Y2.2,*7.9.13,V,1,major,39.5
LINS,1,A cor do por do sol,55,1,1,Z2,*M7.9,I,1,major,40.0
LINS,1,A cor do por do sol,56,1,1,Z1.1,*6.9,I,1,major,40.5
LINS,1,A cor do por do sol,57,7,7,z2,*m7.9,II__X,1,major,41.0
LINS,1,A cor do por do sol,58,0,0,Y0,*7,V/III,1,major,41.5
LINS,1,A cor do por do sol,59,5,5,Y1.1,*4.7.9,V/VI,1,major,42.0
LINS,1,A cor do por do sol,60,9,9,y0,*Ø,II__X,0,minor,43.0
LINS,1,A cor do por do sol,61,2,2,Y2.3,*7(b9),V/V,0,minor,43.5
LINS,1,A cor do por do sol,62,0,0,z2.1,*m7.9.11,I,0,minor,44.0
LINS,1,A cor do por do sol,63,7,7,z0,*m7,Vm7,0,minor,45.0
LINS,1,A cor do por do sol,64,0,0,z2.1,*m7.9.11,I,0,minor,46.0
LINS,1,A cor do por do sol,65,7,7,z0,*m7,Vm7,0,minor,47.0
LINS,1,A cor do por do sol,66,0,0,z2.1,*m7.9.11,I,0,minor,48.0
LINS,1,A cor do por do sol,67,7,7,z0,*m7,Vm7,0,minor,49.0
LINS,1,A cor do por do sol,68,10,10,Y4.1,*7(b13),SubV/II,7,minor,49.5
LINS,1,A cor do por do sol,69,9,9,Y1.1,*4.7.9,V/V,7,minor,50.0
LINS,1,A cor do por do sol,70,9,9,Y2,*7.9,V/V,7,minor,50.5
LINS,1,A cor do por do sol,71,2,2,Y1.1.2,*4.7.9.13,V,7,minor,51.0
LINS,1,A cor do por do sol,72,2,2,Y0,*7,V,7,minor,51.5
LINS,1,A cor do por do sol,73,7,7,z2,*m7.9,I,7,minor,52.0
LINS,2,A noite,1,6,6,V0,*,I,6,major,1.0
LINS,2,A noite,2,6,6,Y0,*7,V/IV,6,major,1.5
LINS,2,A noite,3,11,3,Z0,*M7,IV,6,major,2.0
LINS,2,A noite,4,1,1,Y2,*7.9,V/V,6,major,2.5
LINS,2,A noite,5,11,6,z0,*m7,IVm7,6,major,3.0
LINS,2,A noite,6,11,6,z1,*m6,IVm7,6,major,3.5
LINS,2,A noite,7,11,6,z0,*m7,IVm7,6,major,4.0
LINS,2,A noite,8,11,6,z1,*m6,IVm7,6,major,4.5
LINS,2,A noite,9,4,4,z0,*m7,II__X,6,major,5.0
LINS,2,A noite,10,9,9,Y0,*7,SubV/II,6,major,5.5
LINS,2,A noite,11,8,8,z2,*m7.9,II,6,major,6.0
LINS,2,A noite,12,1,1,Y4,*7.13,V,6,major,6.5
LINS,2,A noite,13,6,6,Z0,*M7,I,6,major,7.0
LINS,2,A noite,14,9,9,Y4,*7.13,SubV/II,6,major,7.5
LINS,2,A noite,15,8,8,z0,*m7,II,6,major,8.0
LINS,2,A noite,16,10,10,z0,*m7,III,6,major,8.25
LINS,2,A noite,17,11,11,z0,*m7,II,9,major,8.5
LINS,2,A noite,18,4,4,Y2,*7.9,V,9,major,8.75
LINS,2,A noite,19,9,9,Z0,*M7,I,9,major,9.0
LINS,2,A noite,20,9,9,Y4,*7.13,V/IV,9,major,9.5
LINS,2,A noite,21,2,9,Z0,*M7,IV,9,major,10.0
LINS,2,A noite,22,7,7,Y1.1,*4.7.9,bVII7,9,major,10.5
LINS,2,A noite,23,7,7,Y2,*7.9,bVII7M,9,major,10.75
LINS,2,A noite,24,9,4,Z0,*M7,I,9,major,11.0
LINS,2,A noite,25,1,1,Y2.4,*7(#9),V/VI,9,major,11.5
LINS,2,A noite,26,6,6,z0,*m7,VI,9,major,12.0
LINS,2,A noite,27,9,4,Y0,*7,V/IV,9,major,12.5
LINS,2,A noite,28,3,3,y0,*Ø,II__X,9,major,13.0
LINS,2,A noite,29,8,8,W0,*(#5)7,V/III,9,major,13.5
LINS,2,A noite,30,1,1,Y1.1,*4.7.9,V/VI,9,major,14.0
LINS,2,A noite,31,1,1,Y1.1.2.2,*4.7(b9)13,V/VI,9,major,15.0
LINS,2,A noite,32,1,1,Y2.2.1,*7(b9)13,V/VI,6,major,15.5
LINS,2,A noite,33,6,6,V0,*,I,6,major,16.0
LINS,2,A noite,34,6,6,Y0,*7,V/IV,6,major,16.5
LINS,2,A noite,35,11,3,Z0,*M7,IV,6,major,17.0
LINS,2,A noite,36,1,1,Y2,*7.9,V/V,6,major,17.5
LINS,2,A noite,37,11,6,z0,*m7,IVm7,6,major,18.0
LINS,2,A noite,38,11,6,z1,*m6,IVm7,6,major,18.5
LINS,2,A noite,39,11,6,z0,*m7,IVm7,6,major,19.0
LINS,2,A noite,40,11,6,z1,*m6,IVm7,6,major,19.5
LINS,2,A noite,41,4,4,z0,*m7,II__X,6,major,20.0
LINS,2,A noite,42,9,9,Y0,*7,SubV/II,6,major,20.5
LINS,2,A noite,43,8,8,z2,*m7.9,II,6,major,21.0
LINS,2,A noite,44,1,1,Y4,*7.13,V,6,major,21.5
LINS,2,A noite,45,6,6,Z0,*M7,I,6,major,22.0
LINS,2,A noite,46,9,9,Y4,*7.13,SubV/II,6,major,22.5
LINS,2,A noite,47,8,8,z2,*m7.9,II,6,major,23.0
LINS,2,A noite,48,1,1,Y2.2.1,*7(b9)13,V,6,major,23.5
LINS,2,A noite,49,11,11,Z0,*M7,IV,6,major,24.0
LINS,2,A noite,50,11,10,Z0,*M7,IV,6,major,24.75
LINS,2,A noite,51,8,8,z0,*m7,II,6,major,27.0
LINS,2,A noite,52,7,7,Z3,*M7(#11),bII7M,6,major,27.5
LINS,2,A noite,53,6,6,Z3,*M7(#11),I,6,major,28.0
LINS,3,Abre alas,1,11,11,z2,*m7.9,II,9,major,1.0
LINS,3,Abre alas,2,4,4,Y1,*4.7,V,9,major,2.0
LINS,3,Abre alas,3,6,6,z0,*m7,VI,9,major,3.0
LINS,3,Abre alas,4,11,11,z2,*m7.9,II,9,major,5.0
LINS,3,Abre alas,5,4,4,Y1,*4.7,V,9,major,6.0
LINS,3,Abre alas,6,6,6,z0,*m7,VI,9,major,7.0
LINS,3,Abre alas,7,2,2,V1,*4,IV,9,major,9.0
LINS,3,Abre alas,8,4,2,Y0,*7,V,9,major,10.0
LINS,3,Abre alas,9,9,1,Z0,*M7,I,9,major,11.0
LINS,3,Abre alas,10,6,6,z2,*m7.9,VI,9,major,12.0
LINS,3,Abre alas,11,11,11,z2,*m7.9,II,9,major,13.0
LINS,3,Abre alas,12,4,4,Y1.3,*4.7.13,V,9,major,14.0
LINS,3,Abre alas,13,4,4,Y0,*7,V,9,major,14.5
LINS,3,Abre alas,14,9,9,Z0,*M7,I,9,major,15.0
LINS,3,Abre alas,15,9,9,Z4,*(#5)M7,I,9,major,15.5
LINS,3,Abre alas,16,9,9,Z5,*6.M7,I,9,major,16.0
LINS,3,Abre alas,17,9,9,Y0,*7,V/IV,9,major,16.5
LINS,3,Abre alas,18,2,2,V1,*4,IV,9,major,17.0
LINS,3,Abre alas,19,4,2,Y0,*7,V,9,major,18.0
LINS,3,Abre alas,20,9,1,Z0,*M7,I,9,major,19.0
LINS,3,Abre alas,21,6,6,z2,*m7.9,VI,9,major,20.0
LINS,3,Abre alas,22,11,11,z2,*m7.9,II,9,major,21.0
LINS,3,Abre alas,23,4,4,Y1.3,*4.7.13,V,9,major,22.0
LINS,3,Abre alas,24,4,4,Y0,*7,V,9,major,22.5
LINS,3,Abre alas,25,1,1,Y0,*7,V/VI,9,major,23.0
LINS,4,Acaso,1,11,11,z2.1,*m7.9.11,II,9,major,1.0
LINS,4,Acaso,2,4,4,Y1.1,*4.7.9,V,9,major,2.0
LINS,4,Acaso,3,4,4,Y2,*7.9,V,9,major,2.5
LINS,4,Acaso,4,6,6,z2,*m7.9,VI,9,major,3.0
LINS,4,Acaso,5,6,6,z1.1,*m6.9,VI,9,major,4.5
LINS,4,Acaso,6,11,11,z2.1,*m7.9.11,II,9,major,5.0
LINS,4,Acaso,7,4,4,Y1.1,*4.7.9,V,9,major,6.0
LINS,4,Acaso,8,4,4,Y2,*7.9,V,9,major,6.5
LINS,4,Acaso,9,6,6,z2,*m7.9,VI,9,major,7.0
LINS,4,Acaso,10,6,6,z1.1,*m6.9,VI,9,major,8.5
LINS,4,Acaso,11,2,2,Z2,*M7.9,IV,9,major,9.0
LINS,4,Acaso,12,7,7,Y1.1.2,*4.7.9.13,bVII7,9,major,10.0
LINS,4,Acaso,13,7,7,Y2.2,*7.9.13,bVII7,9,major,10.5
LINS,4,Acaso,14,9,1,Z2,*M7.9,I,9,major,11.0
LINS,4,Acaso,15,6,6,Y4.1,*7(b13),V/II,9,major,12.0
LINS,4,Acaso,16,6,6,Y0,*7,V/II,9,major,12.5
LINS,4,Acaso,17,11,11,Y2,*7.9,V/V,9,major,13.0
LINS,4,Acaso,18,11,11,Y1.1,*4.7.9,V/V,9,major,13.5
LINS,4,Acaso,19,11,11,Y2.1,*7.9(#11),V/V,9,major,14.0
LINS,4,Acaso,20,11,11,Y2,*7.9,V/V,9,major,14.5
LINS,4,Acaso,21,4,4,Y1.1,*4.7.9,V,9,major,15.0
LINS,4,Acaso,22,8,8,y0,*Ø,II__X,9,major,16.0
LINS,4,Acaso,23,1,1,Y2.3,*7(b9),V/VI,9,major,16.5
LINS,4,Acaso,24,11,11,z2.1,*m7.9.11,II,9,major,17.0
LINS,4,Acaso,25,4,4,Y1.1,*4.7.9,V,9,major,18.0
LINS,4,Acaso,26,4,4,Y2,*7.9,V,9,major,18.5
LINS,4,Acaso,27,6,6,z2,*m7.9,VI,9,major,19.0
LINS,4,Acaso,28,6,6,z1.1,*m6.9,VI,9,major,20.5
LINS,4,Acaso,29,11,11,z2.1,*m7.9.11,II,9,major,21.0
LINS,4,Acaso,30,4,4,Y1.1,*4.7.9,V,9,major,22.0
LINS,4,Acaso,31,4,4,Y2,*7.9,V,9,major,22.5
LINS,4,Acaso,32,5,9,Z3,*M7(#11),bVI7M,9,major,23.0
LINS,4,Acaso,33,9,9,Z2,*M7.9,I,9,major,24.0
LINS,4,Acaso,34,11,11,z2.1,*m7.9.11,II,9,major,25.0
LINS,4,Acaso,35,4,4,Y1.3,*4.7.13,V,9,major,26.0
LINS,4,Acaso,36,2,2,z2,*m7.9,IVm7,9,major,26.5
LINS,4,Acaso,37,3,3,z2.1,*m7.9.11,III,9,major,27.0
LINS,4,Acaso,38,6,6,z2,*m7.9,VI,9,major,28.0
LINS,4,Acaso,39,6,6,y1,*Ø.9,VI,9,major,28.5
LINS,4,Acaso,40,11,11,z2.1,*m7.9.11,II,9,major,29.0
LINS,4,Acaso,41,4,4,Y1.3,*4.7.13,V,9,major,30.0
LINS,4,Acaso,42,4,4,Y2.3,*7(b9),V,9,major,30.5
LINS,4,Acaso,43,6,6,z2.1,*m7.9.11,VI,9,major,31.0
LINS,4,Acaso,44,6,6,z1.1,*m6.9,VI,9,major,32.0
LINS,5,Agora,1,0,0,V0,*,I,0,major,1.0
LINS,5,Agora,2,0,0,Z0,*M7,I,0,major,2.0
LINS,5,Agora,3,0,0,Z1,*6,I,0,major,3.0
LINS,5,Agora,4,0,0,Z0,*M7,I,0,major,4.0
LINS,5,Agora,5,0,0,Y0,*7,V/IV,0,major,4.5
LINS,5,Agora,6,5,5,Z0,*M7,IV,0,major,5.0
LINS,5,Agora,7,11,11,z2,*m7.9,II__X,0,major,6.0
LINS,5,Agora,8,4,4,Y2.3,*7(b9),V/VI,0,major,6.5
LINS,5,Agora,9,9,9,v1,*m.9,VI,0,major,7.0
LINS,5,Agora,10,9,9,y0,*Ø,VI,0,major,8.0
LINS,5,Agora,11,9,9,z2,*m7.9,VI,0,major,8.5
LINS,5,Agora,12,2,2,Y1.1,*4.7.9,V/V,0,major,9.0
LINS,5,Agora,13,3,3,Z2,*M7.9,I,3,major,10.0
LINS,5,Agora,14,2,2,Y1.1,*4.7.9,aSubV,3,major,11.0
LINS,5,Agora,15,3,3,Z2,*M7.9,I,3,major,12.0
LINS,5,Agora,16,5,5,Y1.1,*4.7.9,V/V,3,major,12.5
LINS,5,Agora,17,10,10,V1,*4,V,3,major,13.0
LINS,5,Agora,18,2,9,z0,*m7,VIIm7,3,major,13.5
LINS,5,Agora,19,7,7,z0,*m7,III,3,major,14.0
LINS,5,Agora,20,10,5,V0,*,V,3,major,14.5
LINS,5,Agora,21,10,10,Y1.1,*4.7.9,V,3,major,15.0
LINS,5,Agora,22,3,3,Z2,*M7.9,I,3,major,17.0
LINS,5,Agora,23,2,2,z2,*m7.9,II,0,major,18.0
LINS,5,Agora,24,7,7,Y1.1,*4.7.9,V,0,major,18.5
LINS,5,Agora,25,0,0,V1,*4,I,0,major,19.0
LINS,5,Agora,26,10,10,V1,*4,bVII7M,0,major,20.0
LINS,5,Agora,27,0,0,V1,*4,I,0,major,21.0
LINS,5,Agora,28,10,10,V1,*4,bVII7M,0,major,22.0
LINS,5,Agora,29,0,0,V1,*4,I,0,major,23.0
LINS,6,Ai ai ai,1,7,7,z2,*m7.9,I,7,minor,1.0
LINS,6,Ai ai ai,2,7,2,z1,*m6,I,7,minor,1.5
LINS,6,Ai ai ai,3,7,7,z2,*m7.9,I,7,minor,2.0
LINS,6,Ai ai ai,4,7,2,z1,*m6,I,7,minor,2.5
LINS,6,Ai ai ai,5,0,0,z0,*m7,IV,7,minor,3.0
LINS,6,Ai ai ai,6,0,0,z1,*m6,IV,7,minor,3.5
LINS,6,Ai ai ai,7,0,0,z0,*m7,IV,7,minor,4.0
LINS,6,Ai ai ai,8,0,0,z1,*m6,IV,7,minor,4.5
LINS,6,Ai ai ai,9,5,5,Y1.1,*4.7.9,bVII7,7,minor,5.0
LINS,6,Ai ai ai,10,5,5,Y2,*7.9,bVII7,7,minor,5.5
LINS,6,Ai ai ai,11,5,5,Y1.1,*4.7.9,bVII7,7,minor,6.0
LINS,6,Ai ai ai,12,5,5,Y2,*7.9,bVII7,7,minor,6.5
LINS,6,Ai ai ai,13,7,7,z2,*m7.9,I,7,minor,7.0
LINS,6,Ai ai ai,14,7,2,z1,*m6,I,7,minor,7.5
LINS,6,Ai ai ai,15,7,7,z2,*m7.9,I,7,minor,8.0
LINS,6,Ai ai ai,16,7,2,z1,*m6,I,7,minor,8.5
LINS,6,Ai ai ai,17,10,10,V1,*4,I,10,major,9.0
LINS,6,Ai ai ai,18,0,10,Y0,*7,V/V,10,major,9.5
LINS,6,Ai ai ai,19,10,10,V1,*4,I,10,major,10.0
LINS,6,Ai ai ai,20,0,10,Y0,*7,V/V,10,major,10.5
LINS,6,Ai ai ai,21,5,9,V0,*,V,10,major,11.0
LINS,6,Ai ai ai,22,10,10,Y1.1,*4.7.9,V/IV,10,major,12.0
LINS,6,Ai ai ai,23,10,10,Y2,*7.9,V/IV,10,major,12.5
LINS,6,Ai ai ai,24,9,9,z3,*m7.11,II,7,minor,13.0
LINS,6,Ai ai ai,25,2,2,Y2.3,*7(b9),V,7,minor,13.5
LINS,6,Ai ai ai,26,9,9,z3,*m7.11,II,7,minor,14.0
LINS,6,Ai ai ai,27,2,2,Y2.3,*7(b9),V,7,minor,14.5
LINS,6,Ai ai ai,28,7,7,z2,*m7.9,I,7,minor,15.0
LINS,6,Ai ai ai,29,7,2,z1,*m6,I,7,minor,15.5
LINS,6,Ai ai ai,30,7,7,z2,*m7.9,I,7,minor,16.0
LINS,6,Ai ai ai,31,7,2,z1,*m6,I,7,minor,16.5
LINS,7,Ainda te procuro,1,1,1,z0,*m7,I,1,minor,1.0
LINS,7,Ainda te procuro,2,9,9,Z1.1.1,*6.9(#11),VI,1,minor,1.5
LINS,7,Ainda te procuro,3,8,8,Y4.1,*7(b13),V,1,minor,2.0
LINS,7,Ainda te procuro,4,1,1,z3,*m7.11,I,1,minor,2.5
LINS,7,Ainda te procuro,5,6,6,Y1.1.2,*4.7.9.13,IV7,1,minor,3.0
LINS,7,Ainda te procuro,6,6,6,Y2.2,*7.9.13,IV7,1,minor,3.5
LINS,7,Ainda te procuro,7,9,1,Z0,*M7,VI,1,minor,4.0
LINS,7,Ainda te procuro,8,11,11,Y2.2,*7.9.13,bVII7,1,minor,4.5
LINS,7,Ainda te procuro,9,1,1,z0,*m7,I,1,minor,5.0
LINS,7,Ainda te procuro,10,9,9,Z1.1.1,*6.9(#11),VI,1,minor,5.5
LINS,7,Ainda te procuro,11,8,8,Y4.1,*7(b13),V,1,minor,6.0
LINS,7,Ainda te procuro,12,1,1,z3,*m7.11,I,1,minor,6.5
LINS,7,Ainda te procuro,13,6,6,Y1.1.2,*4.7.9.13,IV7,1,minor,7.0
LINS,7,Ainda te procuro,14,6,6,Y2.2,*7.9.13,IV7,1,minor,7.5
LINS,7,Ainda te procuro,15,9,1,Z0,*M7,VI,1,minor,8.0
LINS,7,Ainda te procuro,16,11,11,Y2.2,*7.9.13,bVII7,1,minor,8.5
LINS,7,Ainda te procuro,17,3,3,y0,*Ø,II,1,minor,9.0
LINS,7,Ainda te procuro,18,8,8,Y0,*7,V,1,minor,9.5
LINS,7,Ainda te procuro,19,1,1,w1,*mM7.9,I,1,minor,10.0
LINS,7,Ainda te procuro,20,1,1,z2,*m7.9,I,1,minor,10.25
LINS,7,Ainda te procuro,21,11,11,z3,*m7.11,II__X,1,minor,10.5
LINS,7,Ainda te procuro,22,4,4,Y2.2,*7.9.13,V/VI,1,minor,10.75
LINS,7,Ainda te procuro,23,10,10,z3,*m7.11,II,8,minor,11.0
LINS,7,Ainda te procuro,24,3,3,Y2.2.1.1,*7(b9.b13),V,8,minor,11.5
LINS,7,Ainda te procuro,25,8,8,z2,*m7.9,I,8,minor,12.0
LINS,7,Ainda te procuro,26,6,6,z2,*m7.9,II__X,9,major,13.0
LINS,7,Ainda te procuro,27,11,11,Y4,*7.13,V/V,9,major,13.5
LINS,7,Ainda te procuro,28,11,11,Y0,*7,V/V,9,major,13.75
LINS,7,Ainda te procuro,29,4,4,Y1.1,*4.7.9,V,9,major,14.0
LINS,7,Ainda te procuro,30,4,8,Y2,*7.9,V,9,major,14.25
LINS,7,Ainda te procuro,31,9,9,Y1.1.2,*4.7.9.13,V/IV,9,major,14.5
LINS,7,Ainda te procuro,32,1,1,y0,*Ø,IIIm7(b5),9,major,14.75
LINS,7,Ainda te procuro,33,3,3,z3,*m7.11,II,1,minor,15.0
LINS,7,Ainda te procuro,34,8,8,Y2.3,*7(b9),V,1,minor,15.5
LINS,7,Ainda te procuro,35,1,1,z3,*m7.11,I,1,minor,16.0
LINS,7,Ainda te procuro,36,9,9,Z1.1,*6.9,VI,1,minor,16.5
LINS,7,Ainda te procuro,37,11,11,V0,*,bVII7M,1,minor,16.75
LINS,7,Ainda te procuro,38,1,1,z3,*m7.11,I,1,minor,17.0
LINS,7,Ainda te procuro,39,9,9,Z1.1,*6.9,VI,1,minor,17.5
LINS,7,Ainda te procuro,40,11,11,V0,*,bVII7M,1,minor,17.75
LINS,7,Ainda te procuro,41,1,1,z0,*m7,I,1,minor,18.0
LINS,7,Ainda te procuro,42,9,9,Z1.1.1,*6.9(#11),VI,1,minor,18.5
LINS,7,Ainda te procuro,43,8,8,Y4.1,*7(b13),V,1,minor,19.0
LINS,7,Ainda te procuro,44,1,1,z3,*m7.11,I,1,minor,19.5
LINS,7,Ainda te procuro,45,6,6,Y1.1.2,*4.7.9.13,IV7,1,minor,20.0
LINS,7,Ainda te procuro,46,6,6,Y2.2,*7.9.13,IV7,1,minor,20.5
LINS,7,Ainda te procuro,47,9,1,Z0,*M7,VI,1,minor,21.0
LINS,7,Ainda te procuro,48,11,11,Y2.2,*7.9.13,bVII7,1,minor,21.5
LINS,7,Ainda te procuro,49,1,1,z0,*m7,I,1,minor,22.0
LINS,7,Ainda te procuro,50,9,9,Z1.1.1,*6.9(#11),VI,1,minor,22.5
LINS,7,Ainda te procuro,51,8,8,Y4.1,*7(b13),V,1,minor,23.0
LINS,7,Ainda te procuro,52,1,1,z3,*m7.11,I,1,minor,23.5
LINS,7,Ainda te procuro,53,6,6,Y1.1.2,*4.7.9.13,IV7,1,minor,24.0
LINS,7,Ainda te procuro,54,6,6,Y2.2,*7.9.13,IV7,1,minor,24.5
LINS,7,Ainda te procuro,55,9,1,Z0,*M7,VI,1,minor,25.0
LINS,7,Ainda te procuro,56,11,11,Y2.2,*7.9.13,bVII7,1,minor,25.5
LINS,7,Ainda te procuro,57,1,1,z0,*m7,I,1,minor,26.0
LINS,7,Ainda te procuro,58,9,9,Z1.1,*6.9,VI,1,minor,26.5
LINS,7,Ainda te procuro,59,11,11,V0,*,bVII7M,1,minor,26.75
LINS,7,Ainda te procuro,60,1,1,z0,*m7,I,1,minor,27.0
LINS,7,Ainda te procuro,61,9,9,Z1.1,*6.9,VI,1,minor,27.5
LINS,7,Ainda te procuro,62,11,11,V0,*,bVII7M,1,minor,27.75
LINS,7,Ainda te procuro,63,1,1,z0,*m7,I,1,minor,28.0
LINS,7,Ainda te procuro,64,9,9,Z1.1,*6.9,VI,1,minor,28.5
LINS,7,Ainda te procuro,65,11,11,V0,*,bVII7M,1,minor,28.75
LINS,7,Ainda te procuro,66,6,6,V0,*,I,6,major,29.0
LINS,8,Amor,1,4,4,V1,*4,I,4,major,1.0
LINS,8,Amor,2,1,1,z2,*m7.9,VI,4,major,2.0
LINS,8,Amor,3,8,8,z2,*m7.9,III,4,major,3.0
LINS,8,Amor,4,8,8,z3,*m7.11,III,4,major,4.0
LINS,8,Amor,5,2,6,Z2,*M7.9,bVII7M,4,major,5.0
LINS,8,Amor,6,4,4,Y1.1.3,*4.7(b9),V/IV,4,major,6.0
LINS,8,Amor,7,4,4,Y4,*7.13,V/IV,4,major,6.5
LINS,8,Amor,8,9,9,Z0,*M7,IV,4,major,7.0
LINS,8,Amor,9,9,9,Z1,*6,IV,4,major,7.5
LINS,8,Amor,10,9,9,Z4,*(#5)M7,IV,4,major,8.0
LINS,8,Amor,11,9,9,Z5,*6.M7,IV,4,major,8.5
LINS,8,Amor,12,3,3,Y1,*4.7,V/III,4,major,9.0
LINS,8,Amor,13,3,3,Y0,*7,V/III,4,major,9.5
LINS,8,Amor,14,8,8,Y1,*4.7,V/VI,4,major,10.0
LINS,8,Amor,15,8,8,Y0,*7,V/VI,4,major,10.5
LINS,8,Amor,16,1,1,Z0,*M7,VIM7,4,major,11.0
LINS,8,Amor,17,0,0,Y1.1,*4.7.9,SubV/V,4,major,12.0
LINS,8,Amor,18,0,0,Y2,*7.9,SubV/V,4,major,12.5
LINS,8,Amor,19,5,5,Z0,*M7,bII7M,4,major,13.0
LINS,8,Amor,20,6,6,y0,*Ø,IIm7(b5),4,major,14.0
LINS,8,Amor,21,11,11,Y2.4,*7(#9),V,4,major,14.5
LINS,8,Amor,22,4,4,Z2,*M7.9,I,4,major,15.0
LINS,8,Amor,23,11,11,Y1.1,*4.7.9,V,4,major,16.0
LINS,8,Amor,24,2,2,Y1.1.2,*4.7.9.13,bVII7,4,major,16.5
LINS,8,Amor,25,2,2,Y2.2,*7.9.13,bVII7,4,major,16.75
LINS,8,Amor,26,4,4,V1,*4,I,4,major,17.0
LINS,8,Amor,27,1,1,z2,*m7.9,VI,4,major,18.0
LINS,8,Amor,28,8,8,z2,*m7.9,III,4,major,19.0
LINS,8,Amor,29,8,8,z3,*m7.11,III,4,major,20.0
LINS,8,Amor,30,2,6,Z2,*M7.9,bVII7M,4,major,21.0
LINS,8,Amor,31,4,4,Y1.1.3,*4.7(b9),V/IV,4,major,22.0
LINS,8,Amor,32,4,4,Y4,*7.13,V/IV,4,major,22.5
LINS,8,Amor,33,9,9,Z0,*M7,IV,4,major,23.0
LINS,8,Amor,34,9,9,Z1,*6,IV,4,major,23.5
LINS,8,Amor,35,9,9,Z4,*(#5)M7,IV,4,major,24.0
LINS,8,Amor,36,9,9,Z5,*6.M7,IV,4,major,24.5
LINS,8,Amor,37,3,3,Y1,*4.7,V/III,4,major,25.0
LINS,8,Amor,38,3,3,Y0,*7,V/III,4,major,25.5
LINS,8,Amor,39,8,8,Y1,*4.7,V/VI,4,major,26.0
LINS,8,Amor,40,8,8,Y0,*7,V/VI,4,major,26.5
LINS,8,Amor,41,1,1,Z0,*M7,VIM7,4,major,27.0
LINS,8,Amor,42,0,0,Y1.1,*4.7.9,SubV/V,4,major,28.0
LINS,8,Amor,43,0,0,Y2,*7.9,SubV/V,4,major,28.5
LINS,8,Amor,44,5,5,Z0,*M7,bII7M,4,major,29.0
LINS,8,Amor,45,6,6,y0,*Ø,IIm7(b5),4,major,30.0
LINS,8,Amor,46,11,11,Y2.4,*7(#9),V,4,major,30.5
LINS,8,Amor,47,4,4,Z2,*M7.9,I,4,major,31.0
LINS,8,Amor,48,4,4,Y1.3,*4.7.13,V/IV,4,major,32.0
LINS,8,Amor,49,4,4,Y4,*7.13,V/IV,4,major,32.5
LINS,8,Amor,50,9,9,Z2,*M7.9,IV,4,major,33.0
LINS,8,Amor,51,2,2,Y1.1.2,*4.7.9.13,bVII7,4,major,34.0
LINS,8,Amor,52,2,2,Y2.2,*7.9.13,bVII7,4,major,34.5
LINS,8,Amor,53,4,8,Z0,*M7,I,4,major,35.0
LINS,8,Amor,54,7,7,Z2,*M7.9,bIII7M,4,major,36.0
LINS,8,Amor,55,7,7,Z1,*6,bIII7M,4,major,36.5
LINS,8,Amor,56,6,6,z0,*m7,II,4,major,37.0
LINS,8,Amor,57,11,11,Y1.1,*4.7.9,V,4,major,38.0
LINS,8,Amor,58,11,11,Y2,*7.9,V,4,major,38.5
LINS,8,Amor,59,4,4,Z2,*M7.9,I,4,major,39.0
LINS,9,Anjo de mim,1,11,11,z2,*m7.9,II,9,major,1.0
LINS,9,Anjo de mim,2,4,4,Y1.1.2,*4.7.9.13,V,9,major,2.0
LINS,9,Anjo de mim,3,4,4,Y1.1.2,*4.7.9.13,V,9,major,2.25
LINS,9,Anjo de mim,4,4,4,Y1.1.3,*4.7(b9),V,9,major,2.5
LINS,9,Anjo de mim,5,4,4,Y2.3,*7(b9),V,9,major,2.75
LINS,9,Anjo de mim,6,9,9,Z5,*6.M7,I,9,major,3.0
LINS,9,Anjo de mim,7,6,6,z2.1,*m7.9.11,VI,9,major,4.0
LINS,9,Anjo de mim,8,6,6,y1,*Ø.9,VI,9,major,4.25
LINS,9,Anjo de mim,9,6,6,z0,*m7,VI,9,major,4.75
LINS,9,Anjo de mim,10,11,11,z2,*m7.9,II,9,major,5.0
LINS,9,Anjo de mim,11,4,4,Y1.1.3,*4.7(b9),V,9,major,6.0
LINS,9,Anjo de mim,12,5,5,x4,*°7.14,V°/VI,9,major,6.5
LINS,9,Anjo de mim,13,6,6,z2,*m7.9,VI,9,major,7.0
LINS,9,Anjo de mim,14,9,9,Y2.2,*7.9.13,V/IV,9,major,8.0
LINS,9,Anjo de mim,15,9,9,Y2.3,*7(b9),V/IV,9,major,8.5
LINS,9,Anjo de mim,16,2,2,Z2,*M7.9,IV,9,major,9.0
LINS,9,Anjo de mim,17,11,11,z2.1,*m7.9.11,II,9,major,9.5
LINS,9,Anjo de mim,18,7,7,Y1.1.2,*4.7.9.13,bVII7,9,major,10.0
LINS,9,Anjo de mim,19,7,7,Y2.2,*7.9.13,bVII7,9,major,10.5
LINS,9,Anjo de mim,20,1,1,Y4,*7.13,V/VI,9,major,11.0
LINS,9,Anjo de mim,21,1,1,Y4.1,*7(b13),V/VI,9,major,11.5
LINS,9,Anjo de mim,22,6,6,Y1.1,*4.7.9,V/II,9,major,12.0
LINS,9,Anjo de mim,23,6,6,Y2.3,*7(b9),V/II,9,major,12.5
LINS,9,Anjo de mim,24,0,0,z2,*m7.9,II__X,9,major,13.0
LINS,9,Anjo de mim,25,5,5,Y2,*7.9,SubV/VI,9,major,13.5
LINS,9,Anjo de mim,26,11,11,z0,*m7,II,9,major,14.0
LINS,9,Anjo de mim,27,9,9,z3,*m7.11,Im7,9,major,14.25
LINS,9,Anjo de mim,28,8,8,y0,*Ø,II__X,9,major,14.5
LINS,9,Anjo de mim,29,1,1,Y0,*7,V/VI,9,major,14.75
LINS,9,Anjo de mim,30,6,6,z2,*m7.9,VI,9,major,15.0
LINS,9,Anjo de mim,31,6,6,W2.2,*(#5)7(#9),V/II,9,major,16.0
LINS,10,Aos nossos filhos,1,1,1,z2,*m7.9,II,11,major,1.0
LINS,10,Aos nossos filhos,2,6,6,Y1.1,*4.7.9,V,11,major,2.0
LINS,10,Aos nossos filhos,3,6,6,Y2,*7.9,V,11,major,2.5
LINS,10,Aos nossos filhos,4,1,1,w1,*mM7.9,II,11,major,3.0
LINS,10,Aos nossos filhos,5,1,1,z2,*m7.9,II,11,major,3.5
LINS,10,Aos nossos filhos,6,6,6,Y1.1,*4.7.9,V,11,major,4.0
LINS,10,Aos nossos filhos,7,6,6,Y2,*7.9,V,11,major,4.5
LINS,10,Aos nossos filhos,8,6,6,z2,*m7.9,II__X,11,major,5.0
LINS,10,Aos nossos filhos,9,11,11,Y1,*4.7,V/IV,11,major,5.5
LINS,10,Aos nossos filhos,10,11,11,Y0,*7,V/IV,11,major,5.75
LINS,10,Aos nossos filhos,11,4,4,Z0,*M7,IV,11,major,6.0
LINS,10,Aos nossos filhos,12,9,9,Z0,*M7,bVII7M,11,major,6.5
LINS,10,Aos nossos filhos,13,10,10,y0,*Ø,II__X,11,major,7.0
LINS,10,Aos nossos filhos,14,3,3,Y2.3,*7(b9),V/VI,11,major,7.5
LINS,10,Aos nossos filhos,15,6,9,z1,*m6,Vm7,11,major,8.0
LINS,10,Aos nossos filhos,16,8,8,Y0,*7,V/II,11,major,8.5
LINS,10,Aos nossos filhos,17,1,1,z2,*m7.9,II,11,major,9.0
LINS,10,Aos nossos filhos,18,6,6,Y1.1,*4.7.9,V,11,major,10.0
LINS,10,Aos nossos filhos,19,6,6,Y2,*7.9,V,11,major,10.5
LINS,10,Aos nossos filhos,20,1,1,w1,*mM7.9,II,11,major,11.0
LINS,10,Aos nossos filhos,21,1,1,z2,*m7.9,II,11,major,11.5
LINS,10,Aos nossos filhos,22,6,6,Y1.1,*4.7.9,V,11,major,12.0
LINS,10,Aos nossos filhos,23,6,6,Y2,*7.9,V,11,major,12.5
LINS,10,Aos nossos filhos,24,6,6,z2,*m7.9,II__X,11,major,13.0
LINS,10,Aos nossos filhos,25,11,11,Y1,*4.7,V/IV,11,major,13.5
LINS,10,Aos nossos filhos,26,11,11,Y0,*7,V/IV,11,major,13.75
LINS,10,Aos nossos filhos,27,5,5,z0,*m7,?,11,major,14.0
LINS,10,Aos nossos filhos,28,4,4,Z0,*M7,IV,11,major,14.5
LINS,10,Aos nossos filhos,29,9,9,Z0,*M7,bVII7M,11,major,14.75
LINS,10,Aos nossos filhos,30,10,10,y0,*Ø,II__X,11,major,15.0
LINS,10,Aos nossos filhos,31,3,3,Y2.3,*7(b9),V/VI,11,major,15.5
LINS,10,Aos nossos filhos,32,8,8,z3,*m7.11,VI,11,major,16.0
LINS,10,Aos nossos filhos,33,4,4,Z2,*M7.9,IV,11,major,17.0
LINS,10,Aos nossos filhos,34,6,4,Y0,*7,V,11,major,18.0
LINS,10,Aos nossos filhos,35,11,11,V1,*4,I,11,major,19.0
LINS,10,Aos nossos filhos,36,11,11,Z2,*M7.9,I,11,major,19.5
LINS,10,Aos nossos filhos,37,11,3,Z2,*M7.9,I,11,major,20.0
LINS,10,Aos nossos filhos,38,9,9,Y1.1.3,*4.7(b9),V,2,major,21.0
LINS,10,Aos nossos filhos,39,9,9,Y2.2,*7.9.13,V,2,major,21.5
LINS,10,Aos nossos filhos,40,2,9,Y0,*7,I,2,major,22.0
LINS,10,Aos nossos filhos,41,9,9,Y1.1.3,*4.7(b9),V,2,major,23.0
LINS,10,Aos nossos filhos,42,9,9,Y2.2,*7.9.13,V,2,major,23.5
LINS,10,Aos nossos filhos,43,11,11,Z2,*M7.9,I,11,major,24.0
LINS,10,Aos nossos filhos,44,8,8,z2,*m7.9,VI,11,major,25.0
LINS,11,Bilhete,1,2,9,Z0,*M7,I,2,major,1.0
LINS,11,Bilhete,2,9,9,Y1.1,*4.7.9,V,2,major,2.0
LINS,11,Bilhete,3,6,6,Y4.1,*7(b13),V/VI,2,major,2.5
LINS,11,Bilhete,4,11,11,w0,*mM7,VI,2,major,3.0
LINS,11,Bilhete,5,11,11,z0,*m7,VI,2,major,3.5
LINS,11,Bilhete,6,11,11,z1,*m6,VI,2,major,4.0
LINS,11,Bilhete,7,11,11,z0,*m7,VI,2,major,4.5
LINS,11,Bilhete,8,9,9,Y1.1,*4.7.9,V,2,major,5.0
LINS,11,Bilhete,9,9,7,Y0,*7,V,2,major,6.0
LINS,11,Bilhete,10,6,6,Y1.1,*4.7.9,V/VI,2,major,7.0
LINS,11,Bilhete,11,11,11,z0,*m7,VI,2,major,8.0
LINS,11,Bilhete,12,11,9,z0,*m7,VI,2,major,8.5
LINS,11,Bilhete,13,7,7,Z0,*M7,IV,2,major,9.0
LINS,11,Bilhete,14,8,8,z2,*m7.9,II__X,2,major,10.0
LINS,11,Bilhete,15,1,1,X2.1,*(b5)7(b9),V/III,2,major,10.5
LINS,11,Bilhete,16,2,6,V0,*,I,2,major,11.0
LINS,11,Bilhete,17,10,5,V0,*,bVI7M,2,major,12.0
LINS,11,Bilhete,18,5,5,Z5,*6.M7,bIII7M,2,major,12.5
LINS,11,Bilhete,19,4,4,z2,*m7.9,II,2,major,13.0
LINS,11,Bilhete,20,2,2,z2,*m7.9,Im7,2,major,13.5
LINS,11,Bilhete,21,7,7,Y4,*7.13,IV7,2,major,13.75
LINS,11,Bilhete,22,1,1,y1,*Ø.9,II__X,2,major,14.0
LINS,11,Bilhete,23,6,6,Y4.1,*7(b13),V/VI,2,major,14.5
LINS,11,Bilhete,24,11,11,y1,*Ø.9,VI,2,major,15.0
LINS,11,Bilhete,25,11,11,z2,*m7.9,VI,2,major,15.5
LINS,11,Bilhete,26,9,9,z2,*m7.9,II__X,2,major,16.0
LINS,11,Bilhete,27,2,2,Y2,*7.9,V/IV,2,major,16.5
LINS,11,Bilhete,28,7,7,Z4,*(#5)M7,IV,2,major,17.0
LINS,11,Bilhete,29,7,7,Z0,*M7,IV,2,major,17.5
LINS,11,Bilhete,30,8,8,z2,*m7.9,II__X,2,major,18.0
LINS,11,Bilhete,31,1,1,X2.1,*(b5)7(b9),V/III,2,major,18.5
LINS,11,Bilhete,32,2,6,V0,*,I,2,major,19.0
LINS,11,Bilhete,33,10,5,V0,*,bVI7M,2,major,20.0
LINS,11,Bilhete,34,5,5,Z5,*6.M7,bIII7M,2,major,20.5
LINS,11,Bilhete,35,4,4,z2,*m7.9,II,2,major,21.0
LINS,11,Bilhete,36,2,2,z2,*m7.9,Im7,2,major,21.5
LINS,11,Bilhete,37,7,7,Y4,*7.13,IV7,2,major,21.75
LINS,11,Bilhete,38,1,1,y1,*Ø.9,II__X,2,major,22.0
LINS,11,Bilhete,39,6,6,Y4.1,*7(b13),V/VI,2,major,22.5
LINS,11,Bilhete,40,11,11,y1,*Ø.9,VI,2,major,23.0
LINS,11,Bilhete,41,11,11,z2,*m7.9,VI,2,major,23.5
LINS,11,Bilhete,42,4,4,z2.1,*m7.9.11,II,2,major,24.0
LINS,11,Bilhete,43,9,9,Y4,*7.13,V,2,major,24.5
LINS,11,Bilhete,44,11,11,Z0,*M7,VIM7,2,major,25.0
LINS,11,Bilhete,45,4,4,Z2,*M7.9,?,2,major,26.0
LINS,11,Bilhete,46,0,0,Y2.1,*7.9(#11),SubV/VI,2,major,26.5
LINS,11,Bilhete,47,11,11,z2.1,*m7.9.11,VI,2,major,27.0
LINS,12,Cantor da noite,1,7,7,z2,*m7.9,II,5,major,1.0
LINS,12,Cantor da noite,2,0,0,Y2.2,*7.9.13,V,5,major,2.0
LINS,12,Cantor da noite,3,0,0,Y4,*7.13,V,5,major,2.5
LINS,12,Cantor da noite,4,5,5,Z2,*M7.9,I,5,major,3.0
LINS,12,Cantor da noite,5,2,2,Y1.1,*4.7.9,V/II,5,major,4.0
LINS,12,Cantor da noite,6,2,2,Y2,*7.9,V/II,5,major,4.5
LINS,12,Cantor da noite,7,7,7,z2,*m7.9,II,5,major,5.0
LINS,12,Cantor da noite,8,0,0,Y2.2,*7.9.13,V,5,major,6.0
LINS,12,Cantor da noite,9,0,0,Y4,*7.13,V,5,major,6.5
LINS,12,Cantor da noite,10,0,0,z2,*m7.9,II__X,5,major,7.0
LINS,12,Cantor da noite,11,5,5,Y4,*7.13,V/IV,5,major,8.0
LINS,12,Cantor da noite,12,4,4,Y1.1,*4.7.9,V/III,5,major,9.0
LINS,12,Cantor da noite,13,4,4,Y2.2.1,*7(b9)13,V/III,5,major,10.0
LINS,12,Cantor da noite,14,1,1,Y1.1.2,*4.7.9.13,SubV/V,5,major,11.0
LINS,12,Cantor da noite,15,1,1,Y2.1,*7.9(#11),SubV/V,5,major,12.0
LINS,12,Cantor da noite,16,7,7,z2,*m7.9,II,5,major,13.0
LINS,12,Cantor da noite,17,0,0,Y1.3,*4.7.13,V,5,major,14.0
LINS,12,Cantor da noite,18,0,0,Y4,*7.13,V,5,major,14.5
LINS,12,Cantor da noite,19,4,4,z2.1,*m7.9.11,II__X,5,major,15.0
LINS,12,Cantor da noite,20,9,9,Y2.3,*7(b9),V/VI,5,major,16.0
LINS,12,Cantor da noite,21,2,2,z2,*m7.9,II__X,5,major,17.0
LINS,12,Cantor da noite,22,7,7,Y2.2,*7.9.13,V/V,5,major,18.0
LINS,12,Cantor da noite,23,2,2,w1,*mM7.9,II__X,5,major,19.0
LINS,12,Cantor da noite,24,2,2,z2,*m7.9,II__X,5,major,19.5
LINS,12,Cantor da noite,25,7,7,Y2.2,*7.9.13,V/V,5,major,20.0
LINS,12,Cantor da noite,26,10,10,Z2,*M7.9,IV,5,major,21.0
LINS,12,Cantor da noite,27,3,3,Y1.1,*4.7.9,bVII7,5,major,22.0
LINS,12,Cantor da noite,28,3,3,Y2,*7.9,bVII7,5,major,22.5
LINS,12,Cantor da noite,29,5,5,Z2,*M7.9,I,5,major,23.0
LINS,12,Cantor da noite,30,2,2,z2,*m7.9,VI,5,major,24.0
LINS,12,Cantor da noite,31,8,8,z2,*m7.9,II,6,major,25.0
LINS,12,Cantor da noite,32,1,1,Y1.3,*4.7.13,V,6,major,26.0
LINS,12,Cantor da noite,33,1,1,Y4,*7.13,V,6,major,26.5
LINS,12,Cantor da noite,34,6,6,Z2,*M7.9,I,6,major,27.0
LINS,12,Cantor da noite,35,3,3,z2.1,*m7.9.11,VI,6,major,28.0
LINS,12,Cantor da noite,36,1,1,Y1.3,*4.7.13,V,6,major,29.0
LINS,12,Cantor da noite,37,1,1,Y4,*7.13,V,6,major,29.5
LINS,12,Cantor da noite,38,1,1,z2.1,*m7.9.11,II__X,6,major,30.0
LINS,12,Cantor da noite,39,6,6,Y1.1,*4.7.9,V/IV,6,major,31.0
LINS,12,Cantor da noite,40,6,6,Y2,*7.9,V/IV,6,major,31.5
LINS,12,Cantor da noite,41,5,5,Y1.1,*4.7.9,V/III,6,major,32.0
LINS,12,Cantor da noite,42,5,5,Y2,*7.9,V/III,6,major,33.0
LINS,12,Cantor da noite,43,2,2,Y1.1.2,*4.7.9.13,V/II,5,major,34.0
LINS,12,Cantor da noite,44,2,2,Y2.2,*7.9.13,V/II,5,major,35.0
LINS,12,Cantor da noite,45,7,7,z2,*m7.9,II,5,major,36.0
LINS,12,Cantor da noite,46,0,0,Y2.1,*7.9(#11),V,5,major,37.0
LINS,12,Cantor da noite,47,8,8,z2,*m7.9,II__X,5,major,38.0
LINS,12,Cantor da noite,48,1,1,Y4,*7.13,SubV/V,5,major,39.0
LINS,12,Cantor da noite,49,7,7,z2,*m7.9,II,5,major,40.0
LINS,12,Cantor da noite,50,0,0,Y4,*7.13,V,5,major,41.0
LINS,12,Cantor da noite,51,5,5,Z1.1,*6.9,I,5,major,42.0
LINS,12,Cantor da noite,52,2,2,Y1.3,*4.7.13,V/II,5,major,43.0
LINS,12,Cantor da noite,53,2,2,Y2.2,*7.9.13,V/II,5,major,43.5
LINS,12,Cantor da noite,54,2,2,W2.2,*(#5)7(#9),V/II,5,major,44.0
LINS,12,Cantor da noite,55,7,7,z2,*m7.9,II,5,major,45.0
LINS,12,Cantor da noite,56,0,0,Y1.3,*4.7.13,V,5,major,46.0
LINS,12,Cantor da noite,57,6,6,Z2,*M7.9,bII7M,5,major,47.0
LINS,13,Choro das aguas,1,11,3,Z2,*M7.9,I,11,major,1.0
LINS,13,Choro das aguas,2,1,1,z2.1,*m7.9.11,II,11,major,2.0
LINS,13,Choro das aguas,3,11,3,Z2,*M7.9,I,11,major,3.0
LINS,13,Choro das aguas,4,1,1,z2.1,*m7.9.11,II,11,major,4.0
LINS,13,Choro das aguas,5,11,3,Z2,*M7.9,I,11,major,5.0
LINS,13,Choro das aguas,6,1,1,z2.1,*m7.9.11,II,11,major,6.0
LINS,13,Choro das aguas,7,11,3,Z2,*M7.9,I,11,major,7.0
LINS,13,Choro das aguas,8,1,1,z2.1,*m7.9.11,II,11,major,8.0
LINS,13,Choro das aguas,9,8,3,v0,*m,VI,11,major,9.0
LINS,13,Choro das aguas,10,3,3,Y4.1,*7(b13),V/VI,11,major,10.0
LINS,13,Choro das aguas,11,11,3,Z2,*M7.9,I,11,major,11.0
LINS,13,Choro das aguas,12,3,3,Y4.1,*7(b13),V/VI,11,major,12.0
LINS,13,Choro das aguas,13,8,3,v0,*m,VI,11,major,13.0
LINS,13,Choro das aguas,14,3,3,Y4.1,*7(b13),V/VI,11,major,14.0
LINS,13,Choro das aguas,15,11,3,Z2,*M7.9,I,11,major,15.0
LINS,13,Choro das aguas,16,11,11,Y1.1.2,*4.7.9.13,V/IV,11,major,16.0
LINS,13,Choro das aguas,17,11,11,Y2.2,*7.9.13,V/IV,11,major,16.5
LINS,13,Choro das aguas,18,4,4,Z0,*M7,IV,11,major,17.0
LINS,13,Choro das aguas,19,8,3,z0,*m7,VI,11,major,17.5
LINS,13,Choro das aguas,20,1,1,z0,*m7,II,11,major,18.0
LINS,13,Choro das aguas,21,8,11,z0,*m7,VI,11,major,18.5
LINS,13,Choro das aguas,22,10,10,z2,*m7.9,II__X,11,major,19.0
LINS,13,Choro das aguas,23,3,3,Y2.2.1.1,*7(b9.b13),V/VI,11,major,20.0
LINS,13,Choro das aguas,24,11,3,Z0,*M7,I,11,major,21.0
LINS,13,Choro das aguas,25,1,1,z2.1,*m7.9.11,II,11,major,22.0
LINS,13,Choro das aguas,26,11,3,Z0,*M7,I,11,major,23.0
LINS,13,Choro das aguas,27,1,1,z2.1,*m7.9.11,II,11,major,24.0
LINS,13,Choro das aguas,28,9,1,V1,*4,IV,4,major,25.0
LINS,13,Choro das aguas,29,11,11,Y1,*4.7,V/V,4,major,26.0
LINS,13,Choro das aguas,30,11,11,Y0,*7,V/V,4,major,26.5
LINS,13,Choro das aguas,31,4,4,Z0,*M7,I,4,major,27.0
LINS,13,Choro das aguas,32,5,5,z0,*m7,bIIm7,4,major,28.0
LINS,13,Choro das aguas,33,1,5,V0,*,V/VI,4,major,28.5
LINS,13,Choro das aguas,34,6,6,Y1,*4.7,V/II,4,major,29.0
LINS,13,Choro das aguas,35,8,8,Y0,*7,aNP/IV,4,major,30.0
LINS,13,Choro das aguas,36,9,9,Z1,*6,IV,4,major,31.0
LINS,13,Choro das aguas,37,11,9,Y0,*7,V,4,major,31.5
LINS,13,Choro das aguas,38,0,10,Y0,*7,SubV/V,4,major,32.0
LINS,13,Choro das aguas,39,2,2,Y4,*7.13,bVII7,4,major,32.5
LINS,13,Choro das aguas,40,2,0,Y0,*7,bVII7,4,major,32.75
LINS,13,Choro das aguas,41,4,11,Z0,*M7,I,4,major,38.0
LINS,13,Choro das aguas,42,11,11,Y1.1.2,*4.7.9.13,V,4,major,40.0
LINS,13,Choro das aguas,43,9,9,Y2.1.1,*7.9(#11)13,bVII7,11,major,41.0
LINS,13,Choro das aguas,44,11,3,Z0,*M7,I,11,major,42.0
LINS,13,Choro das aguas,45,1,1,z2.1,*m7.9.11,II,11,major,43.0
LINS,13,Choro das aguas,46,11,3,Z0,*M7,I,11,major,44.0
LINS,13,Choro das aguas,47,1,1,z2.1,*m7.9.11,II,11,major,45.0
LINS,13,Choro das aguas,48,11,3,Z0,*M7,I,11,major,46.0
LINS,13,Choro das aguas,49,1,1,z2.1,*m7.9.11,II,11,major,47.0
LINS,13,Choro das aguas,50,11,3,Z0,*M7,I,11,major,48.0
LINS,14,Daquilo que eu sei,1,9,9,Y1.1,*4.7.9,V,2,major,1.0
LINS,14,Daquilo que eu sei,2,9,9,Y2,*7.9,V,2,major,1.5
LINS,14,Daquilo que eu sei,3,2,2,Z2,*M7.9,I,2,major,2.0
LINS,14,Daquilo que eu sei,4,2,2,Z1.1,*6.9,I,2,major,2.5
LINS,14,Daquilo que eu sei,5,9,9,y0,*Ø,Vm7,2,major,3.0
LINS,14,Daquilo que eu sei,6,11,11,Y2.2.1.1,*7(b9.b13),V/II,2,major,3.5
LINS,14,Daquilo que eu sei,7,7,7,Z0,*M7,IV,2,major,4.0
LINS,14,Daquilo que eu sei,8,7,7,Z1,*6,IV,2,major,4.5
LINS,14,Daquilo que eu sei,9,6,6,Y4.1,*7(b13),V/VI,2,major,5.0
LINS,14,Daquilo que eu sei,10,11,11,z0,*m7,VI,2,major,6.0
LINS,14,Daquilo que eu sei,11,9,9,z0,*m7,II__X,2,major,7.0
LINS,14,Daquilo que eu sei,12,2,2,Y2,*7.9,V/IV,2,major,7.5
LINS,14,Daquilo que eu sei,13,7,7,Y1.1,*4.7.9,V/V,5,major,8.0
LINS,14,Daquilo que eu sei,14,7,7,Y2,*7.9,V/V,5,major,8.25
LINS,14,Daquilo que eu sei,15,0,0,Y1.1,*4.7.9,V,5,major,8.5
LINS,14,Daquilo que eu sei,16,5,5,Z0,*M7,I,5,major,9.0
LINS,14,Daquilo que eu sei,17,10,10,Y1.1,*4.7.9,IV7,5,major,9.5
LINS,14,Daquilo que eu sei,18,10,10,Y2,*7.9,IV7,5,major,10.0
LINS,14,Daquilo que eu sei,19,0,0,Z2,*M7.9,?,5,major,11.0
LINS,14,Daquilo que eu sei,20,0,0,Z1.1,*6.9,?,5,major,11.5
LINS,14,Daquilo que eu sei,21,9,9,Y1.1,*4.7.9,V/VI,5,major,12.0
LINS,14,Daquilo que eu sei,22,9,9,Y2,*7.9,V/VI,5,major,12.5
LINS,14,Daquilo que eu sei,23,2,9,V0,*,I,2,major,13.0
LINS,14,Daquilo que eu sei,24,11,9,Y0,*7,V/II,2,major,14.0
LINS,14,Daquilo que eu sei,25,8,8,z0,*m7,II,6,major,15.0
LINS,14,Daquilo que eu sei,26,1,1,Y1.1,*4.7.9,V,6,major,16.0
LINS,14,Daquilo que eu sei,27,1,1,Y2,*7.9,V,6,major,16.5
LINS,14,Daquilo que eu sei,28,6,6,Z0,*M7,I,6,major,17.0
LINS,14,Daquilo que eu sei,29,6,6,Z1,*6,I,6,major,17.5
LINS,14,Daquilo que eu sei,30,5,5,y1,*Ø.9,II__X,6,major,18.0
LINS,14,Daquilo que eu sei,31,10,10,Y2.2.1.1,*7(b9.b13),V/VI,6,major,18.5
LINS,14,Daquilo que eu sei,32,3,3,z2,*m7.9,II__X,6,major,19.0
LINS,14,Daquilo que eu sei,33,8,8,Y3,*7(#11),V/V,6,major,20.0
LINS,14,Daquilo que eu sei,34,6,1,V0,*,I,6,major,21.0
LINS,14,Daquilo que eu sei,35,11,1,Z4,*(#5)M7,IV,6,major,22.0
LINS,14,Daquilo que eu sei,36,1,1,Y1.3,*4.7.13,V,6,major,23.0
LINS,14,Daquilo que eu sei,37,8,11,z0,*m7,II,6,major,24.0
LINS,14,Daquilo que eu sei,38,9,9,Y2.3,*7(b9),V,6,major,24.5
LINS,14,Daquilo que eu sei,39,3,3,z2,*m7.9,II__X,6,major,25.0
LINS,14,Daquilo que eu sei,40,8,8,Y3,*7(#11),V/V,6,major,26.0
LINS,14,Daquilo que eu sei,41,1,1,Y1.1,*4.7.9,V,6,major,27.0
LINS,14,Daquilo que eu sei,42,9,9,Y1.1,*4.7.9,V,2,major,28.0
LINS,14,Daquilo que eu sei,43,2,2,Z2,*M7.9,I,2,major,29.0
LINS,14,Daquilo que eu sei,44,2,2,Z1.1,*6.9,I,2,major,29.5
LINS,14,Daquilo que eu sei,45,7,2,z1,*m6,IVm7,2,major,30.0
LINS,14,Daquilo que eu sei,46,2,2,Z2,*M7.9,I,2,major,31.0
LINS,14,Daquilo que eu sei,47,2,2,Z1.1,*6.9,I,2,major,31.5
LINS,14,Daquilo que eu sei,48,11,11,Y1.1,*4.7.9,V/II,2,major,32.0
LINS,14,Daquilo que eu sei,49,11,11,Y4,*7.13,V/II,2,major,32.5
LINS,14,Daquilo que eu sei,50,4,4,z2.1,*m7.9.11,II,2,major,33.0
LINS,14,Daquilo que eu sei,51,9,9,Y1.1,*4.7.9,V,2,major,34.0
LINS,14,Daquilo que eu sei,52,6,6,Y2.2.1.1,*7(b9.b13),V/VI,2,major,34.5
LINS,14,Daquilo que eu sei,53,11,11,Y1.1,*4.7.9,V/II,2,major,35.0
LINS,14,Daquilo que eu sei,54,9,9,Y1.1,*4.7.9,V,2,major,36.0
LINS,14,Daquilo que eu sei,55,9,9,Y2,*7.9,V,2,major,36.5
LINS,15,Depois dos temporais,1,6,11,z3,*m7.11,Vm7,11,minor,1.0
LINS,15,Depois dos temporais,2,11,11,z2,*m7.9,I,11,minor,2.0
LINS,15,Depois dos temporais,3,6,11,z3,*m7.11,Vm7,11,minor,3.0
LINS,15,Depois dos temporais,4,11,11,z2,*m7.9,I,11,minor,4.0
LINS,15,Depois dos temporais,5,11,9,z2,*m7.9,I,11,minor,4.5
LINS,15,Depois dos temporais,6,7,7,Z2,*M7.9,VI,11,minor,5.0
LINS,15,Depois dos temporais,7,7,7,Z2.1,*M7.9(#11),VI,11,minor,6.0
LINS,15,Depois dos temporais,8,7,7,Z2,*M7.9,VI,11,minor,7.0
LINS,15,Depois dos temporais,9,7,7,Z2.1,*M7.9(#11),VI,11,minor,8.0
LINS,15,Depois dos temporais,10,6,6,z3,*m7.11,Vm7,11,minor,8.5
LINS,15,Depois dos temporais,11,4,4,z2,*m7.9,IV,11,minor,9.0
LINS,15,Depois dos temporais,12,9,9,Y1.1.2,*4.7.9.13,V/III,11,minor,11.0
LINS,15,Depois dos temporais,13,9,9,Y2,*7.9,V/III,11,minor,12.0
LINS,15,Depois dos temporais,14,9,9,z2,*m7.9,II__X,11,minor,13.0
LINS,15,Depois dos temporais,15,2,2,Y1.1.2,*4.7.9.13,V/VI,11,minor,14.0
LINS,15,Depois dos temporais,16,2,2,Y2.2,*7.9.13,V/VI,11,minor,14.5
LINS,15,Depois dos temporais,17,7,7,Z2,*M7.9,VI,11,minor,15.0
LINS,15,Depois dos temporais,18,1,1,y0,*Ø,II,11,minor,17.0
LINS,15,Depois dos temporais,19,1,1,y1,*Ø.9,II,11,minor,17.5
LINS,15,Depois dos temporais,20,6,6,Y2.2.1.1,*7(b9.b13),V,11,minor,18.0
LINS,15,Depois dos temporais,21,6,11,z3,*m7.11,Vm7,11,minor,19.0
LINS,15,Depois dos temporais,22,11,11,z2,*m7.9,I,11,minor,20.0
LINS,15,Depois dos temporais,23,6,11,z3,*m7.11,Vm7,11,minor,21.0
LINS,15,Depois dos temporais,24,11,11,z2,*m7.9,I,11,minor,22.0
LINS,15,Depois dos temporais,25,11,9,z2,*m7.9,I,11,minor,22.5
LINS,15,Depois dos temporais,26,7,7,Z0,*M7,VI,11,minor,23.0
LINS,15,Depois dos temporais,27,4,4,z0,*m7,II__X,11,minor,25.0
LINS,15,Depois dos temporais,28,9,9,z1.1,*m6.9,V/III,11,minor,26.0
LINS,15,Depois dos temporais,29,9,9,Y2,*7.9,V/III,11,minor,26.5
LINS,15,Depois dos temporais,30,2,9,Z0,*M7,III,11,minor,27.0
LINS,15,Depois dos temporais,31,6,11,z0,*m7,Vm7,11,minor,29.0
LINS,15,Depois dos temporais,32,11,11,z2,*m7.9,I,11,minor,30.0
LINS,15,Depois dos temporais,33,7,11,Z2,*M7.9,VI,11,minor,31.0
LINS,15,Depois dos temporais,34,9,9,z1.1,*m6.9,bVIIm7,11,minor,33.0
LINS,15,Depois dos temporais,35,9,9,Y2,*7.9,V/III,11,minor,34.0
LINS,15,Depois dos temporais,36,2,9,Z0,*M7,III,11,minor,35.0
LINS,15,Depois dos temporais,37,6,11,z0,*m7,Vm7,11,minor,37.0
LINS,15,Depois dos temporais,38,11,11,z2,*m7.9,I,11,minor,38.0
LINS,15,Depois dos temporais,39,7,11,Z1,*6,VI,11,minor,39.0
LINS,15,Depois dos temporais,40,9,9,Y1.1.3,*4.7(b9),V/III,11,minor,41.0
LINS,15,Depois dos temporais,41,10,10,x0,*°7,V°,11,minor,42.0
LINS,15,Depois dos temporais,42,6,11,z3,*m7.11,Vm7,11,minor,43.0
LINS,15,Depois dos temporais,43,11,11,z2,*m7.9,I,11,minor,44.0
LINS,15,Depois dos temporais,44,6,11,z3,*m7.11,Vm7,11,minor,45.0
LINS,15,Depois dos temporais,45,11,11,z2,*m7.9,I,11,minor,46.0
LINS,15,Depois dos temporais,46,11,9,z2,*m7.9,I,11,minor,46.5
LINS,15,Depois dos temporais,47,7,7,Z2,*M7.9,VI,11,minor,47.0
LINS,15,Depois dos temporais,48,7,7,Z2.1,*M7.9(#11),VI,11,minor,48.0
LINS,15,Depois dos temporais,49,7,7,Z2,*M7.9,VI,11,minor,49.0
LINS,15,Depois dos temporais,50,7,7,Z2.1,*M7.9(#11),VI,11,minor,50.0
LINS,15,Depois dos temporais,51,6,6,z3,*m7.11,Vm7,11,minor,50.5
LINS,15,Depois dos temporais,52,4,4,z2,*m7.9,IV,11,minor,51.0
LINS,15,Depois dos temporais,53,9,9,Y1.1.2,*4.7.9.13,V/III,11,minor,53.0
LINS,15,Depois dos temporais,54,9,9,Y2,*7.9,V/III,11,minor,54.0
LINS,15,Depois dos temporais,55,9,9,z2,*m7.9,II__X,11,minor,55.0
LINS,15,Depois dos temporais,56,2,2,Y1.1.2,*4.7.9.13,V/VI,11,minor,56.0
LINS,15,Depois dos temporais,57,2,2,Y2.2,*7.9.13,V/VI,11,minor,56.5
LINS,15,Depois dos temporais,58,7,7,Z2,*M7.9,VI,11,minor,57.0
LINS,15,Depois dos temporais,59,1,1,y0,*Ø,II,11,minor,59.0
LINS,15,Depois dos temporais,60,1,1,y1,*Ø.9,II,11,minor,59.5
LINS,15,Depois dos temporais,61,6,6,Y2.2.1.1,*7(b9.b13),V,11,minor,60.0
LINS,15,Depois dos temporais,62,6,11,z3,*m7.11,Vm7,11,minor,61.0
LINS,15,Depois dos temporais,63,11,11,z2,*m7.9,I,11,minor,62.0
LINS,15,Depois dos temporais,64,6,11,z3,*m7.11,Vm7,11,minor,63.0
LINS,15,Depois dos temporais,65,11,11,z2,*m7.9,I,11,minor,64.0
LINS,15,Depois dos temporais,66,11,9,z2,*m7.9,I,11,minor,64.5
LINS,15,Depois dos temporais,67,7,7,Z2,*M7.9,VI,11,minor,65.0
LINS,15,Depois dos temporais,68,7,7,Z2.1,*M7.9(#11),VI,11,minor,66.0
LINS,15,Depois dos temporais,69,7,7,Z2,*M7.9,VI,11,minor,67.0
LINS,15,Depois dos temporais,70,11,11,z2,*m7.9,I,11,minor,67.5
LINS,15,Depois dos temporais,71,11,9,z2,*m7.9,I,11,minor,68.0
LINS,15,Depois dos temporais,72,7,7,Z2,*M7.9,VI,11,minor,69.0
LINS,15,Depois dos temporais,73,1,1,Y1.1.2,*4.7.9.13,V/V,11,minor,70.0
LINS,15,Depois dos temporais,74,1,1,Y2,*7.9,V/V,11,minor,70.5
LINS,15,Depois dos temporais,75,6,6,Z2,*M7.9,I,6,major,71.0
LINS,15,Depois dos temporais,76,3,3,z1.2,*m6.11,VI,6,major,73.0
LINS,15,Depois dos temporais,77,11,11,Z0,*M7,IV,6,major,75.0
LINS,15,Depois dos temporais,78,11,11,Z2.1,*M7.9(#11),IV,6,major,76.0
LINS,15,Depois dos temporais,79,11,11,Z1,*6,IV,6,major,77.0
LINS,15,Depois dos temporais,80,6,11,Z0,*M7,I,6,major,78.0
LINS,15,Depois dos temporais,81,3,3,z2.1,*m7.9.11,VI,6,major,79.0
LINS,16,Dinorah Dinorah,1,10,10,y1,*Ø.9,II,8,minor,1.0
LINS,16,Dinorah Dinorah,2,3,3,Y2.3,*7(b9),V,8,minor,1.5
LINS,16,Dinorah Dinorah,3,9,9,Y2,*7.9,SubV,8,minor,1.75
LINS,16,Dinorah Dinorah,4,8,8,z3,*m7.11,I,8,minor,2.0
LINS,16,Dinorah Dinorah,5,7,7,z3,*m7.11,?,8,minor,2.25
LINS,16,Dinorah Dinorah,6,6,6,z3,*m7.11,II__X,8,minor,2.5
LINS,16,Dinorah Dinorah,7,11,11,Y2.2,*7.9.13,SubV/II,8,minor,2.75
LINS,16,Dinorah Dinorah,8,10,10,y1,*Ø.9,II,8,minor,3.0
LINS,16,Dinorah Dinorah,9,3,3,Y2.3,*7(b9),V,8,minor,3.5
LINS,16,Dinorah Dinorah,10,8,8,z3,*m7.11,I,8,minor,4.0
LINS,16,Dinorah Dinorah,11,1,1,Y2,*7.9,IV7,8,minor,4.5
LINS,16,Dinorah Dinorah,12,10,10,y1,*Ø.9,II,8,minor,5.0
LINS,16,Dinorah Dinorah,13,3,3,Y2.3,*7(b9),V,8,minor,5.5
LINS,16,Dinorah Dinorah,14,9,9,Y2,*7.9,SubV,8,minor,5.75
LINS,16,Dinorah Dinorah,15,8,8,z3,*m7.11,I,8,minor,6.0
LINS,16,Dinorah Dinorah,16,7,7,z3,*m7.11,?,8,minor,6.25
LINS,16,Dinorah Dinorah,17,6,6,z3,*m7.11,II__X,8,minor,6.5
LINS,16,Dinorah Dinorah,18,11,11,Y2.2,*7.9.13,SubV/II,8,minor,6.75
LINS,16,Dinorah Dinorah,19,10,10,y1,*Ø.9,II,8,minor,7.0
LINS,16,Dinorah Dinorah,20,3,3,Y2.3,*7(b9),V,8,minor,7.5
LINS,16,Dinorah Dinorah,21,8,8,z3,*m7.11,I,8,minor,8.0
LINS,16,Dinorah Dinorah,22,1,1,Y2,*7.9,IV7,8,minor,8.5
LINS,16,Dinorah Dinorah,23,6,6,Y1.3,*4.7.13,V/III,8,minor,9.0
LINS,16,Dinorah Dinorah,24,4,4,z2.1,*m7.9.11,II,2,major,11.0
LINS,16,Dinorah Dinorah,25,9,9,Y1.1.2,*4.7.9.13,V,2,major,12.0
LINS,16,Dinorah Dinorah,26,7,7,z2,*m7.9,IVm7,2,major,13.0
LINS,16,Dinorah Dinorah,27,0,0,Y1.3,*4.7.13,bVII7,2,major,14.0
LINS,16,Dinorah Dinorah,28,0,0,Y4,*7.13,bVII7,2,major,14.5
LINS,16,Dinorah Dinorah,29,2,2,Z2,*M7.9,I,2,major,15.0
LINS,16,Dinorah Dinorah,30,11,11,Y1.3,*4.7.13,SubV/II,8,minor,16.0
LINS,16,Dinorah Dinorah,31,11,11,Y4,*7.13,SubV/II,8,minor,16.5
LINS,17,Doce presenca,1,4,6,z2,*m7.9,II,2,major,1.0
LINS,17,Doce presenca,2,4,4,z0,*m7,II,2,major,1.25
LINS,17,Doce presenca,3,9,9,Y1.1.2,*4.7.9.13,V,2,major,1.5
LINS,17,Doce presenca,4,9,1,Y2,*7.9,V,2,major,1.75
LINS,17,Doce presenca,5,2,4,Z2,*M7.9,I,2,major,2.0
LINS,17,Doce presenca,6,2,2,Z0,*M7,I,2,major,2.25
LINS,17,Doce presenca,7,2,1,Z0,*M7,I,2,major,2.5
LINS,17,Doce presenca,8,11,11,z3,*m7.11,VI,2,major,2.75
LINS,17,Doce presenca,9,4,6,z2,*m7.9,II,2,major,3.0
LINS,17,Doce presenca,10,4,4,z0,*m7,II,2,major,3.25
LINS,17,Doce presenca,11,9,9,Y1.1.2,*4.7.9.13,V,2,major,3.5
LINS,17,Doce presenca,12,9,1,Y2,*7.9,V,2,major,3.75
LINS,17,Doce presenca,13,2,4,Z2,*M7.9,I,2,major,4.0
LINS,17,Doce presenca,14,2,2,Z0,*M7,I,2,major,4.25
LINS,17,Doce presenca,15,1,1,z2.1,*m7.9.11,VIIm7,2,major,4.5
LINS,17,Doce presenca,16,7,7,z1,*m6,IVm7,2,major,4.75
LINS,17,Doce presenca,17,11,6,w1,*mM7.9,II__X,2,major,5.0
LINS,17,Doce presenca,18,11,11,z2,*m7.9,II__X,2,major,5.25
LINS,17,Doce presenca,19,4,4,Y1.1.2,*4.7.9.13,V/V,2,major,5.5
LINS,17,Doce presenca,20,4,4,Y2.1.1,*7.9(#11)13,V/V,2,major,5.75
LINS,17,Doce presenca,21,11,6,w1,*mM7.9,II__X,2,major,6.0
LINS,17,Doce presenca,22,11,11,z2,*m7.9,II__X,2,major,6.25
LINS,17,Doce presenca,23,4,4,Y1.1.2,*4.7.9.13,V/V,2,major,6.5
LINS,17,Doce presenca,24,4,4,Y2.1.1,*7.9(#11)13,V/V,2,major,6.75
LINS,17,Doce presenca,25,7,7,Z2,*M7.9,IV,2,major,7.0
LINS,17,Doce presenca,26,6,6,z3,*m7.11,III,2,major,7.25
LINS,17,Doce presenca,27,4,4,z2.1,*m7.9.11,II,2,major,7.5
LINS,17,Doce presenca,28,9,9,Y1.1.2,*4.7.9.13,V,2,major,7.75
LINS,17,Doce presenca,29,2,2,Z2,*M7.9,I,2,major,8.0
LINS,17,Doce presenca,30,11,11,X2.1,*(b5)7(b9),V/II,2,major,8.5
LINS,17,Doce presenca,31,7,7,z2,*m7.9,II__X,10,major,9.0
LINS,17,Doce presenca,32,0,0,Y2,*7.9,V/V,10,major,9.5
LINS,17,Doce presenca,33,5,5,Y1.1.2,*4.7.9.13,V,10,major,10.0
LINS,17,Doce presenca,34,5,5,Y2.2,*7.9.13,V,10,major,10.5
LINS,17,Doce presenca,35,10,10,Z2,*M7.9,I,10,major,11.0
LINS,17,Doce presenca,36,9,9,z3,*m7.11,II__X,10,major,11.5
LINS,17,Doce presenca,37,2,2,Y2.2.1.1,*7(b9.b13),V/VI,10,major,11.75
LINS,17,Doce presenca,38,7,7,w1,*mM7.9,VI,10,major,12.0
LINS,17,Doce presenca,39,7,7,z2,*m7.9,VI,10,major,12.5
LINS,17,Doce presenca,40,4,4,y2,*Ø.11,IIm7(b5),2,major,13.0
LINS,17,Doce presenca,41,10,10,z1,*m6,bVIm7,2,major,13.5
LINS,17,Doce presenca,42,9,9,Y4.1,*7(b13),V,2,major,13.75
LINS,17,Doce presenca,43,2,2,Z2,*M7.9,I,2,major,14.0
LINS,17,Doce presenca,44,6,6,W2.2,*(#5)7(#9),V/VI,2,major,14.25
LINS,17,Doce presenca,45,11,11,z2,*m7.9,VI,2,major,14.5
LINS,17,Doce presenca,46,6,6,y0,*Ø,II__X,2,major,15.0
LINS,17,Doce presenca,47,11,11,Y1.1,*4.7.9,V/II,2,major,16.0
LINS,17,Doce presenca,48,11,11,Y2.2.1,*7(b9)13,V/II,2,major,16.5
LINS,17,Doce presenca,49,11,11,Y2.2.1.1,*7(b9.b13),V/II,2,major,16.75
LINS,18,Essa mare,1,9,9,z2,*m7.9,I,9,minor,1.0
LINS,18,Essa mare,2,11,9,z0,*m7,II,9,minor,2.0
LINS,18,Essa mare,3,9,9,z2,*m7.9,I,9,minor,3.0
LINS,18,Essa mare,4,11,9,z0,*m7,II,9,minor,4.0
LINS,18,Essa mare,5,9,9,z2,*m7.9,I,9,minor,5.0
LINS,18,Essa mare,6,2,2,z2.1,*m7.9.11,IV,9,minor,7.0
LINS,18,Essa mare,7,7,7,Y1.1.2,*4.7.9.13,V,0,major,9.0
LINS,18,Essa mare,8,7,7,Y2.1,*7.9(#11),V,0,major,10.0
LINS,18,Essa mare,9,4,7,z2,*m7.9,III,0,major,11.0
LINS,18,Essa mare,10,6,6,Y3,*7(#11),SubV/IV,0,major,12.0
LINS,18,Essa mare,11,5,5,Z0,*M7,IV,0,major,13.0
LINS,18,Essa mare,12,4,4,Y4.1,*7(b13),V/VI,0,major,14.0
LINS,18,Essa mare,13,5,5,z2,*m7.9,II__X,0,major,15.0
LINS,18,Essa mare,14,10,10,Y4,*7.13,SubV/VI,0,major,15.5
LINS,18,Essa mare,15,4,4,z2,*m7.9,II__X,0,major,16.0
LINS,18,Essa mare,16,9,9,Y4,*7.13,V/II,0,major,16.5
LINS,18,Essa mare,17,3,3,z2,*m7.9,II__X,0,major,17.0
LINS,18,Essa mare,18,8,8,Y4,*7.13,SubV/V,0,major,17.5
LINS,18,Essa mare,19,2,2,z2,*m7.9,II,0,major,18.0
LINS,18,Essa mare,20,7,7,Y4,*7.13,V,0,major,18.5
LINS,18,Essa mare,21,0,0,Z2,*M7.9,I,0,major,19.0
LINS,18,Essa mare,22,0,0,Y1.1,*4.7.9,V/IV,0,major,20.0
LINS,18,Essa mare,23,6,6,Y3,*7(#11),SubV/IV,0,major,20.5
LINS,18,Essa mare,24,5,5,Z2,*M7.9,IV,0,major,21.0
LINS,18,Essa mare,25,11,11,W2.2,*(#5)7(#9),V/III,0,major,22.0
LINS,18,Essa mare,26,4,4,Y4.1,*7(b13),V/VI,0,major,22.5
LINS,18,Essa mare,27,9,9,z2,*m7.9,VI,0,major,23.0
LINS,18,Essa mare,28,7,7,z2,*m7.9,II__X,0,major,24.0
LINS,18,Essa mare,29,0,0,Y4,*7.13,V/IV,0,major,24.5
LINS,18,Essa mare,30,6,6,x3,*°7(b13),V°/V,0,major,25.0
LINS,18,Essa mare,31,5,5,z1,*m6,IVm7,0,major,26.0
LINS,18,Essa mare,32,0,4,V1,*4,I,0,major,27.0
LINS,18,Essa mare,33,3,3,Y2,*7.9,SubV/IV,9,minor,28.0
LINS,18,Essa mare,34,2,2,z2,*m7.9,IV,9,minor,29.0
LINS,18,Essa mare,35,2,0,z2,*m7.9,IV,9,minor,30.0
LINS,18,Essa mare,36,11,11,y1,*Ø.9,II,9,minor,31.0
LINS,18,Essa mare,37,4,4,Y2.2.1.1,*7(b9.b13),V,9,minor,32.0
LINS,18,Essa mare,38,5,5,Z2,*M7.9,VI,9,minor,33.0
LINS,18,Essa mare,39,10,10,Y1.1.2,*4.7.9.13,SubV,9,minor,34.0
LINS,18,Essa mare,40,9,9,z2,*m7.9,I,9,minor,35.0
LINS,18,Essa mare,41,9,7,z2,*m7.9,I,9,minor,36.0
LINS,18,Essa mare,42,6,6,y0,*Ø,II__X,9,minor,37.0
LINS,18,Essa mare,43,11,11,Y2.2.1.1,*7(b9.b13),V/V,9,minor,38.0
LINS,18,Essa mare,44,4,4,z2.1,*m7.9.11,II__X,9,minor,39.0
LINS,18,Essa mare,45,3,3,Y2,*7.9,SubV/IV,9,minor,40.0
LINS,18,Essa mare,46,2,2,z2,*m7.9,IV,9,minor,41.0
LINS,18,Essa mare,47,7,7,z2,*m7.9,bVIIm7,9,minor,42.0
LINS,18,Essa mare,48,11,11,z3,*m7.11,II,9,minor,43.0
LINS,18,Essa mare,49,4,4,Y2.2.1,*7(b9)13,V,9,minor,44.0
LINS,18,Essa mare,50,9,9,z2,*m7.9,I,9,minor,45.0
LINS,18,Essa mare,51,4,4,Y1.1,*4.7.9,V,9,minor,46.0
LINS,18,Essa mare,52,9,9,z2,*m7.9,I,9,minor,47.0
LINS,19,Fogueiras,1,4,4,x0,*°7,V°/IV,0,major,1.0
LINS,19,Fogueiras,2,5,5,Z5,*6.M7,IV,0,major,2.0
LINS,19,Fogueiras,3,2,6,Y0,*7,V/V,0,major,3.0
LINS,19,Fogueiras,4,0,7,V1,*4,I,0,major,4.0
LINS,19,Fogueiras,5,4,4,y0,*Ø,II__X,0,major,5.0
LINS,19,Fogueiras,6,9,9,Y0,*7,V/II,0,major,5.5
LINS,19,Fogueiras,7,2,2,Y1,*4.7,V/V,0,major,6.0
LINS,19,Fogueiras,8,2,2,Y0,*7,V/V,0,major,6.5
LINS,19,Fogueiras,9,7,7,Y1.1.2,*4.7.9.13,V,0,major,7.0
LINS,19,Fogueiras,10,7,7,Y2.2,*7.9.13,V,0,major,7.5
LINS,19,Fogueiras,11,0,0,Z2,*M7.9,I,0,major,8.0
LINS,19,Fogueiras,12,4,4,x0,*°7,V°/IV,0,major,9.0
LINS,19,Fogueiras,13,5,5,Z5,*6.M7,IV,0,major,10.0
LINS,19,Fogueiras,14,2,6,Y0,*7,V/V,0,major,11.0
LINS,19,Fogueiras,15,0,7,V1,*4,I,0,major,12.0
LINS,19,Fogueiras,16,4,4,y0,*Ø,II__X,0,major,13.0
LINS,19,Fogueiras,17,9,9,Y0,*7,V/II,0,major,13.5
LINS,19,Fogueiras,18,2,2,Y1,*4.7,V/V,0,major,14.0
LINS,19,Fogueiras,19,2,2,Y0,*7,V/V,0,major,14.5
LINS,19,Fogueiras,20,7,7,Y1.1.2,*4.7.9.13,V,0,major,15.0
LINS,19,Fogueiras,21,7,7,Y2.2,*7.9.13,V,0,major,15.5
LINS,19,Fogueiras,22,0,0,Z1.1,*6.9,I,0,major,16.0
LINS,19,Fogueiras,23,0,0,V1,*4,I,0,major,16.5
LINS,19,Fogueiras,24,0,0,Z1.1,*6.9,I,0,major,17.0
LINS,19,Fogueiras,25,0,0,V1,*4,I,0,major,17.5
LINS,19,Fogueiras,26,5,5,Z1,*6,IV,0,major,18.0
LINS,19,Fogueiras,27,5,5,Z5.1,*6.M7.9,IV,0,major,18.5
LINS,19,Fogueiras,28,7,7,Y4,*7.13,V,0,major,19.0
LINS,19,Fogueiras,29,7,7,Y0,*7,V,0,major,19.5
LINS,19,Fogueiras,30,7,7,Y1.1,*4.7.9,V,0,major,19.75
LINS,19,Fogueiras,31,0,7,V0,*,I,0,major,20.0
LINS,20,Guarde nos olhos,1,0,0,Z2,*M7.9,I,0,major,1.0
LINS,20,Guarde nos olhos,2,0,0,Z1,*6,I,0,major,1.5
LINS,20,Guarde nos olhos,3,0,0,Z2,*M7.9,I,0,major,2.0
LINS,20,Guarde nos olhos,4,0,0,Z1,*6,I,0,major,2.5
LINS,20,Guarde nos olhos,5,9,9,Y1.1,*4.7.9,V/II,0,major,3.0
LINS,20,Guarde nos olhos,6,9,9,z2,*m7.9,VI,0,major,3.5
LINS,20,Guarde nos olhos,7,9,9,Y1.1,*4.7.9,V/II,0,major,4.0
LINS,20,Guarde nos olhos,8,9,9,z2,*m7.9,VI,0,major,4.5
LINS,20,Guarde nos olhos,9,5,5,Z2,*M7.9,IV,0,major,5.0
LINS,20,Guarde nos olhos,10,5,5,Z1,*6,IV,0,major,5.5
LINS,20,Guarde nos olhos,11,5,5,Z3,*M7(#11),IV,0,major,6.0
LINS,20,Guarde nos olhos,12,7,7,Y1.1,*4.7.9,V,0,major,6.5
LINS,20,Guarde nos olhos,13,7,7,Y2,*7.9,V,0,major,6.75
LINS,20,Guarde nos olhos,14,0,0,Z2,*M7.9,I,0,major,7.0
LINS,20,Guarde nos olhos,15,0,0,Z1,*6,I,0,major,7.5
LINS,20,Guarde nos olhos,16,0,0,Z2,*M7.9,I,0,major,8.0
LINS,20,Guarde nos olhos,17,0,0,Z1,*6,I,0,major,8.5
LINS,20,Guarde nos olhos,18,7,7,Y1.1.2,*4.7.9.13,V,0,major,9.0
LINS,20,Guarde nos olhos,19,7,7,Y2,*7.9,V,0,major,9.5
LINS,20,Guarde nos olhos,20,4,4,z2.1,*m7.9.11,III,0,major,10.0
LINS,20,Guarde nos olhos,21,9,9,z2.1,*m7.9.11,VI,0,major,10.5
LINS,20,Guarde nos olhos,22,4,2,Y0,*7,V/VI,0,major,11.0
LINS,20,Guarde nos olhos,23,1,1,z2,*m7.9,?,0,major,12.0
LINS,20,Guarde nos olhos,24,6,6,z2,*m7.9,?,0,major,12.5
LINS,20,Guarde nos olhos,25,5,5,Z2,*M7.9,IV,0,major,13.0
LINS,20,Guarde nos olhos,26,5,5,Z1,*6,IV,0,major,13.5
LINS,20,Guarde nos olhos,27,4,4,z2.1,*m7.9.11,III,0,major,14.0
LINS,20,Guarde nos olhos,28,9,9,z2.1,*m7.9.11,VI,0,major,14.5
LINS,20,Guarde nos olhos,29,2,2,Y4,*7.13,V/V,0,major,15.0
LINS,20,Guarde nos olhos,30,2,2,Y4.1,*7(b13),V/V,0,major,15.5
LINS,20,Guarde nos olhos,31,7,7,Y1.1,*4.7.9,V,0,major,16.0
LINS,20,Guarde nos olhos,32,7,7,Y2.2.1,*7(b9)13,V,0,major,16.5
LINS,20,Guarde nos olhos,33,0,0,Z2,*M7.9,I,0,major,17.0
LINS,20,Guarde nos olhos,34,0,0,Z1,*6,I,0,major,17.5
LINS,20,Guarde nos olhos,35,0,0,Z2,*M7.9,I,0,major,18.0
LINS,20,Guarde nos olhos,36,0,0,Z1,*6,I,0,major,18.5
LINS,20,Guarde nos olhos,37,9,9,Y1.1,*4.7.9,V/II,0,major,19.0
LINS,20,Guarde nos olhos,38,9,9,z2,*m7.9,VI,0,major,19.5
LINS,20,Guarde nos olhos,39,9,9,Y1.1,*4.7.9,V/II,0,major,20.0
LINS,20,Guarde nos olhos,40,9,9,z2,*m7.9,VI,0,major,20.5
LINS,20,Guarde nos olhos,41,5,5,Z2,*M7.9,IV,0,major,21.0
LINS,20,Guarde nos olhos,42,5,5,Z1,*6,IV,0,major,21.5
LINS,20,Guarde nos olhos,43,5,5,Z3,*M7(#11),IV,0,major,22.0
LINS,20,Guarde nos olhos,44,7,7,Y1.1,*4.7.9,V,0,major,22.5
LINS,20,Guarde nos olhos,45,7,7,Y2,*7.9,V,0,major,22.75
LINS,20,Guarde nos olhos,46,0,0,Z2,*M7.9,I,0,major,23.0
LINS,20,Guarde nos olhos,47,0,0,Z1,*6,I,0,major,23.5
LINS,20,Guarde nos olhos,48,7,7,z0,*m7,II__X,0,major,24.0
LINS,20,Guarde nos olhos,49,0,0,Y0,*7,V/IV,0,major,24.5
LINS,20,Guarde nos olhos,50,5,5,Z2,*M7.9,IV,0,major,25.0
LINS,20,Guarde nos olhos,51,5,5,Z1,*6,IV,0,major,25.5
LINS,20,Guarde nos olhos,52,5,5,Z3,*M7(#11),IV,0,major,26.0
LINS,20,Guarde nos olhos,53,7,7,Y1.1,*4.7.9,V,0,major,26.5
LINS,20,Guarde nos olhos,54,7,7,Y2,*7.9,V,0,major,26.75
LINS,20,Guarde nos olhos,55,0,0,Z2,*M7.9,I,0,major,27.0
LINS,21,Ituverava,1,11,11,Z2,*M7.9,I,11,major,1.0
LINS,21,Ituverava,2,8,8,z2,*m7.9,VI,11,major,1.5
LINS,21,Ituverava,3,4,4,z1.2,*m6.11,IVm7,11,major,2.0
LINS,21,Ituverava,4,6,6,Y1,*4.7,V,11,major,2.5
LINS,21,Ituverava,5,11,11,Z2,*M7.9,I,11,major,3.0
LINS,21,Ituverava,6,8,8,z2,*m7.9,VI,11,major,3.5
LINS,21,Ituverava,7,4,4,z1.2,*m6.11,IVm7,11,major,4.0
LINS,21,Ituverava,8,6,6,Y1,*4.7,V,11,major,4.5
LINS,21,Ituverava,9,11,11,Z2,*M7.9,I,11,major,5.0
LINS,21,Ituverava,10,8,8,z2,*m7.9,VI,11,major,5.5
LINS,21,Ituverava,11,0,0,z0,*m7,II,11,major,6.0
LINS,21,Ituverava,12,6,6,Y1,*4.7,V,11,major,6.25
LINS,21,Ituverava,13,6,4,Y0,*7,V,11,major,6.5
LINS,21,Ituverava,14,3,3,z2.1,*m7.9.11,III,11,major,7.0
LINS,21,Ituverava,15,4,4,z2.1,*m7.9.11,IVm7,11,major,7.5
LINS,21,Ituverava,16,1,1,z0,*m7,II,11,major,8.0
LINS,21,Ituverava,17,6,6,Y1,*4.7,V,11,major,8.5
LINS,21,Ituverava,18,1,8,Z0,*M7,IV,4,major,9.0
LINS,21,Ituverava,19,6,6,z1,*m6,II,4,major,9.25
LINS,21,Ituverava,20,11,11,Y2,*7.9,V,4,major,9.5
LINS,21,Ituverava,21,4,8,Z0,*M7,I,4,major,10.0
LINS,21,Ituverava,22,1,1,z0,*m7,VI,4,major,10.5
LINS,21,Ituverava,23,7,6,Z0,*M7,IV,2,major,11.0
LINS,21,Ituverava,24,4,4,z1,*m6,II,2,major,11.25
LINS,21,Ituverava,25,9,9,Y2,*7.9,V,2,major,11.5
LINS,21,Ituverava,26,2,6,Z0,*M7,I,2,major,12.0
LINS,21,Ituverava,27,11,11,z0,*m7,VI,2,major,12.5
LINS,21,Ituverava,28,5,4,Z0,*M7,IV,0,major,13.0
LINS,21,Ituverava,29,2,2,z1,*m6,II,0,major,13.25
LINS,21,Ituverava,30,7,7,Y2,*7.9,V,0,major,13.5
LINS,21,Ituverava,31,0,4,V0,*,I,0,major,14.0
LINS,21,Ituverava,32,0,0,V0,*,I,0,major,14.5
LINS,21,Ituverava,33,1,1,z0,*m7,II,11,major,15.0
LINS,21,Ituverava,34,6,6,Y1,*4.7,V,11,major,15.5
LINS,21,Ituverava,35,11,11,Z2,*M7.9,I,11,major,16.0
LINS,21,Ituverava,36,8,8,z2,*m7.9,VI,11,major,16.5
LINS,21,Ituverava,37,4,4,z1.2,*m6.11,IVm7,11,major,17.0
LINS,21,Ituverava,38,6,6,Y1,*4.7,V,11,major,17.5
LINS,21,Ituverava,39,11,11,Z2,*M7.9,I,11,major,18.0
LINS,21,Ituverava,40,8,8,z2,*m7.9,VI,11,major,18.5
LINS,21,Ituverava,41,4,4,z1.2,*m6.11,IVm7,11,major,19.0
LINS,21,Ituverava,42,6,6,Y1,*4.7,V,11,major,19.5
LINS,22,Iluminados,1,2,2,Z0,*M7,I,2,major,1.0
LINS,22,Iluminados,2,7,2,Z0,*M7,IV,2,major,2.0
LINS,22,Iluminados,3,9,2,V0,*,V,2,major,3.0
LINS,22,Iluminados,4,7,7,Z0,*M7,IV,2,major,5.0
LINS,22,Iluminados,5,6,6,z0,*m7,III,2,major,6.0
LINS,22,Iluminados,6,4,4,z0,*m7,II,2,major,7.0
LINS,22,Iluminados,7,7,2,Z0,*M7,IV,2,major,8.0
LINS,22,Iluminados,8,0,0,Z5,*6.M7,bVII7M,2,major,9.0
LINS,22,Iluminados,9,11,11,Y1,*4.7,V/II,2,major,10.0
LINS,22,Iluminados,10,11,11,Y0,*7,V/II,2,major,10.5
LINS,22,Iluminados,11,5,5,z2,*m7.9,II__X,2,major,11.0
LINS,22,Iluminados,12,10,10,Y4,*7.13,SubV/V,2,major,12.0
LINS,22,Iluminados,13,4,4,z0,*m7,II,2,major,13.0
LINS,22,Iluminados,14,9,9,Y0,*7,V,2,major,14.0
LINS,22,Iluminados,15,9,2,V0,*,V,2,major,15.0
LINS,22,Iluminados,16,7,2,Z0,*M7,IV,2,major,16.0
LINS,23,Joana dos barcos,1,0,0,Z2,*M7.9,I,0,major,1.0
LINS,23,Joana dos barcos,2,0,0,Y1.1.2,*4.7.9.13,V/IV,0,major,3.0
LINS,23,Joana dos barcos,3,0,0,Z2,*M7.9,I,0,major,5.0
LINS,23,Joana dos barcos,4,0,0,Y1.1.2,*4.7.9.13,V/IV,0,major,7.0
LINS,23,Joana dos barcos,5,0,0,Z2,*M7.9,I,0,major,9.0
LINS,23,Joana dos barcos,6,0,0,Y1.1.2,*4.7.9.13,V/IV,0,major,11.0
LINS,23,Joana dos barcos,7,0,0,Z2,*M7.9,I,0,major,13.0
LINS,23,Joana dos barcos,8,0,0,Y1.1.2,*4.7.9.13,V/IV,0,major,15.0
LINS,23,Joana dos barcos,9,5,5,Z2,*M7.9,IV,0,major,17.0
LINS,23,Joana dos barcos,10,4,4,z2.1,*m7.9.11,III,0,major,18.0
LINS,23,Joana dos barcos,11,2,2,z2.1,*m7.9.11,II,0,major,21.0
LINS,23,Joana dos barcos,12,4,4,z2.1,*m7.9.11,III,0,major,23.0
LINS,23,Joana dos barcos,13,5,5,Z2,*M7.9,IV,0,major,25.0
LINS,23,Joana dos barcos,14,4,4,z2.1,*m7.9.11,III,0,major,27.0
LINS,23,Joana dos barcos,15,3,3,Z1.1,*6.9,Np/II,0,major,28.0
LINS,23,Joana dos barcos,16,2,2,Y2,*7.9,V/V,0,major,29.0
LINS,23,Joana dos barcos,17,1,1,Z2,*M7.9,bII7M,0,major,30.0
LINS,23,Joana dos barcos,18,0,0,Z2,*M7.9,I,0,major,31.0
LINS,23,Joana dos barcos,19,0,0,Y1.1.2,*4.7.9.13,V/IV,0,major,33.0
LINS,23,Joana dos barcos,20,0,0,Z2,*M7.9,I,0,major,35.0
LINS,23,Joana dos barcos,21,0,0,Y1.1.2,*4.7.9.13,V/IV,0,major,37.0
LINS,23,Joana dos barcos,22,0,0,Z2,*M7.9,I,0,major,39.0
LINS,24,Lembra de mim,1,0,0,Z2,*M7.9,I,0,major,1.0
LINS,24,Lembra de mim,2,11,11,z2.1,*m7.9.11,II__X,0,major,2.0
LINS,24,Lembra de mim,3,4,4,Y2.2.3,*7.9(b13),V/VI,0,major,2.5
LINS,24,Lembra de mim,4,9,9,z2,*m7.9,VI,0,major,3.0
LINS,24,Lembra de mim,5,9,7,z2,*m7.9,VI,0,major,3.5
LINS,24,Lembra de mim,6,6,6,y1,*Ø.9,II__X,0,major,4.0
LINS,24,Lembra de mim,7,11,11,Y2.2.3,*7.9(b13),V/III,0,major,4.5
LINS,24,Lembra de mim,8,4,4,w1,*mM7.9,II__X,0,major,5.0
LINS,24,Lembra de mim,9,4,4,z2,*m7.9,II__X,0,major,5.5
LINS,24,Lembra de mim,10,9,9,Y1.1.2,*4.7.9.13,V/II,0,major,6.0
LINS,24,Lembra de mim,11,9,9,Y2.2,*7.9.13,V/II,0,major,6.5
LINS,24,Lembra de mim,12,2,2,Y1.1,*4.7.9,V/V,0,major,7.0
LINS,24,Lembra de mim,13,2,2,Y2,*7.9,V/V,0,major,7.5
LINS,24,Lembra de mim,14,7,7,Y2.2.3,*7.9(b13),V,0,major,8.0
LINS,24,Lembra de mim,15,10,2,Z0,*M7,bVII7M,0,major,8.5
LINS,24,Lembra de mim,16,1,1,Y2.2.1,*7(b9)13,SubV,0,major,8.75
LINS,24,Lembra de mim,17,0,0,Y2.2.3,*7.9(b13),V/III,1,major,9.0
LINS,24,Lembra de mim,18,0,0,Y2.1.1,*7.9(#11)13,V/III,1,major,9.5
LINS,24,Lembra de mim,19,5,5,z2.1,*m7.9.11,II__X,1,major,10.0
LINS,24,Lembra de mim,20,10,10,Y2.2.3,*7.9(b13),V/II,1,major,11.0
LINS,24,Lembra de mim,21,10,10,Y2.1.1,*7.9(#11)13,V/II,1,major,11.5
LINS,24,Lembra de mim,22,3,3,z2.1,*m7.9.11,II,1,major,12.0
LINS,24,Lembra de mim,23,8,8,Y2.2.3,*7.9(b13),V,1,major,13.0
LINS,24,Lembra de mim,24,8,8,Y2.1.1,*7.9(#11)13,V,1,major,13.5
LINS,24,Lembra de mim,25,1,1,Z2,*M7.9,I,1,major,14.0
LINS,24,Lembra de mim,26,2,2,y1,*Ø.9,IIm7(b5),0,major,15.0
LINS,24,Lembra de mim,27,7,7,Y2.2.2,*7(#9)13,V,0,major,15.5
LINS,24,Lembra de mim,28,0,0,Z2,*M7.9,I,0,major,16.0
LINS,24,Lembra de mim,29,11,11,z2.1,*m7.9.11,II__X,0,major,17.0
LINS,24,Lembra de mim,30,4,4,Y2.2.3,*7.9(b13),V/VI,0,major,17.5
LINS,24,Lembra de mim,31,9,9,z2,*m7.9,VI,0,major,18.0
LINS,24,Lembra de mim,32,9,7,z2,*m7.9,VI,0,major,18.5
LINS,24,Lembra de mim,33,6,6,y1,*Ø.9,II__X,0,major,19.0
LINS,24,Lembra de mim,34,11,11,Y2.2.3,*7.9(b13),V/III,0,major,19.5
LINS,24,Lembra de mim,35,4,4,w1,*mM7.9,II__X,0,major,20.0
LINS,24,Lembra de mim,36,4,4,z2,*m7.9,II__X,0,major,20.5
LINS,24,Lembra de mim,37,9,9,Y1.1.2,*4.7.9.13,V/II,0,major,21.0
LINS,24,Lembra de mim,38,9,9,Y2.2,*7.9.13,V/II,0,major,21.5
LINS,24,Lembra de mim,39,2,2,Y1.1,*4.7.9,V/V,0,major,22.0
LINS,24,Lembra de mim,40,2,2,Y2,*7.9,V/V,0,major,22.5
LINS,24,Lembra de mim,41,7,7,Y2.2.3,*7.9(b13),V,0,major,23.0
LINS,24,Lembra de mim,42,7,7,Y2.2.1,*7(b9)13,V,0,major,23.5
LINS,24,Lembra de mim,43,0,0,Z2,*M7.9,I,0,major,24.0
LINS,24,Lembra de mim,44,9,9,z0,*m7,VI,0,major,24.5
LINS,24,Lembra de mim,45,2,2,z2,*m7.9,II,0,major,25.0
LINS,24,Lembra de mim,46,7,7,Y2.2.3,*7.9(b13),V,0,major,25.25
LINS,24,Lembra de mim,47,0,0,Z2,*M7.9,I,0,major,26.0
LINS,25,Lembra,1,4,4,Z2,*M7.9,I,4,major,1.0
LINS,25,Lembra,2,8,8,Y2.2.2.1,*7(#9.b13),V/VI,4,major,2.5
LINS,25,Lembra,3,1,1,z2.1,*m7.9.11,VI,4,major,3.0
LINS,25,Lembra,4,4,11,Z0,*M7,I,4,major,4.5
LINS,25,Lembra,5,9,9,Z0,*M7,IV,4,major,5.0
LINS,25,Lembra,6,10,10,y0,*Ø,II__X,4,major,6.0
LINS,25,Lembra,7,3,3,Y2.4,*7(#9),V/III,4,major,6.5
LINS,25,Lembra,8,3,3,Y4.1,*7(b13),V/III,4,major,6.75
LINS,25,Lembra,9,8,8,z2,*m7.9,II__X,4,major,7.0
LINS,25,Lembra,10,1,1,Y2.2,*7.9.13,V/II,4,major,8.0
LINS,25,Lembra,11,1,1,Y2.2.1.1,*7(b9.b13),V/II,4,major,8.5
LINS,25,Lembra,12,6,6,z2,*m7.9,II,4,major,9.0
LINS,25,Lembra,13,4,4,z2,*m7.9,II__X,4,major,10.0
LINS,25,Lembra,14,9,9,Y2.2,*7.9.13,SubV/III,4,major,10.5
LINS,25,Lembra,15,3,3,y0,*Ø,II__X,4,major,11.0
LINS,25,Lembra,16,8,8,Y2.2.1,*7(b9)13,V/VI,4,major,12.0
LINS,25,Lembra,17,8,8,Y4.1,*7(b13),V/VI,4,major,12.5
LINS,25,Lembra,18,1,1,w1,*mM7.9,II__X,4,major,13.0
LINS,25,Lembra,19,1,1,z2,*m7.9,II__X,4,major,13.5
LINS,25,Lembra,20,6,6,Y2.2,*7.9.13,V/V,4,major,14.0
LINS,25,Lembra,21,11,11,Y1.1,*4.7.9,V,4,major,15.0
LINS,25,Lembra,22,11,11,Y1.1.3,*4.7(b9),V,4,major,16.0
LINS,25,Lembra,23,4,4,Z4,*(#5)M7,I,4,major,17.0
LINS,25,Lembra,24,4,4,Z3,*M7(#11),I,4,major,17.25
LINS,25,Lembra,25,4,4,Z0,*M7,I,4,major,17.5
LINS,25,Lembra,26,4,4,V1,*4,I,4,major,19.0
LINS,25,Lembra,27,4,4,V1.1,*4.9,I,4,major,20.0
LINS,25,Lembra,28,4,4,V1,*4,I,4,major,21.0
LINS,25,Lembra,29,4,4,V1.1,*4.9,I,4,major,22.0
LINS,25,Lembra,30,7,7,V1,*4,I,7,major,23.0
LINS,25,Lembra,31,7,7,V1.1,*4.9,I,7,major,24.0
LINS,25,Lembra,32,7,7,V1,*4,I,7,major,25.0
LINS,25,Lembra,33,7,7,V1.1,*4.9,I,7,major,26.0
LINS,25,Lembra,34,7,7,Z2,*M7.9,I,7,major,27.0
LINS,25,Lembra,35,11,11,Y2.2.1,*7(b9)13,V/VI,7,major,28.5
LINS,25,Lembra,36,4,4,z2.1,*m7.9.11,VI,7,major,29.0
LINS,25,Lembra,37,7,2,Z0,*M7,I,7,major,30.5
LINS,25,Lembra,38,0,0,Z0,*M7,IV,7,major,31.0
LINS,25,Lembra,39,1,1,y1,*Ø.9,II__X,7,major,32.0
LINS,25,Lembra,40,6,6,Y4.1,*7(b13),V/III,7,major,32.5
LINS,25,Lembra,41,11,11,z2,*m7.9,II__X,7,major,33.0
LINS,25,Lembra,42,4,4,Y2.2,*7.9.13,V/II,7,major,34.0
LINS,25,Lembra,43,4,4,Y2.2.1.1,*7(b9.b13),V/II,7,major,34.5
LINS,25,Lembra,44,9,9,z2,*m7.9,II,7,major,35.0
LINS,25,Lembra,45,7,7,z2,*m7.9,II__X,7,major,36.0
LINS,25,Lembra,46,0,0,Y4,*7.13,SubV/III,7,major,36.5
LINS,25,Lembra,47,6,6,y1,*Ø.9,II__X,7,major,37.0
LINS,25,Lembra,48,11,11,Y2.2.1.1,*7(b9.b13),V/VI,7,major,38.0
LINS,25,Lembra,49,4,4,w1,*mM7.9,II__X,7,major,39.0
LINS,25,Lembra,50,4,4,z2,*m7.9,II__X,7,major,39.5
LINS,25,Lembra,51,9,9,Y2.2,*7.9.13,V/V,7,major,40.0
LINS,25,Lembra,52,2,2,Y1.1,*4.7.9,V,7,major,41.0
LINS,25,Lembra,53,2,2,Y1.1.3,*4.7(b9),V,7,major,42.0
LINS,25,Lembra,54,7,7,Z4,*(#5)M7,I,7,major,43.0
LINS,25,Lembra,55,7,7,Z3,*M7(#11),I,7,major,43.5
LINS,25,Lembra,56,7,7,Z0,*M7,I,7,major,44.0
LINS,26,Leva e traz,1,0,0,Z2,*M7.9,I,0,major,1.0
LINS,26,Leva e traz,2,9,9,Y2.2.1.1,*7(b9.b13),V/II,0,major,6.0
LINS,26,Leva e traz,3,2,2,Y2,*7.9,V/V,0,major,7.0
LINS,26,Leva e traz,4,11,11,y0,*Ø,II__X,0,major,9.0
LINS,26,Leva e traz,5,4,4,Y0,*7,V/VI,0,major,10.0
LINS,26,Leva e traz,6,11,11,y0,*Ø,II__X,0,major,11.0
LINS,26,Leva e traz,7,4,4,Y0,*7,V/VI,0,major,12.0
LINS,26,Leva e traz,8,11,11,y0,*Ø,II__X,0,major,13.0
LINS,26,Leva e traz,9,4,4,Y0,*7,V/VI,0,major,14.0
LINS,26,Leva e traz,10,9,9,z0,*m7,II__X,0,major,15.0
LINS,26,Leva e traz,11,2,2,Y2,*7.9,V/V,0,major,16.0
LINS,26,Leva e traz,12,7,7,Y1.1.2,*4.7.9.13,V,0,major,17.0
LINS,26,Leva e traz,13,7,7,Y2.2,*7.9.13,V,0,major,18.0
LINS,26,Leva e traz,14,7,7,Y1.1.2,*4.7.9.13,V,0,major,19.0
LINS,26,Leva e traz,15,7,7,Y2.2,*7.9.13,V,0,major,20.0
LINS,26,Leva e traz,16,7,7,Y1.1.2,*4.7.9.13,V,0,major,21.0
LINS,26,Leva e traz,17,7,7,Y2.2,*7.9.13,V,0,major,22.0
LINS,26,Leva e traz,18,0,0,Z2,*M7.9,I,0,major,23.0
LINS,26,Leva e traz,19,0,0,Z1.1,*6.9,I,0,major,24.0
LINS,26,Leva e traz,20,7,7,Y1.1.2,*4.7.9.13,V,0,major,25.0
LINS,26,Leva e traz,21,7,7,Y2.2,*7.9.13,V,0,major,26.0
LINS,26,Leva e traz,22,7,7,Y1.1.2,*4.7.9.13,V,0,major,27.0
LINS,26,Leva e traz,23,7,7,Y2.2,*7.9.13,V,0,major,28.0
LINS,26,Leva e traz,24,7,7,Y1.1.2,*4.7.9.13,V,0,major,29.0
LINS,26,Leva e traz,25,7,7,Y2.2,*7.9.13,V,0,major,30.0
LINS,26,Leva e traz,26,0,0,Z2,*M7.9,I,0,major,31.0
LINS,26,Leva e traz,27,0,0,Z1.1,*6.9,I,0,major,32.0
LINS,26,Leva e traz,28,5,5,Z2,*M7.9,IV,0,major,33.0
LINS,26,Leva e traz,29,5,5,Z1.1,*6.9,IV,0,major,34.0
LINS,26,Leva e traz,30,10,10,Y1.1,*4.7.9,bVII7,0,major,35.0
LINS,26,Leva e traz,31,10,10,Y2,*7.9,bVII7,0,major,36.0
LINS,26,Leva e traz,32,0,4,V0,*,I,0,major,37.0
LINS,26,Leva e traz,33,9,9,Y1.1.2,*4.7.9.13,V/II,0,major,39.0
LINS,26,Leva e traz,34,9,9,Y2.2,*7.9.13,V/II,0,major,40.0
LINS,26,Leva e traz,35,2,2,Y2,*7.9,V/V,0,major,41.0
LINS,26,Leva e traz,36,7,7,Y1.1.2,*4.7.9.13,V,0,major,43.0
LINS,26,Leva e traz,37,7,7,Y2.2,*7.9.13,V,0,major,44.0
LINS,26,Leva e traz,38,0,0,Y1.1,*4.7.9,V/IV,0,major,45.0
LINS,26,Leva e traz,39,0,0,Y2,*7.9,V/IV,0,major,46.0
LINS,26,Leva e traz,40,0,0,z2,*m7.9,Im7,0,major,47.0
LINS,26,Leva e traz,41,0,0,Y2,*7.9,V/IV,0,major,48.0
LINS,26,Leva e traz,42,5,5,Z2,*M7.9,IV,0,major,49.0
LINS,26,Leva e traz,43,5,5,Z1.1,*6.9,IV,0,major,50.0
LINS,26,Leva e traz,44,10,10,Y1.1,*4.7.9,bVII7,0,major,51.0
LINS,26,Leva e traz,45,10,10,Y2,*7.9,bVII7,0,major,52.0
LINS,26,Leva e traz,46,0,4,V0,*,I,0,major,53.0
LINS,26,Leva e traz,47,9,9,Y1.1.2,*4.7.9.13,V/II,0,major,54.0
LINS,26,Leva e traz,48,9,9,Y2.2,*7.9.13,V/II,0,major,55.0
LINS,26,Leva e traz,49,2,2,Y2,*7.9,V/V,0,major,56.0
LINS,26,Leva e traz,50,7,7,Y1.1.2,*4.7.9.13,V,0,major,57.0
LINS,26,Leva e traz,51,7,7,Y2.2,*7.9.13,V,0,major,58.0
LINS,26,Leva e traz,52,0,0,Z2,*M7.9,I,0,major,59.0
LINS,26,Leva e traz,53,5,0,Z5,*6.M7,IV,0,major,60.0
LINS,26,Leva e traz,54,0,0,Z2,*M7.9,I,0,major,61.0
LINS,26,Leva e traz,55,5,0,Z5,*6.M7,IV,0,major,62.0
LINS,27,Madalena,1,0,0,Z2,*M7.9,I,0,major,1.0
LINS,27,Madalena,2,0,0,Z1.1,*6.9,I,0,major,1.5
LINS,27,Madalena,3,2,2,z2,*m7.9,II,0,major,2.0
LINS,27,Madalena,4,7,7,Y4,*7.13,V,0,major,2.5
LINS,27,Madalena,5,0,0,Z2,*M7.9,I,0,major,3.0
LINS,27,Madalena,6,0,0,Z1.1,*6.9,I,0,major,3.5
LINS,27,Madalena,7,2,2,z2,*m7.9,II,0,major,4.0
LINS,27,Madalena,8,7,7,Y4,*7.13,V,0,major,4.5
LINS,27,Madalena,9,0,0,Z2,*M7.9,I,0,major,5.0
LINS,27,Madalena,10,0,0,Z1.1,*6.9,I,0,major,5.5
LINS,27,Madalena,11,2,2,z2,*m7.9,II,0,major,6.0
LINS,27,Madalena,12,7,7,Y4,*7.13,V,0,major,6.5
LINS,27,Madalena,13,0,0,Y1.1,*4.7.9,V/IV,0,major,7.0
LINS,27,Madalena,14,0,0,Y4,*7.13,V/IV,0,major,8.5
LINS,27,Madalena,15,5,5,Z0,*M7,IV,0,major,9.0
LINS,27,Madalena,16,5,5,Z1,*6,IV,0,major,9.5
LINS,27,Madalena,17,0,0,Y1.1,*4.7.9,V/IV,0,major,10.0
LINS,27,Madalena,18,0,0,Y2,*7.9,V/IV,0,major,10.5
LINS,27,Madalena,19,5,5,Z0,*M7,IV,0,major,11.0
LINS,27,Madalena,20,5,5,Z1,*6,IV,0,major,11.5
LINS,27,Madalena,21,0,0,Y1.1,*4.7.9,V/IV,0,major,12.0
LINS,27,Madalena,22,0,0,Y2,*7.9,V/IV,0,major,12.5
LINS,27,Madalena,23,5,5,Z0,*M7,IV,0,major,13.0
LINS,27,Madalena,24,5,5,Z1,*6,IV,0,major,13.5
LINS,27,Madalena,25,0,0,Y1.1,*4.7.9,V/IV,0,major,14.0
LINS,27,Madalena,26,4,4,z2,*m7.9,II__X,0,major,15.0
LINS,27,Madalena,27,9,9,Y2.2.2.1,*7(#9.b13),V/II,0,major,16.0
LINS,27,Madalena,28,2,2,z2,*m7.9,II,0,major,17.0
LINS,27,Madalena,29,0,0,z2,*m7.9,II__X,0,major,18.0
LINS,27,Madalena,30,5,5,Y4,*7.13,SubV/III,0,major,18.5
LINS,27,Madalena,31,11,11,z2.1,*m7.9.11,II__X,0,major,19.0
LINS,27,Madalena,32,4,4,Y2.2.1,*7(b9)13,V/VI,0,major,20.0
LINS,27,Madalena,33,9,9,z2,*m7.9,VI,0,major,21.0
LINS,27,Madalena,34,9,7,z2,*m7.9,VI,0,major,22.0
LINS,27,Madalena,35,6,6,z2,*m7.9,II,4,major,23.0
LINS,27,Madalena,36,11,11,Y2.2.1,*7(b9)13,V,4,major,24.0
LINS,27,Madalena,37,4,4,Z2,*M7.9,I,4,major,25.0
LINS,27,Madalena,38,6,6,z2,*m7.9,II,4,major,26.0
LINS,27,Madalena,39,8,8,z2,*m7.9,III,4,major,27.0
LINS,27,Madalena,40,7,7,Z2,*M7.9,I,7,major,29.0
LINS,27,Madalena,41,2,2,Y1.1.2,*4.7.9.13,V,7,major,30.0
LINS,27,Madalena,42,7,7,Y1.1.2,*4.7.9.13,V,0,major,31.0
LINS,27,Madalena,43,7,7,Y2.2,*7.9.13,V,0,major,32.0
LINS,27,Madalena,44,0,0,Z2,*M7.9,I,0,major,33.0
LINS,27,Madalena,45,0,0,Z1.1,*6.9,I,0,major,33.5
LINS,27,Madalena,46,2,2,z2,*m7.9,II,0,major,34.0
LINS,27,Madalena,47,7,7,Y4,*7.13,V,0,major,34.5
LINS,27,Madalena,48,0,0,Z2,*M7.9,I,0,major,35.0
LINS,27,Madalena,49,0,0,Z1.1,*6.9,I,0,major,35.5
LINS,28,Meu pais,1,9,9,V1,*4,I,9,major,1.0
LINS,28,Meu pais,2,4,11,Y1,*4.7,V,9,major,1.5
LINS,28,Meu pais,3,4,4,Y1,*4.7,V,9,major,1.75
LINS,28,Meu pais,4,9,9,V1,*4,I,9,major,2.0
LINS,28,Meu pais,5,4,11,Y1,*4.7,V,9,major,2.5
LINS,28,Meu pais,6,4,4,Y1,*4.7,V,9,major,2.75
LINS,28,Meu pais,7,9,9,V1,*4,I,9,major,3.0
LINS,28,Meu pais,8,4,11,Y1,*4.7,V,9,major,3.5
LINS,28,Meu pais,9,4,4,Y1,*4.7,V,9,major,3.75
LINS,28,Meu pais,10,9,9,V1,*4,I,9,major,4.0
LINS,28,Meu pais,11,4,11,Y1,*4.7,V,9,major,4.5
LINS,28,Meu pais,12,4,4,Y1,*4.7,V,9,major,4.75
LINS,28,Meu pais,13,9,9,V1,*4,I,9,major,5.0
LINS,28,Meu pais,14,4,11,Y1,*4.7,V,9,major,5.5
LINS,28,Meu pais,15,4,4,Y1,*4.7,V,9,major,5.75
LINS,28,Meu pais,16,9,9,V1,*4,I,9,major,6.0
LINS,28,Meu pais,17,4,11,Y1,*4.7,V,9,major,6.5
LINS,28,Meu pais,18,4,4,Y1,*4.7,V,9,major,6.75
LINS,28,Meu pais,19,8,8,z3,*m7.11,II__X,9,major,9.0
LINS,28,Meu pais,20,1,1,Y0,*7,V/VI,9,major,9.5
LINS,28,Meu pais,21,2,2,Z1.1,*6.9,IV,9,major,10.0
LINS,28,Meu pais,22,11,3,V1,*4,V/V,9,major,11.0
LINS,28,Meu pais,23,8,8,Y0,*7,V/III,9,major,11.5
LINS,28,Meu pais,24,1,1,z0,*m7,II__X,9,major,12.0
LINS,28,Meu pais,25,6,6,Y0,*7,V/II,9,major,12.5
LINS,28,Meu pais,26,11,11,Y2,*7.9,V/V,9,major,13.0
LINS,28,Meu pais,27,4,4,Y1,*4.7,V,9,major,13.5
LINS,28,Meu pais,28,9,9,V1,*4,I,9,major,14.0
LINS,28,Meu pais,29,4,11,Y1,*4.7,V,9,major,14.5
LINS,28,Meu pais,30,4,4,Y1,*4.7,V,9,major,14.75
LINS,28,Meu pais,31,9,9,V1,*4,I,9,major,15.0
LINS,28,Meu pais,32,4,11,Y1,*4.7,V,9,major,15.5
LINS,28,Meu pais,33,4,4,Y1,*4.7,V,9,major,15.75
LINS,28,Meu pais,34,2,2,z2,*m7.9,IVm7,9,major,16.0
LINS,28,Meu pais,35,2,4,z1.1,*m6.9,IVm7,9,major,16.5
LINS,28,Meu pais,36,5,5,Z0,*M7,bVI7M,9,major,17.0
LINS,28,Meu pais,37,7,7,Y2.2,*7.9.13,bVII7,9,major,17.5
LINS,28,Meu pais,38,11,11,z2.1,*m7.9.11,II,9,major,18.0
LINS,28,Meu pais,39,9,1,V1,*4,I,9,major,18.5
LINS,28,Meu pais,40,2,2,Z0,*M7,IV,9,major,19.0
LINS,28,Meu pais,41,4,4,Y1,*4.7,V,9,major,19.5
LINS,28,Meu pais,42,9,9,V1,*4,I,9,major,20.0
LINS,28,Meu pais,43,4,11,Y1,*4.7,V,9,major,20.5
LINS,28,Meu pais,44,4,4,Y1,*4.7,V,9,major,20.75
LINS,28,Meu pais,45,9,9,V1,*4,I,9,major,21.0
LINS,28,Meu pais,46,4,11,Y1,*4.7,V,9,major,21.5
LINS,28,Meu pais,47,4,4,Y1,*4.7,V,9,major,21.75
LINS,29,Mudanca dos ventos,1,4,4,Y1.3,*4.7.13,V,9,major,1.0
LINS,29,Mudanca dos ventos,2,9,9,Z2,*M7.9,I,9,major,2.0
LINS,29,Mudanca dos ventos,3,9,9,Z1.1,*6.9,I,9,major,2.5
LINS,29,Mudanca dos ventos,4,4,4,Y1.1,*4.7.9,V,9,major,3.0
LINS,29,Mudanca dos ventos,5,2,2,Z1.1.1,*6.9(#11),IV,9,major,3.5
LINS,29,Mudanca dos ventos,6,1,1,z0,*m7,III,9,major,4.0
LINS,29,Mudanca dos ventos,7,9,9,Y1.1,*4.7.9,V/IV,9,major,4.5
LINS,29,Mudanca dos ventos,8,9,9,Y2,*7.9,V/IV,9,major,4.75
LINS,29,Mudanca dos ventos,9,2,2,Z0,*M7,IV,9,major,5.0
LINS,29,Mudanca dos ventos,10,3,3,x0,*°7,bIII°,9,major,5.5
LINS,29,Mudanca dos ventos,11,1,1,z2,*m7.9,III,9,major,6.0
LINS,29,Mudanca dos ventos,12,6,6,z2,*m7.9,VI,9,major,7.0
LINS,29,Mudanca dos ventos,13,1,1,z2.1,*m7.9.11,II__X,9,major,8.0
LINS,29,Mudanca dos ventos,14,6,6,Y1.1,*4.7.9,V/II,9,major,8.5
LINS,29,Mudanca dos ventos,15,11,11,Y1.1,*4.7.9,V/V,9,major,9.0
LINS,29,Mudanca dos ventos,16,11,11,Y3,*7(#11),V/V,9,major,9.25
LINS,29,Mudanca dos ventos,17,4,4,Y1.1,*4.7.9,V,9,major,9.5
LINS,29,Mudanca dos ventos,18,4,4,Y2,*7.9,V,9,major,9.75
LINS,29,Mudanca dos ventos,19,9,9,Y1.1,*4.7.9,V/IV,9,major,10.0
LINS,29,Mudanca dos ventos,20,9,9,Y2,*7.9,V/IV,9,major,10.5
LINS,29,Mudanca dos ventos,21,3,3,y1,*Ø.9,#IVm7(b5),9,major,11.0
LINS,29,Mudanca dos ventos,22,2,2,z1.1,*m6.9,IVm7,9,major,11.5
LINS,29,Mudanca dos ventos,23,1,1,z2,*m7.9,III,9,major,12.0
LINS,29,Mudanca dos ventos,24,0,0,Y1.1,*4.7.9,SubV/II,9,major,12.5
LINS,29,Mudanca dos ventos,25,11,11,z2,*m7.9,II,9,major,13.0
LINS,30,Na areia na beira do mar,1,7,7,V1,*4,I,7,major,1.0
LINS,30,Na areia na beira do mar,2,0,7,V1,*4,IV,7,major,3.0
LINS,30,Na areia na beira do mar,3,7,7,V1,*4,I,7,major,5.0
LINS,30,Na areia na beira do mar,4,4,4,z2,*m7.9,VI,7,major,6.0
LINS,30,Na areia na beira do mar,5,9,9,z2,*m7.9,II,7,major,7.0
LINS,30,Na areia na beira do mar,6,2,2,Y1.1,*4.7.9,V,7,major,8.0
LINS,30,Na areia na beira do mar,7,7,7,V1,*4,I,7,major,9.0
LINS,30,Na areia na beira do mar,8,7,6,Z0,*M7,I,7,major,10.5
LINS,30,Na areia na beira do mar,9,2,2,Y1.1,*4.7.9,V,7,major,11.0
LINS,30,Na areia na beira do mar,10,2,0,Y0,*7,V,7,major,12.0
LINS,30,Na areia na beira do mar,11,7,11,V0,*,I,7,major,12.5
LINS,30,Na areia na beira do mar,12,4,4,z2,*m7.9,VI,7,major,13.0
LINS,30,Na areia na beira do mar,13,9,9,z2,*m7.9,II,7,major,14.0
LINS,30,Na areia na beira do mar,14,2,2,Y1.1,*4.7.9,V,7,major,15.0
LINS,30,Na areia na beira do mar,15,7,7,V1,*4,I,7,major,16.0
LINS,30,Na areia na beira do mar,16,6,6,z3,*m7.11,II__X,7,major,18.0
LINS,30,Na areia na beira do mar,17,11,11,Y4.1,*7(b13),V/VI,7,major,19.0
LINS,30,Na areia na beira do mar,18,4,4,z2.1,*m7.9.11,II__X,7,major,20.0
LINS,30,Na areia na beira do mar,19,9,9,Y0,*7,V/V,7,major,21.0
LINS,30,Na areia na beira do mar,20,2,2,z2.1,*m7.9.11,II__X,7,major,22.0
LINS,30,Na areia na beira do mar,21,7,7,Y2,*7.9,V/IV,7,major,23.0
LINS,30,Na areia na beira do mar,22,0,0,V0,*,IV,7,major,24.0
LINS,30,Na areia na beira do mar,23,7,11,V0,*,I,7,major,24.5
LINS,30,Na areia na beira do mar,24,9,9,z0,*m7,II,7,major,25.0
LINS,30,Na areia na beira do mar,25,9,9,Y0,*7,V/V,7,major,26.0
LINS,30,Na areia na beira do mar,26,2,2,Y1.1,*4.7.9,V,7,major,27.0
LINS,30,Na areia na beira do mar,27,2,6,V0,*,V,7,major,27.5
LINS,30,Na areia na beira do mar,28,7,7,V1,*4,I,7,major,28.0
LINS,30,Na areia na beira do mar,29,0,7,V1,*4,IV,7,major,30.0
LINS,31,Novo tempo,1,9,9,V0,*,I,9,major,1.0
LINS,31,Novo tempo,2,9,9,Z0,*M7,I,9,major,2.0
LINS,31,Novo tempo,3,9,9,Y1,*4.7,V/IV,9,major,3.0
LINS,31,Novo tempo,4,2,6,V1,*4,IV,9,major,4.0
LINS,31,Novo tempo,5,9,9,V0,*,I,9,major,5.0
LINS,31,Novo tempo,6,1,1,z2.1,*m7.9.11,III,9,major,6.0
LINS,31,Novo tempo,7,6,6,z2,*m7.9,VI,9,major,7.0
LINS,31,Novo tempo,8,6,6,z1.1,*m6.9,VI,9,major,8.0
LINS,31,Novo tempo,9,11,11,z0,*m7,II,9,major,9.0
LINS,31,Novo tempo,10,9,9,z1.1,*m6.9,Im7,9,major,9.5
LINS,31,Novo tempo,11,8,8,y0,*Ø,II__X,9,major,10.0
LINS,31,Novo tempo,12,1,1,Y2.3,*7(b9),V/VI,9,major,10.5
LINS,31,Novo tempo,13,6,6,z0,*m7,VI,9,major,11.0
LINS,31,Novo tempo,14,3,3,y0,*Ø,#IVm7(b5),9,major,12.0
LINS,31,Novo tempo,15,9,4,Z0,*M7,I,9,major,12.5
LINS,31,Novo tempo,16,2,6,V0,*,IV,9,major,13.0
LINS,31,Novo tempo,17,11,11,z0,*m7,II,9,major,13.5
LINS,31,Novo tempo,18,4,4,Y1,*4.7,V,9,major,14.0
LINS,31,Novo tempo,19,4,2,Y0,*7,V,9,major,15.0
LINS,31,Novo tempo,20,2,2,V0,*,IV,9,major,16.0
LINS,31,Novo tempo,21,4,2,Y0,*7,V,9,major,17.0
LINS,31,Novo tempo,22,2,2,V0,*,IV,9,major,18.0
LINS,31,Novo tempo,23,9,1,V0,*,I,9,major,19.0
LINS,31,Novo tempo,24,6,6,Y1,*4.7,V/II,9,major,20.0
LINS,31,Novo tempo,25,6,6,Y0,*7,V/II,9,major,20.5
LINS,31,Novo tempo,26,11,11,Y1,*4.7,V/V,9,major,21.0
LINS,31,Novo tempo,27,11,11,Y0,*7,V/V,9,major,21.5
LINS,31,Novo tempo,28,1,1,Z0,*M7,I,1,major,22.0
LINS,31,Novo tempo,29,6,1,Z0,*M7,IV,1,major,23.0
LINS,31,Novo tempo,30,1,1,Z0,*M7,I,1,major,24.0
LINS,31,Novo tempo,31,6,1,Z0,*M7,IV,1,major,25.0
LINS,31,Novo tempo,32,4,4,Z0,*M7,I,4,major,26.0
LINS,31,Novo tempo,33,9,4,Z0,*M7,IV,1,major,27.0
LINS,31,Novo tempo,34,4,4,Y1,*4.7,V,9,major,28.0
LINS,31,Novo tempo,35,4,4,z0,*m7,Vm7,9,major,29.0
LINS,32,O amor e meu pais,1,9,9,V0,*,I,9,major,1.0
LINS,32,O amor e meu pais,2,9,9,Z0,*M7,I,9,major,1.5
LINS,32,O amor e meu pais,3,9,9,Z1,*6,I,9,major,2.0
LINS,32,O amor e meu pais,4,9,9,Z0,*M7,I,9,major,2.5
LINS,32,O amor e meu pais,5,9,9,Y1.1,*4.7.9,V/IV,9,major,3.0
LINS,32,O amor e meu pais,6,9,9,Y4,*7.13,V/IV,9,major,3.5
LINS,32,O amor e meu pais,7,2,2,Z0,*M7,IV,9,major,4.0
LINS,32,O amor e meu pais,8,3,3,x0,*°7,V°/V,9,major,4.5
LINS,32,O amor e meu pais,9,9,4,V0,*,I,9,major,5.0
LINS,32,O amor e meu pais,10,6,6,z0,*m7,VI,9,major,5.5
LINS,32,O amor e meu pais,11,7,7,Z0,*M7,bVII7M,9,major,6.0
LINS,32,O amor e meu pais,12,9,9,Y1.1,*4.7.9,V/IV,9,major,6.5
LINS,32,O amor e meu pais,13,10,10,Z0,*M7,bII7M,9,major,7.0
LINS,32,O amor e meu pais,14,0,0,Y1.1,*4.7.9,V,5,major,7.5
LINS,32,O amor e meu pais,15,5,5,Z0,*M7,I,5,major,8.0
LINS,32,O amor e meu pais,16,0,0,Y1,*4.7,V,5,major,9.0
LINS,32,O amor e meu pais,17,5,5,Z0,*M7,I,5,major,10.0
LINS,32,O amor e meu pais,18,4,4,Y1,*4.7,V,9,major,11.0
LINS,32,O amor e meu pais,19,9,4,Z0,*M7,I,9,major,12.0
LINS,32,O amor e meu pais,20,3,3,z0,*m7,II__X,9,major,13.0
LINS,32,O amor e meu pais,21,8,8,Y0,*7,V/III,9,major,13.5
LINS,32,O amor e meu pais,22,1,1,z0,*m7,III,9,major,14.0
LINS,32,O amor e meu pais,23,1,11,z0,*m7,III,9,major,14.5
LINS,32,O amor e meu pais,24,10,10,y0,*Ø,?,9,major,15.0
LINS,32,O amor e meu pais,25,9,9,Z0,*M7,I,9,major,15.5
LINS,32,O amor e meu pais,26,6,6,z0,*m7,VI,9,major,16.0
LINS,32,O amor e meu pais,27,8,8,z0,*m7,VIIm7,9,major,16.25
LINS,32,O amor e meu pais,28,9,9,Z0,*M7,I,9,major,16.5
LINS,32,O amor e meu pais,29,11,11,Y1,*4.7,V/V,9,major,17.0
LINS,32,O amor e meu pais,30,4,4,Y1,*4.7,V,9,major,18.0
LINS,32,O amor e meu pais,31,4,2,Y0,*7,V,9,major,19.0
LINS,32,O amor e meu pais,32,9,1,V0,*,I,9,major,20.0
LINS,32,O amor e meu pais,33,11,11,Y1,*4.7,V/V,9,major,21.0
LINS,32,O amor e meu pais,34,4,4,Y1,*4.7,V,9,major,22.0
LINS,32,O amor e meu pais,35,4,4,Y1.1.3,*4.7(b9),V,9,major,22.5
LINS,32,O amor e meu pais,36,4,4,Y1.1,*4.7.9,V,9,major,23.0
LINS,32,O amor e meu pais,37,4,4,z3,*m7.11,Vm7,9,major,23.25
LINS,32,O amor e meu pais,38,4,4,Y0,*7,V,9,major,23.5
LINS,33,Porta entreaberta,1,10,10,Z2,*M7.9,I,10,major,1.0
LINS,33,Porta entreaberta,2,10,10,Z1,*6,I,10,major,1.5
LINS,33,Porta entreaberta,3,10,10,Z2,*M7.9,I,10,major,2.0
LINS,33,Porta entreaberta,4,10,10,Z1,*6,I,10,major,2.5
LINS,33,Porta entreaberta,5,10,10,Z2,*M7.9,I,10,major,3.0
LINS,33,Porta entreaberta,6,10,10,Z1,*6,I,10,major,3.5
LINS,33,Porta entreaberta,7,0,0,z2,*m7.9,II,10,major,4.0
LINS,33,Porta entreaberta,8,0,0,z1,*m6,II,10,major,4.5
LINS,33,Porta entreaberta,9,5,5,Y1.1.2,*4.7.9.13,V,10,major,5.0
LINS,33,Porta entreaberta,10,5,5,Y2,*7.9,V,10,major,5.5
LINS,33,Porta entreaberta,11,5,5,Y1.1.2,*4.7.9.13,V,10,major,6.0
LINS,33,Porta entreaberta,12,5,5,Y2,*7.9,V,10,major,6.5
LINS,33,Porta entreaberta,13,10,10,Z2,*M7.9,I,10,major,7.0
LINS,33,Porta entreaberta,14,10,10,Z1,*6,I,10,major,7.5
LINS,33,Porta entreaberta,15,5,5,Y4,*7.13,V,10,major,8.0
LINS,33,Porta entreaberta,16,5,5,Y1,*4.7,V,10,major,8.5
LINS,33,Porta entreaberta,17,10,10,Z2,*M7.9,I,10,major,9.0
LINS,33,Porta entreaberta,18,10,10,Z1,*6,I,10,major,9.5
LINS,33,Porta entreaberta,19,10,10,Z2,*M7.9,I,10,major,10.0
LINS,33,Porta entreaberta,20,10,10,Z1,*6,I,10,major,10.5
LINS,33,Porta entreaberta,21,0,0,z2,*m7.9,II,10,major,11.0
LINS,33,Porta entreaberta,22,0,0,z1,*m6,II,10,major,11.5
LINS,33,Porta entreaberta,23,0,0,z2,*m7.9,II,10,major,12.0
LINS,33,Porta entreaberta,24,0,0,z1,*m6,II,10,major,12.5
LINS,33,Porta entreaberta,25,5,5,Y1.1.2,*4.7.9.13,V,10,major,13.0
LINS,33,Porta entreaberta,26,5,5,Y2,*7.9,V,10,major,13.5
LINS,33,Porta entreaberta,27,5,5,Y1.1.2,*4.7.9.13,V,10,major,14.0
LINS,33,Porta entreaberta,28,5,5,Y2,*7.9,V,10,major,14.5
LINS,33,Porta entreaberta,29,10,10,Z2,*M7.9,I,10,major,15.0
LINS,33,Porta entreaberta,30,10,10,Z1,*6,I,10,major,15.5
LINS,33,Porta entreaberta,31,10,10,Z2,*M7.9,I,10,major,16.0
LINS,33,Porta entreaberta,32,10,10,Z1,*6,I,10,major,16.5
LINS,33,Porta entreaberta,33,9,9,z3,*m7.11,II__X,10,major,17.0
LINS,33,Porta entreaberta,34,2,2,Y4.1,*7(b13),V/VI,10,major,18.0
LINS,33,Porta entreaberta,35,7,7,z2,*m7.9,VI,10,major,19.0
LINS,33,Porta entreaberta,36,5,5,Y2,*7.9,II__X,10,major,21.0
LINS,33,Porta entreaberta,37,10,10,Y1.1.2,*4.7.9.13,V/IV,10,major,22.0
LINS,33,Porta entreaberta,38,3,3,Z0,*M7,IV,10,major,23.0
LINS,33,Porta entreaberta,39,7,7,Y4.1,*7(b13),V/II,10,major,23.5
LINS,33,Porta entreaberta,40,0,0,z2,*m7.9,II,10,major,24.0
LINS,33,Porta entreaberta,41,3,3,z2,*m7.9,IVm7,10,major,25.0
LINS,33,Porta entreaberta,42,8,8,Y2,*7.9,bVII7,10,major,26.0
LINS,33,Porta entreaberta,43,10,2,Z2,*M7.9,I,10,major,27.0
LINS,33,Porta entreaberta,44,1,1,z2.1,*m7.9.11,II__X,10,major,28.0
LINS,33,Porta entreaberta,45,6,6,Y1.3,*4.7.13,SubV/V,10,major,28.5
LINS,33,Porta entreaberta,46,0,0,z0,*m7,II,10,major,29.0
LINS,33,Porta entreaberta,47,0,10,z0,*m7,II,10,major,29.5
LINS,33,Porta entreaberta,48,9,9,z3,*m7.11,II__X,10,major,30.0
LINS,33,Porta entreaberta,49,2,2,Y2.3,*7(b9),V/VI,10,major,30.5
LINS,33,Porta entreaberta,50,7,7,z2,*m7.9,VI,10,major,31.0
LINS,33,Porta entreaberta,51,0,0,Y4,*7.13,V/V,10,major,32.0
LINS,33,Porta entreaberta,52,5,5,Y1.1,*4.7.9,V,10,major,33.0
LINS,33,Porta entreaberta,53,9,9,Y3,*7(#11),II__X,10,major,34.0
LINS,33,Porta entreaberta,54,2,2,Y2.3,*7(b9),V/VI,10,major,34.5
LINS,33,Porta entreaberta,55,7,7,z2,*m7.9,VI,10,major,35.0
LINS,33,Porta entreaberta,56,0,0,Y4,*7.13,V/V,10,major,36.0
LINS,33,Porta entreaberta,57,5,5,Y1.1,*4.7.9,V,10,major,37.0
LINS,33,Porta entreaberta,58,9,9,Y3,*7(#11),II__X,10,major,38.0
LINS,33,Porta entreaberta,59,2,2,Y2.3,*7(b9),V/VI,10,major,38.5
LINS,33,Porta entreaberta,60,7,7,z2,*m7.9,VI,10,major,39.0
LINS,33,Porta entreaberta,61,0,0,Y4,*7.13,V/V,10,major,40.0
LINS,33,Porta entreaberta,62,5,5,Y1.1,*4.7.9,V,10,major,41.0
LINS,33,Porta entreaberta,63,10,10,Z2.1,*M7.9(#11),I,10,major,43.0
LINS,34,Quadras de roda,1,4,4,Z2,*M7.9,I,4,major,1.0
LINS,34,Quadras de roda,2,11,11,Y1.1,*4.7.9,V,4,major,1.5
LINS,34,Quadras de roda,3,4,4,Z2,*M7.9,I,4,major,2.0
LINS,34,Quadras de roda,4,11,11,Y1.1,*4.7.9,V,4,major,2.5
LINS,34,Quadras de roda,5,4,4,Z2,*M7.9,I,4,major,3.0
LINS,34,Quadras de roda,6,11,11,Y1.1,*4.7.9,V,4,major,3.5
LINS,34,Quadras de roda,7,4,4,Z2,*M7.9,I,4,major,4.0
LINS,34,Quadras de roda,8,11,11,Y1.1,*4.7.9,V,4,major,4.5
LINS,34,Quadras de roda,9,4,4,Z2,*M7.9,I,4,major,5.0
LINS,34,Quadras de roda,10,11,11,Y1.1,*4.7.9,V,4,major,5.5
LINS,34,Quadras de roda,11,9,9,Z0,*M7,IV,4,major,6.0
LINS,34,Quadras de roda,12,4,8,Z0,*M7,I,4,major,6.5
LINS,34,Quadras de roda,13,6,6,z0,*m7,II,4,major,7.0
LINS,34,Quadras de roda,14,11,11,Y1.1,*4.7.9,V,4,major,7.5
LINS,34,Quadras de roda,15,4,4,Z2,*M7.9,I,4,major,8.0
LINS,34,Quadras de roda,16,11,11,Y1.1,*4.7.9,V,4,major,8.5
LINS,34,Quadras de roda,17,4,4,Z2,*M7.9,I,4,major,9.0
LINS,34,Quadras de roda,18,11,11,Y1.1,*4.7.9,V,4,major,9.5
LINS,34,Quadras de roda,19,4,4,Z2,*M7.9,I,4,major,10.0
LINS,34,Quadras de roda,20,9,9,Z2,*M7.9,I,9,major,11.0
LINS,34,Quadras de roda,21,2,9,Z0,*M7,IV,9,major,12.0
LINS,34,Quadras de roda,22,9,9,Z2,*M7.9,I,9,major,13.0
LINS,34,Quadras de roda,23,2,9,Z0,*M7,IV,9,major,14.0
LINS,34,Quadras de roda,24,9,9,V1,*4,I,9,major,15.0
LINS,34,Quadras de roda,25,9,9,V0,*,I,9,major,15.5
LINS,34,Quadras de roda,26,9,9,Z2,*M7.9,I,9,major,16.0
LINS,34,Quadras de roda,27,9,9,Z1.1,*6.9,I,9,major,16.5
LINS,34,Quadras de roda,28,4,4,z2.1,*m7.9.11,Vm7,9,major,17.0
LINS,34,Quadras de roda,29,6,6,z2,*m7.9,VI,9,major,19.0
LINS,34,Quadras de roda,30,11,11,z2,*m7.9,II,9,major,20.0
LINS,34,Quadras de roda,31,4,4,Y1.1,*4.7.9,V,9,major,20.5
LINS,34,Quadras de roda,32,9,1,V1,*4,I,9,major,21.0
LINS,34,Quadras de roda,33,2,2,Z2,*M7.9,IV,9,major,22.0
LINS,34,Quadras de roda,34,4,4,Y1.1,*4.7.9,V,9,major,22.5
LINS,34,Quadras de roda,35,2,2,Z2,*M7.9,IV,9,major,23.0
LINS,34,Quadras de roda,36,1,1,z2.1,*m7.9.11,III,9,major,24.0
LINS,34,Quadras de roda,37,11,11,z2,*m7.9,II,9,major,25.0
LINS,34,Quadras de roda,38,1,1,z2.1,*m7.9.11,III,9,major,26.0
LINS,34,Quadras de roda,39,2,2,Z2,*M7.9,IV,9,major,27.0
LINS,34,Quadras de roda,40,1,1,z2.1,*m7.9.11,III,9,major,28.0
LINS,34,Quadras de roda,41,11,11,z2,*m7.9,II,9,major,29.0
LINS,34,Quadras de roda,42,1,1,z2.1,*m7.9.11,III,9,major,30.0
LINS,34,Quadras de roda,43,11,3,V1,*4,V/V,9,major,30.5
LINS,34,Quadras de roda,44,4,4,Y1.1,*4.7.9,V,9,major,31.0
LINS,35,Rio de maio,1,7,7,Z0,*M7,I,7,major,1.0
LINS,35,Rio de maio,2,9,9,Y4,*7.13,V/V,7,major,3.0
LINS,35,Rio de maio,3,9,9,Y4.1,*7(b13),V/V,7,major,3.5
LINS,35,Rio de maio,4,9,9,Y0,*7,V/V,7,major,4.0
LINS,35,Rio de maio,5,9,9,Y3,*7(#11),V/V,7,major,4.5
LINS,35,Rio de maio,6,5,5,Z2,*M7.9,bVII7M,7,major,5.0
LINS,35,Rio de maio,7,2,2,z2,*m7.9,Vm7,7,major,6.0
LINS,35,Rio de maio,8,11,11,z2.1,*m7.9.11,III,7,major,7.0
LINS,35,Rio de maio,9,4,4,Y2.2.1,*7(b9)13,V/II,7,major,8.0
LINS,35,Rio de maio,10,4,4,Y2.2.2.1,*7(#9.b13),V/II,7,major,8.5
LINS,35,Rio de maio,11,8,8,Z0,*M7,bII7M,7,major,9.0
LINS,35,Rio de maio,12,5,5,z2,*m7.9,bVIIm7,7,major,10.0
LINS,35,Rio de maio,13,3,3,z2,*m7.9,bVIm7,7,major,10.5
LINS,35,Rio de maio,14,2,2,z3,*m7.11,Vm7,7,major,11.0
LINS,35,Rio de maio,15,7,7,Y2.3,*7(b9),V/IV,7,major,12.0
LINS,35,Rio de maio,16,9,9,Z2,*M7.9,I,9,major,13.0
LINS,35,Rio de maio,17,6,6,z2,*m7.9,VI,9,major,14.0
LINS,35,Rio de maio,18,0,4,V1,*4,IV,7,major,15.0
LINS,35,Rio de maio,19,2,2,Y4,*7.13,V,7,major,16.0
LINS,35,Rio de maio,20,7,7,Y1.1.2,*4.7.9.13,V/IV,7,major,17.0
LINS,35,Rio de maio,21,7,7,Y2.2.1,*7(b9)13,V/IV,7,major,18.0
LINS,35,Rio de maio,22,1,1,y0,*Ø,#IVm7(b5),7,major,19.0
LINS,35,Rio de maio,23,0,0,w1,*mM7.9,IVm7,7,major,20.0
LINS,35,Rio de maio,24,11,11,Y4,*7.13,V/VI,7,major,21.0
LINS,35,Rio de maio,25,11,11,Y4.1,*7(b13),V/VI,7,major,21.5
LINS,35,Rio de maio,26,4,4,Y1.1.2,*4.7.9.13,V/II,7,major,22.0
LINS,35,Rio de maio,27,4,4,Y2.2,*7.9.13,V/II,7,major,22.5
LINS,35,Rio de maio,28,9,9,Y4,*7.13,V/V,7,major,23.0
LINS,35,Rio de maio,29,9,9,Y4.1,*7(b13),V/V,7,major,23.5
LINS,35,Rio de maio,30,2,2,Y1.1.2,*4.7.9.13,V,7,major,24.0
LINS,35,Rio de maio,31,2,0,Y0,*7,V,7,major,24.5
LINS,35,Rio de maio,32,11,11,Y4,*7.13,V/VI,7,major,25.0
LINS,35,Rio de maio,33,11,11,Y4.1,*7(b13),V/VI,7,major,25.5
LINS,35,Rio de maio,34,4,4,Y1.1,*4.7.9,V/II,7,major,26.0
LINS,35,Rio de maio,35,4,4,Y2,*7.9,V/II,7,major,26.5
LINS,35,Rio de maio,36,3,3,z2.1,*m7.9.11,II,1,major,27.0
LINS,35,Rio de maio,37,8,8,Y1.1,*4.7.9,V,1,major,28.0
LINS,35,Rio de maio,38,8,8,Y2,*7.9,V,1,major,28.5
LINS,35,Rio de maio,39,1,1,Z2,*M7.9,I,1,major,29.0
LINS,35,Rio de maio,40,10,10,z2,*m7.9,VI,1,major,30.0
LINS,35,Rio de maio,41,3,3,z2.1,*m7.9.11,II,1,major,31.0
LINS,35,Rio de maio,42,8,8,Y1.1,*4.7.9,V,1,major,32.0
LINS,35,Rio de maio,43,8,8,Y2,*7.9,V,1,major,32.5
LINS,35,Rio de maio,44,1,1,Z2,*M7.9,I,1,major,33.0
LINS,35,Rio de maio,45,0,0,z2.1,*m7.9.11,II__X,7,major,34.0
LINS,35,Rio de maio,46,5,5,Y4,*7.13,SubV/VI,7,major,35.0
LINS,35,Rio de maio,47,4,4,z2.1,*m7.9.11,II__X,7,major,36.0
LINS,35,Rio de maio,48,9,9,Y1.1.2,*4.7.9.13,V/V,7,major,37.0
LINS,35,Rio de maio,49,9,9,Y2.2,*7.9.13,V/V,7,major,37.5
LINS,35,Rio de maio,50,2,2,Z2,*M7.9,I,2,major,38.0
LINS,35,Rio de maio,51,11,11,z2.1,*m7.9.11,VI,2,major,39.0
LINS,35,Rio de maio,52,4,4,z2.1,*m7.9.11,II,2,major,40.0
LINS,35,Rio de maio,53,9,9,Y1.1.2,*4.7.9.13,V,2,major,41.0
LINS,35,Rio de maio,54,9,9,Y2.2,*7.9.13,V,2,major,41.5
LINS,35,Rio de maio,55,2,2,Y1.1.2,*4.7.9.13,V,7,major,42.0
LINS,35,Rio de maio,56,2,2,Y2.1,*7.9(#11),V,7,major,43.0
LINS,36,Saindo de mim,1,4,4,Z0,*M7,I,4,major,1.0
LINS,36,Saindo de mim,2,8,8,Y4.1,*7(b13),V/VI,4,major,1.5
LINS,36,Saindo de mim,3,1,1,z0,*m7,VI,4,major,2.0
LINS,36,Saindo de mim,4,1,1,Y0,*7,V/II,4,major,2.5
LINS,36,Saindo de mim,5,6,6,w0,*mM7,II,4,major,3.0
LINS,36,Saindo de mim,6,6,6,z0,*m7,II,4,major,4.0
LINS,36,Saindo de mim,7,11,11,Y1,*4.7,V,4,major,5.0
LINS,36,Saindo de mim,8,11,11,Y0,*7,V,4,major,6.0
LINS,36,Saindo de mim,9,9,1,V1,*4,IV,4,major,6.5
LINS,36,Saindo de mim,10,2,2,Y1.1,*4.7.9,bVII7,4,major,7.0
LINS,36,Saindo de mim,11,2,2,Y2,*7.9,bVII7,4,major,7.5
LINS,36,Saindo de mim,12,4,4,Z0,*M7,I,4,major,8.0
LINS,36,Saindo de mim,13,9,4,Z0,*M7,IV,4,major,8.5
LINS,36,Saindo de mim,14,4,4,Z0,*M7,I,4,major,9.0
LINS,36,Saindo de mim,15,8,8,Y4.1,*7(b13),V/VI,4,major,9.5
LINS,36,Saindo de mim,16,1,1,z0,*m7,VI,4,major,10.0
LINS,36,Saindo de mim,17,1,1,Y0,*7,V/II,4,major,10.5
LINS,36,Saindo de mim,18,6,6,w0,*mM7,II,4,major,11.0
LINS,36,Saindo de mim,19,6,6,z0,*m7,II,4,major,12.0
LINS,36,Saindo de mim,20,11,11,Y1,*4.7,V,4,major,13.0
LINS,36,Saindo de mim,21,11,11,Y0,*7,V,4,major,14.0
LINS,36,Saindo de mim,22,9,1,V1,*4,IV,4,major,14.5
LINS,36,Saindo de mim,23,2,2,Y1.1,*4.7.9,bVII7,4,major,15.0
LINS,36,Saindo de mim,24,2,2,Y2,*7.9,bVII7,4,major,15.5
LINS,36,Saindo de mim,25,4,4,Z0,*M7,I,4,major,16.0
LINS,36,Saindo de mim,26,10,10,Y3,*7(#11),SubV/IV,4,major,16.5
LINS,36,Saindo de mim,27,9,9,Z0,*M7,IV,4,major,17.0
LINS,36,Saindo de mim,28,11,9,Y0,*7,V,4,major,17.5
LINS,36,Saindo de mim,29,4,8,V0,*,I,4,major,18.0
LINS,36,Saindo de mim,30,2,6,V0,*,bVII7,4,major,18.5
LINS,36,Saindo de mim,31,4,4,Y0,*7,V/IV,4,major,18.75
LINS,36,Saindo de mim,32,9,9,Z0,*M7,IV,4,major,19.0
LINS,36,Saindo de mim,33,10,10,y0,*Ø,II__X,4,major,20.0
LINS,36,Saindo de mim,34,3,3,Y2.3,*7(b9),V/III,4,major,20.5
LINS,36,Saindo de mim,35,4,8,V0,*,I,4,major,21.0
LINS,36,Saindo de mim,36,6,6,z0,*m7,II,4,major,21.5
LINS,36,Saindo de mim,37,4,4,Z0,*M7,I,4,major,22.0
LINS,36,Saindo de mim,38,2,2,Y0,*7,bVII7,4,major,22.5
LINS,36,Saindo de mim,39,1,1,Y1,*4.7,V/II,4,major,23.0
LINS,36,Saindo de mim,40,1,1,Y0,*7,V/II,4,major,23.5
LINS,36,Saindo de mim,41,6,6,Y1,*4.7,V/V,4,major,24.0
LINS,36,Saindo de mim,42,6,6,Y0,*7,V/V,4,major,24.5
LINS,36,Saindo de mim,43,11,11,Y1.1,*4.7.9,V,4,major,25.0
LINS,36,Saindo de mim,44,11,9,Y0,*7,V,4,major,25.5
LINS,36,Saindo de mim,45,4,8,V0,*,I,4,major,26.0
LINS,36,Saindo de mim,46,2,6,Y0,*7,bVII7,4,major,26.5
LINS,36,Saindo de mim,47,4,4,Y0,*7,V/IV,4,major,26.75
LINS,36,Saindo de mim,48,9,9,Z0,*M7,IV,4,major,27.0
LINS,36,Saindo de mim,49,10,10,y0,*Ø,II__X,4,major,28.0
LINS,36,Saindo de mim,50,3,3,Y2.3,*7(b9),V/III,4,major,28.5
LINS,36,Saindo de mim,51,4,8,V0,*,I,4,major,29.0
LINS,36,Saindo de mim,52,6,6,z0,*m7,II,4,major,29.5
LINS,36,Saindo de mim,53,4,4,Z0,*M7,I,4,major,30.0
LINS,36,Saindo de mim,54,2,2,Y4,*7.13,SubV/VI,4,major,30.25
LINS,36,Saindo de mim,55,1,1,Y1.3,*4.7.13,V/II,4,major,30.5
LINS,36,Saindo de mim,56,1,1,Y4,*7.13,V/II,4,major,30.75
LINS,36,Saindo de mim,57,6,6,Y2.2,*7.9.13,V/V,4,major,31.0
LINS,36,Saindo de mim,58,6,6,Y2.2.3,*7.9(b13),V/V,4,major,31.5
LINS,36,Saindo de mim,59,11,11,Y1.1.2,*4.7.9.13,V,4,major,32.0
LINS,36,Saindo de mim,60,11,11,Y2.2.1,*7(b9)13,V,4,major,32.5
LINS,36,Saindo de mim,61,4,4,z2.1,*m7.9.11,Im7,4,major,33.0
LINS,36,Saindo de mim,62,9,9,Y2.2,*7.9.13,IV7,4,major,34.0
LINS,36,Saindo de mim,63,4,4,z2.1,*m7.9.11,Im7,4,major,35.0
LINS,36,Saindo de mim,64,9,9,Y2.2,*7.9.13,IV7,4,major,36.0
LINS,36,Saindo de mim,65,2,2,Y1.3,*4.7.13,bVII7,4,major,37.0
LINS,36,Saindo de mim,66,0,0,Y1.3,*4.7.13,SubV/V,4,major,38.0
LINS,36,Saindo de mim,67,11,11,Y1.3,*4.7.13,V,4,major,38.5
LINS,36,Saindo de mim,68,4,4,Z0,*M7,I,4,major,39.0
LINS,37,Sertaneja,1,5,5,V0,*,I,5,major,1.0
LINS,37,Sertaneja,2,0,5,V0,*,V,5,major,2.0
LINS,37,Sertaneja,3,0,0,Y1,*4.7,V,5,major,3.0
LINS,37,Sertaneja,4,0,0,Y0,*7,V,5,major,4.0
LINS,37,Sertaneja,5,7,7,z0,*m7,II,5,major,5.0
LINS,37,Sertaneja,6,0,0,Y0,*7,V,5,major,6.0
LINS,37,Sertaneja,7,0,0,Y1,*4.7,V,5,major,6.5
LINS,37,Sertaneja,8,5,5,V0,*,I,5,major,7.0
LINS,37,Sertaneja,9,0,5,V0,*,V,5,major,10.0
LINS,37,Sertaneja,10,0,0,Y1,*4.7,V,5,major,11.0
LINS,37,Sertaneja,11,0,0,Y0,*7,V,5,major,12.0
LINS,37,Sertaneja,12,7,7,z0,*m7,II,5,major,13.0
LINS,37,Sertaneja,13,0,0,Y0,*7,V,5,major,14.0
LINS,37,Sertaneja,14,0,0,Y1,*4.7,V,5,major,14.5
LINS,37,Sertaneja,15,5,5,V0,*,I,5,major,15.0
LINS,37,Sertaneja,16,5,5,Y1,*4.7,V/IV,5,major,16.0
LINS,37,Sertaneja,17,5,5,Y0,*7,V/IV,5,major,16.5
LINS,37,Sertaneja,18,10,10,Z0,*M7,IV,5,major,17.0
LINS,37,Sertaneja,19,7,7,z0,*m7,II,5,major,18.0
LINS,37,Sertaneja,20,0,0,Y0,*7,V,5,major,18.5
LINS,37,Sertaneja,21,5,5,Z0,*M7,I,5,major,19.0
LINS,37,Sertaneja,22,2,2,Y1,*4.7,V/II,5,major,20.0
LINS,37,Sertaneja,23,2,2,z0,*m7,VI,5,major,20.5
LINS,37,Sertaneja,24,7,7,z0,*m7,II,5,major,21.0
LINS,37,Sertaneja,25,0,0,Y0,*7,V,5,major,22.0
LINS,37,Sertaneja,26,0,0,Y1,*4.7,V,5,major,22.5
LINS,37,Sertaneja,27,5,5,V0,*,I,5,major,23.0
LINS,37,Sertaneja,28,5,5,Y1,*4.7,V/IV,5,major,24.0
LINS,37,Sertaneja,29,5,5,Y0,*7,V/IV,5,major,24.5
LINS,37,Sertaneja,30,10,10,Z0,*M7,IV,5,major,25.0
LINS,37,Sertaneja,31,11,11,y0,*Ø,II__X,5,major,26.0
LINS,37,Sertaneja,32,4,4,Y4.1,*7(b13),V/III,5,major,26.5
LINS,37,Sertaneja,33,9,9,z0,*m7,II__X,5,major,27.0
LINS,37,Sertaneja,34,2,2,Y1,*4.7,V/II,5,major,28.0
LINS,37,Sertaneja,35,2,2,z0,*m7,VI,5,major,28.5
LINS,37,Sertaneja,36,7,7,z0,*m7,II,5,major,29.0
LINS,37,Sertaneja,37,0,0,Y1,*4.7,V,5,major,30.0
LINS,37,Sertaneja,38,0,0,Y0,*7,V,5,major,30.5
LINS,37,Sertaneja,39,5,5,V0,*,I,5,major,31.0
LINS,38,Soberana rosa,1,7,7,V0,*,I,7,major,1.0
LINS,38,Soberana rosa,2,7,7,V2.1,*9(#11),I,7,major,1.5
LINS,38,Soberana rosa,3,7,7,V0,*,I,7,major,2.0
LINS,38,Soberana rosa,4,7,7,V2.1,*9(#11),I,7,major,2.5
LINS,38,Soberana rosa,5,7,7,V0,*,I,7,major,3.0
LINS,38,Soberana rosa,6,7,7,V2.1,*9(#11),I,7,major,3.5
LINS,38,Soberana rosa,7,0,0,Y1.1,*4.7.9,IV7,7,major,4.0
LINS,38,Soberana rosa,8,0,0,Y0,*7,IV7,7,major,4.5
LINS,38,Soberana rosa,9,0,0,Y1.1,*4.7.9,IV7,7,major,5.0
LINS,38,Soberana rosa,10,0,0,Y0,*7,IV7,7,major,5.5
LINS,38,Soberana rosa,11,7,7,V0,*,I,7,major,6.0
LINS,38,Soberana rosa,12,7,7,V2.1,*9(#11),I,7,major,6.5
LINS,38,Soberana rosa,13,7,7,V0,*,I,7,major,7.0
LINS,38,Soberana rosa,14,7,7,V2.1,*9(#11),I,7,major,7.5
LINS,38,Soberana rosa,15,0,0,z2,*m7.9,IVm7,7,major,8.0
LINS,38,Soberana rosa,16,0,0,z1.1,*m6.9,IVm7,7,major,8.5
LINS,38,Soberana rosa,17,0,0,z2,*m7.9,IVm7,7,major,9.0
LINS,38,Soberana rosa,18,0,0,z1.1,*m6.9,IVm7,7,major,9.5
LINS,38,Soberana rosa,19,4,4,z2,*m7.9,VI,7,major,10.0
LINS,38,Soberana rosa,20,4,4,z1.1,*m6.9,VI,7,major,10.5
LINS,38,Soberana rosa,21,4,4,z2,*m7.9,VI,7,major,11.0
LINS,38,Soberana rosa,22,4,4,z1.1,*m6.9,VI,7,major,11.5
LINS,38,Soberana rosa,23,0,0,z2,*m7.9,IVm7,7,major,12.0
LINS,38,Soberana rosa,24,0,0,z1.1,*m6.9,IVm7,7,major,12.5
LINS,38,Soberana rosa,25,0,0,z2,*m7.9,IVm7,7,major,13.0
LINS,38,Soberana rosa,26,0,0,z1.1,*m6.9,IVm7,7,major,13.5
LINS,38,Soberana rosa,27,4,4,z2,*m7.9,VI,7,major,14.0
LINS,38,Soberana rosa,28,4,4,z1.1,*m6.9,VI,7,major,14.5
LINS,38,Soberana rosa,29,4,4,z2,*m7.9,VI,7,major,15.0
LINS,38,Soberana rosa,30,4,4,z1.1,*m6.9,VI,7,major,15.5
LINS,38,Soberana rosa,31,3,3,Z2,*M7.9,bVI7M,7,major,16.0
LINS,38,Soberana rosa,32,0,0,Z2,*M7.9,IV,7,major,17.0
LINS,38,Soberana rosa,33,3,3,Z2,*M7.9,bVI7M,7,major,18.0
LINS,38,Soberana rosa,34,0,0,Z2,*M7.9,IV,7,major,19.0
LINS,38,Soberana rosa,35,9,9,z2.1,*m7.9.11,II,7,major,19.5
LINS,38,Soberana rosa,36,5,5,z2.1,*m7.9.11,II__X,7,major,20.0
LINS,38,Soberana rosa,37,10,10,Y2.2,*7.9.13,SubV/II,7,major,20.5
LINS,38,Soberana rosa,38,4,4,z2,*m7.9,II__X,7,major,21.0
LINS,38,Soberana rosa,39,9,9,Y2.1,*7.9(#11),V/V,7,major,21.5
LINS,38,Soberana rosa,40,2,2,Y1.1.2,*4.7.9.13,V,7,major,22.0
LINS,38,Soberana rosa,41,2,2,z2.1,*m7.9.11,Vm7,7,major,23.0
LINS,39,Tens,1,4,2,Y0,*7,V/IV,4,major,1.0
LINS,39,Tens,2,1,1,z0,*m7,VI,4,major,2.0
LINS,39,Tens,3,6,6,z0,*m7,II,4,major,3.0
LINS,39,Tens,4,11,11,Y1,*4.7,V,4,major,4.0
LINS,39,Tens,5,11,11,Y0,*7,V,4,major,4.5
LINS,39,Tens,6,4,4,Z0,*M7,I,4,major,5.0
LINS,39,Tens,7,9,9,Z0,*M7,IV,4,major,6.0
LINS,39,Tens,8,10,10,z0,*m7,II__X,4,major,7.0
LINS,39,Tens,9,3,3,X2.1,*(b5)7(b9),V/VI,4,major,7.5
LINS,39,Tens,10,6,9,z0,*m7,II,4,major,8.0
LINS,39,Tens,11,8,8,Y0,*7,V/VI,4,major,8.5
LINS,39,Tens,12,1,1,Z2,*M7.9,VIM7,4,major,9.0
LINS,39,Tens,13,7,7,Y0,*7,V,0,major,9.5
LINS,39,Tens,14,0,0,Z0,*M7,I,0,major,10.0
LINS,39,Tens,15,0,0,Z1,*6,I,0,major,10.5
LINS,39,Tens,16,5,5,Z0,*M7,IV,0,major,11.0
LINS,39,Tens,17,5,5,Z1,*6,I,5,major,11.5
LINS,39,Tens,18,10,10,Z0,*M7,IV,5,major,12.0
LINS,39,Tens,19,10,10,Z1,*6,IV,5,major,12.5
LINS,39,Tens,20,9,9,z0,*m7,III,5,major,13.0
LINS,39,Tens,21,2,2,z0,*m7,VI,5,major,13.5
LINS,39,Tens,22,7,7,Y1,*4.7,V/V,5,major,14.0
LINS,39,Tens,23,7,7,Y0,*7,V/V,5,major,14.5
LINS,39,Tens,24,0,0,Y1,*4.7,V,5,major,15.0
LINS,39,Tens,25,0,0,Y0,*7,V,5,major,15.5
LINS,39,Tens,26,5,5,Z0,*M7,I,5,major,16.0
LINS,40,Um fado,1,4,4,Z0,*M7,I,4,major,1.0
LINS,40,Um fado,2,11,11,Y1.1.2,*4.7.9.13,V,4,major,1.5
LINS,40,Um fado,3,4,4,Z0,*M7,I,4,major,2.0
LINS,40,Um fado,4,11,11,Y1.1.2,*4.7.9.13,V,4,major,2.5
LINS,40,Um fado,5,9,9,Z0,*M7,IV,4,major,3.0
LINS,40,Um fado,6,2,9,Z0,*M7,bVII7M,4,major,3.5
LINS,40,Um fado,7,9,9,Z0,*M7,IV,4,major,4.0
LINS,40,Um fado,8,2,9,Z0,*M7,bVII7M,4,major,4.5
LINS,40,Um fado,9,4,8,V1,*4,I,4,major,5.0
LINS,40,Um fado,10,1,1,z2.1,*m7.9.11,VI,4,major,5.5
LINS,40,Um fado,11,6,6,z2,*m7.9,II,4,major,6.0
LINS,40,Um fado,12,11,11,Y4,*7.13,V,4,major,6.5
LINS,40,Um fado,13,4,4,Z0,*M7,I,4,major,7.0
LINS,40,Um fado,14,11,11,Y1.1.2,*4.7.9.13,V,4,major,7.5
LINS,40,Um fado,15,4,4,Z0,*M7,I,4,major,8.0
LINS,40,Um fado,16,11,11,Y1.1.2,*4.7.9.13,V,4,major,8.5
LINS,40,Um fado,17,4,4,Z0,*M7,I,4,major,9.0
LINS,40,Um fado,18,11,11,Y1.1.2,*4.7.9.13,V,4,major,9.5
LINS,40,Um fado,19,4,4,Z0,*M7,I,4,major,10.0
LINS,40,Um fado,20,11,11,Y1.1.2,*4.7.9.13,V,4,major,10.5
LINS,40,Um fado,21,9,9,Z0,*M7,IV,4,major,11.0
LINS,40,Um fado,22,2,9,Z0,*M7,bVII7M,4,major,11.5
LINS,40,Um fado,23,9,9,Z0,*M7,IV,4,major,12.0
LINS,40,Um fado,24,2,9,Z0,*M7,bVII7M,4,major,12.5
LINS,40,Um fado,25,4,8,V1,*4,I,4,major,13.0
LINS,40,Um fado,26,1,1,z2.1,*m7.9.11,VI,4,major,13.5
LINS,40,Um fado,27,6,6,z2,*m7.9,II,4,major,14.0
LINS,40,Um fado,28,11,11,Y4,*7.13,V,4,major,14.5
LINS,40,Um fado,29,4,4,Z0,*M7,I,4,major,15.0
LINS,40,Um fado,30,11,11,Y1.1.2,*4.7.9.13,V,4,major,15.5
LINS,40,Um fado,31,4,4,Z0,*M7,I,4,major,16.0
LINS,40,Um fado,32,11,11,Y1.1.2,*4.7.9.13,V,4,major,16.5
LINS,40,Um fado,33,7,7,Z0,*M7,I,7,major,17.0
LINS,40,Um fado,34,2,2,Y1.1.2,*4.7.9.13,V,7,major,17.5
LINS,40,Um fado,35,7,7,Z0,*M7,I,7,major,18.0
LINS,40,Um fado,36,2,2,Y1.1.2,*4.7.9.13,V,7,major,18.5
LINS,40,Um fado,37,8,8,y1,*Ø.9,II__X,4,major,19.0
LINS,40,Um fado,38,1,1,Y2.2.1.1,*7(b9.b13),V/II,4,major,19.5
LINS,40,Um fado,39,8,8,y1,*Ø.9,II__X,4,major,20.0
LINS,40,Um fado,40,1,1,Y2.2.1.1,*7(b9.b13),V/II,4,major,20.5
LINS,40,Um fado,41,6,6,Y1.1.2,*4.7.9.13,V/V,4,major,21.0
LINS,40,Um fado,42,6,6,Y2.2,*7.9.13,V/V,4,major,21.5
LINS,40,Um fado,43,6,6,Y1.1.2,*4.7.9.13,V/V,4,major,22.0
LINS,40,Um fado,44,6,6,Y2.2,*7.9.13,V/V,4,major,22.5
LINS,40,Um fado,45,11,11,Y1.1.2,*4.7.9.13,V,4,major,23.0
LINS,40,Um fado,46,5,5,Z0,*M7,bII7M,4,major,24.5
LINS,40,Um fado,47,4,4,Z0,*M7,I,4,major,25.0
LINS,40,Um fado,48,11,11,Y1.1.2,*4.7.9.13,V,4,major,25.5
LINS,40,Um fado,49,4,4,Z0,*M7,I,4,major,26.0
LINS,40,Um fado,50,11,11,Y1.1.2,*4.7.9.13,V,4,major,26.5
LINS,40,Um fado,51,9,9,Z0,*M7,IV,4,major,27.0
LINS,40,Um fado,52,2,9,Z0,*M7,bVII7M,4,major,27.5
LINS,40,Um fado,53,4,8,V1,*4,I,4,major,28.0
LINS,40,Um fado,54,1,1,z2.1,*m7.9.11,VI,4,major,28.5
LINS,40,Um fado,55,6,6,z2,*m7.9,II,4,major,29.0
LINS,40,Um fado,56,11,11,Y4,*7.13,V,4,major,29.5
LINS,40,Um fado,57,5,5,Z0,*M7,bII7M,4,major,30.0
LINS,40,Um fado,58,0,0,Y0,*7,SubV/V,4,major,30.5
LINS,40,Um fado,59,5,5,Z0,*M7,bII7M,4,major,31.0
LINS,40,Um fado,60,0,0,Y0,*7,SubV/V,4,major,31.5
LINS,40,Um fado,61,5,5,Z0,*M7,bII7M,4,major,32.0
LINS,40,Um fado,62,11,11,Y1,*4.7,V,4,major,32.5
LINS,40,Um fado,63,4,4,V0,*,I,4,major,33.0
LINS,41,Velas icadas,1,1,1,z2.1,*m7.9.11,II,11,major,1.0
LINS,41,Velas icadas,2,6,6,Y1.1,*4.7.9,V,11,major,2.0
LINS,41,Velas icadas,3,6,6,Y1.1,*4.7.9,V,11,major,2.5
LINS,41,Velas icadas,4,11,3,Z0,*M7,I,11,major,3.0
LINS,41,Velas icadas,5,8,8,Y1.1,*4.7.9,V/II,11,major,4.0
LINS,41,Velas icadas,6,8,8,Y2,*7.9,V/II,11,major,4.5
LINS,41,Velas icadas,7,1,1,z2.1,*m7.9.11,II,11,major,5.0
LINS,41,Velas icadas,8,6,6,Y1.1,*4.7.9,V,11,major,6.0
LINS,41,Velas icadas,9,6,6,Y1.1,*4.7.9,V,11,major,6.5
LINS,41,Velas icadas,10,2,0,Y0,*7,SubV/II,11,major,7.0
LINS,41,Velas icadas,11,11,11,Y1,*4.7,V/IV,11,major,8.0
LINS,41,Velas icadas,12,11,11,Y0,*7,V/IV,11,major,8.25
LINS,41,Velas icadas,13,11,11,z0,*m7,Im7,11,major,8.5
LINS,41,Velas icadas,14,11,11,Y0,*7,V/IV,11,major,8.75
LINS,41,Velas icadas,15,4,4,z2.1,*m7.9.11,II,2,major,9.0
LINS,41,Velas icadas,16,9,9,Y1.1,*4.7.9,V,2,major,10.0
LINS,41,Velas icadas,17,9,9,z2,*m7.9,Vm7,2,major,10.5
LINS,41,Velas icadas,18,2,9,Z0,*M7,I,2,major,11.0
LINS,41,Velas icadas,19,8,8,Y1.1,*4.7.9,V/II,11,major,12.0
LINS,41,Velas icadas,20,8,8,Y2,*7.9,V/II,11,major,12.5
LINS,41,Velas icadas,21,1,1,Y1,*4.7,V/V,11,major,13.0
LINS,41,Velas icadas,22,1,1,Y0,*7,V/V,11,major,13.5
LINS,41,Velas icadas,23,6,6,Y1.1,*4.7.9,V,11,major,14.0
LINS,41,Velas icadas,24,6,6,Y2.1,*7.9(#11),V,11,major,14.5
LINS,41,Velas icadas,25,11,11,Z0,*M7,I,11,major,15.0
LINS,41,Velas icadas,26,10,10,y0,*Ø,II__X,11,major,16.0
LINS,41,Velas icadas,27,3,3,Y2.3,*7(b9),V/VI,11,major,16.5
LINS,41,Velas icadas,28,8,8,z0,*m7,VI,11,major,17.0
LINS,41,Velas icadas,29,8,6,z0,*m7,VI,11,major,17.5
LINS,41,Velas icadas,30,5,5,y1,*Ø.9,II__X,11,major,18.0
LINS,41,Velas icadas,31,10,10,Y2.2.1.1,*7(b9.b13),V/III,11,major,18.5
LINS,41,Velas icadas,32,3,3,Z2,*M7.9,I,3,major,19.0
LINS,41,Velas icadas,33,2,2,z2.1,*m7.9.11,II__X,3,major,20.0
LINS,41,Velas icadas,34,7,7,Y2.2.1.1,*7(b9.b13),V/VI,3,major,20.5
LINS,41,Velas icadas,35,0,0,w0,*mM7,VI,3,major,21.0
LINS,41,Velas icadas,36,0,0,z0,*m7,II__X,3,major,21.5
LINS,41,Velas icadas,37,5,5,Y1.1,*4.7.9,V/V,3,major,22.0
LINS,41,Velas icadas,38,5,5,Y2,*7.9,V/V,3,major,22.5
LINS,41,Velas icadas,39,10,10,Y1.1,*4.7.9,V,3,major,23.0
LINS,41,Velas icadas,40,10,10,z0,*m7,Vm7,3,major,24.0
LINS,41,Velas icadas,41,3,3,Z2,*M7.9,I,3,major,25.0
LINS,41,Velas icadas,42,0,0,Y1,*4.7,V/II,3,major,26.0
LINS,41,Velas icadas,43,0,0,Y0,*7,V/II,3,major,26.5
LINS,41,Velas icadas,44,5,5,Y1.1,*4.7.9,V/V,3,major,27.0
LINS,41,Velas icadas,45,5,5,Y2,*7.9,V/V,3,major,27.5
LINS,41,Velas icadas,46,10,10,Y1.1,*4.7.9,V,3,major,28.0
LINS,41,Velas icadas,47,10,10,z0,*m7,Vm7,3,major,28.5
LINS,41,Velas icadas,48,3,10,Z0,*M7,I,3,major,29.0
LINS,41,Velas icadas,49,10,10,z0,*m7,Vm7,3,major,30.0
LINS,41,Velas icadas,50,3,10,Z0,*M7,I,3,major,31.0
LINS,41,Velas icadas,51,10,10,z0,*m7,Vm7,3,major,31.5
LINS,41,Velas icadas,52,6,6,Y1.1,*4.7.9,V,11,major,32.0
LINS,41,Velas icadas,53,6,6,z2,*m7.9,Vm7,11,major,33.0
LINS,41,Velas icadas,54,9,9,Y1.1,*4.7.9,SubV/VI,11,major,34.0
LINS,41,Velas icadas,55,9,9,z2,*m7.9,bVIm7,11,major,35.0
LINS,41,Velas icadas,56,8,8,z0,*m7,II__X,11,major,36.0
LINS,41,Velas icadas,57,1,1,Y2,*7.9,V/V,11,major,36.5
LINS,41,Velas icadas,58,6,6,Y1.1,*4.7.9,V,11,major,37.0
LINS,41,Velas icadas,59,6,6,Y2,*7.9,V,11,major,37.5
LINS,41,Velas icadas,60,11,11,Z0,*M7,I,11,major,38.0
LINS,42,Vitoriosa,1,2,2,Z0,*M7,I,2,major,1.0
LINS,42,Vitoriosa,2,9,9,Y1.1,*4.7.9,V,2,major,2.0
LINS,42,Vitoriosa,3,2,2,Z0,*M7,I,2,major,3.0
LINS,42,Vitoriosa,4,9,9,Y1.1,*4.7.9,V,2,major,4.0
LINS,42,Vitoriosa,5,2,2,Z0,*M7,I,2,major,5.0
LINS,42,Vitoriosa,6,3,3,x0,*°7,V°/II,2,major,5.5
LINS,42,Vitoriosa,7,4,4,z0,*m7,II,2,major,6.0
LINS,42,Vitoriosa,8,4,2,z0,*m7,II,2,major,6.25
LINS,42,Vitoriosa,9,1,1,y0,*Ø,II__X,2,major,6.5
LINS,42,Vitoriosa,10,6,6,Y2.3,*7(b9),V/VI,2,major,6.75
LINS,42,Vitoriosa,11,11,11,z0,*m7,II__X,2,major,7.0
LINS,42,Vitoriosa,12,4,4,Y0,*7,V/V,2,major,7.5
LINS,42,Vitoriosa,13,4,4,z0,*m7,II,2,major,8.0
LINS,42,Vitoriosa,14,9,9,Y1,*4.7,V,2,major,8.5
LINS,42,Vitoriosa,15,9,9,Y0,*7,V,2,major,8.75
LINS,42,Vitoriosa,16,2,2,Z0,*M7,I,2,major,9.0
LINS,42,Vitoriosa,17,6,6,Y2.2.1.1,*7(b9.b13),V/VI,2,major,10.0
LINS,42,Vitoriosa,18,6,6,Y2.2.1.1,*7(b9.b13),V/VI,2,major,10.5
LINS,42,Vitoriosa,19,11,11,z0,*m7,VI,2,major,11.0
LINS,42,Vitoriosa,20,6,6,z0,*m7,III,2,major,12.0
LINS,42,Vitoriosa,21,11,11,z0,*m7,VI,2,major,13.0
LINS,42,Vitoriosa,22,6,6,z0,*m7,III,2,major,14.0
LINS,42,Vitoriosa,23,7,7,Z0,*M7,IV,2,major,15.0
LINS,42,Vitoriosa,24,8,8,y0,*Ø,II__X,2,major,16.0
LINS,42,Vitoriosa,25,1,1,Y2.3,*7(b9),V/III,2,major,16.5
LINS,42,Vitoriosa,26,6,6,Z0,*M7,I,6,major,17.0
LINS,42,Vitoriosa,27,3,3,z0,*m7,VI,6,major,17.5
LINS,42,Vitoriosa,28,11,3,Z0,*M7,IV,6,major,18.0
LINS,42,Vitoriosa,29,1,1,Y0,*7,V,6,major,18.5
LINS,42,Vitoriosa,30,6,6,Z0,*M7,I,6,major,19.0
LINS,42,Vitoriosa,31,3,3,z0,*m7,VI,6,major,19.5
LINS,42,Vitoriosa,32,11,11,z0,*m7,II__X,2,major,20.0
LINS,42,Vitoriosa,33,4,4,Y0,*7,V/V,2,major,20.5
LINS,42,Vitoriosa,34,9,9,Y1,*4.7,V,2,major,21.0
LINS,42,Vitoriosa,35,9,9,Y0,*7,V,2,major,21.5
LINS,42,Vitoriosa,36,9,9,z0,*m7,Vm7,2,major,22.0
LINS,42,Vitoriosa,37,9,9,Y0,*7,V,2,major,22.5
LINS,43,Antes que seja tarde,1,2,2,z0,*m7,I,2,minor,1.0
LINS,43,Antes que seja tarde,2,2,2,z1,*m6,I,2,minor,2.0
LINS,43,Antes que seja tarde,3,2,2,z0,*m7,I,2,minor,3.0
LINS,43,Antes que seja tarde,4,2,2,z1,*m6,I,2,minor,4.0
LINS,43,Antes que seja tarde,5,2,2,z0,*m7,I,2,minor,5.0
LINS,43,Antes que seja tarde,6,2,2,z1,*m6,I,2,minor,6.0
LINS,43,Antes que seja tarde,7,2,2,z0,*m7,I,2,minor,7.0
LINS,43,Antes que seja tarde,8,2,2,z1,*m6,I,2,minor,8.0
LINS,43,Antes que seja tarde,9,2,2,z0,*m7,I,2,minor,9.0
LINS,43,Antes que seja tarde,10,2,2,z1,*m6,I,2,minor,10.0
LINS,43,Antes que seja tarde,11,7,2,z0,*m7,II,5,major,11.0
LINS,43,Antes que seja tarde,12,0,0,Y1.1,*4.7.9,V,5,major,12.0
LINS,43,Antes que seja tarde,13,0,0,Y2,*7.9,V,5,major,12.5
LINS,43,Antes que seja tarde,14,5,5,Z0,*M7,I,5,major,13.0
LINS,43,Antes que seja tarde,15,0,0,z0,*m7,II__X,5,major,14.0
LINS,43,Antes que seja tarde,16,5,5,Y0,*7,V/IV,5,major,14.5
LINS,43,Antes que seja tarde,17,10,10,Y1,*4.7,SubV/V,2,minor,15.0
LINS,43,Antes que seja tarde,18,10,10,Y0,*7,SubV/V,2,minor,15.5
LINS,43,Antes que seja tarde,19,4,4,z0,*m7,II,2,minor,16.0
LINS,43,Antes que seja tarde,20,9,9,Y2.3,*7(b9),V,2,minor,16.5
LINS,43,Antes que seja tarde,21,2,2,z0,*m7,I,2,minor,17.0
LINS,43,Antes que seja tarde,22,10,2,V0,*,VI,2,minor,18.0
LINS,43,Antes que seja tarde,23,2,2,z0,*m7,I,2,minor,19.0
LINS,43,Antes que seja tarde,24,6,6,Y0,*7,aSubV/IV,2,minor,19.5
LINS,43,Antes que seja tarde,25,7,7,Y0,*7,IV7,2,minor,20.0
LINS,43,Antes que seja tarde,26,2,2,z0,*m7,I,2,minor,21.0
LINS,43,Antes que seja tarde,27,6,6,Y0,*7,aSubV/IV,2,minor,21.5
LINS,43,Antes que seja tarde,28,7,7,Y0,*7,IV7,2,minor,22.0
LINS,43,Antes que seja tarde,29,0,0,Y1,*4.7,V/III,2,minor,23.0
LINS,43,Antes que seja tarde,30,10,10,Y1,*4.7,SubV/V,2,minor,23.5
LINS,43,Antes que seja tarde,31,4,4,Y2.2.1.1,*7(b9.b13),V/V,2,minor,24.0
LINS,43,Antes que seja tarde,32,9,9,Y2.3,*7(b9),V,2,minor,24.5
LINS,43,Antes que seja tarde,33,2,2,z0,*m7,I,2,minor,25.0
LINS,44,Arlequim desconhecido,1,11,11,Y1.1,*4.7.9,V/IV,11,minor,1.0
LINS,44,Arlequim desconhecido,2,11,11,z2,*m7.9,I,11,minor,1.5
LINS,44,Arlequim desconhecido,3,11,11,Y1.1,*4.7.9,V/IV,11,minor,2.0
LINS,44,Arlequim desconhecido,4,11,11,z2,*m7.9,I,11,minor,2.5
LINS,44,Arlequim desconhecido,5,11,11,Y1.1,*4.7.9,V/IV,11,minor,3.0
LINS,44,Arlequim desconhecido,6,11,11,z2,*m7.9,I,11,minor,3.5
LINS,44,Arlequim desconhecido,7,11,11,Y1.1,*4.7.9,V/IV,11,minor,4.0
LINS,44,Arlequim desconhecido,8,11,11,z2,*m7.9,I,11,minor,4.5
LINS,44,Arlequim desconhecido,9,4,4,z2,*m7.9,IV,11,minor,5.0
LINS,44,Arlequim desconhecido,10,11,11,z2.1,*m7.9.11,I,11,minor,5.5
LINS,44,Arlequim desconhecido,11,4,4,z2,*m7.9,IV,11,minor,6.0
LINS,44,Arlequim desconhecido,12,11,11,z2.1,*m7.9.11,I,11,minor,6.5
LINS,44,Arlequim desconhecido,13,4,4,z2,*m7.9,IV,11,minor,7.0
LINS,44,Arlequim desconhecido,14,11,11,z2.1,*m7.9.11,I,11,minor,7.5
LINS,44,Arlequim desconhecido,15,9,9,Y1.1,*4.7.9,V/III,11,minor,8.0
LINS,44,Arlequim desconhecido,16,6,6,z2,*m7.9,Vm7,11,minor,8.5
LINS,44,Arlequim desconhecido,17,11,11,Y1.1,*4.7.9,V/IV,11,minor,9.0
LINS,44,Arlequim desconhecido,18,11,11,z2,*m7.9,I,11,minor,9.5
LINS,44,Arlequim desconhecido,19,11,11,Y1.1,*4.7.9,V/IV,11,minor,10.0
LINS,44,Arlequim desconhecido,20,11,11,z2,*m7.9,I,11,minor,10.5
LINS,44,Arlequim desconhecido,21,11,3,Z0,*M7,I,11,major,11.0
LINS,44,Arlequim desconhecido,22,1,1,Y2.2,*7.9.13,V/V,11,major,11.5
LINS,44,Arlequim desconhecido,23,11,3,Z0,*M7,I,11,major,12.0
LINS,44,Arlequim desconhecido,24,1,1,Y2.2,*7.9.13,V/V,11,major,12.5
LINS,44,Arlequim desconhecido,25,6,6,Z2,*M7.9,I,6,major,13.0
LINS,44,Arlequim desconhecido,26,6,6,Z1,*6,I,6,major,13.5
LINS,44,Arlequim desconhecido,27,3,3,z2,*m7.9,VI,6,major,14.0
LINS,44,Arlequim desconhecido,28,3,3,z0,*m7,VI,6,major,14.5
LINS,44,Arlequim desconhecido,29,2,6,Z2,*M7.9,I,2,major,15.0
LINS,44,Arlequim desconhecido,30,4,4,Y2.2,*7.9.13,V/V,2,major,15.5
LINS,44,Arlequim desconhecido,31,2,6,Z2,*M7.9,I,2,major,16.0
LINS,44,Arlequim desconhecido,32,4,4,Y2.2,*7.9.13,V/V,2,major,16.5
LINS,44,Arlequim desconhecido,33,9,9,Z2,*M7.9,I,9,major,17.0
LINS,44,Arlequim desconhecido,34,9,9,Z1,*6,I,9,major,17.5
LINS,44,Arlequim desconhecido,35,6,6,z2,*m7.9,VI,9,major,18.0
LINS,44,Arlequim desconhecido,36,6,6,z0,*m7,VI,9,major,18.5
LINS,44,Arlequim desconhecido,37,9,9,Y1.1,*4.7.9,V,2,major,19.0
LINS,44,Arlequim desconhecido,38,9,9,Y0,*7,V,2,major,20.0
LINS,44,Arlequim desconhecido,39,9,9,z2,*m7.9,Vm7,2,major,21.0
LINS,44,Arlequim desconhecido,40,9,9,Y2,*7.9,V,2,major,22.0
LINS,44,Arlequim desconhecido,41,2,2,Z2.2,*(#5)M7.9,I,2,major,23.0
LINS,44,Arlequim desconhecido,42,2,2,Z2,*M7.9,I,2,major,24.0
LINS,44,Arlequim desconhecido,43,1,1,z2.1,*m7.9.11,II,11,minor,25.0
LINS,44,Arlequim desconhecido,44,6,6,z3,*m7.11,II__X,11,minor,26.0
LINS,44,Arlequim desconhecido,45,11,11,Y1.1,*4.7.9,V/IV,11,minor,27.0
LINS,44,Arlequim desconhecido,46,11,11,z2,*m7.9,I,11,minor,27.5
LINS,45,Aparecida,1,11,11,z2,*m7.9,VI,2,major,1.0
LINS,45,Aparecida,2,4,4,z2,*m7.9,II,2,major,2.0
LINS,45,Aparecida,3,9,9,Y4,*7.13,V,2,major,2.5
LINS,45,Aparecida,4,2,2,Z2,*M7.9,I,2,major,3.0
LINS,45,Aparecida,5,1,1,z2,*m7.9,II__X,2,major,4.0
LINS,45,Aparecida,6,6,6,Y4.1,*7(b13),V/VI,2,major,4.5
LINS,45,Aparecida,7,11,11,z2,*m7.9,VI,2,major,5.0
LINS,45,Aparecida,8,11,11,Y4,*7.13,V/II,2,major,6.0
LINS,45,Aparecida,9,11,11,Y4.1,*7(b13),V/II,2,major,6.5
LINS,45,Aparecida,10,4,4,Y2,*7.9,V/V,2,major,7.0
LINS,45,Aparecida,11,9,9,Y1.1.2,*4.7.9.13,V,2,major,9.0
LINS,45,Aparecida,12,9,9,Y2.2,*7.9.13,V,2,major,10.0
LINS,45,Aparecida,13,2,2,Y1.1.2,*4.7.9.13,V/IV,2,major,11.0
LINS,45,Aparecida,14,2,2,Y2.2,*7.9.13,V/IV,2,major,12.0
LINS,45,Aparecida,15,1,1,Y2.4,*7(#9),V/III,2,major,13.0
LINS,45,Aparecida,16,7,7,Y4,*7.13,IV7,2,major,15.0
LINS,45,Aparecida,17,6,6,Y4,*7.13,V/VI,2,major,16.0
LINS,45,Aparecida,18,6,6,Y4.1,*7(b13),V/VI,2,major,16.5
LINS,45,Aparecida,19,11,11,z2,*m7.9,VI,2,major,17.0
LINS,45,Aparecida,20,4,4,z2,*m7.9,II,2,major,17.5
LINS,45,Aparecida,21,9,9,Y4,*7.13,V,2,major,18.0
LINS,45,Aparecida,22,2,2,Z2,*M7.9,I,2,major,19.0
LINS,45,Aparecida,23,1,1,z2,*m7.9,II__X,2,major,20.0
LINS,45,Aparecida,24,6,6,Y4.1,*7(b13),V/VI,2,major,20.5
LINS,45,Aparecida,25,6,6,y0,*Ø,II__X,2,major,21.0
LINS,45,Aparecida,26,11,11,Y2.3,*7(b9),V/II,2,major,22.0
LINS,45,Aparecida,27,4,4,w0,*mM7,II,2,major,23.0
LINS,45,Aparecida,28,4,4,z2,*m7.9,II,2,major,24.0
LINS,45,Aparecida,29,4,4,Y2,*7.9,V/V,2,major,25.0
LINS,45,Aparecida,30,9,9,Y1.1.2,*4.7.9.13,V,2,major,27.0
LINS,45,Aparecida,31,6,6,Y1.1.2,*4.7.9.13,V/VI,2,major,28.0
LINS,45,Aparecida,32,6,6,Y4.1,*7(b13),V/VI,2,major,28.5
LINS,45,Aparecida,33,11,11,z2,*m7.9,VI,2,major,29.0
LINS,45,Aparecida,34,4,4,z2,*m7.9,II,2,major,31.0
LINS,45,Aparecida,35,9,9,Y4,*7.13,V,2,major,31.5
LINS,45,Aparecida,36,2,2,Z2,*M7.9,I,2,major,32.0
LINS,45,Aparecida,37,1,1,z2,*m7.9,II__X,2,major,33.0
LINS,45,Aparecida,38,6,6,Y4.1,*7(b13),V/VI,2,major,33.5
LINS,45,Aparecida,39,0,0,z2,*m7.9,II__X,2,major,34.0
LINS,45,Aparecida,40,5,5,Y4,*7.13,SubV/II,2,major,34.5
LINS,45,Aparecida,41,4,4,z2,*m7.9,II,2,major,35.0
LINS,45,Aparecida,42,9,9,Y4,*7.13,V,2,major,35.5
LINS,45,Aparecida,43,2,2,Z2,*M7.9,I,2,major,36.0
LINS,46,Bonito,1,2,2,V1,*4,I,2,major,1.0
LINS,46,Bonito,2,11,11,z2.1,*m7.9.11,VI,2,major,3.0
LINS,46,Bonito,3,7,7,Z0,*M7,IV,2,major,5.0
LINS,46,Bonito,4,9,9,Y1.1.2,*4.7.9.13,V,2,major,7.0
LINS,46,Bonito,5,7,7,z2,*m7.9,IVm7,2,major,9.0
LINS,46,Bonito,6,0,0,Y2.2,*7.9.13,bVII7,2,major,10.0
LINS,46,Bonito,7,2,6,V1,*4,I,2,major,11.0
LINS,46,Bonito,8,11,11,Y1.1.2,*4.7.9.13,V/II,2,major,12.0
LINS,46,Bonito,9,11,11,Y4.1,*7(b13),V/II,2,major,12.5
LINS,46,Bonito,10,4,4,Y1.1.2,*4.7.9.13,V/V,2,major,13.0
LINS,46,Bonito,11,4,4,Y2.2,*7.9.13,V/V,2,major,14.0
LINS,46,Bonito,12,9,9,Y1.1.2,*4.7.9.13,V,2,major,15.0
LINS,46,Bonito,13,2,2,V1,*4,I,2,major,16.0
LINS,47,Camaleao,1,9,9,V1,*4,I,9,major,1.0
LINS,47,Camaleao,2,9,4,Z2,*M7.9,I,9,major,1.5
LINS,47,Camaleao,3,9,9,Z1.1,*6.9,I,9,major,2.0
LINS,47,Camaleao,4,9,4,Z2,*M7.9,I,9,major,2.5
LINS,47,Camaleao,5,9,9,V1,*4,I,9,major,3.0
LINS,47,Camaleao,6,9,4,Z2,*M7.9,I,9,major,3.5
LINS,47,Camaleao,7,2,6,Z1,*6,IV,9,major,4.0
LINS,47,Camaleao,8,4,4,Y0,*7,V,9,major,4.5
LINS,47,Camaleao,9,2,6,Z1,*6,IV,9,major,5.0
LINS,47,Camaleao,10,4,4,Y0,*7,V,9,major,5.5
LINS,47,Camaleao,11,2,6,Z1,*6,IV,9,major,6.0
LINS,47,Camaleao,12,4,4,Y0,*7,V,9,major,6.5
LINS,47,Camaleao,13,8,8,y0,*Ø,II__X,9,major,7.0
LINS,47,Camaleao,14,1,1,Y2.3,*7(b9),V/VI,9,major,7.5
LINS,47,Camaleao,15,6,6,z0,*m7,VI,9,major,8.0
LINS,47,Camaleao,16,9,9,V1,*4,I,9,major,9.0
LINS,47,Camaleao,17,1,8,z0,*m7,III,9,major,9.5
LINS,47,Camaleao,18,6,6,z0,*m7,VI,9,major,10.0
LINS,47,Camaleao,19,1,8,z0,*m7,III,9,major,10.5
LINS,47,Camaleao,20,9,9,Y1.1.2,*4.7.9.13,V/IV,9,major,11.0
LINS,47,Camaleao,21,9,9,Y2.2,*7.9.13,V/IV,9,major,11.5
LINS,47,Camaleao,22,2,2,Z2,*M7.9,IV,9,major,12.0
LINS,47,Camaleao,23,2,2,Z1.1,*6.9,IV,9,major,12.5
LINS,47,Camaleao,24,7,7,Y1.1.2,*4.7.9.13,bVII7,9,major,13.0
LINS,47,Camaleao,25,7,7,Y2.2,*7.9.13,bVII7,9,major,13.5
LINS,47,Camaleao,26,9,1,Z2,*M7.9,I,9,major,14.0
LINS,47,Camaleao,27,6,6,z2,*m7.9,II__X,9,major,14.5
LINS,47,Camaleao,28,11,11,Y1.1,*4.7.9,V/V,9,major,15.0
LINS,47,Camaleao,29,11,11,Y2,*7.9,V/V,9,major,15.5
LINS,47,Camaleao,30,4,4,Y1.1,*4.7.9,V,9,major,16.0
LINS,47,Camaleao,31,4,4,Y2,*7.9,V,9,major,16.5
LINS,47,Camaleao,32,2,9,Z1,*6,IV,9,major,17.0
LINS,47,Camaleao,33,9,9,V0,*,I,9,major,17.5
LINS,47,Camaleao,34,8,8,y0,*Ø,II__X,9,major,18.0
LINS,47,Camaleao,35,1,1,Y2.3,*7(b9),V/VI,9,major,18.5
LINS,47,Camaleao,36,6,6,Z2,*M7.9,I,6,major,19.0
LINS,47,Camaleao,37,11,11,z1,*m6,IVm7,6,major,19.5
LINS,47,Camaleao,38,6,6,Z2,*M7.9,I,6,major,20.0
LINS,47,Camaleao,39,11,11,z1,*m6,IVm7,6,major,20.5
LINS,47,Camaleao,40,6,6,Z2,*M7.9,I,6,major,20.75
LINS,47,Camaleao,41,11,11,z1,*m6,IVm7,6,major,21.0
LINS,47,Camaleao,42,6,6,Z2,*M7.9,I,6,major,21.5
LINS,47,Camaleao,43,6,6,Y1.1,*4.7.9,V/IV,6,major,22.0
LINS,47,Camaleao,44,6,6,Y2,*7.9,V/IV,6,major,22.5
LINS,47,Camaleao,45,11,11,Z0,*M7,IV,6,major,23.0
LINS,47,Camaleao,46,4,4,Y2,*7.9,bVII7,6,major,23.5
LINS,47,Camaleao,47,6,10,V1,*4,I,6,major,24.0
LINS,47,Camaleao,48,3,3,Y1.1.2,*4.7.9.13,V/II,6,major,24.5
LINS,47,Camaleao,49,8,8,Y1.1,*4.7.9,V/V,6,major,25.0
LINS,47,Camaleao,50,8,8,Y2,*7.9,V/V,6,major,26.0
LINS,47,Camaleao,51,1,1,Y1.1.2,*4.7.9.13,V,6,major,26.5
LINS,47,Camaleao,52,1,1,Y2,*7.9,V,6,major,27.0
LINS,47,Camaleao,53,6,6,V1,*4,I,6,major,27.5
LINS,47,Camaleao,54,11,11,z0,*m7,II,9,major,28.0
LINS,47,Camaleao,55,4,4,Y0,*7,V,9,major,28.5
LINS,47,Camaleao,56,9,9,V1,*4,I,9,major,29.0
LINS,47,Camaleao,57,1,8,z0,*m7,III,9,major,29.5
LINS,47,Camaleao,58,6,6,z0,*m7,VI,9,major,30.0
LINS,47,Camaleao,59,1,8,z0,*m7,III,9,major,30.5
LINS,47,Camaleao,60,9,9,V1,*4,I,9,major,31.0
LINS,47,Camaleao,61,1,8,z0,*m7,III,9,major,31.5
LINS,47,Camaleao,62,2,6,V0,*,IV,9,major,32.0
LINS,47,Camaleao,63,4,4,Y0,*7,V,9,major,32.5
LINS,47,Camaleao,64,2,6,V0,*,IV,9,major,33.0
LINS,47,Camaleao,65,4,4,Y0,*7,V,9,major,33.5
LINS,47,Camaleao,66,2,6,V0,*,IV,9,major,34.0
LINS,47,Camaleao,67,4,4,Y0,*7,V,9,major,35.0
LINS,47,Camaleao,68,8,8,y0,*Ø,II__X,9,major,35.5
LINS,47,Camaleao,69,1,1,Y2.3,*7(b9),V/VI,9,major,36.0
LINS,47,Camaleao,70,6,6,z3,*m7.11,VI,9,major,36.5
LINS,47,Camaleao,71,4,4,z2.1,*m7.9.11,II__X,9,major,36.75
LINS,47,Camaleao,72,9,9,Y2.2,*7.9.13,V/IV,9,major,37.0
LINS,47,Camaleao,73,2,2,Z2,*M7.9,IV,9,major,37.5
LINS,47,Camaleao,74,7,7,Y1.1.2,*4.7.9.13,bVII7,9,major,38.0
LINS,47,Camaleao,75,7,7,Y2.2,*7.9.13,bVII7,9,major,38.5
LINS,47,Camaleao,76,9,4,V1,*4,I,9,major,39.0
LINS,47,Camaleao,77,4,4,Y1.1,*4.7.9,V,9,major,40.0
LINS,47,Camaleao,78,9,4,V1,*4,I,9,major,41.0
LINS,47,Camaleao,79,4,4,Y1.1,*4.7.9,V,9,major,42.0
LINS,47,Camaleao,80,9,9,Z2,*M7.9,I,9,major,43.0
LINS,48,Bandeira do divino,1,4,4,Z0,*M7,I,4,major,1.0
LINS,48,Bandeira do divino,2,9,9,V0,*,IV,4,major,3.0
LINS,48,Bandeira do divino,3,9,9,Z1,*6,IV,4,major,3.5
LINS,48,Bandeira do divino,4,9,9,Z0,*M7,IV,4,major,4.0
LINS,48,Bandeira do divino,5,6,6,z2,*m7.9,II,4,major,5.0
LINS,48,Bandeira do divino,6,6,6,Y1.1.2,*4.7.9.13,V/V,4,major,6.0
LINS,48,Bandeira do divino,7,6,6,Y2.2,*7.9.13,V/V,4,major,6.5
LINS,48,Bandeira do divino,8,11,11,Y1.1.2,*4.7.9.13,V,4,major,7.0
LINS,48,Bandeira do divino,9,11,11,Y0,*7,V,4,major,7.5
LINS,48,Bandeira do divino,10,4,4,V0,*,I,4,major,8.0
LINS,48,Bandeira do divino,11,9,4,V0,*,IV,4,major,8.5
LINS,48,Bandeira do divino,12,4,4,Z0,*M7,I,4,major,9.0
LINS,48,Bandeira do divino,13,0,0,Y1.1.2,*4.7.9.13,V,5,major,9.5
LINS,48,Bandeira do divino,14,5,5,V0,*,I,5,major,10.0
LINS,48,Bandeira do divino,15,5,5,Z1,*6,I,5,major,10.5
LINS,48,Bandeira do divino,16,5,5,Z0,*M7,I,5,major,11.0
LINS,48,Bandeira do divino,17,5,5,Y0,*7,V/IV,5,major,11.5
LINS,48,Bandeira do divino,18,10,10,V0,*,IV,5,major,12.0
LINS,48,Bandeira do divino,19,10,10,Z1,*6,IV,5,major,12.5
LINS,48,Bandeira do divino,20,10,10,Z0,*M7,IV,5,major,13.0
LINS,48,Bandeira do divino,21,7,7,z2,*m7.9,II,5,major,14.0
LINS,48,Bandeira do divino,22,7,7,Y1.1.2,*4.7.9.13,V/V,5,major,15.0
LINS,48,Bandeira do divino,23,7,7,Y2.2,*7.9.13,V/V,5,major,15.5
LINS,48,Bandeira do divino,24,0,0,Y1.1.2,*4.7.9.13,V,5,major,16.0
LINS,48,Bandeira do divino,25,0,0,Y0,*7,V,5,major,16.5
LINS,48,Bandeira do divino,26,5,5,V0,*,I,5,major,17.0
LINS,48,Bandeira do divino,27,10,5,V0,*,IV,5,major,17.5
LINS,48,Bandeira do divino,28,5,5,Z0,*M7,I,5,major,18.0
LINS,48,Bandeira do divino,29,1,1,Y1.1.2,*4.7.9.13,V,6,major,18.5
LINS,48,Bandeira do divino,30,6,6,V0,*,I,6,major,19.0
LINS,49,Coragem mulher,1,10,5,Z0,*M7,I,10,major,1.0
LINS,49,Coragem mulher,2,5,5,Y1.1.2,*4.7.9.13,V,10,major,2.0
LINS,49,Coragem mulher,3,5,5,Y2,*7.9,V,10,major,2.5
LINS,49,Coragem mulher,4,5,5,Z1,*6,V,10,major,3.0
LINS,49,Coragem mulher,5,10,5,Z0,*M7,I,10,major,3.5
LINS,49,Coragem mulher,6,5,5,Y1.1.2,*4.7.9.13,V,10,major,4.0
LINS,49,Coragem mulher,7,5,5,Y2,*7.9,V,10,major,4.5
LINS,49,Coragem mulher,8,7,7,Y1.1,*4.7.9,V/II,10,major,5.0
LINS,49,Coragem mulher,9,7,7,z0,*m7,II,10,major,5.5
LINS,49,Coragem mulher,10,9,9,z2,*m7.9,II__X,10,major,6.0
LINS,49,Coragem mulher,11,2,2,Y2.2.1,*7(b9)13,V/VI,10,major,6.5
LINS,49,Coragem mulher,12,7,7,Z2,*M7.9,I,7,major,7.0
LINS,49,Coragem mulher,13,4,4,z2,*m7.9,VI,7,major,7.5
LINS,49,Coragem mulher,14,5,5,Y1.1.2,*4.7.9.13,V,10,major,8.0
LINS,49,Coragem mulher,15,5,5,Y2,*7.9,V,10,major,8.5
LINS,49,Coragem mulher,16,5,5,Z1,*6,V,10,major,9.0
LINS,49,Coragem mulher,17,10,5,Z0,*M7,I,10,major,9.5
LINS,49,Coragem mulher,18,3,3,Z2,*M7.9,IV,10,major,10.0
LINS,49,Coragem mulher,19,8,8,Y2.1,*7.9(#11),bVII7,10,major,10.5
LINS,49,Coragem mulher,20,2,2,z2.1,*m7.9.11,III,10,major,11.0
LINS,49,Coragem mulher,21,7,7,z2,*m7.9,VI,10,major,11.5
LINS,49,Coragem mulher,22,0,0,z2.1,*m7.9.11,II,10,major,12.0
LINS,49,Coragem mulher,23,5,5,z0,*m7,Vm7,10,major,12.5
LINS,49,Coragem mulher,24,5,5,Z1,*6,V,10,major,13.0
LINS,49,Coragem mulher,25,10,5,Z0,*M7,I,10,major,13.5
LINS,50,Cartomante,1,11,11,Z0,*M7,I,11,major,1.0
LINS,50,Cartomante,2,4,11,V0,*,IV,11,major,1.5
LINS,50,Cartomante,3,11,11,Y1.1.2,*4.7.9.13,V,11,major,2.0
LINS,50,Cartomante,4,7,11,Z0,*M7,bVI7M,11,major,2.5
LINS,50,Cartomante,5,9,9,Y2.2,*7.9.13,SubV/VI,11,major,2.75
LINS,50,Cartomante,6,8,8,z2,*m7.9,II__X,11,major,3.0
LINS,50,Cartomante,7,1,1,Y4,*7.13,V/II,11,major,3.5
LINS,50,Cartomante,8,1,1,Y0,*7,V/II,11,major,3.75
LINS,50,Cartomante,9,6,6,Y1.1,*4.7.9,V/V,11,major,4.0
LINS,50,Cartomante,10,6,6,Y1.1.3,*4.7(b9),V/V,11,major,4.5
LINS,50,Cartomante,11,11,11,Z0,*M7,I,11,major,5.0
LINS,50,Cartomante,12,4,11,V0,*,IV,11,major,5.5
LINS,50,Cartomante,13,11,11,Y1.1.2,*4.7.9.13,V,11,major,6.0
LINS,50,Cartomante,14,7,11,Z0,*M7,bVI7M,11,major,6.5
LINS,50,Cartomante,15,9,9,Y2.2,*7.9.13,SubV/VI,11,major,6.75
LINS,50,Cartomante,16,8,8,z2,*m7.9,II__X,11,major,7.0
LINS,50,Cartomante,17,1,1,Y4,*7.13,V/II,11,major,7.5
LINS,50,Cartomante,18,6,6,Y1.1,*4.7.9,V/V,11,major,8.0
LINS,50,Cartomante,19,6,6,Y1.1.3,*4.7(b9),V/V,11,major,8.5
LINS,50,Cartomante,20,11,11,z0,*m7,I,11,minor,9.0
LINS,50,Cartomante,21,11,11,z1,*m6,I,11,minor,9.5
LINS,50,Cartomante,22,7,2,Z0,*M7,VI,11,minor,10.0
LINS,50,Cartomante,23,9,9,Y1.3,*4.7.13,bVII7,11,minor,10.5
LINS,50,Cartomante,24,9,9,Y4,*7.13,bVII7,11,minor,10.75
LINS,50,Cartomante,25,0,4,V0,*,bII7M,11,minor,11.0
LINS,50,Cartomante,26,2,2,Y0,*7,V/VI,11,minor,11.25
LINS,50,Cartomante,27,7,7,Z0,*M7,VI,11,minor,11.5
LINS,50,Cartomante,28,0,0,Z2,*M7.9,aNP,11,minor,11.75
LINS,50,Cartomante,29,1,1,Y2,*7.9,V/V,11,minor,12.0
LINS,50,Cartomante,30,1,1,Y2,*7.9,V/V,11,minor,12.25
LINS,50,Cartomante,31,6,6,Y1,*4.7,V,11,minor,12.5
LINS,50,Cartomante,32,6,6,Y4,*7.13,V,11,minor,12.75
LINS,50,Cartomante,33,11,11,z0,*m7,I,11,minor,13.0
LINS,50,Cartomante,34,11,11,z1,*m6,I,11,minor,13.5
LINS,50,Cartomante,35,7,2,Z0,*M7,VI,11,minor,14.0
LINS,50,Cartomante,36,9,9,Y1.3,*4.7.13,bVII7,11,minor,14.5
LINS,50,Cartomante,37,9,9,Y4,*7.13,bVII7,11,minor,14.75
LINS,50,Cartomante,38,0,4,V0,*,bII7M,11,minor,15.0
LINS,50,Cartomante,39,2,2,Y0,*7,V/VI,11,minor,15.25
LINS,50,Cartomante,40,7,7,Z0,*M7,VI,11,minor,15.5
LINS,50,Cartomante,41,0,0,Z2,*M7.9,aNP,11,minor,15.75
LINS,50,Cartomante,42,1,1,Y2,*7.9,V/V,11,minor,16.0
LINS,50,Cartomante,43,1,1,Y2,*7.9,V/V,11,minor,16.25
LINS,50,Cartomante,44,6,6,Y1.1.3,*4.7(b9),V,11,minor,16.5
LINS,50,Cartomante,45,6,6,Y0,*7,V,11,minor,16.75
LINS,50,Cartomante,46,11,11,Y1.3,*4.7.13,V/IV,11,major,17.0
LINS,50,Cartomante,47,11,11,Z0,*M7,I,11,major,19.0
MILTON,1,A sede do peixe,1,9,9,z0,*m7,I,9,minor,1.0
MILTON,1,A sede do peixe,2,11,9,Y0,*7,V/V,9,minor,5.0
MILTON,1,A sede do peixe,3,10,9,Z0,*M7,bII7M,9,minor,6.0
MILTON,1,A sede do peixe,4,9,9,z0,*m7,I,9,minor,7.0
MILTON,1,A sede do peixe,5,4,9,z2,*m7.9,Vm7,9,minor,8.0
MILTON,1,A sede do peixe,6,9,9,z0,*m7,I,9,minor,9.0
MILTON,1,A sede do peixe,7,2,9,V0,*,IV7,9,minor,10.0
MILTON,1,A sede do peixe,8,4,9,V0,*,V,9,minor,11.0
MILTON,1,A sede do peixe,9,9,9,z0,*m7,I,9,minor,12.0
MILTON,1,A sede do peixe,10,11,9,Y0,*7,V/V,9,minor,13.0
MILTON,1,A sede do peixe,11,10,9,Z0,*M7,bII7M,9,minor,14.0
MILTON,1,A sede do peixe,12,9,9,z0,*m7,I,9,minor,15.0
MILTON,1,A sede do peixe,13,4,9,z2,*m7.9,Vm7,9,minor,16.0
MILTON,1,A sede do peixe,14,2,2,z2,*m7.9,IV,9,minor,17.0
MILTON,1,A sede do peixe,15,4,4,z2,*m7.9,Vm7,9,minor,19.0
MILTON,1,A sede do peixe,16,2,2,V3,*(#11),IV7,9,minor,21.0
MILTON,1,A sede do peixe,17,2,2,V0,*,IV7,9,minor,22.0
MILTON,1,A sede do peixe,18,2,2,z2,*m7.9,IV,9,minor,23.0
MILTON,1,A sede do peixe,19,4,4,z2,*m7.9,Vm7,9,minor,23.5
MILTON,1,A sede do peixe,20,7,5,Y0,*7,bVII7,9,minor,24.0
MILTON,1,A sede do peixe,21,9,9,V3,*(#11),I,9,minor,25.0
MILTON,2,A terceira margem do rio,1,4,4,z2,*m7.9,I,4,minor,1.0
MILTON,2,A terceira margem do rio,2,4,4,z1.1,*m6.9,I,4,minor,2.0
MILTON,2,A terceira margem do rio,3,4,4,z2,*m7.9,I,4,minor,3.0
MILTON,2,A terceira margem do rio,4,4,4,z1.1,*m6.9,I,4,minor,4.0
MILTON,2,A terceira margem do rio,5,4,4,z2,*m7.9,I,4,minor,5.0
MILTON,2,A terceira margem do rio,6,4,4,z1.1,*m6.9,I,4,minor,6.0
MILTON,2,A terceira margem do rio,7,4,4,z2,*m7.9,I,4,minor,7.0
MILTON,2,A terceira margem do rio,8,4,4,z1.1,*m6.9,I,4,minor,8.0
MILTON,2,A terceira margem do rio,9,0,0,V0,*,bVII7M,2,major,9.0
MILTON,2,A terceira margem do rio,10,2,2,V0,*,I,2,major,10.0
MILTON,2,A terceira margem do rio,11,11,11,v0,*m,VI,2,major,10.25
MILTON,2,A terceira margem do rio,12,9,9,v0,*m,Vm7,2,major,10.75
MILTON,2,A terceira margem do rio,13,0,0,V0,*,bVII7M,2,major,11.0
MILTON,2,A terceira margem do rio,14,2,2,V0,*,I,2,major,12.0
MILTON,2,A terceira margem do rio,15,4,4,v0,*m,II,2,major,12.5
MILTON,2,A terceira margem do rio,16,2,2,V0,*,I,2,major,12.75
MILTON,2,A terceira margem do rio,17,0,0,V0,*,bVII7M,2,major,13.0
MILTON,2,A terceira margem do rio,18,2,2,V0,*,I,2,major,14.0
MILTON,2,A terceira margem do rio,19,11,11,v0,*m,VI,2,major,14.5
MILTON,2,A terceira margem do rio,20,9,9,v0,*m,Vm7,2,major,14.75
MILTON,2,A terceira margem do rio,21,2,2,V0,*,I,2,major,15.0
MILTON,2,A terceira margem do rio,22,4,4,z2,*m7.9,I,4,minor,17.0
MILTON,3,Amor amigo,1,2,2,z2,*m7.9,I,2,minor,1.0
MILTON,3,Amor amigo,2,4,4,Y3,*7(#11),V/V,2,minor,3.0
MILTON,3,Amor amigo,3,4,4,Y2.2.1,*7(b9)13,V/V,2,minor,4.0
MILTON,3,Amor amigo,4,5,5,Y2.2.1,*7(b9)13,V/VI,2,minor,4.25
MILTON,3,Amor amigo,5,6,6,Y2.2.1,*7(b9)13,?,2,minor,4.5
MILTON,3,Amor amigo,6,9,9,Y2.2.1,*7(b9)13,V,2,minor,4.75
MILTON,3,Amor amigo,7,2,2,z2,*m7.9,I,2,minor,5.0
MILTON,3,Amor amigo,8,11,11,y0,*Ø,VI,2,minor,7.0
MILTON,3,Amor amigo,9,10,10,Y3,*7(#11),SubV/V,2,minor,8.0
MILTON,3,Amor amigo,10,10,10,Z3,*M7(#11),Np/V,2,minor,9.0
MILTON,3,Amor amigo,11,5,5,z2,*m7.9,?,2,minor,10.0
MILTON,3,Amor amigo,12,9,9,z2,*m7.9,Vm7,2,minor,11.0
MILTON,3,Amor amigo,13,2,2,Y2,*7.9,I,2,minor,12.0
MILTON,3,Amor amigo,14,7,11,V0,*,IV7,2,minor,13.0
MILTON,3,Amor amigo,15,7,11,Y3,*7(#11),IV7,2,minor,13.25
MILTON,3,Amor amigo,16,7,10,v0,*m,IV,2,minor,14.0
MILTON,3,Amor amigo,17,9,9,z0,*m7,Vm7,2,minor,14.75
MILTON,3,Amor amigo,18,2,2,z2,*m7.9,I,2,minor,15.0
MILTON,4,Cais,1,0,0,z2,*m7.9,I,0,minor,1.0
MILTON,4,Cais,2,0,0,z1.1,*m6.9,I,0,minor,2.0
MILTON,4,Cais,3,0,0,z2,*m7.9,I,0,minor,3.0
MILTON,4,Cais,4,0,0,z1.1,*m6.9,I,0,minor,3.5
MILTON,4,Cais,5,1,0,Z0,*M7,bII7M,0,minor,4.0
MILTON,4,Cais,6,5,3,z0,*m7,IV,0,minor,6.0
MILTON,4,Cais,7,3,7,Z0,*M7,III,0,minor,7.0
MILTON,4,Cais,8,10,10,z3,*m7.11,bVIIm7,0,minor,8.0
MILTON,4,Cais,9,7,7,z3,*m7.11,Vm7,0,minor,8.5
MILTON,4,Cais,10,10,10,z3,*m7.11,bVIIm7,0,minor,9.0
MILTON,4,Cais,11,7,7,z3,*m7.11,Vm7,0,minor,9.5
MILTON,4,Cais,12,0,0,z2,*m7.9,I,0,minor,10.0
MILTON,4,Cais,13,0,0,z1.1,*m6.9,I,0,minor,11.0
MILTON,4,Cais,14,5,3,z0,*m7,IV,0,minor,12.0
MILTON,4,Cais,15,3,7,Z0,*M7,III,0,minor,13.0
MILTON,4,Cais,16,10,10,z3,*m7.11,bVIIm7,0,minor,14.0
MILTON,4,Cais,17,7,7,z3,*m7.11,Vm7,0,minor,14.5
MILTON,4,Cais,18,10,10,z3,*m7.11,bVIIm7,0,minor,15.0
MILTON,4,Cais,19,7,7,z3,*m7.11,Vm7,0,minor,15.5
MILTON,4,Cais,20,0,0,z2,*m7.9,I,0,minor,16.0
MILTON,4,Cais,21,0,0,z1.1,*m6.9,I,0,minor,19.0
MILTON,5,Cancao amiga,1,2,2,v0,*m,I,2,minor,1.0
MILTON,5,Cancao amiga,2,2,2,w0,*mM7,I,2,minor,1.5
MILTON,5,Cancao amiga,3,2,2,z0,*m7,I,2,minor,2.0
MILTON,5,Cancao amiga,4,2,2,z1,*m6,I,2,minor,2.5
MILTON,5,Cancao amiga,5,9,9,v0,*m,Vm7,2,minor,3.0
MILTON,5,Cancao amiga,6,9,9,w0,*mM7,Vm7,2,minor,3.5
MILTON,5,Cancao amiga,7,9,9,z0,*m7,Vm7,2,minor,4.0
MILTON,5,Cancao amiga,8,7,7,z0,*m7,IV,2,minor,5.0
MILTON,5,Cancao amiga,9,10,2,V0,*,VI,2,minor,6.5
MILTON,5,Cancao amiga,10,9,9,z0,*m7,Vm7,2,minor,7.0
MILTON,5,Cancao amiga,11,0,4,V0,*,bVII7M,2,minor,7.5
MILTON,5,Cancao amiga,12,2,2,v0,*m,I,2,minor,9.0
MILTON,5,Cancao amiga,13,2,2,w0,*mM7,I,2,minor,9.5
MILTON,5,Cancao amiga,14,2,2,z0,*m7,I,2,minor,10.0
MILTON,5,Cancao amiga,15,2,2,z1,*m6,I,2,minor,10.5
MILTON,5,Cancao amiga,16,9,9,z0,*m7,Vm7,2,minor,11.0
MILTON,5,Cancao amiga,17,7,7,z0,*m7,IV,2,minor,13.0
MILTON,5,Cancao amiga,18,10,2,V0,*,VI,2,minor,14.0
MILTON,5,Cancao amiga,19,0,0,Y1.1,*4.7.9,bVII7,2,minor,15.0
MILTON,5,Cancao amiga,20,2,2,V0,*,I,2,major,16.25
MILTON,5,Cancao amiga,21,2,2,Z0,*M7,I,2,major,18.0
MILTON,5,Cancao amiga,22,2,2,Z1,*6,I,2,major,19.0
MILTON,5,Cancao amiga,23,7,11,V0,*,IV,2,major,21.0
MILTON,5,Cancao amiga,24,7,7,V0,*,IV,2,major,22.0
MILTON,5,Cancao amiga,25,0,4,V0,*,bVII7M,2,major,23.0
MILTON,5,Cancao amiga,26,9,9,z0,*m7,Vm7,2,major,24.0
MILTON,5,Cancao amiga,27,2,2,v0,*m,I,2,minor,25.0
MILTON,5,Cancao amiga,28,2,2,w0,*mM7,I,2,minor,25.5
MILTON,5,Cancao amiga,29,2,2,z0,*m7,I,2,minor,26.0
MILTON,5,Cancao amiga,30,2,2,z1,*m6,I,2,minor,26.5
MILTON,5,Cancao amiga,31,9,9,z3,*m7.11,Vm7,2,minor,27.0
MILTON,5,Cancao amiga,32,7,7,z0,*m7,IV,2,minor,29.0
MILTON,5,Cancao amiga,33,10,2,V0,*,VI,2,minor,29.5
MILTON,5,Cancao amiga,34,9,9,z0,*m7,Vm7,2,minor,30.0
MILTON,5,Cancao amiga,35,2,2,V0,*,I,2,minor,31.0
MILTON,6,Catavento,1,0,0,Z0,*M7,IV,7,major,1.0
MILTON,6,Catavento,2,11,11,Y0,*7,V/VI,7,major,2.0
MILTON,6,Catavento,3,9,9,z2,*m7.9,II,7,major,3.0
MILTON,6,Catavento,4,7,7,V3,*(#11),I,7,major,4.0
MILTON,6,Catavento,5,0,0,Z0,*M7,I,7,major,5.0
MILTON,6,Catavento,6,11,11,Y0,*7,V/VI,7,major,6.0
MILTON,6,Catavento,7,9,9,z2,*m7.9,II,7,major,7.0
MILTON,6,Catavento,8,7,7,V3,*(#11),I,7,major,8.0
MILTON,6,Catavento,9,7,7,V0,*,I,7,major,9.0
MILTON,6,Catavento,10,7,6,Z0,*M7,I,7,major,10.0
MILTON,6,Catavento,11,7,5,Y0,*7,V/IV,7,major,10.5
MILTON,6,Catavento,12,0,4,V0,*,IV,7,major,11.0
MILTON,6,Catavento,13,5,0,V0,*,bVII7M,7,major,12.0
MILTON,6,Catavento,14,4,4,z0,*m7,VI,7,major,12.5
MILTON,6,Catavento,15,7,7,V0,*,I,7,major,13.0
MILTON,6,Catavento,16,7,6,Z0,*M7,I,7,major,14.0
MILTON,6,Catavento,17,7,5,Y0,*7,V/IV,7,major,14.5
MILTON,6,Catavento,18,0,4,V0,*,IV,7,major,15.0
MILTON,6,Catavento,19,5,0,V0,*,bVII7M,7,major,16.0
MILTON,6,Catavento,20,7,7,V0,*,I,7,major,16.5
MILTON,6,Catavento,21,0,0,Z0,*M7,IV,7,major,17.0
MILTON,6,Catavento,22,2,0,Y0,*7,V,7,major,18.0
MILTON,6,Catavento,23,11,11,z3,*m7.11,III,7,major,19.0
MILTON,6,Catavento,24,11,11,w0,*mM7,III,7,major,20.0
MILTON,6,Catavento,25,7,7,V0,*,I,7,major,21.0
MILTON,6,Catavento,26,7,6,Z0,*M7,I,7,major,23.0
MILTON,6,Catavento,27,7,5,Y0,*7,V/IV,7,major,25.0
MILTON,6,Catavento,28,0,4,V0,*,IV,7,major,27.0
MILTON,6,Catavento,29,5,0,V0,*,bVII7M,7,major,28.0
MILTON,6,Catavento,30,7,7,V0,*,I,7,major,28.5
MILTON,7,Caxanga,1,9,9,z0,*m7,I,9,minor,1.0
MILTON,7,Caxanga,2,2,9,Y1.1,*4.7.9,IV7,9,minor,1.5
MILTON,7,Caxanga,3,9,9,z0,*m7,I,9,minor,2.0
MILTON,7,Caxanga,4,2,9,Y1.1,*4.7.9,IV7,9,minor,2.5
MILTON,7,Caxanga,5,9,9,z0,*m7,I,9,minor,3.0
MILTON,7,Caxanga,6,2,9,Y1.1,*4.7.9,IV7,9,minor,3.5
MILTON,7,Caxanga,7,9,9,z0,*m7,I,9,minor,4.0
MILTON,7,Caxanga,8,2,9,Y1.1,*4.7.9,IV7,9,minor,4.5
MILTON,7,Caxanga,9,5,0,Z0,*M7,VI,9,minor,5.0
MILTON,7,Caxanga,10,7,2,Z1,*6,bVII7M,9,minor,5.5
MILTON,7,Caxanga,11,5,0,Z0,*M7,VI,9,minor,6.0
MILTON,7,Caxanga,12,7,2,Z1,*6,bVII7M,9,minor,6.5
MILTON,7,Caxanga,13,5,0,Z0,*M7,VI,9,minor,7.0
MILTON,7,Caxanga,14,7,2,Z1,*6,bVII7M,9,minor,7.5
MILTON,7,Caxanga,15,9,9,z0,*m7,I,9,minor,8.0
MILTON,7,Caxanga,16,2,9,Y1.1,*4.7.9,IV7,9,minor,8.5
MILTON,7,Caxanga,17,4,4,Y1.1,*4.7.9,I,4,major,9.0
MILTON,7,Caxanga,18,9,9,v1,*m.9,IVm7,4,major,11.0
MILTON,7,Caxanga,19,9,9,w0,*mM7,IVm7,4,major,12.0
MILTON,7,Caxanga,20,9,9,z0,*m7,IVm7,4,major,12.5
MILTON,7,Caxanga,21,0,0,V1,*4,I,0,major,13.0
MILTON,7,Caxanga,22,0,0,Z2,*M7.9,I,0,major,14.5
MILTON,7,Caxanga,23,9,9,v1,*m.9,VI,0,major,15.0
MILTON,7,Caxanga,24,9,9,v0,*m,VI,0,major,16.0
MILTON,7,Caxanga,25,9,9,w0,*mM7,VI,0,major,16.5
MILTON,7,Caxanga,26,9,9,z0,*m7,VI,0,major,16.75
MILTON,7,Caxanga,27,0,0,V2,*9,I,0,major,17.0
MILTON,7,Caxanga,28,0,0,Z2,*M7.9,I,0,major,17.5
MILTON,7,Caxanga,29,7,7,z3,*m7.11,Vm7,0,major,18.0
MILTON,7,Caxanga,30,4,4,z2,*m7.9,I,4,minor,19.0
MILTON,7,Caxanga,31,5,4,Z0,*M7,SubV,4,minor,20.0
MILTON,7,Caxanga,32,4,4,z2,*m7.9,I,4,minor,21.0
MILTON,7,Caxanga,33,5,4,Z0,*M7,SubV,4,minor,22.0
MILTON,7,Caxanga,34,9,9,z2,*m7.9,I,9,minor,23.0
MILTON,8,Clube da Esquina 2,1,3,3,Z0,*M7,IV,10,major,1.0
MILTON,8,Clube da Esquina 2,2,2,2,z3,*m7.11,III,10,major,2.0
MILTON,8,Clube da Esquina 2,3,0,0,z0,*m7,II,10,major,3.0
MILTON,8,Clube da Esquina 2,4,2,2,z3,*m7.11,III,10,major,4.0
MILTON,8,Clube da Esquina 2,5,3,3,Z0,*M7,IV,10,major,5.0
MILTON,8,Clube da Esquina 2,6,2,2,z3,*m7.11,III,10,major,6.0
MILTON,8,Clube da Esquina 2,7,0,0,z0,*m7,II,10,major,7.0
MILTON,8,Clube da Esquina 2,8,5,5,Y1.1,*4.7.9,V,10,major,8.0
MILTON,8,Clube da Esquina 2,9,0,0,z0,*m7,II,10,major,9.0
MILTON,8,Clube da Esquina 2,10,3,7,V2,*9,IV,10,major,9.5
MILTON,8,Clube da Esquina 2,11,5,5,Z1,*6,V,10,major,9.75
MILTON,8,Clube da Esquina 2,12,10,10,Z0,*M7,I,10,major,10.0
MILTON,8,Clube da Esquina 2,13,10,5,Z0,*M7,I,10,major,10.5
MILTON,8,Clube da Esquina 2,14,3,3,Z0,*M7,IV,10,major,10.75
MILTON,8,Clube da Esquina 2,15,5,9,V2,*9,V,10,major,11.0
MILTON,8,Clube da Esquina 2,16,3,10,Z0,*M7,IV,10,major,11.5
MILTON,8,Clube da Esquina 2,17,5,9,V0,*,V,10,major,12.0
MILTON,8,Clube da Esquina 2,18,5,5,Y1.1,*4.7.9,V,10,major,12.5
MILTON,9,Coracao civil,1,7,2,V0,*,I,7,major,1.0
MILTON,9,Coracao civil,2,0,2,V0,*,IV,7,major,3.0
MILTON,9,Coracao civil,3,9,2,V0,*,V/V,7,major,4.0
MILTON,9,Coracao civil,4,7,2,V0,*,I,7,major,5.0
MILTON,9,Coracao civil,5,0,2,V0,*,IV,7,major,7.0
MILTON,9,Coracao civil,6,9,2,V0,*,V/V,7,major,8.0
MILTON,9,Coracao civil,7,5,2,V0,*,bVII7M,7,major,9.0
MILTON,9,Coracao civil,8,0,2,V0,*,IV,7,major,11.0
MILTON,9,Coracao civil,9,7,2,V0,*,I,7,major,12.0
MILTON,9,Coracao civil,10,4,4,z0,*m7,II__X,7,major,14.0
MILTON,9,Coracao civil,11,9,9,Y1,*4.7,V/V,7,major,15.0
MILTON,9,Coracao civil,12,9,9,Y0,*7,V/V,7,major,15.5
MILTON,9,Coracao civil,13,2,2,Y1,*4.7,V,7,major,16.0
MILTON,9,Coracao civil,14,2,2,Y0,*7,V,7,major,16.5
MILTON,9,Coracao civil,15,7,7,V0,*,I,7,major,17.0
MILTON,10,Credo,1,5,5,V0,*,I,5,major,1.0
MILTON,10,Credo,2,5,5,Z0,*M7,I,5,major,2.0
MILTON,10,Credo,3,5,5,z0,*m7,Im7,5,major,3.0
MILTON,10,Credo,4,10,5,V0,*,IV,5,major,5.0
MILTON,10,Credo,5,0,7,V0,*,V,5,major,7.0
MILTON,10,Credo,6,10,5,V0,*,IV,5,major,8.6
MILTON,10,Credo,7,5,5,V0,*,I,5,major,9.0
MILTON,10,Credo,8,5,5,Z0,*M7,I,5,major,10.0
MILTON,10,Credo,9,5,5,z0,*m7,Im7,5,major,11.0
MILTON,10,Credo,10,10,5,V0,*,IV,5,major,13.0
MILTON,10,Credo,11,0,7,V0,*,V,5,major,15.0
MILTON,10,Credo,12,10,5,V0,*,IV,5,major,16.0
MILTON,10,Credo,13,5,5,z0,*m7,Im7,5,major,16.3
MILTON,10,Credo,14,7,7,z0,*m7,II,5,major,17.0
MILTON,10,Credo,15,5,5,V0,*,I,5,major,17.3
MILTON,10,Credo,16,5,5,Z0,*M7,I,5,major,20.0
MILTON,10,Credo,17,5,5,z0,*m7,Im7,5,major,21.0
MILTON,11,Crenca,1,0,0,z0,*m7,I,0,minor,1.0
MILTON,11,Crenca,2,1,0,Z0,*M7,bII7M,0,minor,3.0
MILTON,11,Crenca,3,0,0,z0,*m7,I,0,minor,4.0
MILTON,11,Crenca,4,3,3,Z2,*M7.9,III,0,minor,5.0
MILTON,11,Crenca,5,3,3,Y1.1,*4.7.9,?,0,minor,6.0
MILTON,11,Crenca,6,5,0,V0,*,IV,0,minor,7.0
MILTON,11,Crenca,7,0,0,z0,*m7,I,0,major,8.0
MILTON,11,Crenca,8,0,0,Z2,*M7.9,I,0,major,9.0
MILTON,11,Crenca,9,0,0,z2,*m7.9,Im7,0,major,10.0
MILTON,11,Crenca,10,0,0,Z2,*M7.9,I,0,major,11.0
MILTON,11,Crenca,11,0,0,z2,*m7.9,Im7,0,major,12.0
MILTON,11,Crenca,12,10,10,z0,*m7,bVIIm7,0,major,13.0
MILTON,11,Crenca,13,0,0,z2,*m7.9,Im7,0,major,14.0
MILTON,11,Crenca,14,0,10,z0,*m7,Im7,0,major,14.5
MILTON,11,Crenca,15,5,9,V0,*,IV,0,major,15.0
MILTON,11,Crenca,16,8,8,z1,*m6,bVIm7,0,major,16.0
MILTON,11,Crenca,17,0,0,Z2,*M7.9,I,0,major,17.0
MILTON,11,Crenca,18,7,7,Y1.1,*4.7.9,V,0,major,18.0
MILTON,11,Crenca,19,8,8,x0,*°7,V°/VI,0,major,18.5
MILTON,11,Crenca,20,9,9,z3,*m7.11,VI,0,major,19.0
MILTON,11,Crenca,21,2,2,y0,*Ø,IIm7(b5),0,major,20.0
MILTON,11,Crenca,22,4,4,z2,*m7.9,III,0,major,21.0
MILTON,11,Crenca,23,6,6,y2,*Ø.11,II__X,0,major,22.0
MILTON,11,Crenca,24,11,11,Y2.3,*7(b9),V/III,0,major,22.5
MILTON,11,Crenca,25,4,4,y0,*Ø,II__X,0,major,23.0
MILTON,11,Crenca,26,9,9,Y4.1,*7(b13),V/II,0,major,23.5
MILTON,11,Crenca,27,2,2,Y2.4,*7(#9),V/V,0,major,24.0
MILTON,11,Crenca,28,7,7,Y4.1,*7(b13),V,0,minor,24.5
MILTON,11,Crenca,29,0,0,z0,*m7,I,0,minor,25.0
MILTON,12,Danca dos meninos,1,2,2,Z1,*6,I,2,major,1.0
MILTON,12,Danca dos meninos,2,7,7,V0,*,IV,2,major,3.5
MILTON,12,Danca dos meninos,3,4,4,v0,*m,II,2,major,4.0
MILTON,12,Danca dos meninos,4,9,1,V0,*,V,2,major,4.5
MILTON,12,Danca dos meninos,5,2,2,Z1,*6,I,2,major,5.0
MILTON,12,Danca dos meninos,6,9,9,v0,*m,Vm7,2,major,7.0
MILTON,12,Danca dos meninos,7,7,7,V0,*,IV,2,major,11.0
MILTON,12,Danca dos meninos,8,2,9,V0,*,I,2,major,12.0
MILTON,12,Danca dos meninos,9,2,2,V0,*,I,2,major,12.5
MILTON,12,Danca dos meninos,10,9,9,V0,*,V,2,major,13.0
MILTON,12,Danca dos meninos,11,2,2,V0,*,I,2,major,14.0
MILTON,12,Danca dos meninos,12,2,6,V0,*,I,2,major,14.5
MILTON,12,Danca dos meninos,13,2,2,V0,*,I,2,major,15.0
MILTON,12,Danca dos meninos,14,9,1,V0,*,V,2,major,16.0
MILTON,12,Danca dos meninos,15,9,9,V0,*,V,2,major,17.0
MILTON,12,Danca dos meninos,16,2,2,V0,*,I,2,major,18.0
MILTON,12,Danca dos meninos,17,2,6,V0,*,I,2,major,18.5
MILTON,12,Danca dos meninos,18,2,2,V0,*,I,2,major,19.0
MILTON,12,Danca dos meninos,19,2,6,V0,*,I,2,major,19.5
MILTON,12,Danca dos meninos,20,2,2,V0,*,I,2,major,20.0
MILTON,12,Danca dos meninos,21,2,6,V0,*,I,2,major,20.5
MILTON,12,Danca dos meninos,22,2,2,V0,*,I,2,major,21.0
MILTON,12,Danca dos meninos,23,2,6,V0,*,I,2,major,21.5
MILTON,12,Danca dos meninos,24,2,2,V0,*,I,2,major,22.0
MILTON,12,Danca dos meninos,25,2,6,V0,*,I,2,major,22.5
MILTON,12,Danca dos meninos,26,9,9,V0,*,V,2,major,23.0
MILTON,12,Danca dos meninos,27,10,10,x0,*°7,V°,2,major,24.0
MILTON,12,Danca dos meninos,28,7,7,V0,*,I,7,major,25.0
MILTON,12,Danca dos meninos,29,0,4,V0,*,IV,7,major,28.0
MILTON,12,Danca dos meninos,30,2,6,V0,*,V,7,major,28.5
MILTON,12,Danca dos meninos,31,7,7,V0,*,I,7,major,29.0
MILTON,12,Danca dos meninos,32,2,2,z0,*m7,Vm7,7,major,31.0
MILTON,12,Danca dos meninos,33,7,7,V0,*,I,7,major,32.0
MILTON,12,Danca dos meninos,34,2,2,V0,*,I,2,major,33.0
MILTON,12,Danca dos meninos,35,7,7,V0,*,IV,2,major,34.0
MILTON,12,Danca dos meninos,36,2,2,V0,*,I,2,major,36.0
MILTON,12,Danca dos meninos,37,7,7,V0,*,IV,2,major,38.0
MILTON,12,Danca dos meninos,38,2,2,V0,*,I,2,major,43.0
MILTON,12,Danca dos meninos,39,9,9,V0,*,V,2,major,44.0
MILTON,12,Danca dos meninos,40,2,2,V0,*,I,2,major,45.0
MILTON,13,E dai,1,2,2,V0,*,I,2,major,1.0
MILTON,13,E dai,2,2,2,Z0,*M7,I,2,major,5.0
MILTON,13,E dai,3,11,11,z0,*m7,VI,2,major,7.0
MILTON,13,E dai,4,2,9,V0,*,I,2,major,9.0
MILTON,13,E dai,5,7,7,V0,*,IV,2,major,11.0
MILTON,13,E dai,6,7,6,Z0,*M7,IV,2,major,12.0
MILTON,13,E dai,7,4,4,z0,*m7,II,2,major,13.0
MILTON,13,E dai,8,6,6,z3,*m7.11,III,2,major,15.0
MILTON,13,E dai,9,9,9,V1,*4,V,2,major,17.0
MILTON,13,E dai,10,9,9,V0,*,V,2,major,18.0
MILTON,13,E dai,11,2,2,V0,*,I,2,major,19.0
MILTON,13,E dai,12,2,2,Z0,*M7,I,2,major,21.0
MILTON,13,E dai,13,11,11,z0,*m7,VI,2,major,23.0
MILTON,13,E dai,14,2,9,V0,*,I,2,major,25.0
MILTON,13,E dai,15,6,6,z3,*m7.11,III,2,major,27.0
MILTON,13,E dai,16,7,7,V0,*,IV,2,major,29.0
MILTON,13,E dai,17,7,6,Z0,*M7,IV,2,major,31.0
MILTON,13,E dai,18,4,4,z0,*m7,II,2,major,33.0
MILTON,13,E dai,19,6,6,z3,*m7.11,III,2,major,35.0
MILTON,13,E dai,20,9,9,V1,*4,V,2,major,37.0
MILTON,13,E dai,21,9,9,V0,*,V,2,major,39.0
MILTON,13,E dai,22,0,4,V0,*,bVII7M,2,major,41.0
MILTON,13,E dai,23,0,0,V0,*,bVII7M,2,major,43.0
MILTON,13,E dai,24,0,7,V0,*,bVII7M,2,major,47.0
MILTON,13,E dai,25,7,7,V0,*,IV,2,major,48.0
MILTON,13,E dai,26,9,9,V1,*4,V,2,major,51.0
MILTON,13,E dai,27,9,9,V0,*,V,2,major,53.0
MILTON,13,E dai,28,7,11,V0,*,IV,2,major,55.0
MILTON,13,E dai,29,9,1,V2,*9,V,2,major,59.0
MILTON,13,E dai,30,7,11,V0,*,IV,2,major,63.0
MILTON,13,E dai,31,9,1,V2,*9,V,2,major,67.0
MILTON,13,E dai,32,2,2,V0,*,I,2,major,71.0
MILTON,14,Maria Maria,1,7,7,V0,*,I,7,major,1.0
MILTON,14,Maria Maria,2,2,7,V0,*,V,7,major,2.0
MILTON,14,Maria Maria,3,10,7,V0,*,bIII7M,7,major,2.5
MILTON,14,Maria Maria,4,0,7,V0,*,IV,7,major,3.0
MILTON,14,Maria Maria,5,8,7,Z0,*M7,bII7M,7,major,3.5
MILTON,14,Maria Maria,6,7,7,V0,*,I,7,major,4.0
MILTON,14,Maria Maria,7,7,6,Z0,*M7,I,7,major,4.5
MILTON,14,Maria Maria,8,4,4,z0,*m7,VI,7,major,5.0
MILTON,14,Maria Maria,9,4,2,z0,*m7,VI,7,major,5.5
MILTON,14,Maria Maria,10,0,0,V0,*,IV,7,major,6.0
MILTON,14,Maria Maria,11,5,5,V0,*,bVII7M,7,major,7.0
MILTON,14,Maria Maria,12,4,4,V4,*(#5),?,7,major,7.5
MILTON,14,Maria Maria,13,0,3,v0,*m,IVm7,7,major,8.0
MILTON,14,Maria Maria,14,7,7,V0,*,I,7,major,8.5
MILTON,14,Maria Maria,15,2,7,V0,*,V,7,major,10.0
MILTON,14,Maria Maria,16,10,7,V0,*,bIII7M,7,major,10.5
MILTON,14,Maria Maria,17,0,7,V0,*,IV,7,major,11.0
MILTON,14,Maria Maria,18,8,7,Z0,*M7,bII7M,7,major,11.5
MILTON,14,Maria Maria,19,7,7,V0,*,I,7,major,12.0
MILTON,14,Maria Maria,20,7,6,Z0,*M7,I,7,major,12.5
MILTON,14,Maria Maria,21,4,4,z0,*m7,VI,7,major,13.0
MILTON,14,Maria Maria,22,4,2,z0,*m7,VI,7,major,13.5
MILTON,14,Maria Maria,23,0,0,V0,*,IV,7,major,14.0
MILTON,14,Maria Maria,24,5,5,V0,*,bVII7M,7,major,15.0
MILTON,14,Maria Maria,25,4,4,V4,*(#5),?,7,major,15.5
MILTON,14,Maria Maria,26,0,3,v0,*m,IVm7,7,major,16.0
MILTON,14,Maria Maria,27,7,7,V0,*,I,7,major,16.5
MILTON,15,Maria tres filhos,1,5,0,Y1.1.2,*4.7.9.13,I,5,major,1.0
MILTON,15,Maria tres filhos,2,9,9,z3,*m7.11,III,5,major,2.0
MILTON,15,Maria tres filhos,3,5,0,Y1.1.2,*4.7.9.13,I,5,major,3.0
MILTON,15,Maria tres filhos,4,9,9,z3,*m7.11,III,5,major,4.0
MILTON,15,Maria tres filhos,5,5,0,Y1.1.2,*4.7.9.13,I,5,major,5.0
MILTON,15,Maria tres filhos,6,9,9,z3,*m7.11,III,5,major,6.0
MILTON,15,Maria tres filhos,7,5,0,Y1.1.2,*4.7.9.13,I,5,major,7.0
MILTON,15,Maria tres filhos,8,9,9,z3,*m7.11,III,5,major,8.0
MILTON,15,Maria tres filhos,9,9,9,z2,*m7.9,II,7,minor,9.0
MILTON,15,Maria tres filhos,10,7,7,z0,*m7,I,7,minor,10.0
MILTON,15,Maria tres filhos,11,4,4,Y1.1,*4.7.9,?,7,minor,12.0
MILTON,15,Maria tres filhos,12,7,7,z0,*m7,I,7,minor,13.0
MILTON,15,Maria tres filhos,13,4,4,Y1.1,*4.7.9,?,7,minor,15.0
MILTON,15,Maria tres filhos,14,7,7,z0,*m7,I,7,minor,16.0
MILTON,15,Maria tres filhos,15,4,4,Y1.1,*4.7.9,aSubV,7,minor,18.0
MILTON,15,Maria tres filhos,16,7,0,Y1.1.2,*4.7.9.13,I,5,major,19.0
MILTON,16,Milagre dos peixes,1,9,9,Z0,*M7,I,9,major,1.0
MILTON,16,Milagre dos peixes,2,8,9,Z0,*M7,?,9,major,3.0
MILTON,16,Milagre dos peixes,3,4,4,z2,*m7.9,Vm7,9,major,5.0
MILTON,16,Milagre dos peixes,4,0,0,z3,*m7.11,bIIIm7,9,major,7.0
MILTON,16,Milagre dos peixes,5,4,4,V0,*,V,9,major,9.0
MILTON,16,Milagre dos peixes,6,3,4,V0,*,Np/IV,9,major,11.0
MILTON,16,Milagre dos peixes,7,2,4,V0,*,IV,9,major,13.0
MILTON,16,Milagre dos peixes,8,1,4,V0,*,?,9,major,15.0
MILTON,16,Milagre dos peixes,9,0,4,Z0,*M7,bIII7M,9,major,17.0
MILTON,16,Milagre dos peixes,10,11,4,V0,*,V/V,9,major,19.0
MILTON,16,Milagre dos peixes,11,10,4,V0,*,bII7M,9,major,21.0
MILTON,16,Milagre dos peixes,12,4,4,Y1,*4.7,V,9,major,23.0
MILTON,16,Milagre dos peixes,13,4,4,Y0,*7,V,9,major,24.0
MILTON,16,Milagre dos peixes,14,9,9,V0,*,I,9,major,25.0
MILTON,16,Milagre dos peixes,15,11,9,Y0,*7,V/V,9,major,26.0
MILTON,16,Milagre dos peixes,16,0,9,V0,*,bIII7M,9,major,27.0
MILTON,16,Milagre dos peixes,17,2,9,V0,*,IV,9,major,28.0
MILTON,16,Milagre dos peixes,18,2,9,v0,*m,IVm7,9,major,29.0
MILTON,16,Milagre dos peixes,19,0,9,V0,*,bIII7M,9,major,30.0
MILTON,16,Milagre dos peixes,20,11,9,V0,*,V/V,9,major,31.0
MILTON,16,Milagre dos peixes,21,10,9,Z0,*M7,bII7M,9,major,32.0
MILTON,16,Milagre dos peixes,22,9,9,V0,*,I,9,major,33.0
MILTON,16,Milagre dos peixes,23,11,9,Y0,*7,V/V,9,major,34.0
MILTON,16,Milagre dos peixes,24,0,9,V0,*,bIII7M,9,major,35.0
MILTON,16,Milagre dos peixes,25,2,9,V0,*,IV,9,major,36.0
MILTON,16,Milagre dos peixes,26,2,9,v0,*m,IVm7,9,major,37.0
MILTON,16,Milagre dos peixes,27,0,9,V0,*,bIII7M,9,major,38.0
MILTON,16,Milagre dos peixes,28,11,9,V0,*,V/V,9,major,39.0
MILTON,16,Milagre dos peixes,29,10,9,Z0,*M7,bII7M,9,major,40.0
MILTON,16,Milagre dos peixes,30,9,9,Z2,*M7.9,I,9,major,41.0
MILTON,16,Milagre dos peixes,31,9,9,z2,*m7.9,I,9,minor,45.0
MILTON,16,Milagre dos peixes,32,9,9,v0,*m,I,9,minor,46.0
MILTON,16,Milagre dos peixes,33,10,9,Z0,*M7,bII7M,9,minor,46.5
MILTON,16,Milagre dos peixes,34,9,9,v0,*m,I,9,minor,47.0
MILTON,16,Milagre dos peixes,35,7,7,V0,*,bVII7M,9,minor,48.0
MILTON,16,Milagre dos peixes,36,5,4,Z0,*M7,VI,9,minor,49.5
MILTON,16,Milagre dos peixes,37,4,4,z2,*m7.9,Vm7,9,minor,50.0
MILTON,16,Milagre dos peixes,38,5,4,Z0,*M7,VI,9,minor,51.0
MILTON,16,Milagre dos peixes,39,5,4,Y3,*7(#11),SubV/V,9,minor,52.0
MILTON,16,Milagre dos peixes,40,4,4,V0,*,V,9,major,54.0
MILTON,17,Morro Velho,1,9,9,V2,*9,I,9,major,1.0
MILTON,17,Morro Velho,2,9,9,Y2,*7.9,I,9,major,2.0
MILTON,17,Morro Velho,3,9,9,Z2,*M7.9,I,9,major,3.0
MILTON,17,Morro Velho,4,9,9,z2,*m7.9,Im7,9,major,4.0
MILTON,17,Morro Velho,5,9,9,Z3,*M7(#11),I,9,major,5.0
MILTON,17,Morro Velho,6,9,9,z2,*m7.9,I,9,major,6.0
MILTON,17,Morro Velho,7,9,9,Y2,*7.9,V/IV,9,major,7.0
MILTON,17,Morro Velho,8,9,9,Y2.3,*7(b9),V/IV,9,major,7.5
MILTON,17,Morro Velho,9,2,2,Z2,*M7.9,IV,9,major,8.0
MILTON,17,Morro Velho,10,2,2,Z1,*6,IV,9,major,8.5
MILTON,17,Morro Velho,11,3,3,y0,*Ø,?,9,major,9.0
MILTON,17,Morro Velho,12,7,7,Y2.1,*7.9(#11),bVII7,9,major,10.0
MILTON,17,Morro Velho,13,2,2,z2,*m7.9,IVm7,9,major,10.5
MILTON,17,Morro Velho,14,7,7,Y4,*7.13,bVII7,9,major,10.75
MILTON,17,Morro Velho,15,9,9,Z2,*M7.9,I,9,major,11.0
MILTON,17,Morro Velho,16,9,9,z2,*m7.9,Im7,9,major,12.0
MILTON,17,Morro Velho,17,9,9,Z2,*M7.9,I,9,major,13.0
MILTON,17,Morro Velho,18,9,9,z2,*m7.9,Im7,9,major,14.0
MILTON,17,Morro Velho,19,9,4,V0,*,I,9,major,15.0
MILTON,17,Morro Velho,20,6,6,z3,*m7.11,I,6,minor,17.0
MILTON,17,Morro Velho,21,9,9,z2,*m7.9,?,6,minor,17.5
MILTON,17,Morro Velho,22,6,6,z3,*m7.11,I,6,minor,18.0
MILTON,17,Morro Velho,23,9,9,z2,*m7.9,?,6,minor,18.5
MILTON,17,Morro Velho,24,6,6,z3,*m7.11,I,6,minor,19.0
MILTON,17,Morro Velho,25,4,4,z2,*m7.9,bVIIm7,6,minor,19.5
MILTON,17,Morro Velho,26,6,6,z3,*m7.11,I,6,minor,20.0
MILTON,17,Morro Velho,27,4,4,z2,*m7.9,bVIIm7,6,minor,20.5
MILTON,17,Morro Velho,28,6,6,z3,*m7.11,I,6,minor,21.0
MILTON,17,Morro Velho,29,9,9,z2,*m7.9,?,6,minor,21.5
MILTON,17,Morro Velho,30,6,6,z3,*m7.11,I,6,minor,22.0
MILTON,17,Morro Velho,31,9,9,z2,*m7.9,?,6,minor,22.5
MILTON,17,Morro Velho,32,6,6,z3,*m7.11,I,6,minor,23.0
MILTON,17,Morro Velho,33,4,4,z2,*m7.9,bVIIm7,6,minor,23.5
MILTON,17,Morro Velho,34,6,6,z3,*m7.11,I,6,minor,24.0
MILTON,17,Morro Velho,35,9,9,Z2,*M7.9,I,9,major,25.0
MILTON,17,Morro Velho,36,11,9,Y0,*7,V/V,9,major,25.5
MILTON,17,Morro Velho,37,8,8,z0,*m7,VIIm7,9,major,26.0
MILTON,17,Morro Velho,38,7,7,V0,*,bVII7M,9,major,27.0
MILTON,17,Morro Velho,39,9,7,Y0,*7,V/IV,9,major,27.5
MILTON,17,Morro Velho,40,6,6,z0,*m7,VI,9,major,28.0
MILTON,17,Morro Velho,41,9,9,V2,*9,I,9,major,29.0
MILTON,17,Morro Velho,42,8,8,z0,*m7,VIIm7,9,major,30.0
MILTON,17,Morro Velho,43,7,7,V0,*,bVII7M,9,major,31.0
MILTON,17,Morro Velho,44,7,7,V3,*(#11),bVII7M,9,major,31.25
MILTON,17,Morro Velho,45,7,7,V0,*,bVII7M,9,major,31.5
MILTON,17,Morro Velho,46,7,7,Z1,*6,bVII7M,9,major,31.75
MILTON,17,Morro Velho,47,11,11,z2,*m7.9,II,9,major,32.0
MILTON,17,Morro Velho,48,9,9,V1,*4,I,9,major,32.75
MILTON,17,Morro Velho,49,8,8,z0,*m7,VIIm7,9,major,33.0
MILTON,17,Morro Velho,50,1,1,z2,*m7.9,III,9,major,33.25
MILTON,17,Morro Velho,51,11,11,z2,*m7.9,II,9,major,33.5
MILTON,17,Morro Velho,52,4,4,Y3.1,*7(#11)13,V,9,major,33.75
MILTON,17,Morro Velho,53,9,9,Z2,*M7.9,I,9,major,34.0
MILTON,18,Nada sera como antes,1,2,2,z0,*m7,I,2,minor,1.0
MILTON,18,Nada sera como antes,2,2,2,Y1.1,*4.7.9,I,2,minor,2.0
MILTON,18,Nada sera como antes,3,2,2,z0,*m7,I,2,minor,3.0
MILTON,18,Nada sera como antes,4,0,0,z0,*m7,II__X,2,minor,4.0
MILTON,18,Nada sera como antes,5,5,5,Y4,*7.13,V/VI,2,minor,5.0
MILTON,18,Nada sera como antes,6,10,10,Z0,*M7,VI,2,minor,6.0
MILTON,18,Nada sera como antes,7,3,3,Z0,*M7,bII7M,2,minor,7.0
MILTON,18,Nada sera como antes,8,7,7,z0,*m7,IV,2,minor,9.0
MILTON,18,Nada sera como antes,9,2,2,z2,*m7.9,I,2,minor,11.0
MILTON,18,Nada sera como antes,10,2,2,z0,*m7,I,2,minor,13.0
MILTON,18,Nada sera como antes,11,7,2,Y0,*7,IV7,2,minor,15.0
MILTON,18,Nada sera como antes,12,6,2,Y0,*7,SubV/III,2,minor,18.0
MILTON,18,Nada sera como antes,13,5,2,Y0,*7,V/VI,2,minor,18.5
MILTON,18,Nada sera como antes,14,4,2,Y0,*7,V/V,2,minor,19.0
MILTON,18,Nada sera como antes,15,3,2,Z0,*M7,bII7M,2,minor,20.0
MILTON,18,Nada sera como antes,16,2,2,z0,*m7,I,2,minor,21.0
MILTON,18,Nada sera como antes,17,0,0,Z0,*M7,IV,7,major,23.0
MILTON,18,Nada sera como antes,18,0,0,z0,*m7,IVm7,7,major,25.0
MILTON,18,Nada sera como antes,19,7,7,V0,*,I,7,major,27.0
MILTON,18,Nada sera como antes,20,7,7,z0,*m7,I,7,minor,29.0
MILTON,18,Nada sera como antes,21,10,10,z3,*m7.11,bIIIm7,7,minor,31.0
MILTON,18,Nada sera como antes,22,5,5,z0,*m7,bVIIm7,7,minor,31.5
MILTON,18,Nada sera como antes,23,7,7,z0,*m7,I,7,minor,32.0
MILTON,18,Nada sera como antes,24,10,10,z3,*m7.11,bIIIm7,7,minor,33.0
MILTON,18,Nada sera como antes,25,5,5,z0,*m7,bVIIm7,7,minor,33.5
MILTON,18,Nada sera como antes,26,7,7,z0,*m7,I,7,minor,34.0
MILTON,18,Nada sera como antes,27,2,2,z0,*m7,I,2,minor,37.0
MILTON,19,Olha,1,2,2,z2,*m7.9,I,2,minor,1.0
MILTON,19,Olha,2,2,2,Y1.1,*4.7.9,I,2,minor,2.0
MILTON,19,Olha,3,4,4,z2,*m7.9,II,2,minor,3.0
MILTON,19,Olha,4,4,11,z0,*m7,II,2,minor,4.5
MILTON,19,Olha,5,4,9,z0,*m7,II,2,minor,4.75
MILTON,19,Olha,6,2,2,z2,*m7.9,I,2,minor,5.0
MILTON,19,Olha,7,4,4,z2,*m7.9,II,2,minor,7.0
MILTON,19,Olha,8,10,5,V0,*,IV,5,major,9.0
MILTON,19,Olha,9,7,7,z0,*m7,II,5,major,10.5
MILTON,19,Olha,10,5,9,V2,*9,I,5,major,11.0
MILTON,19,Olha,11,0,0,V0,*,V,5,major,12.0
MILTON,19,Olha,12,0,4,V2,*9,V,5,major,12.5
MILTON,19,Olha,13,2,0,Y0,*7,V/II,5,major,14.0
MILTON,19,Olha,14,0,10,Y0,*7,V,5,major,15.0
MILTON,19,Olha,15,2,2,z2,*m7.9,I,2,minor,16.0
MILTON,19,Olha,16,5,5,Z1,*6,III,2,minor,16.5
MILTON,19,Olha,17,7,7,V0,*,IV7,2,minor,17.5
MILTON,19,Olha,18,2,2,z2,*m7.9,I,2,minor,18.0
MILTON,19,Olha,19,5,5,Z1,*6,III,2,minor,18.5
MILTON,19,Olha,20,7,7,V0,*,IV7,2,minor,19.5
MILTON,19,Olha,21,2,2,z2,*m7.9,I,2,minor,20.0
MILTON,20,Os povos,1,2,2,Z1.1,*6.9,I,2,major,1.0
MILTON,20,Os povos,2,7,2,Z1.1,*6.9,IV,2,major,4.0
MILTON,20,Os povos,3,2,2,Z2,*M7.9,I,2,major,6.0
MILTON,20,Os povos,4,7,2,Z1.1,*6.9,IV,2,major,9.0
MILTON,20,Os povos,5,11,6,z3,*m7.11,VI,2,major,12.0
MILTON,20,Os povos,6,6,6,z3,*m7.11,III,2,major,15.0
MILTON,20,Os povos,7,0,2,Z2.1,*M7.9(#11),bVII7M,2,major,17.0
MILTON,20,Os povos,8,2,2,Z1.1,*6.9,I,2,major,20.0
MILTON,20,Os povos,9,2,2,z2.1,*m7.9.11,I,2,minor,27.0
MILTON,20,Os povos,10,3,2,Z0,*M7,bII7M,2,minor,31.0
MILTON,20,Os povos,11,10,2,Z2,*M7.9,VI,2,minor,33.0
MILTON,20,Os povos,12,0,0,z0,*m7,bVIIm7,2,minor,34.0
MILTON,20,Os povos,13,2,2,z0,*m7,I,2,minor,35.0
MILTON,20,Os povos,14,7,9,Y1,*4.7,IV7,2,minor,36.0
MILTON,20,Os povos,15,2,2,Z2,*M7.9,I,2,major,37.0
MILTON,21,Outubro,1,2,2,z3,*m7.11,I,2,minor,1.0
MILTON,21,Outubro,2,2,2,Y1.1,*4.7.9,I,2,minor,3.0
MILTON,21,Outubro,3,2,2,z3,*m7.11,I,2,minor,5.0
MILTON,21,Outubro,4,6,6,z3,*m7.11,?,2,minor,7.0
MILTON,21,Outubro,5,11,11,Y2.4,*7(#9),?,2,minor,8.0
MILTON,21,Outubro,6,7,7,z0,*m7,IV,2,minor,9.0
MILTON,21,Outubro,7,0,0,Y1.1,*4.7.9,bVII7,2,minor,10.0
MILTON,21,Outubro,8,0,0,Y2,*7.9,bVII7,2,minor,10.5
MILTON,21,Outubro,9,6,6,z0,*m7,?,2,minor,11.0
MILTON,21,Outubro,10,11,11,Y2.1,*7.9(#11),?,2,minor,12.0
MILTON,21,Outubro,11,10,4,V4,*(#5),Np/V,2,minor,13.0
MILTON,21,Outubro,12,10,4,V0,*,Np/V,2,minor,13.5
MILTON,21,Outubro,13,9,9,z3,*m7.11,Vm7,2,minor,14.0
MILTON,21,Outubro,14,11,11,z3,*m7.11,?,2,minor,15.0
MILTON,21,Outubro,15,9,9,Y1.1,*4.7.9,V/V,7,major,17.0
MILTON,21,Outubro,16,0,0,Y1.1,*4.7.9,IV7,7,major,19.0
MILTON,21,Outubro,17,2,2,Y1.1,*4.7.9,V,7,major,21.0
MILTON,21,Outubro,18,2,2,Y1.1.3,*4.7(b9),V,7,major,24.0
MILTON,21,Outubro,19,7,7,V0,*,I,7,major,25.0
MILTON,21,Outubro,20,7,6,Z0,*M7,I,7,major,25.5
MILTON,21,Outubro,21,4,4,z0,*m7,VI,7,major,26.0
MILTON,21,Outubro,22,7,7,Y1.1,*4.7.9,I,7,major,27.0
MILTON,21,Outubro,23,7,7,Y1.1.3,*4.7(b9),I,7,major,27.5
MILTON,21,Outubro,24,7,7,Z1,*6,I,7,major,28.0
MILTON,21,Outubro,25,0,0,w0,*mM7,IVm7,7,major,29.0
MILTON,21,Outubro,26,5,5,Y2.1,*7.9(#11),bVII7,7,major,30.0
MILTON,21,Outubro,27,9,9,z2,*m7.9,II,7,major,31.0
MILTON,21,Outubro,28,2,2,Y2.4,*7(#9),V,7,major,32.0
MILTON,21,Outubro,29,7,7,V0,*,I,7,major,33.0
MILTON,21,Outubro,30,7,6,Z0,*M7,I,7,major,33.5
MILTON,21,Outubro,31,4,4,z0,*m7,VI,7,major,34.0
MILTON,21,Outubro,32,7,7,Y1.1,*4.7.9,I,7,major,35.0
MILTON,21,Outubro,33,7,7,Z1,*6,I,7,major,36.0
MILTON,21,Outubro,34,0,0,z2,*m7.9,IVm7,7,major,37.0
MILTON,21,Outubro,35,5,5,Y2.1,*7.9(#11),bVII7,7,major,38.0
MILTON,21,Outubro,36,6,6,z3,*m7.11,II,4,major,39.0
MILTON,21,Outubro,37,11,11,Y1.1,*4.7.9,V,4,major,39.5
MILTON,21,Outubro,38,4,4,Z2,*M7.9,I,4,major,40.0
MILTON,22,Pieta,1,9,9,z0,*m7,I,9,minor,1.0
MILTON,22,Pieta,2,9,9,Y3,*7(#11),I,9,minor,1.5
MILTON,22,Pieta,3,9,9,z0,*m7,I,9,minor,2.0
MILTON,22,Pieta,4,9,9,Y3,*7(#11),I,9,minor,2.5
MILTON,22,Pieta,5,9,9,z0,*m7,I,9,minor,3.0
MILTON,22,Pieta,6,9,9,Y3,*7(#11),I,9,minor,3.5
MILTON,22,Pieta,7,9,9,z0,*m7,I,9,minor,4.0
MILTON,22,Pieta,8,9,9,Y3,*7(#11),I,9,minor,4.5
MILTON,22,Pieta,9,0,0,z3,*m7.11,bIIIm7,9,minor,5.0
MILTON,22,Pieta,10,9,9,z0,*m7,I,9,minor,6.0
MILTON,22,Pieta,11,0,0,z3,*m7.11,bIIIm7,9,minor,7.0
MILTON,22,Pieta,12,9,9,z0,*m7,I,9,minor,8.0
MILTON,22,Pieta,13,9,9,z0,*m7,I,9,minor,9.0
MILTON,22,Pieta,14,9,9,Y3,*7(#11),I,9,minor,9.5
MILTON,22,Pieta,15,9,9,z0,*m7,I,9,minor,10.0
MILTON,22,Pieta,16,9,9,Y3,*7(#11),I,9,minor,10.5
MILTON,22,Pieta,17,9,9,z0,*m7,I,9,minor,11.0
MILTON,22,Pieta,18,0,0,z3,*m7.11,bIIIm7,9,minor,12.0
MILTON,22,Pieta,19,2,2,z3,*m7.11,IV,9,minor,12.5
MILTON,22,Pieta,20,9,9,z0,*m7,I,9,minor,13.0
MILTON,22,Pieta,21,9,9,Y3,*7(#11),I,9,minor,14.0
MILTON,22,Pieta,22,9,9,z0,*m7,I,9,minor,15.0
MILTON,22,Pieta,23,0,0,z3,*m7.11,bIIIm7,9,minor,16.0
MILTON,22,Pieta,24,2,2,z3,*m7.11,IV,9,minor,16.5
MILTON,22,Pieta,25,11,11,z0,*m7,I,11,minor,17.0
MILTON,22,Pieta,26,2,2,z3,*m7.11,bIIIm7,11,minor,20.0
MILTON,22,Pieta,27,9,9,z0,*m7,I,9,minor,21.0
MILTON,22,Pieta,28,9,9,Y3,*7(#11),I,9,minor,22.0
MILTON,22,Pieta,29,9,9,z0,*m7,I,9,minor,23.0
MILTON,22,Pieta,30,0,0,z3,*m7.11,bIIIm7,9,minor,24.0
MILTON,22,Pieta,31,2,2,z3,*m7.11,IV,9,minor,24.5
MILTON,22,Pieta,32,9,9,z0,*m7,I,9,minor,25.0
MILTON,22,Pieta,33,0,0,z3,*m7.11,bIIIm7,9,minor,26.0
MILTON,22,Pieta,34,9,9,z0,*m7,I,9,minor,27.0
MILTON,22,Pieta,35,0,0,z3,*m7.11,bIIIm7,9,minor,28.0
MILTON,22,Pieta,36,9,9,z0,*m7,I,9,minor,29.0
MILTON,22,Pieta,37,0,0,z3,*m7.11,bIIIm7,9,minor,30.0
MILTON,22,Pieta,38,9,9,z0,*m7,I,9,minor,31.0
MILTON,22,Pieta,39,0,0,z3,*m7.11,bIIIm7,9,minor,32.0
MILTON,22,Pieta,40,9,9,z0,*m7,I,9,minor,33.0
MILTON,23,Primeiro de maio,1,2,2,z0,*m7,I,2,minor,1.0
MILTON,23,Primeiro de maio,2,2,2,z1,*m6,I,2,minor,1.5
MILTON,23,Primeiro de maio,3,2,2,w0,*mM7,I,2,minor,2.0
MILTON,23,Primeiro de maio,4,2,2,z1,*m6,I,2,minor,2.5
MILTON,23,Primeiro de maio,5,4,4,y0,*Ø,II,2,minor,3.0
MILTON,23,Primeiro de maio,6,2,2,Y3,*7(#11),V/V,2,minor,5.0
MILTON,23,Primeiro de maio,7,1,9,V0,*,V,2,minor,6.75
MILTON,23,Primeiro de maio,8,2,2,w0,*mM7,I,2,minor,7.0
MILTON,23,Primeiro de maio,9,2,2,z0,*m7,I,2,minor,8.0
MILTON,23,Primeiro de maio,10,0,7,V0,*,bVII7M,2,minor,9.0
MILTON,23,Primeiro de maio,11,6,6,y0,*Ø,?,2,minor,10.0
MILTON,23,Primeiro de maio,12,10,5,Z0,*M7,VI,2,minor,10.5
MILTON,23,Primeiro de maio,13,9,4,Z0,*M7,?,2,minor,11.0
MILTON,23,Primeiro de maio,14,8,3,Z0,*M7,?,2,minor,12.0
MILTON,23,Primeiro de maio,15,4,4,y0,*Ø,II,2,minor,13.0
MILTON,23,Primeiro de maio,16,4,4,W2,*(#5)7.9,V/V,2,minor,14.25
MILTON,23,Primeiro de maio,17,4,4,Y2.2.1,*7(b9)13,V/V,2,minor,14.5
MILTON,23,Primeiro de maio,18,9,9,Y2.2.1,*7(b9)13,V,2,minor,14.75
MILTON,23,Primeiro de maio,19,2,2,z3,*m7.11,I,2,minor,15.0
MILTON,23,Primeiro de maio,20,0,0,Z0,*M7,I,0,major,17.0
MILTON,23,Primeiro de maio,21,2,0,V0,*,V/V,0,major,19.0
MILTON,23,Primeiro de maio,22,11,11,z0,*m7,I,11,minor,21.0
MILTON,23,Primeiro de maio,23,4,4,z0,*m7,IV,11,minor,23.0
MILTON,23,Primeiro de maio,24,4,4,y0,*Ø,II,2,minor,24.0
MILTON,23,Primeiro de maio,25,9,9,Y2.2.1,*7(b9)13,V,2,minor,24.5
MILTON,23,Primeiro de maio,26,2,2,z1,*m6,I,2,minor,25.0
MILTON,23,Primeiro de maio,27,2,2,z0,*m7,I,2,minor,27.0
MILTON,23,Primeiro de maio,28,0,7,V0,*,bVII7M,2,minor,28.0
MILTON,23,Primeiro de maio,29,0,7,Z1,*6,bVII7M,2,minor,29.0
MILTON,23,Primeiro de maio,30,6,6,y0,*Ø,?,2,minor,29.5
MILTON,23,Primeiro de maio,31,10,5,Z0,*M7,VI,2,minor,30.0
MILTON,23,Primeiro de maio,32,9,4,Z0,*M7,?,2,minor,31.0
MILTON,23,Primeiro de maio,33,8,3,Z0,*M7,?,2,minor,32.0
MILTON,23,Primeiro de maio,34,4,4,y0,*Ø,II,2,minor,34.0
MILTON,23,Primeiro de maio,35,10,4,V3,*(#11),?,2,minor,34.5
MILTON,23,Primeiro de maio,36,4,4,y0,*Ø,II,2,minor,35.0
MILTON,23,Primeiro de maio,37,4,4,W2,*(#5)7.9,V/V,2,minor,35.25
MILTON,23,Primeiro de maio,38,4,4,Y2.2.1,*7(b9)13,V/V,2,minor,35.5
MILTON,23,Primeiro de maio,39,9,9,Y2.2.1,*7(b9)13,V,2,minor,35.75
MILTON,23,Primeiro de maio,40,2,2,z3,*m7.11,I,2,minor,36.0
MILTON,24,Rio vermelho,1,9,2,v0,*m,I,2,minor,1.0
MILTON,24,Rio vermelho,2,7,9,V0,*,V,2,minor,1.5
MILTON,24,Rio vermelho,3,9,2,v0,*m,I,2,minor,2.0
MILTON,24,Rio vermelho,4,7,9,V0,*,V,2,minor,2.5
MILTON,24,Rio vermelho,5,9,2,v0,*m,I,2,minor,3.0
MILTON,24,Rio vermelho,6,7,9,V0,*,V,2,minor,3.5
MILTON,24,Rio vermelho,7,9,2,v0,*m,I,2,minor,4.0
MILTON,24,Rio vermelho,8,7,9,V0,*,V,2,minor,4.5
MILTON,24,Rio vermelho,9,9,2,v0,*m,I,2,minor,5.0
MILTON,24,Rio vermelho,10,7,9,V0,*,V,2,minor,5.5
MILTON,24,Rio vermelho,11,9,2,v0,*m,I,2,minor,6.0
MILTON,24,Rio vermelho,12,7,9,V0,*,V,2,minor,6.5
MILTON,24,Rio vermelho,13,9,2,v0,*m,I,2,minor,7.0
MILTON,24,Rio vermelho,14,7,9,V0,*,V,2,minor,7.5
MILTON,24,Rio vermelho,15,9,2,v0,*m,I,2,minor,8.0
MILTON,24,Rio vermelho,16,7,9,V0,*,V,2,minor,8.5
MILTON,24,Rio vermelho,17,7,5,z1,*m6,IV,2,minor,9.0
MILTON,24,Rio vermelho,18,4,4,x0,*°7,II,2,minor,13.0
MILTON,24,Rio vermelho,19,9,9,Y2.3,*7(b9),V,2,minor,14.0
MILTON,24,Rio vermelho,20,9,2,v0,*m,I,2,minor,15.0
MILTON,24,Rio vermelho,21,7,9,V0,*,V,2,minor,15.5
MILTON,24,Rio vermelho,22,9,2,v0,*m,I,2,minor,16.0
MILTON,24,Rio vermelho,23,7,9,V0,*,V,2,minor,16.5
MILTON,24,Rio vermelho,24,2,2,Z1.1,*6.9,I,2,major,17.0
MILTON,24,Rio vermelho,25,2,2,Z2,*M7.9,I,2,major,23.0
MILTON,24,Rio vermelho,26,2,2,Z1.1,*6.9,I,2,major,23.5
MILTON,24,Rio vermelho,27,2,2,Z2,*M7.9,I,2,major,24.0
MILTON,24,Rio vermelho,28,2,2,Z1.1,*6.9,I,2,major,24.5
MILTON,24,Rio vermelho,29,2,2,Z2,*M7.9,I,2,major,25.0
MILTON,24,Rio vermelho,30,2,2,Z1.1,*6.9,I,2,major,25.5
MILTON,24,Rio vermelho,31,10,10,Z1,*6,bVI7M,2,major,26.0
MILTON,24,Rio vermelho,32,2,2,V1,*4,I,2,major,28.0
MILTON,24,Rio vermelho,33,9,2,v0,*m,I,2,minor,30.0
MILTON,24,Rio vermelho,34,7,9,V0,*,V,2,minor,30.5
MILTON,24,Rio vermelho,35,9,2,v0,*m,I,2,minor,31.0
MILTON,24,Rio vermelho,36,7,9,V0,*,V,2,minor,31.5
MILTON,25,River Phoenix,1,2,2,V0,*,I,2,major,1.0
MILTON,25,River Phoenix,2,2,6,V0,*,I,2,major,1.5
MILTON,25,River Phoenix,3,7,11,Z1,*6,IV,2,major,2.0
MILTON,25,River Phoenix,4,4,4,z0,*m7,II,2,major,4.0
MILTON,25,River Phoenix,5,9,1,V2,*9,V,2,major,6.0
MILTON,25,River Phoenix,6,4,2,z0,*m7,II,2,major,7.0
MILTON,25,River Phoenix,7,9,9,V1,*4,V,2,major,7.5
MILTON,25,River Phoenix,8,2,2,V0,*,I,2,major,8.0
MILTON,25,River Phoenix,9,9,9,V1,*4,V,2,major,10.0
MILTON,25,River Phoenix,10,9,9,V0,*,V,2,major,10.5
MILTON,25,River Phoenix,11,7,7,V0,*,IV,2,major,11.0
MILTON,25,River Phoenix,12,6,6,z0,*m7,III,2,major,12.0
MILTON,25,River Phoenix,13,11,11,z0,*m7,VI,2,major,13.0
MILTON,25,River Phoenix,14,11,9,z0,*m7,II__X,2,major,13.5
MILTON,25,River Phoenix,15,4,4,Y0,*7,V/V,2,major,14.0
MILTON,25,River Phoenix,16,9,9,V1,*4,V,2,major,15.0
MILTON,25,River Phoenix,17,9,9,V0,*,V,2,major,16.0
MILTON,25,River Phoenix,18,2,2,V0,*,I,2,major,17.0
MILTON,25,River Phoenix,19,7,11,Z1,*6,IV,2,major,18.0
MILTON,25,River Phoenix,20,4,4,z0,*m7,II,2,major,20.0
MILTON,25,River Phoenix,21,9,1,V2,*9,V,2,major,22.0
MILTON,25,River Phoenix,22,9,9,V0,*,V,2,major,23.0
MILTON,25,River Phoenix,23,7,7,V0,*,IV,2,major,23.5
MILTON,25,River Phoenix,24,2,2,V0,*,I,2,major,24.0
MILTON,25,River Phoenix,25,7,11,V0,*,IV,2,major,26.0
MILTON,25,River Phoenix,26,7,7,V0,*,IV,2,major,26.5
MILTON,25,River Phoenix,27,9,9,V1,*4,V,2,major,27.0
MILTON,25,River Phoenix,28,9,9,V0,*,V,2,major,28.0
MILTON,25,River Phoenix,29,11,11,z0,*m7,VI,2,major,29.0
MILTON,26,Roupa nova,1,4,4,V0,*,I,4,major,1.0
MILTON,26,Roupa nova,2,4,2,Y0,*7,I,4,major,1.5
MILTON,26,Roupa nova,3,4,11,V0,*,I,4,major,2.0
MILTON,26,Roupa nova,4,4,2,Y0,*7,I,4,major,2.5
MILTON,26,Roupa nova,5,4,4,V0,*,I,4,major,3.0
MILTON,26,Roupa nova,6,4,2,Y0,*7,I,4,major,3.5
MILTON,26,Roupa nova,7,4,11,V0,*,I,4,major,4.0
MILTON,26,Roupa nova,8,4,2,Y0,*7,I,4,major,4.5
MILTON,26,Roupa nova,9,9,9,V0,*,IV,4,major,5.0
MILTON,26,Roupa nova,10,9,7,Y0,*7,IV,4,major,5.5
MILTON,26,Roupa nova,11,9,4,V0,*,IV,4,major,6.0
MILTON,26,Roupa nova,12,9,7,Y0,*7,IV,4,major,6.5
MILTON,26,Roupa nova,13,4,4,V0,*,I,4,major,7.0
MILTON,26,Roupa nova,14,4,2,Y0,*7,I,4,major,7.5
MILTON,26,Roupa nova,15,4,11,V0,*,I,4,major,8.0
MILTON,26,Roupa nova,16,4,2,Y0,*7,I,4,major,8.5
MILTON,26,Roupa nova,17,9,9,V0,*,IV,4,major,9.0
MILTON,26,Roupa nova,18,9,7,Y0,*7,IV,4,major,9.5
MILTON,26,Roupa nova,19,9,4,V0,*,IV,4,major,10.0
MILTON,26,Roupa nova,20,9,7,Y0,*7,IV,4,major,10.5
MILTON,26,Roupa nova,21,4,4,V0,*,I,4,major,11.0
MILTON,26,Roupa nova,22,4,2,Y0,*7,I,4,major,11.5
MILTON,26,Roupa nova,23,4,11,V0,*,I,4,major,12.0
MILTON,26,Roupa nova,24,4,2,Y0,*7,I,4,major,12.5
MILTON,26,Roupa nova,25,11,11,z0,*m7,Vm7,4,major,13.0
MILTON,26,Roupa nova,26,8,8,z0,*m7,III,4,major,14.0
MILTON,26,Roupa nova,27,9,9,Z0,*M7,IV,4,major,15.0
MILTON,26,Roupa nova,28,11,11,Z0,*M7,?,4,major,16.0
MILTON,26,Roupa nova,29,9,9,Z0,*M7,IV,4,major,17.0
MILTON,26,Roupa nova,30,8,8,Z0,*M7,?,4,major,18.0
MILTON,26,Roupa nova,31,7,7,Z0,*M7,bIII7M,4,major,19.0
MILTON,26,Roupa nova,32,11,11,Y1.1,*4.7.9,V,4,major,20.0
MILTON,26,Roupa nova,33,4,4,V0,*,I,4,major,21.0
MILTON,27,Saudades dos avioes da Panair,1,2,2,z0,*m7,I,2,minor,1.0
MILTON,27,Saudades dos avioes da Panair,2,10,5,V0,*,IV,5,major,5.0
MILTON,27,Saudades dos avioes da Panair,3,0,4,V0,*,I,5,major,6.0
MILTON,27,Saudades dos avioes da Panair,4,5,5,V0,*,I,5,major,7.0
MILTON,27,Saudades dos avioes da Panair,5,7,5,Y0,*7,V,0,major,7.5
MILTON,27,Saudades dos avioes da Panair,6,0,0,V0,*,I,0,major,8.0
MILTON,27,Saudades dos avioes da Panair,7,7,5,Y0,*7,V,0,major,8.5
MILTON,27,Saudades dos avioes da Panair,8,0,0,V0,*,I,0,major,9.0
MILTON,27,Saudades dos avioes da Panair,9,5,5,V0,*,I,0,major,10.0
MILTON,27,Saudades dos avioes da Panair,10,7,5,Y0,*7,V,0,major,10.5
MILTON,27,Saudades dos avioes da Panair,11,0,0,V0,*,I,0,major,11.0
MILTON,27,Saudades dos avioes da Panair,12,7,5,Y0,*7,V,0,major,11.5
MILTON,27,Saudades dos avioes da Panair,13,0,0,V0,*,I,0,major,12.0
MILTON,27,Saudades dos avioes da Panair,14,9,9,z0,*m7,I,9,minor,13.0
MILTON,27,Saudades dos avioes da Panair,15,0,0,Z1,*6,III,9,minor,14.0
MILTON,27,Saudades dos avioes da Panair,16,10,10,Z1,*6,bII7M,9,minor,15.0
MILTON,27,Saudades dos avioes da Panair,17,9,9,Y1.1,*4.7.9,V,2,minor,16.0
MILTON,27,Saudades dos avioes da Panair,18,9,9,Y1,*4.7,V,2,minor,16.5
MILTON,27,Saudades dos avioes da Panair,19,9,9,Y0,*7,V,2,minor,16.75
MILTON,27,Saudades dos avioes da Panair,20,2,2,z0,*m7,I,2,minor,17.0
MILTON,28,Tarde,1,4,4,z2,*m7.9,I,4,minor,1.0
MILTON,28,Tarde,2,6,4,W0,*(#5)7,V/V,4,minor,2.0
MILTON,28,Tarde,3,6,4,Y0,*7,V/V,4,minor,2.5
MILTON,28,Tarde,4,4,4,z2,*m7.9,I,4,minor,3.0
MILTON,28,Tarde,5,4,4,Y1.1,*4.7.9,V/IV,4,minor,4.0
MILTON,28,Tarde,6,4,4,Y2.2.1,*7(b9)13,V/IV,4,minor,4.5
MILTON,28,Tarde,7,9,9,w0,*mM7,IV,4,minor,5.0
MILTON,28,Tarde,8,9,9,z0,*m7,II,7,major,5.5
MILTON,28,Tarde,9,2,2,Y1.1,*4.7.9,V,7,major,6.0
MILTON,28,Tarde,10,2,2,Y2.3,*7(b9),V,7,major,6.5
MILTON,28,Tarde,11,7,7,Z4,*(#5)M7,I,7,major,7.0
MILTON,28,Tarde,12,0,0,Z0,*M7,IV,7,major,7.5
MILTON,28,Tarde,13,6,6,z1,*m6,II__X,7,major,8.0
MILTON,28,Tarde,14,11,11,Y2.4,*7(#9),V/VI,7,major,8.5
MILTON,28,Tarde,15,9,1,V2,*9,V/V,7,major,9.0
MILTON,28,Tarde,16,2,1,Y0,*7,V,7,major,10.0
MILTON,28,Tarde,17,7,11,V2,*9,I,7,major,11.0
MILTON,28,Tarde,18,0,0,Z0,*M7,IV,7,major,12.0
MILTON,28,Tarde,19,1,1,W2,*(#5)7.9,V/II,4,minor,13.0
MILTON,28,Tarde,20,6,6,Y2.2.1,*7(b9)13,V/V,4,minor,14.0
MILTON,28,Tarde,21,6,6,Y2.2.1.1,*7(b9.b13),V/V,4,minor,14.5
MILTON,28,Tarde,22,11,11,Y1.1,*4.7.9,V,4,minor,15.0
MILTON,28,Tarde,23,4,4,Z2,*M7.9,I,4,major,17.0
MILTON,28,Tarde,24,6,4,W0,*(#5)7,V/V,4,major,18.0
MILTON,28,Tarde,25,6,4,Y0,*7,V/V,4,major,18.5
MILTON,28,Tarde,26,4,4,Z2,*M7.9,I,4,major,19.0
MILTON,28,Tarde,27,4,4,Y1.1,*4.7.9,V/IV,4,major,20.0
MILTON,28,Tarde,28,4,4,Y2.2.1,*7(b9)13,V/IV,4,major,20.5
MILTON,28,Tarde,29,9,9,Z0,*M7,IV,4,major,21.0
MILTON,28,Tarde,30,11,9,Y0,*7,V,4,major,22.0
MILTON,28,Tarde,31,2,2,Z2,*M7.9,bVII7M,4,major,22.5
MILTON,28,Tarde,32,8,8,z2,*m7.9,II__X,4,major,23.0
MILTON,28,Tarde,33,1,1,Y2.4,*7(#9),V/II,4,major,24.0
MILTON,28,Tarde,34,6,6,z0,*m7,II,4,major,25.0
MILTON,28,Tarde,35,6,4,z0,*m7,II,4,major,25.5
MILTON,28,Tarde,36,3,3,z2,*m7.9,II__X,4,major,26.0
MILTON,28,Tarde,37,8,8,Y4.1,*7(b13),V/VI,4,major,26.5
MILTON,28,Tarde,38,1,1,w1,*mM7.9,II__X,4,major,27.0
MILTON,28,Tarde,39,1,1,z2,*m7.9,II__X,4,major,27.5
MILTON,28,Tarde,40,6,6,Y4,*7.13,V/V,4,major,28.0
MILTON,28,Tarde,41,2,2,Y1.1,*4.7.9,bVII7,4,major,29.0
MILTON,29,Tema de Tostao,1,2,2,V0,*,I,2,major,1.0
MILTON,29,Tema de Tostao,2,0,2,V0,*,bVII7M,2,major,2.0
MILTON,29,Tema de Tostao,3,2,2,V0,*,I,2,major,3.0
MILTON,29,Tema de Tostao,4,0,2,V0,*,bVII7M,2,major,4.0
MILTON,29,Tema de Tostao,5,2,2,V0,*,I,2,major,5.0
MILTON,29,Tema de Tostao,6,4,2,Y0,*7,V/V,2,major,6.0
MILTON,29,Tema de Tostao,7,2,2,V0,*,I,2,major,7.0
MILTON,29,Tema de Tostao,8,7,9,V0,*,IV,2,major,9.0
MILTON,29,Tema de Tostao,9,2,9,V0,*,I,2,major,10.0
MILTON,29,Tema de Tostao,10,9,9,V0,*,V,2,major,11.0
MILTON,29,Tema de Tostao,11,4,9,V0,*,V/V,2,major,12.0
MILTON,29,Tema de Tostao,12,7,9,V0,*,IV,2,major,13.0
MILTON,29,Tema de Tostao,13,2,9,V0,*,I,2,major,14.0
MILTON,29,Tema de Tostao,14,9,9,V0,*,V,2,major,15.0
MILTON,29,Tema de Tostao,15,4,9,V0,*,V/V,2,major,16.0
MILTON,30,Travessia,1,9,9,Z2,*M7.9,I,9,major,1.0
MILTON,30,Travessia,2,3,3,z0,*m7,?,9,major,2.0
MILTON,30,Travessia,3,4,2,Y0,*7,V,9,major,2.5
MILTON,30,Travessia,4,9,9,Z2,*M7.9,I,9,major,3.0
MILTON,30,Travessia,5,4,4,Y1,*4.7,V,9,major,3.5
MILTON,30,Travessia,6,9,9,Z2,*M7.9,I,9,major,4.0
MILTON,30,Travessia,7,4,4,Y1,*4.7,V,9,major,4.5
MILTON,30,Travessia,8,9,9,Z2,*M7.9,I,9,major,5.0
MILTON,30,Travessia,9,4,8,V2,*9,V,9,major,5.5
MILTON,30,Travessia,10,6,6,z3,*m7.11,VI,9,major,6.0
MILTON,30,Travessia,11,11,11,z2,*m7.9,II,9,major,6.5
MILTON,30,Travessia,12,9,9,Y1.1,*4.7.9,V/IV,9,major,7.0
MILTON,30,Travessia,13,9,9,Y2.3,*7(b9),V/IV,9,major,7.5
MILTON,30,Travessia,14,9,9,Y4,*7.13,V/IV,9,major,8.0
MILTON,30,Travessia,15,2,9,Z1,*6,IV,9,major,8.5
MILTON,30,Travessia,16,2,2,Z0,*M7,IV,9,major,9.0
MILTON,30,Travessia,17,7,7,Z0,*M7,bVII7M,9,major,9.5
MILTON,30,Travessia,18,8,8,z3,*m7.11,VIIm7,9,major,10.0
MILTON,30,Travessia,19,1,1,z2,*m7.9,III,9,major,10.5
MILTON,30,Travessia,20,6,6,z0,*m7,VI,9,major,11.0
MILTON,30,Travessia,21,6,4,z0,*m7,VI,9,major,11.5
MILTON,30,Travessia,22,3,3,z0,*m7,?,9,major,12.0
MILTON,30,Travessia,23,4,2,Y0,*7,V,9,major,12.5
MILTON,30,Travessia,24,9,9,Z2,*M7.9,I,9,major,13.0
MILTON,30,Travessia,25,4,4,Y1.1,*4.7.9,V,9,major,13.5
MILTON,30,Travessia,26,9,9,Z2,*M7.9,I,9,major,14.0
MILTON,30,Travessia,27,6,6,z3,*m7.11,VI,9,major,14.5
MILTON,30,Travessia,28,11,11,z2,*m7.9,II,9,major,15.0
MILTON,30,Travessia,29,4,4,z1,*m6,Vm7,9,major,15.5
MILTON,30,Travessia,30,9,4,V2,*9,I,9,major,16.0
MILTON,30,Travessia,31,4,4,Y1,*4.7,V,9,major,17.0
MILTON,30,Travessia,32,9,4,V2,*9,I,9,major,18.0
MILTON,30,Travessia,33,4,4,Y1,*4.7,V,9,major,19.0
MILTON,30,Travessia,34,9,9,Z2,*M7.9,I,9,major,20.0
MILTON,30,Travessia,35,9,9,Y1.1,*4.7.9,V/IV,9,major,21.0
MILTON,30,Travessia,36,6,6,z0,*m7,VI,9,major,22.0
MILTON,30,Travessia,37,1,1,z0,*m7,III,9,major,23.0
MILTON,30,Travessia,38,2,2,Z0,*M7,IV,9,major,24.0
MILTON,30,Travessia,39,4,2,Y0,*7,V,9,major,25.0
MILTON,30,Travessia,40,6,6,z0,*m7,VI,9,major,26.0
MILTON,30,Travessia,41,11,11,z0,*m7,II,9,major,26.5
MILTON,30,Travessia,42,4,4,z0,*m7,Vm7,9,major,27.0
MILTON,30,Travessia,43,4,4,Y2.3,*7(b9),V,9,major,27.5
MILTON,30,Travessia,44,9,9,Z2,*M7.9,I,9,major,28.0
MILTON,30,Travessia,45,9,9,Y1.1,*4.7.9,V/IV,9,major,29.0
MILTON,30,Travessia,46,6,6,z0,*m7,VI,9,major,30.0
MILTON,30,Travessia,47,1,1,z0,*m7,III,9,major,31.0
MILTON,30,Travessia,48,2,2,Z0,*M7,IV,9,major,32.0
MILTON,30,Travessia,49,4,2,Y0,*7,V,9,major,33.0
MILTON,30,Travessia,50,11,11,z0,*m7,II,9,major,34.0
MILTON,30,Travessia,51,4,4,z0,*m7,Vm7,9,major,34.5
MILTON,30,Travessia,52,9,4,V2,*9,I,9,major,35.0
MILTON,31,Tres Pontas,1,0,0,Y1.1,*4.7.9,I,0,major,1.0
MILTON,31,Tres Pontas,2,9,9,z3,*m7.11,VI,0,major,2.0
MILTON,31,Tres Pontas,3,0,0,Y1.1,*4.7.9,I,0,major,3.0
MILTON,31,Tres Pontas,4,9,9,z3,*m7.11,VI,0,major,4.0
MILTON,31,Tres Pontas,5,0,0,Y1.1,*4.7.9,I,0,major,5.0
MILTON,31,Tres Pontas,6,0,0,Y2,*7.9,I,0,major,6.0
MILTON,31,Tres Pontas,7,0,0,Y1.1,*4.7.9,I,0,major,7.0
MILTON,31,Tres Pontas,8,0,0,Y2,*7.9,I,0,major,8.0
MILTON,31,Tres Pontas,9,0,0,Y1.1,*4.7.9,I,0,major,9.0
MILTON,31,Tres Pontas,10,0,0,Y1.1,*4.7.9,I,0,major,10.0
MILTON,31,Tres Pontas,11,9,9,z3,*m7.11,VI,0,major,11.0
MILTON,31,Tres Pontas,12,0,0,Y1.1,*4.7.9,I,0,major,12.0
MILTON,31,Tres Pontas,13,9,9,z3,*m7.11,VI,0,major,13.0
MILTON,31,Tres Pontas,14,0,0,Y1.1,*4.7.9,I,0,major,14.0
MILTON,31,Tres Pontas,15,0,7,V0,*,I,0,major,15.0
MILTON,31,Tres Pontas,16,11,11,z3,*m7.11,VIIm7,0,major,16.0
MILTON,31,Tres Pontas,17,9,9,z3,*m7.11,VI,0,major,18.0
MILTON,31,Tres Pontas,18,11,11,z3,*m7.11,VIIm7,0,major,19.0
MILTON,31,Tres Pontas,19,5,0,V0,*,IV,0,major,20.0
MILTON,31,Tres Pontas,20,10,10,z3,*m7.11,bIIm7,2,major,21.0
MILTON,31,Tres Pontas,21,9,9,V0,*,I,2,major,22.0
MILTON,31,Tres Pontas,22,9,9,Y1.1,*4.7.9,I,2,major,24.0
MILTON,31,Tres Pontas,23,9,9,Y2,*7.9,I,2,major,25.0
MILTON,31,Tres Pontas,24,0,0,Z1.1,*6.9,I,0,major,26.0
MILTON,31,Tres Pontas,25,7,7,Y1.1,*4.7.9,V,0,major,27.0
MILTON,31,Tres Pontas,26,7,7,Y2.1.2,*7(b9.#11),V,0,major,27.5
MILTON,31,Tres Pontas,27,0,0,Z1.1,*6.9,I,0,major,28.0
MILTON,31,Tres Pontas,28,0,0,Z0,*M7,I,0,major,29.0
MILTON,31,Tres Pontas,29,0,0,Y1.1,*4.7.9,I,0,major,30.0
MILTON,32,Tristesse,1,6,6,z0,*m7,I,6,minor,1.0
MILTON,32,Tristesse,2,2,6,Z0,*M7,VI,6,minor,2.0
MILTON,32,Tristesse,3,6,6,z0,*m7,I,6,minor,3.0
MILTON,32,Tristesse,4,2,6,Z0,*M7,VI,6,minor,4.0
MILTON,32,Tristesse,5,6,6,z0,*m7,I,6,minor,5.0
MILTON,32,Tristesse,6,4,8,Y0,*7,bVII7,6,minor,6.0
MILTON,32,Tristesse,7,7,10,v0,*m,bIIm7,6,minor,7.0
MILTON,32,Tristesse,8,7,11,V0,*,bII7M,6,minor,8.0
MILTON,32,Tristesse,9,6,9,z0,*m7,I,6,minor,8.5
MILTON,32,Tristesse,10,8,8,Y0,*7,V/V,6,minor,9.0
MILTON,32,Tristesse,11,1,1,Y0,*7,V,6,minor,10.0
MILTON,32,Tristesse,12,6,6,z0,*m7,I,6,minor,11.0
MILTON,32,Tristesse,13,1,10,Y0,*7,V/V,6,minor,12.0
MILTON,32,Tristesse,14,6,10,V2,*9,V,11,minor,13.0
MILTON,32,Tristesse,15,11,11,z0,*m7,I,11,minor,14.0
MILTON,32,Tristesse,16,7,11,Z0,*M7,VI,11,minor,15.0
MILTON,32,Tristesse,17,11,11,z0,*m7,I,11,minor,16.0
MILTON,32,Tristesse,18,7,11,Z0,*M7,VI,11,minor,17.0
MILTON,32,Tristesse,19,11,11,z0,*m7,I,11,minor,18.0
MILTON,32,Tristesse,20,7,11,Z0,*M7,VI,11,minor,19.0
MILTON,32,Tristesse,21,11,11,z0,*m7,I,11,minor,20.0
MILTON,32,Tristesse,22,7,11,Z1,*6,VI,11,minor,21.0
MILTON,32,Tristesse,23,11,11,z0,*m7,I,11,minor,22.0
MILTON,32,Tristesse,24,9,1,V0,*,bVII7,11,minor,23.0
MILTON,32,Tristesse,25,0,3,v0,*m,bIIm7,11,minor,24.0
MILTON,32,Tristesse,26,0,4,Z1,*6,bII7M,11,minor,25.0
MILTON,32,Tristesse,27,11,2,v0,*m,I,11,minor,25.5
MILTON,32,Tristesse,28,1,1,Y0,*7,V/V,11,minor,26.0
MILTON,32,Tristesse,29,6,6,Y0,*7,V,11,minor,27.0
MILTON,32,Tristesse,30,11,11,z0,*m7,I,11,minor,28.0
MILTON,33,Um gosto de sol,1,0,0,V0,*,I,0,major,1.0
MILTON,33,Um gosto de sol,2,7,0,V0,*,V,0,major,2.0
MILTON,33,Um gosto de sol,3,7,0,v0,*m,Vm7,0,major,3.0
MILTON,33,Um gosto de sol,4,5,0,v0,*m,IVm7,0,major,4.0
MILTON,33,Um gosto de sol,5,0,0,V0,*,I,0,major,5.0
MILTON,33,Um gosto de sol,6,8,0,x0,*°7,V°/VI,0,major,6.0
MILTON,33,Um gosto de sol,7,9,0,v0,*m,VI,0,major,7.0
MILTON,33,Um gosto de sol,8,0,0,V4,*(#5),I,0,major,8.0
MILTON,33,Um gosto de sol,9,0,0,V0,*,I,0,major,9.0
MILTON,33,Um gosto de sol,10,2,0,Y0,*7,V/V,0,major,10.0
MILTON,33,Um gosto de sol,11,5,0,v0,*m,IVm7,0,major,11.0
MILTON,33,Um gosto de sol,12,0,0,Y1.1,*4.7.9,I,0,major,12.0
MILTON,33,Um gosto de sol,13,0,0,V0,*,I,0,major,13.0
MILTON,33,Um gosto de sol,14,2,0,Y0,*7,V/V,0,major,14.0
MILTON,33,Um gosto de sol,15,5,0,Z1,*6,IVm7,0,major,15.0
MILTON,33,Um gosto de sol,16,9,0,v0,*m,VI,0,major,16.0
MILTON,33,Um gosto de sol,17,0,0,V0,*,I,0,major,17.0
MILTON,33,Um gosto de sol,18,8,0,x0,*°7,V°/VI,0,major,18.0
MILTON,33,Um gosto de sol,19,9,0,v0,*m,VI,0,major,19.0
MILTON,33,Um gosto de sol,20,0,0,Y1.1,*4.7.9,I,0,major,20.0
MILTON,34,Vera Cruz,1,7,7,z0,*m7,I,7,minor,1.0
MILTON,34,Vera Cruz,2,7,7,z1,*m6,I,7,minor,2.0
MILTON,34,Vera Cruz,3,7,7,w0,*mM7,I,7,minor,3.0
MILTON,34,Vera Cruz,4,7,7,z0,*m7,I,7,minor,4.0
MILTON,34,Vera Cruz,5,3,3,Z0,*M7,VI,7,minor,5.0
MILTON,34,Vera Cruz,6,2,2,z3,*m7.11,Vm7,7,minor,6.0
MILTON,34,Vera Cruz,7,0,0,z3,*m7.11,IV,7,minor,7.0
MILTON,34,Vera Cruz,8,11,11,z3,*m7.11,?,7,minor,9.0
MILTON,34,Vera Cruz,9,10,10,Y4,*7.13,V/VI,7,minor,10.0
MILTON,34,Vera Cruz,10,3,3,Z0,*M7,VI,7,minor,11.0
MILTON,34,Vera Cruz,11,2,2,z3,*m7.11,Vm7,7,minor,12.0
MILTON,34,Vera Cruz,12,0,0,z3,*m7.11,IV,7,minor,13.0
MILTON,34,Vera Cruz,13,8,3,Z0,*M7,bII7M,7,minor,14.0
MILTON,34,Vera Cruz,14,9,4,Y0,*7,?,7,minor,14.5
MILTON,34,Vera Cruz,15,7,7,w0,*mM7,I,7,minor,15.0
MILTON,34,Vera Cruz,16,7,7,z0,*m7,I,7,minor,15.5
MILTON,34,Vera Cruz,17,10,10,w0,*mM7,bVIm7,7,minor,16.0
MILTON,34,Vera Cruz,18,10,10,z0,*m7,bVIm7,7,minor,16.5
MILTON,34,Vera Cruz,19,9,9,w0,*mM7,II,7,minor,17.0
MILTON,34,Vera Cruz,20,9,9,z0,*m7,II,7,minor,17.5
MILTON,34,Vera Cruz,21,8,8,w0,*mM7,bIIm7,7,minor,18.0
MILTON,34,Vera Cruz,22,8,8,z0,*m7,bIIm7,7,minor,18.5
MILTON,34,Vera Cruz,23,3,7,V0,*,VI,7,minor,19.0
MILTON,34,Vera Cruz,24,7,7,v0,*m,I,7,minor,20.0
MILTON,34,Vera Cruz,25,7,7,v2,*m.11,I,7,minor,21.0
MILTON,34,Vera Cruz,26,9,7,Y0,*7,V/V,7,minor,22.0
MILTON,34,Vera Cruz,27,2,2,z3,*m7.11,Vm7,7,minor,23.0
MILTON,34,Vera Cruz,28,7,7,z0,*m7,I,7,minor,24.0
MILTON,35,Vida,1,9,9,z0,*m7,I,9,minor,1.0
MILTON,35,Vida,2,2,9,Y1.1,*4.7.9,IV7,9,minor,2.0
MILTON,35,Vida,3,9,9,z0,*m7,I,9,minor,3.0
MILTON,35,Vida,4,2,9,Y1.1,*4.7.9,IV7,9,minor,4.0
MILTON,35,Vida,5,9,9,z0,*m7,I,9,minor,5.0
MILTON,35,Vida,6,2,9,Y1.1,*4.7.9,IV7,9,minor,6.0
MILTON,35,Vida,7,9,9,z3,*m7.11,I,9,minor,7.0
MILTON,35,Vida,8,9,9,z0,*m7,I,9,minor,8.0
MILTON,35,Vida,9,2,9,z0,*m7,IV,9,minor,9.0
MILTON,35,Vida,10,9,9,z0,*m7,I,9,minor,11.0
MILTON,35,Vida,11,5,0,V0,*,VI,9,minor,13.0
MILTON,35,Vida,12,7,7,Y1.1,*4.7.9,bVII7,9,minor,14.0
MILTON,35,Vida,13,9,9,z0,*m7,I,9,minor,15.0
MILTON,35,Vida,14,2,6,Y0,*7,V/V,0,major,17.0
MILTON,35,Vida,15,7,5,Y0,*7,V,0,major,19.0
MILTON,35,Vida,16,0,4,Y0,*7,V/IV,0,major,21.0
MILTON,35,Vida,17,7,2,Y0,*7,V,0,major,23.0
MILTON,35,Vida,18,5,5,Z0,*M7,IV,0,major,25.0
MILTON,35,Vida,19,6,6,y0,*Ø,#IVm7(b5),0,major,27.0
MILTON,35,Vida,20,7,5,Y0,*7,V,0,major,29.0
MILTON,35,Vida,21,11,11,Y4.1,*7(b13),V/V,9,minor,31.0
MILTON,35,Vida,22,4,11,V0,*,V,9,minor,32.0
MILTON,35,Vida,23,9,9,z0,*m7,I,9,minor,33.0
MILTON,36,Vidro e corte,1,9,9,z0,*m7,I,9,minor,1.0
MILTON,36,Vidro e corte,2,9,7,z0,*m7,I,9,minor,2.0
MILTON,36,Vidro e corte,3,5,5,Z0,*M7,VI,9,minor,3.0
MILTON,36,Vidro e corte,4,11,11,Y1.3.1,*4.7(b13),V/V,9,minor,4.0
MILTON,36,Vidro e corte,5,4,10,V3,*(#11),V,9,minor,4.5
MILTON,36,Vidro e corte,6,9,9,z0,*m7,I,9,minor,5.0
MILTON,36,Vidro e corte,7,7,11,Z1,*6,bVII7M,9,minor,6.0
MILTON,36,Vidro e corte,8,5,0,Z0,*M7,VI,9,minor,7.0
MILTON,36,Vidro e corte,9,11,11,Y1.3.1,*4.7(b13),V/V,9,minor,8.0
MILTON,36,Vidro e corte,10,4,10,V3,*(#11),V,9,minor,8.5
MILTON,36,Vidro e corte,11,9,9,w0,*mM7,I,9,minor,9.0
MILTON,36,Vidro e corte,12,9,9,z0,*m7,I,9,minor,9.5
MILTON,36,Vidro e corte,13,9,7,z0,*m7,I,9,minor,10.0
MILTON,36,Vidro e corte,14,5,5,Z0,*M7,VI,9,minor,11.0
MILTON,36,Vidro e corte,15,10,10,Y3,*7(#11),SubV,9,minor,12.0
MILTON,36,Vidro e corte,16,9,9,z0,*m7,I,9,minor,13.0
MILTON,36,Vidro e corte,17,7,11,Z1,*6,bVII7M,9,minor,14.0
MILTON,36,Vidro e corte,18,5,0,Z0,*M7,VI,9,minor,15.0
MILTON,36,Vidro e corte,19,10,10,Y3,*7(#11),?,9,minor,15.5
MILTON,36,Vidro e corte,20,11,11,Y1.1,*4.7.9,?,9,minor,16.0
MILTON,36,Vidro e corte,21,6,6,y0,*Ø,VI,9,minor,17.0
MILTON,36,Vidro e corte,22,5,5,Z3,*M7(#11),VI,9,minor,19.0
MILTON,36,Vidro e corte,23,4,4,Y1,*4.7,V,9,minor,20.0
MILTON,36,Vidro e corte,24,4,4,Y0,*7,V,9,minor,20.5
MILTON,36,Vidro e corte,25,9,0,v0,*m,I,9,minor,21.0
MILTON,36,Vidro e corte,26,11,2,v0,*m,II,9,minor,22.0
MILTON,36,Vidro e corte,27,1,4,v0,*m,?,9,minor,23.0
MILTON,36,Vidro e corte,28,9,0,v0,*m,I,9,minor,24.0
MILTON,36,Vidro e corte,29,5,0,V0,*,VI,9,minor,25.0
MILTON,36,Vidro e corte,30,4,4,y0,*Ø,II__X,9,minor,26.0
MILTON,36,Vidro e corte,31,9,9,Y4,*7.13,V/IV,9,minor,26.5
MILTON,36,Vidro e corte,32,5,0,V0,*,VI,9,minor,27.0
MILTON,36,Vidro e corte,33,11,11,Y1.3.1,*4.7(b13),V/V,9,minor,28.0
MILTON,36,Vidro e corte,34,4,10,V3,*(#11),V,9,minor,28.5
MILTON,36,Vidro e corte,35,9,9,z0,*m7,I,9,minor,29.0
MILTON,36,Vidro e corte,36,2,9,Y1.1,*4.7.9,IV7,9,minor,30.0
MILTON,36,Vidro e corte,37,5,0,V0,*,VI,9,minor,30.5
MILTON,36,Vidro e corte,38,2,2,z0,*m7,IV,9,minor,31.0
MILTON,36,Vidro e corte,39,10,10,Y3,*7(#11),SubV,9,minor,32.0
MILTON,36,Vidro e corte,40,9,9,z0,*m7,I,9,minor,33.0
MILTON,37,Pelo amor de Deus,1,3,3,z0,*m7,?,9,minor,1.0
MILTON,37,Pelo amor de Deus,2,9,9,z0,*m7,I,9,minor,2.0
MILTON,37,Pelo amor de Deus,3,3,3,z0,*m7,?,9,minor,3.0
MILTON,37,Pelo amor de Deus,4,9,9,z0,*m7,I,9,minor,4.0
MILTON,37,Pelo amor de Deus,5,0,0,V0,*,III,9,minor,5.0
MILTON,37,Pelo amor de Deus,6,10,10,Z0,*M7,bII7M,9,minor,6.0
MILTON,37,Pelo amor de Deus,7,10,9,Z0,*M7,bII7M,9,minor,6.75
MILTON,37,Pelo amor de Deus,8,7,7,z0,*m7,bVIIm7,9,minor,7.0
MILTON,37,Pelo amor de Deus,9,9,9,Z0,*M7,I,9,major,8.0
MILTON,38,Cravo e canela,1,0,0,V0,*,IV,7,major,1.0
MILTON,38,Cravo e canela,2,7,7,V0,*,I,7,major,1.3
MILTON,38,Cravo e canela,3,2,2,V0,*,V,7,major,1.6
MILTON,38,Cravo e canela,4,0,0,V0,*,IV,7,major,2.0
MILTON,38,Cravo e canela,5,7,7,V0,*,I,7,major,2.3
MILTON,38,Cravo e canela,6,2,2,V0,*,V,7,major,2.6
MILTON,38,Cravo e canela,7,0,0,V0,*,IV,7,major,3.0
MILTON,38,Cravo e canela,8,7,7,V0,*,I,7,major,3.3
MILTON,38,Cravo e canela,9,2,2,V0,*,V,7,major,3.6
MILTON,38,Cravo e canela,10,0,0,V0,*,IV,7,major,4.0
MILTON,38,Cravo e canela,11,7,7,V0,*,I,7,major,4.3
MILTON,38,Cravo e canela,12,2,2,V0,*,V,7,major,4.6
MILTON,38,Cravo e canela,13,5,5,Z2,*M7.9,I,5,major,5.0
MILTON,38,Cravo e canela,14,4,4,z3,*m7.11,VIIm7,5,major,6.0
MILTON,38,Cravo e canela,15,2,2,z2,*m7.9,VI,5,major,7.0
MILTON,38,Cravo e canela,16,4,4,z3,*m7.11,VIIm7,5,major,8.0
MILTON,38,Cravo e canela,17,5,5,Z2,*M7.9,I,5,major,9.0
MILTON,38,Cravo e canela,18,4,4,z3,*m7.11,VIIm7,5,major,10.0
MILTON,38,Cravo e canela,19,2,2,z2,*m7.9,VI,5,major,11.0
MILTON,38,Cravo e canela,20,4,4,z3,*m7.11,VIIm7,5,major,12.0
MILTON,38,Cravo e canela,21,0,0,V0,*,IV,7,major,13.0
MILTON,38,Cravo e canela,22,7,7,V0,*,I,7,major,13.3
MILTON,38,Cravo e canela,23,2,2,V0,*,V,7,major,13.6
MILTON,38,Cravo e canela,24,0,0,V0,*,IV,7,major,14.0
MILTON,38,Cravo e canela,25,7,7,V0,*,I,7,major,14.3
MILTON,38,Cravo e canela,26,2,2,V0,*,V,7,major,14.6
MILTON,38,Cravo e canela,27,0,0,V0,*,IV,7,major,15.0
MILTON,38,Cravo e canela,28,7,7,V0,*,I,7,major,15.3
MILTON,38,Cravo e canela,29,2,2,V0,*,V,7,major,15.6
MILTON,38,Cravo e canela,30,0,0,V0,*,IV,7,major,16.0
MILTON,38,Cravo e canela,31,7,7,V0,*,I,7,major,16.3
MILTON,39,Saidas e bandeiras,1,4,4,Y1.1,*4.7.9,I,4,major,1.0
MILTON,39,Saidas e bandeiras,2,4,4,z3,*m7.11,Im7,4,major,5.0
MILTON,39,Saidas e bandeiras,3,4,4,Y1.1,*4.7.9,I,4,major,6.0
MILTON,40,San Vicente,1,9,9,V0,*,I,9,major,1.0
MILTON,40,San Vicente,2,2,6,V0,*,IV,9,major,1.5
MILTON,40,San Vicente,3,5,8,V0,*,V,9,major,2.0
MILTON,40,San Vicente,4,2,6,V0,*,IV,9,major,3.0
MILTON,40,San Vicente,5,5,8,V0,*,V,9,major,4.0
MILTON,40,San Vicente,6,9,9,V0,*,I,9,major,5.0
MILTON,40,San Vicente,7,2,2,V0,*,IV,9,major,6.0
MILTON,40,San Vicente,8,2,2,V3,*(#11),IV,9,major,7.0
MILTON,40,San Vicente,9,2,2,V0,*,IV,9,major,7.5
MILTON,40,San Vicente,10,9,7,Y2,*7.9,V/IV,9,major,8.0
MILTON,40,San Vicente,11,2,2,V0,*,IV,9,major,9.0
MILTON,40,San Vicente,12,9,9,V0,*,I,9,major,9.5
MILTON,40,San Vicente,13,4,4,V0,*,V,9,major,10.0
MILTON,40,San Vicente,14,9,9,V0,*,I,9,major,10.5
MILTON,40,San Vicente,15,4,8,V0,*,V,9,major,11.0
MILTON,40,San Vicente,16,6,6,z0,*m7,VI,9,major,12.0
MILTON,40,San Vicente,17,9,9,V0,*,I,9,major,13.0
MILTON,40,San Vicente,18,3,9,y0,*Ø,#IVm7(b5),9,major,14.0
MILTON,40,San Vicente,19,2,9,Z0,*M7,IV,9,major,15.0
MILTON,40,San Vicente,20,9,9,V0,*,I,9,major,16.0
MILTON,41,A lagrima e o rio,1,4,4,V2,*9,I,4,major,1.0
MILTON,41,A lagrima e o rio,2,8,3,z0,*m7,III,4,major,2.0
MILTON,41,A lagrima e o rio,3,6,1,z0,*m7,II,4,major,3.0
MILTON,41,A lagrima e o rio,4,9,0,z1,*m6,IVm7,4,major,4.0
MILTON,41,A lagrima e o rio,5,4,4,V2,*9,I,4,major,5.0
MILTON,41,A lagrima e o rio,6,8,3,z0,*m7,III,4,major,6.0
MILTON,41,A lagrima e o rio,7,6,1,z0,*m7,II,4,major,7.0
MILTON,41,A lagrima e o rio,8,9,0,z1,*m6,IVm7,4,major,8.0
MILTON,41,A lagrima e o rio,9,9,9,V2,*9,IV,4,major,9.0
MILTON,41,A lagrima e o rio,10,6,6,z0,*m7,II,4,major,10.0
MILTON,41,A lagrima e o rio,11,11,11,z0,*m7,VI,2,major,11.0
MILTON,41,A lagrima e o rio,12,11,11,w0,*mM7,VI,2,major,12.0
MILTON,41,A lagrima e o rio,13,11,11,z0,*m7,VI,2,major,12.5
MILTON,41,A lagrima e o rio,14,4,4,Y1.1,*4.7.9,V/V,2,major,13.0
MILTON,41,A lagrima e o rio,15,9,9,Y1.1,*4.7.9,V,2,major,14.0
MILTON,41,A lagrima e o rio,16,2,2,Z2,*M7.9,I,2,major,15.0
MILTON,41,A lagrima e o rio,17,9,9,Y1.1,*4.7.9,V,2,major,16.0
MILTON,41,A lagrima e o rio,18,2,2,Z0,*M7,I,2,major,17.0
MILTON,41,A lagrima e o rio,19,6,1,z0,*m7,III,2,major,18.0
MILTON,41,A lagrima e o rio,20,11,11,z0,*m7,VI,2,major,19.0
MILTON,41,A lagrima e o rio,21,2,9,V0,*,I,2,major,20.0
MILTON,41,A lagrima e o rio,22,7,7,V2,*9,IV,2,major,21.0
MILTON,41,A lagrima e o rio,23,4,4,z0,*m7,II,2,major,22.0
MILTON,41,A lagrima e o rio,24,9,9,w0,*mM7,VI,0,major,23.0
MILTON,41,A lagrima e o rio,25,2,2,Y1.1,*4.7.9,V/V,0,major,24.0
MILTON,41,A lagrima e o rio,26,7,7,Y1.1,*4.7.9,V,0,major,25.0
MILTON,41,A lagrima e o rio,27,0,0,V2,*9,I,0,major,26.0
MILTON,41,A lagrima e o rio,28,0,0,z2,*m7.9,I,0,minor,28.0
MILTON,41,A lagrima e o rio,29,8,8,z1,*m6,bVIm7,0,minor,29.0
MILTON,41,A lagrima e o rio,30,0,0,z2,*m7.9,I,0,minor,30.0
MILTON,41,A lagrima e o rio,31,7,7,Y4.1,*7(b13),V,0,minor,31.0
MILTON,41,A lagrima e o rio,32,0,0,z2,*m7.9,I,0,minor,32.0
MILTON,41,A lagrima e o rio,33,8,8,z1,*m6,bVIm7,0,minor,33.0
MILTON,41,A lagrima e o rio,34,0,0,z2,*m7.9,I,0,minor,34.0
MILTON,41,A lagrima e o rio,35,0,0,Y2.4,*7(#9),V/IV,0,minor,35.0
MILTON,41,A lagrima e o rio,36,5,8,z1,*m6,IV,0,minor,36.0
MILTON,41,A lagrima e o rio,37,10,7,Y0,*7,V/III,0,minor,37.0
MILTON,41,A lagrima e o rio,38,3,7,V2,*9,III,0,minor,38.0
MILTON,41,A lagrima e o rio,39,8,6,Y0,*7,IV7,3,major,39.0
MILTON,41,A lagrima e o rio,40,5,5,z0,*m7,II,3,major,40.0
MILTON,41,A lagrima e o rio,41,10,10,Y2.2.1,*7(b9)13,V,3,major,41.0
MILTON,41,A lagrima e o rio,42,3,3,Z0,*M7,I,3,major,42.0
MILTON,41,A lagrima e o rio,43,11,11,Y1.1,*4.7.9,V,4,major,43.5
MILTON,41,A lagrima e o rio,44,4,4,V2,*9,I,4,major,44.0
MILTON,42,Ao que vai nascer,1,10,10,V1,*4,I,10,major,1.0
MILTON,42,Ao que vai nascer,2,10,10,z3,*m7.11,I,10,major,3.0
MILTON,42,Ao que vai nascer,3,10,10,Y1,*4.7,I,10,major,5.0
MILTON,42,Ao que vai nascer,4,10,10,z3,*m7.11,I,10,major,7.0
MILTON,42,Ao que vai nascer,5,10,10,Y1.1,*4.7.9,I,10,major,9.0
MILTON,42,Ao que vai nascer,6,10,10,Y1.1.1,*4.7.9(#11),I,10,major,11.0
MILTON,42,Ao que vai nascer,7,1,1,V0,*,bII7M,0,minor,13.0
MILTON,42,Ao que vai nascer,8,8,8,V0,*,VI,0,minor,13.5
MILTON,42,Ao que vai nascer,9,10,10,V0,*,bVII7M,0,minor,14.0
MILTON,42,Ao que vai nascer,10,0,0,z3,*m7.11,I,0,minor,15.0
MILTON,42,Ao que vai nascer,11,2,0,V3,*(#11),?,11,minor,18.0
MILTON,42,Ao que vai nascer,12,11,11,z1,*m6,I,11,minor,20.0
MILTON,42,Ao que vai nascer,13,1,1,V3,*(#11),?,10,minor,22.0
MILTON,42,Ao que vai nascer,14,10,10,z1,*m6,I,10,minor,24.0
MILTON,42,Ao que vai nascer,15,9,9,Y4.1,*7(b13),V,2,minor,26.0
MILTON,42,Ao que vai nascer,16,2,2,z2,*m7.9,I,2,minor,28.0
MILTON,42,Ao que vai nascer,17,8,8,Y4.1,*7(b13),V,1,minor,30.0
MILTON,42,Ao que vai nascer,18,1,1,z2,*m7.9,I,1,minor,32.0
MILTON,42,Ao que vai nascer,19,7,7,Y4.1,*7(b13),V,0,minor,34.0
MILTON,43,Cade,1,4,4,V1,*4,V,9,major,1.0
MILTON,43,Cade,2,2,4,V1,*4,IV,9,major,2.0
MILTON,43,Cade,3,9,4,V0,*,I,9,major,3.0
MILTON,43,Cade,4,9,4,z0,*m7,Im7,9,major,4.0
MILTON,43,Cade,5,4,4,V1,*4,V,9,major,5.0
MILTON,43,Cade,6,2,4,V1,*4,IV,9,major,6.0
MILTON,43,Cade,7,9,4,V0,*,I,9,major,7.0
MILTON,43,Cade,8,9,4,z0,*m7,Im7,9,major,8.0
MILTON,43,Cade,9,9,4,Y1.1,*4.7.9,I,9,major,9.0
MILTON,43,Cade,10,11,4,Y1.1,*4.7.9,?,9,major,10.0
MILTON,43,Cade,11,1,4,Y1.1,*4.7.9,aSubV/IV,9,major,11.0
MILTON,43,Cade,12,2,4,Y1.1,*4.7.9,IV7,9,major,12.0
MILTON,43,Cade,13,9,4,Y1.1,*4.7.9,I,9,major,13.0
MILTON,43,Cade,14,11,4,Y1.1,*4.7.9,?,9,major,14.0
MILTON,43,Cade,15,1,4,Y1.1,*4.7.9,SubV/III,9,minor,15.0
MILTON,43,Cade,16,0,4,V0,*,III,9,minor,16.0
MILTON,43,Cade,17,9,9,z0,*m7,I,9,minor,18.0
MILTON,44,Coisas de Minas,1,2,2,V0,*,I,2,major,1.0
MILTON,44,Coisas de Minas,2,9,9,Y0,*7,V,2,major,1.5
MILTON,44,Coisas de Minas,3,2,2,V0,*,I,2,major,2.0
MILTON,44,Coisas de Minas,4,9,9,Y0,*7,V,2,major,2.5
MILTON,44,Coisas de Minas,5,2,2,V0,*,I,2,major,3.0
MILTON,44,Coisas de Minas,6,9,9,Y0,*7,V,2,major,3.5
MILTON,44,Coisas de Minas,7,2,2,V0,*,I,2,major,4.0
MILTON,44,Coisas de Minas,8,9,9,Y0,*7,V,2,major,4.5
MILTON,44,Coisas de Minas,9,2,2,V0,*,I,2,major,5.0
MILTON,44,Coisas de Minas,10,9,9,Y0,*7,V,2,major,5.5
MILTON,44,Coisas de Minas,11,2,2,V0,*,I,2,major,6.0
MILTON,44,Coisas de Minas,12,9,9,Y0,*7,V,2,major,6.5
MILTON,44,Coisas de Minas,13,2,2,V0,*,I,2,major,7.0
MILTON,44,Coisas de Minas,14,4,2,Y0,*7,V/V,2,major,7.5
MILTON,44,Coisas de Minas,15,11,11,z0,*m7,VI,2,major,8.0
MILTON,44,Coisas de Minas,16,4,2,Y0,*7,V/V,2,major,9.0
MILTON,44,Coisas de Minas,17,7,7,V0,*,IV,2,major,9.5
MILTON,44,Coisas de Minas,18,6,11,v0,*m,III,2,major,10.0
MILTON,44,Coisas de Minas,19,4,2,Y0,*7,V/V,2,major,11.0
MILTON,44,Coisas de Minas,20,11,11,z0,*m7,VI,2,major,12.0
MILTON,44,Coisas de Minas,21,4,2,Y0,*7,V/V,2,major,13.0
MILTON,44,Coisas de Minas,22,7,7,V0,*,IV,2,major,13.5
MILTON,44,Coisas de Minas,23,2,2,Z1,*6,I,2,major,14.0
MILTON,44,Coisas de Minas,24,0,0,Y2,*7.9,I,0,major,15.0
MILTON,44,Coisas de Minas,25,5,5,Y4,*7.13,IV7,0,major,19.0
MILTON,44,Coisas de Minas,26,0,0,Y2,*7.9,I,0,major,21.0
MILTON,44,Coisas de Minas,27,7,7,Y4,*7.13,V,0,major,23.0
MILTON,44,Coisas de Minas,28,5,5,Y4,*7.13,IV7,0,major,24.0
MILTON,44,Coisas de Minas,29,0,0,Y2,*7.9,I,0,major,25.0
MILTON,44,Coisas de Minas,30,2,2,V0,*,I,2,major,27.0
MILTON,45,O cavaleiro,1,7,11,Z5,*6.M7,VI,11,minor,1.0
MILTON,45,O cavaleiro,2,6,6,z3,*m7.11,Vm7,11,minor,2.0
MILTON,45,O cavaleiro,3,7,7,Z1.1,*6.9,VI,11,minor,3.0
MILTON,45,O cavaleiro,4,4,4,z1,*m6,IV,11,minor,4.0
MILTON,45,O cavaleiro,5,4,2,z1,*m6,IV,11,minor,5.0
MILTON,45,O cavaleiro,6,1,1,Y1.1,*4.7.9,V/V,11,minor,6.0
MILTON,45,O cavaleiro,7,6,6,Y3.1.1,*7(#11.b13),V,11,minor,7.0
MILTON,45,O cavaleiro,8,4,2,z1,*m6,IV,11,minor,8.0
MILTON,45,O cavaleiro,9,9,1,Y1.1,*4.7.9,V/III,11,minor,9.0
MILTON,45,O cavaleiro,10,7,11,V2,*9,VI,11,minor,10.0
MILTON,45,O cavaleiro,11,9,9,Y1.1,*4.7.9,V/III,11,minor,11.0
MILTON,45,O cavaleiro,12,9,1,Y1,*4.7,V/III,11,minor,12.0
MILTON,45,O cavaleiro,13,0,0,V2,*9,bII7M,11,minor,12.5
MILTON,45,O cavaleiro,14,7,11,V0,*,VI,11,minor,13.0
MILTON,45,O cavaleiro,15,7,7,V2,*9,VI,11,minor,14.0
MILTON,45,O cavaleiro,16,6,10,Y2.3,*7(b9),V,11,minor,15.0
MILTON,45,O cavaleiro,17,11,11,z0,*m7,I,11,minor,16.0
MILTON,45,O cavaleiro,18,11,11,Y1.1,*4.7.9,V/IV,11,minor,17.0
MILTON,45,O cavaleiro,19,7,7,V2,*9,VI,11,minor,18.0
MILTON,45,O cavaleiro,20,2,2,V0,*,III,11,minor,19.0
MILTON,45,O cavaleiro,21,4,4,z1,*m6,IV,11,minor,20.0
MILTON,45,O cavaleiro,22,4,2,z1,*m6,IV,11,minor,21.0
MILTON,45,O cavaleiro,23,0,0,Z5.2,*6.M7(#11),bII7M,11,minor,22.0
MILTON,45,O cavaleiro,24,9,9,Y1.1,*4.7.9,I,9,major,23.0
MILTON,45,O cavaleiro,25,9,9,z0,*m7,?,11,minor,27.0
MILTON,45,O cavaleiro,26,4,4,z1,*m6,IV,11,minor,28.0
MILTON,45,O cavaleiro,27,8,8,y0,*Ø,VI,11,minor,29.0
MILTON,45,O cavaleiro,28,7,7,V0,*,VI,11,minor,29.5
MILTON,45,O cavaleiro,29,7,6,Z0,*M7,VI,11,minor,30.5
MILTON,45,O cavaleiro,30,11,11,z0,*m7,I,11,minor,31.0
MILTON,45,O cavaleiro,31,11,11,w2,*mM711,I,11,minor,32.0
MILTON,45,O cavaleiro,32,8,8,z0,*m7,?,11,minor,33.0
MILTON,45,O cavaleiro,33,0,0,z0,*m7,bIIm7,11,minor,33.75
MILTON,45,O cavaleiro,34,11,11,Y2.3,*7(b9),V/IV,11,minor,34.0
MILTON,45,O cavaleiro,35,4,4,y0,*Ø,IV,11,minor,35.0
MILTON,45,O cavaleiro,36,7,3,V1,*4,VI,11,minor,35.75
MILTON,45,O cavaleiro,37,7,2,V1,*4,VI,11,minor,36.5
MILTON,45,O cavaleiro,38,6,1,V1,*4,V,11,minor,37.0
MILTON,45,O cavaleiro,39,0,0,Z5.2,*6.M7(#11),bII7M,11,minor,38.0
MILTON,45,O cavaleiro,40,0,0,Y0,*7,SubV,11,minor,38.5
MILTON,45,O cavaleiro,41,11,11,z0,*m7,I,11,minor,39.0
MILTON,46,Estrelada,1,2,2,V0,*,I,2,major,1.0
MILTON,46,Estrelada,2,0,2,V0,*,bVII7M,2,major,2.0
MILTON,46,Estrelada,3,2,2,V0,*,I,2,major,3.0
MILTON,46,Estrelada,4,0,2,V0,*,bVII7M,2,major,4.0
MILTON,46,Estrelada,5,0,0,V0,*,bVII7M,2,major,5.0
MILTON,46,Estrelada,6,7,7,V0,*,IV,2,major,6.0
MILTON,46,Estrelada,7,0,0,V0,*,bVII7M,2,major,7.0
MILTON,46,Estrelada,8,2,2,V0,*,I,2,major,8.0
MILTON,46,Estrelada,9,0,2,V0,*,bVII7M,2,major,10.0
MILTON,46,Estrelada,10,2,2,V0,*,I,2,major,11.0
MILTON,46,Estrelada,11,0,2,V0,*,bVII7M,2,major,12.0
MILTON,46,Estrelada,12,0,0,V0,*,bVII7M,2,major,13.0
MILTON,46,Estrelada,13,7,7,V0,*,IV,2,major,14.0
MILTON,46,Estrelada,14,0,0,V0,*,bVII7M,2,major,15.0
MILTON,46,Estrelada,15,7,7,V0,*,IV,2,major,16.0
MILTON,46,Estrelada,16,2,2,V0,*,I,2,major,17.0
MILTON,46,Estrelada,17,7,7,V0,*,I,7,major,19.0
MILTON,46,Estrelada,18,2,2,Y0,*7,V,7,major,20.0
MILTON,46,Estrelada,19,9,9,z0,*m7,II,7,major,21.0
MILTON,46,Estrelada,20,4,4,z0,*m7,VI,7,major,22.0
MILTON,46,Estrelada,21,7,7,V0,*,I,7,major,23.0
MILTON,46,Estrelada,22,2,2,Y0,*7,V,7,major,24.0
MILTON,46,Estrelada,23,9,9,z0,*m7,II,7,major,25.0
MILTON,46,Estrelada,24,4,4,z0,*m7,VI,7,major,26.0
MILTON,46,Estrelada,25,2,2,Y0,*7,V,7,major,28.0
MILTON,46,Estrelada,26,9,9,Y0,*7,V/V,7,major,29.0
MILTON,46,Estrelada,27,2,2,Y0,*7,V,7,major,30.0
MILTON,46,Estrelada,28,7,7,Y0,*7,V/IV,7,major,31.0
MILTON,46,Estrelada,29,0,0,Y2,*7.9,IV7,7,major,32.0
MILTON,46,Estrelada,30,7,7,Y0,*7,IV7,2,major,33.0
MILTON,46,Estrelada,31,9,9,Y0,*7,V,2,major,34.0
MILTON,46,Estrelada,32,2,2,V0,*,I,2,major,35.0
MILTON,47,Gira girou,1,2,2,z0,*m7,I,2,minor,1.0
MILTON,47,Gira girou,2,2,2,z1,*m6,I,2,minor,3.0
MILTON,47,Gira girou,3,7,7,z0,*m7,IV,2,minor,5.0
MILTON,47,Gira girou,4,7,7,z1,*m6,IV,2,minor,5.5
MILTON,47,Gira girou,5,9,9,z2,*m7.9,Vm7,2,minor,6.0
MILTON,47,Gira girou,6,4,4,z2,*m7.9,II,2,minor,7.0
MILTON,47,Gira girou,7,9,9,z2,*m7.9,Vm7,2,minor,7.5
MILTON,47,Gira girou,8,2,2,V0,*,I,2,major,8.0
MILTON,47,Gira girou,9,9,9,V0,*,I,9,major,9.0
MILTON,47,Gira girou,10,7,7,V0,*,bVII7M,9,major,9.25
MILTON,47,Gira girou,11,9,9,V0,*,I,9,major,9.5
MILTON,47,Gira girou,12,10,10,V0,*,bII7M,9,major,9.75
MILTON,47,Gira girou,13,9,9,V0,*,I,9,major,10.0
MILTON,47,Gira girou,14,7,7,V0,*,bVII7M,9,major,10.25
MILTON,47,Gira girou,15,9,9,V0,*,I,9,major,10.5
MILTON,47,Gira girou,16,7,7,V0,*,bVII7M,9,major,10.75
MILTON,47,Gira girou,17,2,2,V0,*,I,2,major,11.0
MILTON,47,Gira girou,18,0,0,V0,*,bVII7M,2,major,11.25
MILTON,47,Gira girou,19,2,2,V0,*,I,2,major,11.5
MILTON,47,Gira girou,20,3,3,V0,*,bII7M,2,major,11.75
MILTON,47,Gira girou,21,9,9,V0,*,I,9,major,12.0
MILTON,47,Gira girou,22,7,7,V0,*,bVII7M,9,major,12.25
MILTON,47,Gira girou,23,9,9,V0,*,I,9,major,12.5
MILTON,47,Gira girou,24,10,10,V0,*,bII7M,9,major,12.75
MILTON,47,Gira girou,25,9,9,V0,*,I,9,major,13.0
MILTON,47,Gira girou,26,7,7,V0,*,bVII7M,9,major,13.25
MILTON,47,Gira girou,27,9,9,V0,*,I,9,major,13.5
MILTON,47,Gira girou,28,7,7,V0,*,bVII7M,9,major,13.75
MILTON,47,Gira girou,29,4,4,V0,*,I,4,major,14.0
MILTON,47,Gira girou,30,2,2,V0,*,bVII7M,4,major,14.25
MILTON,47,Gira girou,31,4,4,V0,*,I,4,major,14.5
MILTON,47,Gira girou,32,2,2,V0,*,I,2,major,15.0
MILTON,47,Gira girou,33,0,0,V0,*,bVII7M,2,major,15.25
MILTON,47,Gira girou,34,2,2,V0,*,I,2,major,15.5
MILTON,47,Gira girou,35,9,9,V0,*,I,9,major,16.0
MILTON,47,Gira girou,36,7,7,V0,*,bVII7M,9,major,16.25
MILTON,47,Gira girou,37,9,9,V0,*,V,2,minor,16.5
MILTON,47,Gira girou,38,2,2,z0,*m7,I,2,minor,17.0
MILTON,48,Leila,1,9,9,Z2,*M7.9,I,9,major,1.0
MILTON,48,Leila,2,7,9,Z1,*6,bVII7M,9,major,3.0
MILTON,48,Leila,3,6,9,Y0,*7,V/II,9,major,4.0
MILTON,48,Leila,4,5,9,Z0,*M7,bVI7M,9,major,5.0
MILTON,48,Leila,5,7,7,Y1.1.2,*4.7.9.13,V/bIII,9,major,7.0
MILTON,48,Leila,6,0,0,z3,*m7.11,bIIIm7,9,major,8.0
MILTON,48,Leila,7,0,0,Z5,*6.M7,bIII7M,9,major,9.0
MILTON,48,Leila,8,11,11,X1,*4(b5)7,V/V,9,major,11.0
MILTON,48,Leila,9,4,10,V3,*(#11),V,9,major,12.0
MILTON,48,Leila,10,9,9,Z0,*M7,I,9,major,13.0
MILTON,48,Leila,11,8,8,Z0,*M7,aNP,9,major,14.0
MILTON,48,Leila,12,9,9,Z0,*M7,I,9,major,15.0
MILTON,48,Leila,13,4,4,z2,*m7.9,Vm7,9,major,16.0
MILTON,48,Leila,14,9,9,Z0,*M7,I,9,major,17.0
MILTON,49,Lilia,1,9,9,v1,*m.9,I,9,minor,1.0
MILTON,49,Lilia,2,0,0,V2,*9,III,9,minor,1.5
MILTON,49,Lilia,3,7,7,Z1,*6,bVII7M,9,minor,1.75
MILTON,49,Lilia,4,9,9,v1,*m.9,I,9,minor,2.0
MILTON,49,Lilia,5,0,0,V2,*9,III,9,minor,2.5
MILTON,49,Lilia,6,7,7,Z1,*6,bVII7M,9,minor,2.75
MILTON,49,Lilia,7,9,9,v1,*m.9,I,9,minor,3.0
MILTON,49,Lilia,8,0,0,V2,*9,III,9,minor,3.5
MILTON,49,Lilia,9,7,7,Z1,*6,bVII7M,9,minor,3.75
MILTON,49,Lilia,10,9,9,v1,*m.9,I,9,minor,4.0
MILTON,49,Lilia,11,0,0,V2,*9,III,9,minor,4.5
MILTON,49,Lilia,12,7,7,Z1,*6,bVII7M,9,minor,4.75
MILTON,49,Lilia,13,2,2,v1,*m.9,I,2,minor,5.0
MILTON,49,Lilia,14,5,5,Z2,*M7.9,III,2,minor,5.5
MILTON,49,Lilia,15,0,0,V0,*,bVII7M,2,minor,5.75
MILTON,49,Lilia,16,2,2,v1,*m.9,I,2,minor,6.0
MILTON,49,Lilia,17,5,5,Z2,*M7.9,III,2,minor,6.5
MILTON,49,Lilia,18,0,0,V0,*,bVII7M,2,minor,6.75
MILTON,49,Lilia,19,7,7,V0,*,I,7,major,7.0
MILTON,49,Lilia,20,7,7,Z0,*M7,I,7,major,9.0
MILTON,49,Lilia,21,5,5,Z0,*M7,Np/VI,7,major,10.0
MILTON,49,Lilia,22,4,4,z2,*m7.9,VI,7,major,11.0
MILTON,49,Lilia,23,0,0,V0,*,IV,7,major,12.0
MILTON,49,Lilia,24,7,7,V0,*,I,7,major,12.75
MILTON,49,Lilia,25,0,0,V0,*,IV,7,major,13.0
MILTON,49,Lilia,26,7,7,V0,*,I,7,major,13.75
MILTON,49,Lilia,27,9,9,v1,*m.9,I,9,minor,14.0
MILTON,50,Novena,1,2,2,z0,*m7,I,2,minor,1.0
MILTON,50,Novena,2,7,2,V0,*,IV7,2,minor,1.5
MILTON,50,Novena,3,8,2,V0,*,?,2,minor,3.0
MILTON,50,Novena,4,2,2,z0,*m7,I,2,minor,3.5
MILTON,50,Novena,5,7,2,V0,*,IV7,2,minor,4.5
MILTON,50,Novena,6,8,2,V0,*,?,2,minor,6.0
MILTON,50,Novena,7,7,2,V0,*,IV7,2,minor,7.5
MILTON,50,Novena,8,6,2,V0,*,?,2,minor,8.0
MILTON,50,Novena,9,2,2,z0,*m7,I,2,minor,8.5
MILTON,50,Novena,10,4,2,Y4,*7.13,V/V,2,minor,9.0
MILTON,50,Novena,11,9,9,Y1,*4.7,V,2,minor,12.0
MILTON,50,Novena,12,9,9,Y4.1,*7(b13),V,2,minor,12.5
MILTON,50,Novena,13,2,2,z0,*m7,I,2,minor,13.0
MILTON,50,Novena,14,7,7,z0,*m7,IV,2,minor,15.0
MILTON,50,Novena,15,3,3,Y4.1,*7(b13),SubV,2,minor,17.0
MILTON,50,Novena,16,7,7,z0,*m7,IV,2,minor,19.0
MILTON,50,Novena,17,8,8,z0,*m7,?,2,minor,21.0
MILTON,50,Novena,18,7,11,V0,*,IV7,2,minor,23.0
MILTON,50,Novena,19,10,10,x0,*°7,V°/III,2,minor,24.0
MILTON,50,Novena,20,5,9,V0,*,III,2,minor,25.0
MILTON,50,Novena,21,8,8,x0,*°7,?,2,minor,27.0
MILTON,50,Novena,22,10,4,V0,*,Np/V,2,minor,28.0
MILTON,50,Novena,23,9,9,V0,*,V,2,minor,29.0
MILTON,50,Novena,24,9,9,V1,*4,V,2,minor,30.0
MILTON,50,Novena,25,9,9,Y0,*7,V,2,minor,30.5
MILTON,50,Novena,26,2,2,z0,*m7,I,2,minor,31.0
RITA,1,Agora e moda,1,7,7,z0,*m7,I,7,minor,1.0
RITA,1,Agora e moda,2,5,5,z0,*m7,II__X,7,minor,9.0
RITA,1,Agora e moda,3,10,10,Y0,*7,V/VI,7,minor,9.5
RITA,1,Agora e moda,4,5,5,z0,*m7,II__X,7,minor,10.0
RITA,1,Agora e moda,5,10,10,Y0,*7,V/VI,7,minor,10.5
RITA,1,Agora e moda,6,7,7,z0,*m7,I,7,minor,11.0
RITA,2,Agora so falta voce,1,11,11,z0,*m7,VI,2,major,1.0
RITA,2,Agora so falta voce,2,7,7,V0,*,IV,2,major,2.0
RITA,2,Agora so falta voce,3,4,4,Y0,*7,V/V,2,major,3.0
RITA,2,Agora so falta voce,4,9,9,Y0,*7,V,2,major,4.0
RITA,2,Agora so falta voce,5,11,11,z0,*m7,VI,2,major,5.0
RITA,2,Agora so falta voce,6,7,7,V0,*,IV,2,major,6.0
RITA,2,Agora so falta voce,7,4,4,Y0,*7,V/V,2,major,7.0
RITA,2,Agora so falta voce,8,9,9,Y0,*7,V,2,major,8.0
RITA,2,Agora so falta voce,9,11,11,z0,*m7,VI,2,major,9.0
RITA,2,Agora so falta voce,10,7,7,V0,*,IV,2,major,10.0
RITA,2,Agora so falta voce,11,11,11,z0,*m7,VI,2,major,11.0
RITA,2,Agora so falta voce,12,9,9,Y0,*7,V,2,major,12.0
RITA,2,Agora so falta voce,13,7,7,V0,*,IV,2,major,13.0
RITA,2,Agora so falta voce,14,4,4,Y0,*7,V/V,2,major,14.0
RITA,2,Agora so falta voce,15,0,0,V0,*,bVII7M,2,major,15.0
RITA,2,Agora so falta voce,16,7,7,V0,*,IV,2,major,15.5
RITA,2,Agora so falta voce,17,2,2,V0,*,I,2,major,16.0
RITA,3,Bandido corazon,1,9,9,z0,*m7,II,7,major,1.0
RITA,3,Bandido corazon,2,2,2,Y0,*7,V,7,major,2.0
RITA,3,Bandido corazon,3,7,7,Z0,*M7,I,7,major,3.0
RITA,3,Bandido corazon,4,2,2,Y1,*4.7,V,7,major,4.0
RITA,3,Bandido corazon,5,9,9,z0,*m7,II,7,major,5.0
RITA,3,Bandido corazon,6,2,2,Y0,*7,V,7,major,6.0
RITA,3,Bandido corazon,7,11,11,Y0,*7,V/VI,7,major,7.0
RITA,3,Bandido corazon,8,4,4,z0,*m7,II__X,7,major,8.0
RITA,3,Bandido corazon,9,9,9,Y0,*7,V/V,7,major,9.0
RITA,3,Bandido corazon,10,9,9,z0,*m7,II,7,major,10.0
RITA,3,Bandido corazon,11,2,2,Y0,*7,V,7,major,11.0
RITA,3,Bandido corazon,12,7,7,Z0,*M7,I,7,major,12.0
RITA,3,Bandido corazon,13,9,9,z0,*m7,II,7,major,13.0
RITA,3,Bandido corazon,14,2,2,Y0,*7,V,7,major,14.0
RITA,3,Bandido corazon,15,11,11,Y0,*7,V/VI,7,major,15.0
RITA,3,Bandido corazon,16,4,4,z0,*m7,II__X,7,major,16.0
RITA,3,Bandido corazon,17,9,9,Y0,*7,V/V,7,major,17.0
RITA,3,Bandido corazon,18,9,9,z0,*m7,II,7,major,18.0
RITA,3,Bandido corazon,19,2,2,Y0,*7,V,7,major,19.0
RITA,3,Bandido corazon,20,7,7,Z0,*M7,I,7,major,20.0
RITA,4,Banho de espuma,1,0,0,Y0,*7,V,5,major,1.0
RITA,4,Banho de espuma,2,0,0,Y1.1,*4.7.9,V,5,major,2.0
RITA,4,Banho de espuma,3,0,0,Y2,*7.9,V,5,major,3.0
RITA,4,Banho de espuma,4,5,5,Z0,*M7,I,5,major,4.0
RITA,4,Banho de espuma,5,2,2,Y1.1,*4.7.9,V/II,5,major,5.0
RITA,4,Banho de espuma,6,2,2,Y2,*7.9,V/II,5,major,5.5
RITA,4,Banho de espuma,7,7,7,z0,*m7,II,5,major,6.0
RITA,4,Banho de espuma,8,0,0,Y0,*7,V,5,major,6.5
RITA,4,Banho de espuma,9,7,7,z0,*m7,II,5,major,7.0
RITA,4,Banho de espuma,10,0,0,Y0,*7,V,5,major,7.5
RITA,4,Banho de espuma,11,9,9,Y1.1,*4.7.9,V/VI,5,major,8.0
RITA,4,Banho de espuma,12,9,9,Y2,*7.9,V/VI,5,major,9.0
RITA,4,Banho de espuma,13,10,10,Z0,*M7,IV,5,major,10.0
RITA,4,Banho de espuma,14,11,11,y0,*Ø,#IVm7(b5),5,major,11.0
RITA,4,Banho de espuma,15,5,0,V0,*,I,5,major,12.0
RITA,4,Banho de espuma,16,0,3,z1,*m6,Vm7,5,major,12.5
RITA,4,Banho de espuma,17,2,2,Y1.1,*4.7.9,V/II,5,major,13.0
RITA,4,Banho de espuma,18,2,2,Y2,*7.9,V/II,5,major,13.5
RITA,4,Banho de espuma,19,7,7,z0,*m7,II,5,major,14.0
RITA,4,Banho de espuma,20,0,0,Y0,*7,V,5,major,14.5
RITA,4,Banho de espuma,21,5,5,V0,*,I,5,major,15.0
RITA,4,Banho de espuma,22,2,2,z2,*m7.9,VI,5,major,15.5
RITA,4,Banho de espuma,23,7,7,z0,*m7,II,5,major,16.0
RITA,4,Banho de espuma,24,0,0,Y0,*7,V,5,major,16.5
RITA,4,Banho de espuma,25,5,5,V0,*,I,5,major,17.0
RITA,4,Banho de espuma,26,0,0,z0,*m7,II,10,major,18.0
RITA,4,Banho de espuma,27,5,5,Y0,*7,V,10,major,18.5
RITA,4,Banho de espuma,28,10,10,Z0,*M7,I,10,major,19.0
RITA,4,Banho de espuma,29,2,2,z0,*m7,II,0,major,20.0
RITA,4,Banho de espuma,30,7,7,Y0,*7,V,0,major,20.5
RITA,4,Banho de espuma,31,0,0,Z0,*M7,I,0,major,21.0
RITA,4,Banho de espuma,32,0,0,z0,*m7,II,10,major,22.0
RITA,4,Banho de espuma,33,5,5,Y0,*7,V,10,major,22.5
RITA,4,Banho de espuma,34,10,10,Z0,*M7,I,10,major,23.0
RITA,4,Banho de espuma,35,2,2,z0,*m7,II,0,major,24.0
RITA,4,Banho de espuma,36,7,7,Y0,*7,V,0,major,24.5
RITA,4,Banho de espuma,37,0,0,Y1.1,*4.7.9,V,5,major,25.0
RITA,4,Banho de espuma,38,0,0,Y0,*7,V,5,major,26.0
RITA,5,Bwana,1,7,7,V0,*,I,7,major,1.0
RITA,5,Bwana,2,11,6,v0,*m,III,7,major,2.75
RITA,5,Bwana,3,4,4,v0,*m,VI,7,major,3.0
RITA,5,Bwana,4,4,2,v0,*m,VI,7,major,4.5
RITA,5,Bwana,5,0,0,V0,*,IV,7,major,5.0
RITA,5,Bwana,6,2,2,Y0,*7,V,7,major,7.0
RITA,5,Bwana,7,7,7,V0,*,I,7,major,9.0
RITA,5,Bwana,8,7,7,V4,*(#5),V/IV,7,major,11.0
RITA,5,Bwana,9,0,0,V0,*,IV,7,major,13.0
RITA,5,Bwana,10,2,2,V0,*,V,7,major,15.0
RITA,5,Bwana,11,2,2,Y1.1,*4.7.9,V,7,major,15.5
RITA,5,Bwana,12,2,2,x0,*°7,V°,7,major,16.0
RITA,5,Bwana,13,2,2,Y0,*7,V,7,major,16.5
RITA,5,Bwana,14,0,0,V0,*,IV,7,major,17.0
RITA,5,Bwana,15,2,2,Y0,*7,V,7,major,18.0
RITA,5,Bwana,16,7,7,V0,*,I,7,major,19.0
RITA,5,Bwana,17,11,6,v0,*m,III,7,major,19.75
RITA,5,Bwana,18,4,4,v0,*m,VI,7,major,20.0
RITA,5,Bwana,19,4,2,v0,*m,VI,7,major,20.5
RITA,5,Bwana,20,0,0,V0,*,IV,7,major,21.0
RITA,5,Bwana,21,2,2,Y0,*7,V,7,major,22.0
RITA,5,Bwana,22,0,0,V0,*,IV,7,major,23.0
RITA,5,Bwana,23,2,2,Y0,*7,V,7,major,23.5
RITA,5,Bwana,24,7,7,V0,*,I,7,major,24.0
RITA,6,Com a boca no mundo,1,2,2,V0,*,I,2,major,1.0
RITA,6,Com a boca no mundo,2,9,9,V0,*,V,2,major,1.75
RITA,6,Com a boca no mundo,3,7,7,V0,*,IV,2,major,2.0
RITA,6,Com a boca no mundo,4,9,9,V0,*,V,2,major,2.75
RITA,6,Com a boca no mundo,5,2,2,V0,*,I,2,major,3.0
RITA,6,Com a boca no mundo,6,9,9,V0,*,V,2,major,3.75
RITA,6,Com a boca no mundo,7,7,7,V0,*,IV,2,major,4.0
RITA,6,Com a boca no mundo,8,9,9,V0,*,V,2,major,4.75
RITA,6,Com a boca no mundo,9,2,2,V0,*,I,2,major,5.0
RITA,6,Com a boca no mundo,10,9,9,V0,*,V,2,major,5.75
RITA,6,Com a boca no mundo,11,7,7,V0,*,IV,2,major,6.0
RITA,6,Com a boca no mundo,12,9,9,V0,*,V,2,major,6.75
RITA,6,Com a boca no mundo,13,2,2,V0,*,I,2,major,7.0
RITA,6,Com a boca no mundo,14,9,9,V0,*,V,2,major,7.75
RITA,6,Com a boca no mundo,15,7,7,V0,*,IV,2,major,8.0
RITA,6,Com a boca no mundo,16,9,9,V0,*,V,2,minor,8.75
RITA,6,Com a boca no mundo,17,2,2,v0,*m,I,2,minor,9.0
RITA,6,Com a boca no mundo,18,7,7,V0,*,IV7,2,minor,10.5
RITA,6,Com a boca no mundo,19,2,2,v0,*m,I,2,minor,11.0
RITA,6,Com a boca no mundo,20,7,7,V0,*,IV7,2,minor,12.5
RITA,6,Com a boca no mundo,21,2,2,v0,*m,I,2,minor,13.0
RITA,6,Com a boca no mundo,22,7,7,V0,*,IV7,2,minor,14.5
RITA,6,Com a boca no mundo,23,2,2,v0,*m,I,2,minor,15.0
RITA,6,Com a boca no mundo,24,7,7,V0,*,IV,2,major,16.5
RITA,6,Com a boca no mundo,25,2,2,V0,*,I,2,major,17.0
RITA,6,Com a boca no mundo,26,9,9,V0,*,V,2,major,17.75
RITA,6,Com a boca no mundo,27,7,7,V0,*,IV,2,major,18.0
RITA,6,Com a boca no mundo,28,9,9,V0,*,V,2,major,18.75
RITA,6,Com a boca no mundo,29,2,2,V0,*,I,2,major,19.0
RITA,6,Com a boca no mundo,30,9,9,V0,*,V,2,major,19.75
RITA,6,Com a boca no mundo,31,7,7,V0,*,IV,2,major,20.0
RITA,6,Com a boca no mundo,32,9,9,V0,*,V,2,major,20.75
RITA,6,Com a boca no mundo,33,2,2,V0,*,I,2,major,21.0
RITA,6,Com a boca no mundo,34,9,9,V0,*,V,2,major,21.75
RITA,6,Com a boca no mundo,35,7,7,V0,*,IV,2,major,22.0
RITA,6,Com a boca no mundo,36,9,9,V0,*,V,2,major,22.75
RITA,6,Com a boca no mundo,37,2,2,V0,*,I,2,major,23.0
RITA,7,Dancar pra nao dancar,1,9,9,V0,*,I,9,major,1.0
RITA,7,Dancar pra nao dancar,2,4,4,Y0,*7,V,9,major,3.0
RITA,7,Dancar pra nao dancar,3,9,9,V0,*,I,9,major,7.0
RITA,7,Dancar pra nao dancar,4,2,2,Y0,*7,IV7,9,major,8.0
RITA,7,Dancar pra nao dancar,5,5,5,V0,*,bVI7M,9,major,8.5
RITA,7,Dancar pra nao dancar,6,7,7,V0,*,bVII7M,9,major,8.75
RITA,7,Dancar pra nao dancar,7,9,9,V0,*,I,9,major,9.0
RITA,7,Dancar pra nao dancar,8,4,4,Y0,*7,V,9,major,11.0
RITA,7,Dancar pra nao dancar,9,9,9,V0,*,I,9,major,15.0
RITA,7,Dancar pra nao dancar,10,5,5,V0,*,bVI7M,9,major,17.0
RITA,7,Dancar pra nao dancar,11,7,7,V0,*,bVII7M,9,major,17.5
RITA,7,Dancar pra nao dancar,12,4,4,Y1,*4.7,V,9,major,18.0
RITA,7,Dancar pra nao dancar,13,4,4,Y0,*7,V,9,major,18.25
RITA,7,Dancar pra nao dancar,14,11,11,z0,*m7,II,9,major,19.0
RITA,7,Dancar pra nao dancar,15,4,4,Y0,*7,V,9,major,20.0
RITA,7,Dancar pra nao dancar,16,11,11,z0,*m7,II,9,major,20.25
RITA,7,Dancar pra nao dancar,17,4,4,Y0,*7,V,9,major,21.0
RITA,7,Dancar pra nao dancar,18,11,11,z0,*m7,II,9,major,22.0
RITA,7,Dancar pra nao dancar,19,9,9,V0,*,I,9,major,25.0
RITA,8,Desculpe o aue,1,2,2,W0,*(#5)7,V,7,major,1.0
RITA,8,Desculpe o aue,2,7,7,Z0,*M7,I,7,major,2.0
RITA,8,Desculpe o aue,3,7,7,V0,*,I,7,major,3.0
RITA,8,Desculpe o aue,4,4,4,z0,*m7,VI,7,major,4.0
RITA,8,Desculpe o aue,5,2,2,Y1,*4.7,V,7,major,6.0
RITA,8,Desculpe o aue,6,2,2,Y0,*7,V,7,major,7.0
RITA,8,Desculpe o aue,7,7,7,Z0,*M7,I,7,major,8.0
RITA,8,Desculpe o aue,8,11,11,y0,*Ø,II__X,7,major,9.0
RITA,8,Desculpe o aue,9,4,4,Y0,*7,V/II,7,major,9.5
RITA,8,Desculpe o aue,10,9,9,z0,*m7,II,7,major,10.0
RITA,8,Desculpe o aue,11,0,0,z0,*m7,IVm7,7,major,11.0
RITA,8,Desculpe o aue,12,7,11,V0,*,I,2,major,12.0
RITA,8,Desculpe o aue,13,11,11,Y1,*4.7,V/II,2,major,13.0
RITA,8,Desculpe o aue,14,11,11,Y1,*4.7,V/II,2,major,13.5
RITA,8,Desculpe o aue,15,4,4,z0,*m7,II,2,major,14.0
RITA,8,Desculpe o aue,16,9,9,Y0,*7,V,2,major,15.0
RITA,8,Desculpe o aue,17,2,2,Z0,*M7,I,2,major,16.0
RITA,8,Desculpe o aue,18,11,11,z0,*m7,VI,2,major,17.0
RITA,8,Desculpe o aue,19,4,4,z0,*m7,II,2,major,18.0
RITA,8,Desculpe o aue,20,9,9,Y0,*7,V,2,major,19.0
RITA,8,Desculpe o aue,21,9,9,z0,*m7,II,7,major,20.0
RITA,8,Desculpe o aue,22,11,11,z0,*m7,III,7,major,20.25
RITA,8,Desculpe o aue,23,0,0,V0,*,IV,7,major,21.0
RITA,8,Desculpe o aue,24,9,1,V0,*,V/V,7,major,22.0
RITA,9,Doce vampiro,1,4,4,z0,*m7,I,4,minor,1.0
RITA,9,Doce vampiro,2,9,9,Y0,*7,IV7,4,minor,3.0
RITA,9,Doce vampiro,3,4,4,z0,*m7,I,4,minor,5.0
RITA,9,Doce vampiro,4,9,9,Y0,*7,IV7,4,minor,7.0
RITA,9,Doce vampiro,5,2,2,Y0,*7,V,7,major,9.0
RITA,9,Doce vampiro,6,7,7,V0,*,I,7,major,11.0
RITA,9,Doce vampiro,7,9,9,v0,*m,II,7,major,12.0
RITA,9,Doce vampiro,8,7,11,V0,*,I,7,major,12.5
RITA,9,Doce vampiro,9,0,0,V0,*,IV,7,major,13.0
RITA,9,Doce vampiro,10,7,7,V0,*,I,7,major,15.0
RITA,9,Doce vampiro,11,9,9,v0,*m,II,7,major,16.0
RITA,9,Doce vampiro,12,7,11,V0,*,I,7,major,16.5
RITA,9,Doce vampiro,13,0,0,V0,*,IV,7,major,17.0
RITA,9,Doce vampiro,14,9,9,Y0,*7,V,2,major,19.0
RITA,9,Doce vampiro,15,9,9,Y4,*7.13,V,2,major,20.0
RITA,9,Doce vampiro,16,2,2,V0,*,I,2,major,21.0
RITA,9,Doce vampiro,17,4,4,Y0,*7,V/V,2,major,22.0
RITA,9,Doce vampiro,18,9,9,Y0,*7,V,2,major,23.0
RITA,9,Doce vampiro,19,7,7,V0,*,IV,2,major,24.0
RITA,9,Doce vampiro,20,7,7,v0,*m,IVm7,2,major,24.5
RITA,9,Doce vampiro,21,2,2,V0,*,I,2,major,25.0
RITA,9,Doce vampiro,22,4,4,Y0,*7,V/V,2,major,27.0
RITA,9,Doce vampiro,23,9,9,Y0,*7,V,2,major,28.0
RITA,9,Doce vampiro,24,4,4,z0,*m7,I,4,minor,29.0
RITA,9,Doce vampiro,25,9,9,Y0,*7,IV7,4,minor,31.0
RITA,10,Esse tal de Roque Enrow,1,11,11,Y0,*7,V,4,major,1.0
RITA,10,Esse tal de Roque Enrow,2,9,9,Y0,*7,IV7,4,major,2.0
RITA,10,Esse tal de Roque Enrow,3,11,11,Y0,*7,V,4,major,3.0
RITA,10,Esse tal de Roque Enrow,4,9,9,Y0,*7,IV7,4,major,4.0
RITA,10,Esse tal de Roque Enrow,5,4,4,V0,*,I,4,major,5.0
RITA,10,Esse tal de Roque Enrow,6,6,6,Y0,*7,V/V,4,major,6.0
RITA,10,Esse tal de Roque Enrow,7,5,5,Z0,*M7,bII7M,4,major,6.5
RITA,10,Esse tal de Roque Enrow,8,4,4,V0,*,I,4,major,7.0
RITA,10,Esse tal de Roque Enrow,9,6,6,Y0,*7,V/V,4,major,8.0
RITA,10,Esse tal de Roque Enrow,10,11,11,Y0,*7,V,4,major,8.5
RITA,10,Esse tal de Roque Enrow,11,9,9,Y0,*7,IV7,4,major,9.0
RITA,10,Esse tal de Roque Enrow,12,4,4,V0,*,I,4,major,12.0
RITA,10,Esse tal de Roque Enrow,13,9,9,Y0,*7,IV7,4,major,13.0
RITA,10,Esse tal de Roque Enrow,14,4,4,V0,*,I,4,major,16.0
RITA,10,Esse tal de Roque Enrow,15,9,9,Y0,*7,IV7,4,major,17.0
RITA,10,Esse tal de Roque Enrow,16,6,6,Y0,*7,V/V,4,major,20.0
RITA,10,Esse tal de Roque Enrow,17,5,5,Z0,*M7,bII7M,4,major,21.0
RITA,11,Flagra,1,9,9,V0,*,I,9,major,1.0
RITA,11,Flagra,2,9,9,V4,*(#5),V/IV,9,major,3.0
RITA,11,Flagra,3,2,2,V0,*,IV,9,major,5.0
RITA,11,Flagra,4,2,2,v0,*m,IVm7,9,major,7.0
RITA,11,Flagra,5,4,4,Y0,*7,V,9,major,8.0
RITA,11,Flagra,6,9,9,V0,*,I,9,major,9.0
RITA,11,Flagra,7,9,9,V4,*(#5),V/IV,9,major,11.0
RITA,11,Flagra,8,2,2,V0,*,IV,9,major,13.0
RITA,11,Flagra,9,2,2,v0,*m,IVm7,9,major,15.0
RITA,11,Flagra,10,4,4,Y0,*7,V,9,major,16.0
RITA,11,Flagra,11,9,9,V0,*,I,9,major,17.0
RITA,11,Flagra,12,9,9,V4,*(#5),V/IV,9,major,19.0
RITA,11,Flagra,13,2,2,V0,*,IV,9,major,21.0
RITA,11,Flagra,14,2,2,v0,*m,IVm7,9,major,23.0
RITA,11,Flagra,15,1,1,z0,*m7,III,9,major,25.0
RITA,11,Flagra,16,6,6,z0,*m7,VI,9,major,26.0
RITA,11,Flagra,17,11,11,Y0,*7,V,9,major,27.0
RITA,11,Flagra,18,1,1,z0,*m7,III,9,major,28.0
RITA,11,Flagra,19,2,2,x0,*°7,?,9,major,29.0
RITA,11,Flagra,20,11,3,Y0,*7,V/V,9,major,29.5
RITA,11,Flagra,21,4,4,Y0,*7,V,9,major,30.0
RITA,11,Flagra,22,6,6,z0,*m7,VI,9,major,30.5
RITA,11,Flagra,23,7,7,x0,*°7,V°,9,major,31.0
RITA,11,Flagra,24,4,8,Y0,*7,V,9,major,31.5
RITA,11,Flagra,25,4,4,Y0,*7,V,9,major,32.0
RITA,11,Flagra,26,9,9,V0,*,I,9,major,33.0
RITA,11,Flagra,27,9,9,V4,*(#5),V/IV,9,major,34.0
RITA,11,Flagra,28,9,9,V0,*,I,9,major,36.0
RITA,11,Flagra,29,9,9,V4,*(#5),V/IV,9,major,38.0
RITA,11,Flagra,30,2,2,V0,*,IV,9,major,40.0
RITA,11,Flagra,31,2,2,v0,*m,IVm7,9,major,43.0
RITA,11,Flagra,32,4,4,Y0,*7,V,9,major,44.0
RITA,12,Jardins da Babilonia,1,0,0,V0,*,I,0,major,1.0
RITA,12,Jardins da Babilonia,2,5,5,V0,*,IV,0,major,3.0
RITA,12,Jardins da Babilonia,3,0,0,V0,*,I,0,major,5.0
RITA,12,Jardins da Babilonia,4,7,7,Y0,*7,V,0,major,6.0
RITA,12,Jardins da Babilonia,5,5,5,V0,*,IV,0,major,7.0
RITA,12,Jardins da Babilonia,6,7,7,Y0,*7,V,0,major,8.0
RITA,12,Jardins da Babilonia,7,0,0,V0,*,I,0,major,9.0
RITA,12,Jardins da Babilonia,8,5,5,V0,*,IV,0,major,11.0
RITA,12,Jardins da Babilonia,9,0,0,V0,*,I,0,major,13.0
RITA,12,Jardins da Babilonia,10,2,2,z0,*m7,II,0,major,14.0
RITA,12,Jardins da Babilonia,11,7,7,Y0,*7,V,0,major,14.5
RITA,12,Jardins da Babilonia,12,0,0,V0,*,I,0,major,15.0
RITA,12,Jardins da Babilonia,13,9,9,z0,*m7,VI,0,major,17.0
RITA,12,Jardins da Babilonia,14,5,5,Y0,*7,IV7,0,major,18.0
RITA,12,Jardins da Babilonia,15,9,9,z0,*m7,VI,0,major,19.0
RITA,12,Jardins da Babilonia,16,2,2,Y0,*7,V/V,0,major,20.0
RITA,12,Jardins da Babilonia,17,0,0,V0,*,I,0,major,21.0
RITA,12,Jardins da Babilonia,18,4,11,v0,*m,III,0,major,21.5
RITA,12,Jardins da Babilonia,19,9,9,z0,*m7,VI,0,major,22.0
RITA,12,Jardins da Babilonia,20,9,7,z0,*m7,II__X,0,major,22.5
RITA,12,Jardins da Babilonia,21,2,2,Y0,*7,V/V,0,major,23.0
RITA,12,Jardins da Babilonia,22,7,7,Y0,*7,V,0,major,24.0
RITA,13,Mamae natureza,1,9,9,V0,*,I,9,major,1.0
RITA,13,Mamae natureza,2,2,2,Y0,*7,IV7,9,major,2.0
RITA,13,Mamae natureza,3,9,9,V0,*,I,9,major,3.0
RITA,13,Mamae natureza,4,4,4,Y0,*7,V,9,major,4.0
RITA,13,Mamae natureza,5,9,9,V0,*,I,9,major,5.0
RITA,13,Mamae natureza,6,2,2,Y0,*7,IV7,9,major,6.0
RITA,13,Mamae natureza,7,9,9,V0,*,I,9,major,7.0
RITA,13,Mamae natureza,8,4,4,Y0,*7,V,9,major,8.0
RITA,13,Mamae natureza,9,2,2,Y0,*7,IV7,9,major,9.0
RITA,13,Mamae natureza,10,9,9,V0,*,I,9,major,10.0
RITA,13,Mamae natureza,11,2,2,Y0,*7,IV7,9,major,11.0
RITA,13,Mamae natureza,12,9,9,V0,*,I,9,major,12.0
RITA,13,Mamae natureza,13,2,2,Y0,*7,IV7,9,major,13.0
RITA,13,Mamae natureza,14,1,1,Y0,*7,V/VI,9,major,14.0
RITA,13,Mamae natureza,15,6,6,Y0,*7,V/II,9,major,14.75
RITA,13,Mamae natureza,16,11,11,Y0,*7,V/V,9,major,15.0
RITA,13,Mamae natureza,17,4,4,Y0,*7,V,9,major,16.0
RITA,13,Mamae natureza,18,9,9,V0,*,I,9,major,17.0
RITA,13,Mamae natureza,19,5,5,Z0,*M7,bVI7M,9,major,20.0
RITA,13,Mamae natureza,20,9,9,V0,*,I,9,major,21.0
RITA,13,Mamae natureza,21,5,5,Z0,*M7,bVI7M,9,major,24.0
RITA,14,Menino bonito,1,0,0,V0,*,I,0,major,1.0
RITA,14,Menino bonito,2,5,5,V0,*,IV,0,major,2.0
RITA,14,Menino bonito,3,0,0,V0,*,I,0,major,3.0
RITA,14,Menino bonito,4,4,4,Y0,*7,V/VI,0,major,3.5
RITA,14,Menino bonito,5,9,9,v0,*m,VI,0,major,4.0
RITA,14,Menino bonito,6,2,2,v0,*m,II,0,major,5.0
RITA,14,Menino bonito,7,7,7,V0,*,V,0,major,6.0
RITA,14,Menino bonito,8,0,0,V0,*,I,0,major,7.0
RITA,14,Menino bonito,9,5,5,V0,*,IV,0,major,8.0
RITA,14,Menino bonito,10,0,0,V0,*,I,0,major,9.0
RITA,14,Menino bonito,11,4,4,Y0,*7,V/VI,0,major,9.5
RITA,14,Menino bonito,12,9,9,v0,*m,VI,0,major,10.0
RITA,14,Menino bonito,13,2,2,v0,*m,II,0,major,11.0
RITA,14,Menino bonito,14,7,7,V0,*,V,0,major,12.0
RITA,14,Menino bonito,15,0,0,V0,*,I,0,major,13.0
RITA,14,Menino bonito,16,4,4,Y0,*7,V/VI,0,major,14.0
RITA,14,Menino bonito,17,9,9,v0,*m,VI,0,major,15.0
RITA,14,Menino bonito,18,5,5,V0,*,IV,0,major,17.0
RITA,14,Menino bonito,19,7,7,V0,*,V,0,major,18.0
RITA,14,Menino bonito,20,0,0,V0,*,I,0,major,19.0
RITA,15,Miss Brasil 2000,1,9,9,Y0,*7,I,9,major,1.0
RITA,15,Miss Brasil 2000,2,0,0,V0,*,bIII7M,9,major,3.0
RITA,15,Miss Brasil 2000,3,2,2,V0,*,IV,9,major,5.0
RITA,15,Miss Brasil 2000,4,9,9,Y0,*7,I,9,major,7.0
RITA,15,Miss Brasil 2000,5,0,0,V0,*,bIII7M,9,major,11.0
RITA,15,Miss Brasil 2000,6,2,2,Y0,*7,IV,9,major,13.0
RITA,15,Miss Brasil 2000,7,9,9,V0,*,I,9,major,15.0
RITA,15,Miss Brasil 2000,8,5,5,V0,*,bVI7M,9,major,17.0
RITA,15,Miss Brasil 2000,9,5,5,Y0,*7,SubV/V,9,major,18.0
RITA,15,Miss Brasil 2000,10,9,9,V0,*,I,9,major,19.0
RITA,15,Miss Brasil 2000,11,5,5,V0,*,bVI7M,9,major,21.0
RITA,15,Miss Brasil 2000,12,5,5,Y0,*7,SubV/V,9,major,22.0
RITA,15,Miss Brasil 2000,13,4,4,Y0,*7,V,9,major,23.0
RITA,15,Miss Brasil 2000,14,9,9,V0,*,I,9,major,25.0
RITA,15,Miss Brasil 2000,15,7,7,V0,*,bVII7M,9,major,26.0
RITA,15,Miss Brasil 2000,16,2,2,V0,*,IV,9,major,26.5
RITA,15,Miss Brasil 2000,17,9,9,V0,*,I,9,major,27.0
RITA,15,Miss Brasil 2000,18,7,7,V0,*,bVII7M,9,major,28.0
RITA,15,Miss Brasil 2000,19,2,2,V0,*,IV,9,major,28.5
RITA,15,Miss Brasil 2000,20,9,9,V0,*,I,9,major,29.0
RITA,15,Miss Brasil 2000,21,7,7,V0,*,bVII7M,9,major,30.0
RITA,15,Miss Brasil 2000,22,2,2,V0,*,IV,9,major,30.5
RITA,15,Miss Brasil 2000,23,9,9,V0,*,I,9,major,31.0
RITA,15,Miss Brasil 2000,24,7,7,V0,*,bVII7M,9,major,32.0
RITA,15,Miss Brasil 2000,25,2,2,V0,*,IV,9,major,32.5
RITA,16,Mutante,1,4,4,Z0,*M7,I,4,major,1.0
RITA,16,Mutante,2,9,9,z3,*m7.11,II__X,4,major,2.0
RITA,16,Mutante,3,2,2,Y0,*7,V/bVII,4,major,2.5
RITA,16,Mutante,4,7,7,z0,*m7,II__X,4,major,3.0
RITA,16,Mutante,5,0,0,Y0,*7,SubV/V,4,major,3.5
RITA,16,Mutante,6,11,11,Y1.3,*4.7.13,V,4,major,4.0
RITA,16,Mutante,7,11,11,Y0,*7,V,4,major,4.5
RITA,16,Mutante,8,4,4,Z0,*M7,I,4,major,5.0
RITA,16,Mutante,9,9,9,z3,*m7.11,II__X,4,major,6.0
RITA,16,Mutante,10,2,2,Y0,*7,V/bVII,4,major,6.5
RITA,16,Mutante,11,7,7,z0,*m7,II__X,4,major,7.0
RITA,16,Mutante,12,0,0,Y0,*7,SubV/V,4,major,7.5
RITA,16,Mutante,13,11,11,Y1.3,*4.7.13,V,4,major,8.0
RITA,16,Mutante,14,11,11,Y0,*7,V,4,major,8.5
RITA,16,Mutante,15,9,9,Z0,*M7,IV,4,major,9.0
RITA,16,Mutante,16,2,2,Y2,*7.9,SubV/VI,4,major,10.0
RITA,16,Mutante,17,1,1,z0,*m7,II__X,4,major,11.0
RITA,16,Mutante,18,6,6,Y3,*7(#11),V/V,4,major,12.0
RITA,16,Mutante,19,6,6,z0,*m7,II,4,major,13.0
RITA,16,Mutante,20,0,0,Y0,*7,SubV/V,4,major,14.0
RITA,16,Mutante,21,11,11,Y0,*7,V,4,major,14.5
RITA,16,Mutante,22,11,11,z3,*m7.11,II__X,4,major,15.0
RITA,16,Mutante,23,10,10,Y2.1,*7.9(#11),SubV/IV,4,major,17.0
RITA,16,Mutante,24,2,2,Y2,*7.9,SubV/VI,4,major,18.0
RITA,16,Mutante,25,1,1,z0,*m7,II__X,4,major,19.0
RITA,16,Mutante,26,6,6,Y3,*7(#11),V/V,4,major,20.0
RITA,16,Mutante,27,6,6,z0,*m7,II,4,major,21.0
RITA,16,Mutante,28,0,0,Y0,*7,SubV/V,4,major,22.0
RITA,16,Mutante,29,11,11,Y1.1,*4.7.9,V,4,major,22.5
RITA,16,Mutante,30,4,4,V0,*,I,4,major,23.0
RITA,17,Ovelha negra,1,2,2,V0,*,I,2,major,1.0
RITA,17,Ovelha negra,2,7,7,V0,*,IV,2,major,2.0
RITA,17,Ovelha negra,3,2,2,V0,*,I,2,major,3.0
RITA,17,Ovelha negra,4,7,7,V0,*,IV,2,major,4.0
RITA,17,Ovelha negra,5,2,2,V0,*,I,2,major,5.0
RITA,17,Ovelha negra,6,7,7,V0,*,IV,2,major,6.0
RITA,17,Ovelha negra,7,2,2,V0,*,I,2,major,7.0
RITA,17,Ovelha negra,8,7,7,V0,*,IV,2,major,8.0
RITA,17,Ovelha negra,9,2,2,V0,*,I,2,major,9.0
RITA,17,Ovelha negra,10,7,7,V0,*,IV,2,major,10.0
RITA,17,Ovelha negra,11,9,9,V0,*,V,2,major,11.0
RITA,17,Ovelha negra,12,9,9,Y0,*7,V,2,major,13.0
RITA,17,Ovelha negra,13,7,7,V0,*,I,7,major,16.0
RITA,17,Ovelha negra,14,11,11,z0,*m7,III,7,major,17.0
RITA,17,Ovelha negra,15,10,10,V0,*,bIII7M,7,major,18.0
RITA,17,Ovelha negra,16,5,5,V0,*,bVII7M,7,major,19.0
RITA,17,Ovelha negra,17,0,0,V0,*,IV,7,major,20.0
RITA,17,Ovelha negra,18,7,7,V0,*,I,7,major,21.0
RITA,17,Ovelha negra,19,9,9,Y0,*7,V,2,major,22.0
RITA,17,Ovelha negra,20,9,9,Y1,*4.7,V,2,major,25.0
RITA,18,Pega rapaz,1,2,2,Z0,*M7,I,2,major,1.0
RITA,18,Pega rapaz,2,9,9,Y1,*4.7,V,2,major,2.0
RITA,18,Pega rapaz,3,2,2,Z0,*M7,I,2,major,3.0
RITA,18,Pega rapaz,4,9,9,Y1,*4.7,V,2,major,4.0
RITA,18,Pega rapaz,5,6,6,z0,*m7,III,2,major,5.0
RITA,18,Pega rapaz,6,5,5,x0,*°7,bIII°,2,major,6.0
RITA,18,Pega rapaz,7,4,4,z0,*m7,II,2,major,7.0
RITA,18,Pega rapaz,8,9,9,Y0,*7,V,2,major,7.5
RITA,18,Pega rapaz,9,9,0,z1,*m6,Vm7,2,major,8.0
RITA,18,Pega rapaz,10,11,11,Y4.1,*7(b13),V/II,2,major,8.5
RITA,18,Pega rapaz,11,4,4,v0,*m,II,2,major,9.0
RITA,18,Pega rapaz,12,4,7,v0,*m,II,2,major,9.5
RITA,18,Pega rapaz,13,9,0,z1,*m6,Vm7,2,major,10.0
RITA,18,Pega rapaz,14,11,11,Y4.1,*7(b13),V/II,2,major,10.5
RITA,18,Pega rapaz,15,4,4,v0,*m,II,2,major,11.0
RITA,18,Pega rapaz,16,4,7,v0,*m,II,2,major,11.5
RITA,18,Pega rapaz,17,6,6,y0,*Ø,II__X,2,major,12.0
RITA,18,Pega rapaz,18,11,11,Y0,*7,V/II,2,major,12.5
RITA,18,Pega rapaz,19,4,4,Y1.1,*4.7.9,V/V,2,major,13.0
RITA,18,Pega rapaz,20,4,4,Y0,*7,V/V,2,major,14.0
RITA,18,Pega rapaz,21,9,9,V0,*,V,2,major,15.0
RITA,18,Pega rapaz,22,11,11,z0,*m7,VI,2,major,15.5
RITA,18,Pega rapaz,23,2,2,V0,*,I,2,major,16.0
RITA,18,Pega rapaz,24,9,1,Y0,*7,V,2,major,16.5
RITA,18,Pega rapaz,25,2,2,Z0,*M7,I,2,major,17.0
RITA,18,Pega rapaz,26,9,9,Y1,*4.7,V,2,major,18.0
RITA,18,Pega rapaz,27,2,2,Z0,*M7,I,2,major,19.0
RITA,18,Pega rapaz,28,9,9,Y1,*4.7,V,2,major,20.0
RITA,18,Pega rapaz,29,2,2,Y1.1,*4.7.9,V/IV,2,major,21.0
RITA,18,Pega rapaz,30,2,2,Y2.1,*7.9(#11),V/IV,2,major,22.0
RITA,18,Pega rapaz,31,2,2,Y0,*7,V/IV,2,major,22.5
RITA,18,Pega rapaz,32,7,7,V0,*,IV,2,major,23.0
RITA,18,Pega rapaz,33,7,7,Z0,*M7,IV,2,major,25.0
RITA,18,Pega rapaz,34,7,7,z1,*m6,IVm7,2,major,26.0
RITA,18,Pega rapaz,35,6,6,z0,*m7,III,2,major,27.0
RITA,18,Pega rapaz,36,0,0,Y0,*7,SubV/VI,2,major,29.0
RITA,18,Pega rapaz,37,11,11,Y0,*7,V/II,2,major,29.5
RITA,18,Pega rapaz,38,4,4,z2,*m7.9,II,2,major,30.0
RITA,18,Pega rapaz,39,0,0,Y2.1,*7.9(#11),bVII7,2,major,31.0
RITA,18,Pega rapaz,40,2,6,V0,*,I,2,major,32.0
RITA,18,Pega rapaz,41,5,5,x0,*°7,bIII°,2,major,33.0
RITA,18,Pega rapaz,42,4,4,z2,*m7.9,II,2,major,34.0
RITA,18,Pega rapaz,43,0,0,Y2.1,*7.9(#11),bVII7,2,major,35.0
RITA,18,Pega rapaz,44,6,6,z0,*m7,III,2,major,36.0
RITA,18,Pega rapaz,45,0,0,Y0,*7,SubV/VI,2,major,37.0
RITA,18,Pega rapaz,46,11,11,Y0,*7,V/II,2,major,37.5
RITA,18,Pega rapaz,47,4,4,z0,*m7,II,2,major,38.0
RITA,18,Pega rapaz,48,9,9,Y0,*7,V,2,major,38.5
RITA,18,Pega rapaz,49,9,9,Y4,*7.13,V,2,major,39.0
RITA,18,Pega rapaz,50,7,7,x4,*°7.14,V°,2,major,39.5
RITA,18,Pega rapaz,51,2,6,V0,*,I,2,major,40.0
RITA,18,Pega rapaz,52,5,5,x4,*°7.14,bIII°,2,major,41.0
RITA,18,Pega rapaz,53,4,4,z0,*m7,II,2,major,42.0
RITA,18,Pega rapaz,54,9,9,Y1,*4.7,V,2,major,43.0
RITA,18,Pega rapaz,55,0,0,Y1.1,*4.7.9,bVII7,2,major,44.0
RITA,18,Pega rapaz,56,2,2,Z0,*M7,I,2,major,46.0
RITA,19,Saude,1,2,2,V0,*,IV,9,major,1.0
RITA,19,Saude,2,9,9,V0,*,I,9,major,2.0
RITA,19,Saude,3,4,4,Y0,*7,V,9,major,3.0
RITA,19,Saude,4,9,9,V0,*,I,9,major,4.0
RITA,19,Saude,5,11,11,z0,*m7,II,9,major,4.25
RITA,19,Saude,6,0,0,x0,*°7,V°/III,9,major,4.5
RITA,19,Saude,7,9,1,Y0,*7,V/IV,9,major,4.75
RITA,19,Saude,8,2,2,V0,*,IV,9,major,5.0
RITA,19,Saude,9,9,9,V0,*,I,9,major,6.0
RITA,19,Saude,10,4,4,Y0,*7,V,9,major,7.0
RITA,19,Saude,11,2,2,V0,*,IV,9,major,8.0
RITA,19,Saude,12,9,9,V0,*,I,9,major,9.0
RITA,19,Saude,13,4,4,Y0,*7,V,9,major,10.0
RITA,19,Saude,14,9,9,Y0,*7,V/IV,9,major,11.0
RITA,19,Saude,15,2,2,V0,*,IV,9,major,12.0
RITA,19,Saude,16,3,3,x0,*°7,V°/V,9,major,12.5
RITA,19,Saude,17,9,4,V0,*,I,9,major,13.0
RITA,19,Saude,18,6,6,v0,*m,VI,9,major,13.5
RITA,19,Saude,19,11,11,z0,*m7,II,9,major,14.0
RITA,19,Saude,20,1,1,z0,*m7,III,9,major,14.5
RITA,19,Saude,21,2,2,V0,*,IV,9,major,15.0
RITA,19,Saude,22,1,1,Y0,*7,V/VI,9,major,15.5
RITA,19,Saude,23,6,6,v0,*m,VI,9,major,16.0
RITA,19,Saude,24,6,6,w0,*mM7,VI,9,major,16.5
RITA,19,Saude,25,6,6,z0,*m7,VI,9,major,17.0
RITA,19,Saude,26,6,6,z1,*m6,VI,9,major,17.5
RITA,19,Saude,27,2,2,v0,*m,IVm7,9,major,18.0
RITA,19,Saude,28,7,7,Y0,*7,bVII7,9,major,19.0
RITA,19,Saude,29,9,9,V0,*,I,9,major,20.0
RITA,19,Saude,30,7,7,Y0,*7,bVII7,9,major,21.0
RITA,19,Saude,31,9,9,V0,*,I,9,major,22.0
RITA,19,Saude,32,7,7,Y0,*7,bVII7,9,major,23.0
RITA,19,Saude,33,9,9,V0,*,I,9,major,24.0
RITA,20,Shangrila,1,4,4,v0,*m,I,4,minor,1.0
RITA,20,Shangrila,2,4,3,w0,*mM7,I,4,minor,2.0
RITA,20,Shangrila,3,4,2,z0,*m7,I,4,minor,3.0
RITA,20,Shangrila,4,4,1,z1,*m6,I,4,minor,4.0
RITA,20,Shangrila,5,0,0,Z5,*6.M7,VI,4,minor,5.0
RITA,20,Shangrila,6,4,4,v0,*m,I,4,minor,7.0
RITA,20,Shangrila,7,4,3,w0,*mM7,I,4,minor,8.0
RITA,20,Shangrila,8,4,2,z0,*m7,I,4,minor,9.0
RITA,20,Shangrila,9,4,1,z1,*m6,I,4,minor,10.0
RITA,20,Shangrila,10,6,6,y0,*Ø,II,4,minor,11.0
RITA,20,Shangrila,11,7,7,z1,*m6,bIIIm7,4,minor,12.0
RITA,20,Shangrila,12,6,6,z3,*m7.11,II,4,minor,13.0
RITA,20,Shangrila,13,11,11,Y2.3,*7(b9),V,4,minor,14.0
RITA,20,Shangrila,14,4,4,v0,*m,I,4,minor,15.0
RITA,20,Shangrila,15,4,3,w0,*mM7,I,4,minor,16.0
RITA,20,Shangrila,16,4,2,z0,*m7,I,4,minor,17.0
RITA,20,Shangrila,17,4,1,z1,*m6,I,4,minor,18.0
RITA,20,Shangrila,18,9,9,z0,*m7,IV,4,minor,19.0
RITA,20,Shangrila,19,2,2,Y1.1,*4.7.9,bVII7,4,minor,21.0
RITA,20,Shangrila,20,2,2,Y2.1,*7.9(#11),bVII7,4,minor,22.0
RITA,20,Shangrila,21,6,6,y0,*Ø,II,4,minor,23.0
RITA,20,Shangrila,22,11,11,Y2.3,*7(b9),V,4,minor,24.0
RITA,20,Shangrila,23,0,0,Z0,*M7,VI,4,minor,26.0
RITA,20,Shangrila,24,6,6,Y0,*7,V/V,4,minor,26.5
RITA,20,Shangrila,25,5,5,Z0,*M7,bII7M,4,minor,27.0
RITA,20,Shangrila,26,4,4,z2,*m7.9,I,4,minor,28.0
RITA,21,Te contei,1,6,6,V0,*,I,6,major,1.0
RITA,21,Te contei,2,1,1,Y0,*7,V,6,major,2.0
RITA,21,Te contei,3,11,11,V0,*,IV,6,major,3.0
RITA,21,Te contei,4,6,6,V0,*,I,6,major,4.0
RITA,21,Te contei,5,9,9,x0,*°7,V°/III,6,major,5.0
RITA,21,Te contei,6,6,10,V0,*,I,6,major,5.5
RITA,21,Te contei,7,8,8,Y0,*7,V/V,6,major,6.0
RITA,21,Te contei,8,1,1,Y0,*7,V,6,major,7.0
RITA,21,Te contei,9,6,6,Y0,*7,V/IV,6,major,8.0
RITA,21,Te contei,10,11,11,Y0,*7,IV7,6,major,12.0
RITA,21,Te contei,11,8,8,Y0,*7,V/V,6,major,14.0
RITA,21,Te contei,12,1,1,Y0,*7,V,6,major,15.0
RITA,22,Vote em mim,1,4,4,Y0,*7,IV7,11,major,1.0
RITA,22,Vote em mim,2,11,11,V0,*,I,11,major,3.0
RITA,22,Vote em mim,3,6,6,Y0,*7,V,11,major,5.0
RITA,22,Vote em mim,4,4,4,Y0,*7,IV7,11,major,6.0
RITA,22,Vote em mim,5,11,11,V0,*,I,11,major,7.0
RITA,22,Vote em mim,6,4,4,Y0,*7,IV7,11,major,9.0
RITA,22,Vote em mim,7,11,11,V0,*,I,11,major,11.0
RITA,22,Vote em mim,8,6,6,Y0,*7,V,11,major,13.0
RITA,22,Vote em mim,9,4,4,Y0,*7,IV7,11,major,14.0
RITA,22,Vote em mim,10,11,11,V0,*,I,11,major,16.0
RITA,22,Vote em mim,11,4,8,Y0,*7,IV7,11,major,17.0
RITA,22,Vote em mim,12,11,11,V0,*,I,11,major,18.0
RITA,22,Vote em mim,13,4,8,Y0,*7,IV7,11,major,19.0
RITA,22,Vote em mim,14,11,11,V0,*,I,11,major,20.0
RITA,22,Vote em mim,15,4,8,Y0,*7,IV7,11,major,21.0
RITA,22,Vote em mim,16,11,11,V0,*,I,11,major,22.0
RITA,22,Vote em mim,17,4,4,Y0,*7,IV7,11,major,24.0
RITA,22,Vote em mim,18,11,11,Y0,*7,V/IV,11,major,26.0
RITA,22,Vote em mim,19,6,6,Y0,*7,V,11,major,28.0
RITA,22,Vote em mim,20,4,4,Y0,*7,IV7,11,major,29.0
RITA,22,Vote em mim,21,11,11,V0,*,I,11,major,30.0
RITA,23,Chega mais,1,2,2,Y2,*7.9,V,7,major,1.0
RITA,23,Chega mais,2,9,9,z0,*m7,II,7,major,2.0
RITA,23,Chega mais,3,2,2,Y2,*7.9,V,7,major,3.0
RITA,23,Chega mais,4,7,7,Z0,*M7,I,7,major,4.0
RITA,23,Chega mais,5,4,4,Y0,*7,V/II,7,major,5.0
RITA,23,Chega mais,6,9,9,z0,*m7,II,7,major,6.0
RITA,23,Chega mais,7,2,2,Y2,*7.9,V,7,major,7.0
RITA,23,Chega mais,8,7,7,Y1,*4.7,V/IV,7,major,8.0
RITA,23,Chega mais,9,7,7,Y0,*7,V/IV,7,major,9.0
RITA,23,Chega mais,10,4,4,Y0,*7,V/II,7,major,10.0
RITA,23,Chega mais,11,9,9,z0,*m7,II,7,major,12.0
RITA,23,Chega mais,12,5,5,Y1.1,*4.7.9,bVII7,7,major,13.0
RITA,23,Chega mais,13,9,9,z0,*m7,II,7,major,15.0
RITA,23,Chega mais,14,2,2,Y4,*7.13,V,7,major,16.0
RITA,23,Chega mais,15,9,9,z0,*m7,II,7,major,17.0
RITA,23,Chega mais,16,2,2,Y4,*7.13,V,7,major,18.0
RITA,23,Chega mais,17,9,9,z0,*m7,II,7,major,19.0
RITA,23,Chega mais,18,2,2,Y4,*7.13,V,7,major,20.0
RITA,23,Chega mais,19,9,9,z0,*m7,II,7,major,21.0
RITA,23,Chega mais,20,2,2,Y1.1,*4.7.9,V,7,major,22.0
RITA,24,Alo alo marciano,1,4,4,z0,*m7,I,4,minor,1.0
RITA,24,Alo alo marciano,2,11,11,z0,*m7,Vm7,4,minor,2.0
RITA,24,Alo alo marciano,3,4,4,z0,*m7,I,4,minor,3.0
RITA,24,Alo alo marciano,4,11,11,z0,*m7,Vm7,4,minor,4.0
RITA,24,Alo alo marciano,5,4,4,z0,*m7,I,4,minor,5.0
RITA,24,Alo alo marciano,6,11,11,z0,*m7,Vm7,4,minor,6.0
RITA,24,Alo alo marciano,7,4,4,z0,*m7,I,4,minor,7.0
RITA,24,Alo alo marciano,8,1,1,Y2.4,*7(#9),SubV/VI,4,minor,8.0
RITA,24,Alo alo marciano,9,0,0,Z0,*M7,VI,4,minor,9.0
RITA,24,Alo alo marciano,10,11,11,Y1.1,*4.7.9,V,4,minor,10.0
RITA,24,Alo alo marciano,11,4,4,z0,*m7,I,4,minor,11.0
RITA,24,Alo alo marciano,12,10,10,Y2.1,*7.9(#11),SubV/IV,4,minor,12.0
RITA,24,Alo alo marciano,13,9,9,z0,*m7,II__X,4,minor,13.0
RITA,24,Alo alo marciano,14,2,2,Y0,*7,V/III,4,minor,13.5
RITA,24,Alo alo marciano,15,7,7,Z0,*M7,III,4,minor,14.0
RITA,24,Alo alo marciano,16,0,0,Y2,*7.9,?,4,minor,14.5
RITA,24,Alo alo marciano,17,6,6,z0,*m7,II,4,minor,15.0
RITA,24,Alo alo marciano,18,11,11,Y0,*7,V,4,minor,15.5
RITA,24,Alo alo marciano,19,4,4,z0,*m7,I,4,minor,16.0
RITA,24,Alo alo marciano,20,1,1,Y2.4,*7(#9),SubV/VI,4,minor,16.5
RITA,24,Alo alo marciano,21,0,0,Z0,*M7,VI,4,minor,17.0
RITA,24,Alo alo marciano,22,11,11,z0,*m7,Vm7,4,minor,18.0
RITA,24,Alo alo marciano,23,4,4,z0,*m7,I,4,minor,18.5
RITA,24,Alo alo marciano,24,9,9,z0,*m7,IV,4,minor,19.0
RITA,24,Alo alo marciano,25,11,11,Y2.3,*7(b9),V,4,minor,19.5
RITA,24,Alo alo marciano,26,4,4,z0,*m7,II,4,minor,20.0
RITA,25,Ando meio desligado,1,2,2,v0,*m,I,2,minor,1.0
RITA,25,Ando meio desligado,2,2,2,Y1.1,*4.7.9,V/IV,2,minor,1.5
RITA,25,Ando meio desligado,3,2,2,v0,*m,I,2,minor,2.0
RITA,25,Ando meio desligado,4,2,2,Y1.1,*4.7.9,V/IV,2,minor,2.5
RITA,25,Ando meio desligado,5,2,2,v0,*m,I,2,minor,3.0
RITA,25,Ando meio desligado,6,2,2,Y1.1,*4.7.9,V/IV,2,minor,3.5
RITA,25,Ando meio desligado,7,2,2,v0,*m,I,2,minor,4.0
RITA,25,Ando meio desligado,8,2,2,Y1.1,*4.7.9,V/IV,2,minor,4.5
RITA,25,Ando meio desligado,9,2,2,v0,*m,I,2,minor,5.0
RITA,25,Ando meio desligado,10,2,2,Y1.1,*4.7.9,V/IV,2,minor,5.5
RITA,25,Ando meio desligado,11,2,2,v0,*m,I,2,minor,6.0
RITA,25,Ando meio desligado,12,2,2,Y1.1,*4.7.9,V/IV,2,minor,6.5
RITA,25,Ando meio desligado,13,2,2,v0,*m,I,2,minor,7.0
RITA,25,Ando meio desligado,14,2,2,Y1.1,*4.7.9,V/IV,2,minor,7.5
RITA,25,Ando meio desligado,15,2,2,v0,*m,I,2,minor,8.0
RITA,25,Ando meio desligado,16,2,2,Y1.1,*4.7.9,V/IV,2,minor,8.5
RITA,25,Ando meio desligado,17,0,0,V0,*,bVII7M,2,minor,9.0
RITA,25,Ando meio desligado,18,2,2,v0,*m,I,2,minor,11.0
RITA,25,Ando meio desligado,19,0,0,V0,*,bVII7M,2,minor,13.0
RITA,25,Ando meio desligado,20,2,2,v0,*m,I,2,minor,15.0
RITA,25,Ando meio desligado,21,10,10,V0,*,VI,2,minor,17.0
RITA,25,Ando meio desligado,22,0,0,V0,*,bVII7M,2,minor,17.5
RITA,25,Ando meio desligado,23,2,2,v0,*m,I,2,minor,18.0
RITA,25,Ando meio desligado,24,0,0,V0,*,bVII7M,2,minor,19.0
RITA,25,Ando meio desligado,25,2,2,v0,*m,I,2,minor,20.0
RITA,25,Ando meio desligado,26,0,0,V0,*,bVII7M,2,minor,21.0
RITA,25,Ando meio desligado,27,7,7,v0,*m,IV,2,minor,22.0
RITA,25,Ando meio desligado,28,0,0,V0,*,bVII7M,2,minor,23.0
RITA,25,Ando meio desligado,29,2,2,v0,*m,I,2,minor,24.0
RITA,26,Arrombou a festa,1,7,7,V0,*,I,7,major,1.0
RITA,26,Arrombou a festa,2,9,9,V0,*,V/V,7,major,5.0
RITA,26,Arrombou a festa,3,0,0,V0,*,IV,7,major,6.0
RITA,26,Arrombou a festa,4,0,0,v0,*m,IVm7,7,major,6.5
RITA,26,Arrombou a festa,5,7,7,V0,*,I,7,major,7.0
RITA,26,Arrombou a festa,6,7,7,Y0,*7,V/IV,7,major,8.5
RITA,26,Arrombou a festa,7,0,0,Y0,*7,IV7,7,major,9.0
RITA,26,Arrombou a festa,8,2,2,Y0,*7,V,7,major,11.0
RITA,26,Arrombou a festa,9,0,0,Y0,*7,IV7,7,major,13.0
RITA,26,Arrombou a festa,10,2,2,Y0,*7,V,7,major,15.0
RITA,26,Arrombou a festa,11,0,0,Y0,*7,IV7,7,major,17.0
RITA,26,Arrombou a festa,12,2,2,Y0,*7,V,7,major,19.0
RITA,26,Arrombou a festa,13,0,0,Y0,*7,IV7,7,major,21.0
RITA,26,Arrombou a festa,14,2,2,Y0,*7,V,7,major,23.0
RITA,27,Baila comigo,1,9,9,V0,*,I,9,major,1.0
RITA,27,Baila comigo,2,4,4,Y1,*4.7,V,9,major,2.0
RITA,27,Baila comigo,3,4,4,Y0,*7,V,9,major,2.5
RITA,27,Baila comigo,4,9,9,Z0,*M7,I,9,major,3.0
RITA,27,Baila comigo,5,4,4,Y1,*4.7,V,9,major,4.0
RITA,27,Baila comigo,6,4,4,Y0,*7,V,9,major,4.5
RITA,27,Baila comigo,7,9,9,V0,*,I,9,major,5.0
RITA,27,Baila comigo,8,9,9,z0,*m7,II,7,major,6.0
RITA,27,Baila comigo,9,2,2,Y0,*7,V,7,major,6.5
RITA,27,Baila comigo,10,7,7,Z0,*M7,I,7,major,7.0
RITA,27,Baila comigo,11,7,7,Z1,*6,I,7,major,7.5
RITA,27,Baila comigo,12,7,7,z0,*m7,II,5,major,8.0
RITA,27,Baila comigo,13,0,0,Y0,*7,V,5,major,8.5
RITA,27,Baila comigo,14,5,5,Z0,*M7,I,5,major,9.0
RITA,27,Baila comigo,15,5,5,Z1,*6,I,5,major,9.5
RITA,27,Baila comigo,16,11,11,Y0,*7,V,4,major,10.0
RITA,27,Baila comigo,17,4,4,V0,*,I,4,major,11.0
RITA,27,Baila comigo,18,4,4,V4,*(#5),I,4,major,12.0
RITA,27,Baila comigo,19,4,4,Z1,*6,I,4,major,13.0
RITA,27,Baila comigo,20,4,4,Y0,*7,V,9,major,14.0
RITA,27,Baila comigo,21,11,11,z0,*m7,II,9,major,15.0
RITA,27,Baila comigo,22,4,4,Y0,*7,V,9,major,15.5
RITA,27,Baila comigo,23,9,9,Z0,*M7,I,9,major,16.0
RITA,27,Baila comigo,24,6,6,Y2.3,*7(b9),V/II,9,major,16.5
RITA,27,Baila comigo,25,0,0,Y2,*7.9,SubV/II,9,major,16.75
RITA,27,Baila comigo,26,11,11,Y2,*7.9,V,9,major,17.0
RITA,27,Baila comigo,27,4,4,V0,*,V,9,major,18.0
RITA,27,Baila comigo,28,4,4,V4,*(#5),V,9,major,18.5
RITA,27,Baila comigo,29,4,4,Y4,*7.13,V,9,major,19.0
RITA,27,Baila comigo,30,4,4,Y0,*7,V,9,major,19.5
RITA,28,Balada do louco,1,11,11,Y1.1,*4.7.9,V,4,major,1.0
RITA,28,Balada do louco,2,11,11,Y0,*7,V,4,major,1.75
RITA,28,Balada do louco,3,4,4,V0,*,I,4,major,2.0
RITA,28,Balada do louco,4,3,3,x0,*°7,V°,4,major,3.0
RITA,28,Balada do louco,5,11,11,Y0,*7,V,4,major,3.5
RITA,28,Balada do louco,6,4,4,V0,*,I,4,major,4.0
RITA,28,Balada do louco,7,11,11,Y1.1,*4.7.9,V,4,major,5.0
RITA,28,Balada do louco,8,3,3,x0,*°7,V°,4,major,5.5
RITA,28,Balada do louco,9,4,4,V0,*,I,4,major,6.0
RITA,28,Balada do louco,10,3,3,x0,*°7,V°,4,major,7.0
RITA,28,Balada do louco,11,11,11,Y0,*7,V,4,major,7.7
RITA,28,Balada do louco,12,1,1,z0,*m7,VI,4,major,8.0
RITA,28,Balada do louco,13,1,11,z0,*m7,VI,4,major,8.5
RITA,28,Balada do louco,14,10,10,y0,*Ø,#IVm7(b5),4,major,9.0
RITA,28,Balada do louco,15,9,9,Z0,*M7,IV,4,major,9.5
RITA,28,Balada do louco,16,4,4,V0,*,I,4,major,10.0
RITA,28,Balada do louco,17,11,11,Y1.1,*4.7.9,V,4,major,11.0
RITA,28,Balada do louco,18,4,4,V0,*,I,4,major,12.0
RITA,28,Balada do louco,19,4,4,Y0,*7,V/IV,4,major,13.0
RITA,28,Balada do louco,20,9,9,V0,*,IV,4,major,14.0
RITA,28,Balada do louco,21,6,6,z0,*m7,II,4,major,14.5
RITA,28,Balada do louco,22,4,4,Y0,*7,V/IV,4,major,15.0
RITA,28,Balada do louco,23,9,9,V0,*,IV,4,major,16.0
RITA,28,Balada do louco,24,6,6,z0,*m7,II,4,major,16.5
RITA,28,Balada do louco,25,4,4,Y0,*7,V/IV,4,major,17.0
RITA,28,Balada do louco,26,6,6,Y0,*7,V/V,4,major,18.0
RITA,28,Balada do louco,27,11,11,Y0,*7,V,4,major,19.0
RITA,29,Barata tonta,1,2,2,Y1.1,*4.7.9,V,7,major,1.0
RITA,29,Barata tonta,2,7,7,V0,*,I,7,major,2.0
RITA,29,Barata tonta,3,7,7,Z0,*M7,I,7,major,3.0
RITA,29,Barata tonta,4,11,11,y0,*Ø,II__X,7,major,4.0
RITA,29,Barata tonta,5,4,4,Y2.3,*7(b9),V/II,7,major,5.0
RITA,29,Barata tonta,6,9,9,Y4,*7.13,V/V,7,major,6.0
RITA,29,Barata tonta,7,9,9,z0,*m7,II,7,major,8.0
RITA,29,Barata tonta,8,2,2,Y0,*7,V,7,major,9.0
RITA,29,Barata tonta,9,7,7,Y1,*4.7,V/IV,7,major,10.0
RITA,29,Barata tonta,10,7,7,Y0,*7,V/IV,7,major,11.0
RITA,29,Barata tonta,11,0,0,Z0,*M7,IV,7,major,12.0
RITA,29,Barata tonta,12,1,1,y0,*Ø,II__X,7,major,13.0
RITA,29,Barata tonta,13,6,6,Y0,*7,V/III,7,major,13.5
RITA,29,Barata tonta,14,11,11,z0,*m7,II__X,7,major,14.0
RITA,29,Barata tonta,15,4,4,Y0,*7,V/II,7,major,15.0
RITA,29,Barata tonta,16,9,9,Y0,*7,V/V,7,major,16.0
RITA,29,Barata tonta,17,2,2,Y0,*7,V,7,major,17.0
RITA,29,Barata tonta,18,2,2,z0,*m7,II__X,7,major,18.0
RITA,29,Barata tonta,19,1,1,Y0,*7,SubV/IV,7,major,19.0
RITA,29,Barata tonta,20,0,0,Z0,*M7,IV,7,major,20.0
RITA,29,Barata tonta,21,1,1,y0,*Ø,II__X,7,major,21.0
RITA,29,Barata tonta,22,6,6,Y0,*7,V/III,7,major,21.5
RITA,29,Barata tonta,23,2,5,z1,*m6,Vm7,7,major,22.0
RITA,29,Barata tonta,24,4,4,Y0,*7,V/II,7,major,23.0
RITA,29,Barata tonta,25,9,9,z0,*m7,II,7,major,24.0
RITA,29,Barata tonta,26,2,2,Y0,*7,V,7,major,25.0
RITA,29,Barata tonta,27,0,0,V0,*,IV,7,major,26.0
RITA,29,Barata tonta,28,1,1,y0,*Ø,II__X,7,major,27.0
RITA,29,Barata tonta,29,6,6,Y0,*7,V/III,7,major,27.5
RITA,29,Barata tonta,30,2,5,z1,*m6,Vm7,7,major,28.0
RITA,29,Barata tonta,31,11,11,y0,*Ø,II__X,7,major,29.0
RITA,29,Barata tonta,32,4,4,Y0,*7,V/II,7,major,30.0
RITA,29,Barata tonta,33,9,9,Y0,*7,V/V,7,major,31.0
RITA,29,Barata tonta,34,2,2,Y0,*7,V,7,major,32.0
RITA,29,Barata tonta,35,7,7,V0,*,I,7,major,33.0
RITA,30,Brazil com s,1,1,1,y0,*Ø,II__X,9,major,1.0
RITA,30,Brazil com s,2,6,6,Y0,*7,V/II,9,major,1.5
RITA,30,Brazil com s,3,2,5,z1,*m6,IVm7,9,major,2.0
RITA,30,Brazil com s,4,4,4,Y0,*7,V,9,major,2.5
RITA,30,Brazil com s,5,9,9,Z0,*M7,I,9,major,3.0
RITA,30,Brazil com s,6,9,9,Z1,*6,I,9,major,4.0
RITA,30,Brazil com s,7,4,4,z0,*m7,II__X,9,major,5.0
RITA,30,Brazil com s,8,9,9,Y1.1,*4.7.9,V/IV,9,major,6.0
RITA,30,Brazil com s,9,9,9,Y2.3,*7(b9),V/IV,9,major,6.5
RITA,30,Brazil com s,10,2,2,Z1.1,*6.9,IV,9,major,7.0
RITA,30,Brazil com s,11,2,2,z0,*m7,IVm7,9,major,9.0
RITA,30,Brazil com s,12,2,2,z1,*m6,IVm7,9,major,10.0
RITA,30,Brazil com s,13,1,1,z0,*m7,III,9,major,11.0
RITA,30,Brazil com s,14,7,7,z1,*m6,bVIIm7,9,major,12.0
RITA,30,Brazil com s,15,2,6,Z1,*6,IV,9,major,13.0
RITA,30,Brazil com s,16,4,4,Y0,*7,V,9,major,14.0
RITA,30,Brazil com s,17,5,5,x3,*°7(b13),V°,9,major,14.5
RITA,30,Brazil com s,18,9,9,Z0,*M7,I,9,major,15.0
RITA,30,Brazil com s,19,9,9,Z1,*6,I,9,major,16.0
RITA,31,Caso serio,1,11,11,z0,*m7,I,11,minor,1.0
RITA,31,Caso serio,2,11,11,Y1.1,*4.7.9,V/IV,11,minor,3.0
RITA,31,Caso serio,3,11,11,X2.1,*(b5)7(b9),V/IV,11,minor,4.0
RITA,31,Caso serio,4,4,4,v0,*m,IV,11,minor,5.0
RITA,31,Caso serio,5,8,8,y0,*Ø,II__X,11,minor,7.0
RITA,31,Caso serio,6,1,1,Y2.4,*7(#9),V/V,11,minor,8.0
RITA,31,Caso serio,7,6,6,Y1,*4.7,V,11,minor,9.0
RITA,31,Caso serio,8,6,6,Y4.1,*7(b13),V,11,minor,10.0
RITA,31,Caso serio,9,11,11,z0,*m7,I,11,minor,11.0
RITA,31,Caso serio,10,11,11,Y1.1,*4.7.9,V/IV,11,minor,13.0
RITA,31,Caso serio,11,11,11,X2.2,*(b5)7(#9),V/IV,11,minor,14.0
RITA,31,Caso serio,12,4,4,v0,*m,IV,11,minor,15.0
RITA,31,Caso serio,13,8,8,y0,*Ø,II__X,11,minor,17.0
RITA,31,Caso serio,14,1,1,Y2.3,*7(b9),V/V,11,minor,18.0
RITA,31,Caso serio,15,6,6,Y1,*4.7,V,11,minor,19.0
RITA,31,Caso serio,16,6,6,Y4.1,*7(b13),V,11,minor,20.0
RITA,31,Caso serio,17,11,11,Z0,*M7,I,11,major,21.0
RITA,31,Caso serio,18,11,11,Y1.1,*4.7.9,V/IV,11,major,22.0
RITA,31,Caso serio,19,11,11,Y2.3,*7(b9),V/IV,11,major,22.5
RITA,31,Caso serio,20,4,4,z0,*m7,I,4,minor,23.0
RITA,31,Caso serio,21,9,9,Y0,*7,IV7,4,minor,24.0
RITA,31,Caso serio,22,4,4,z0,*m7,I,4,minor,25.0
RITA,31,Caso serio,23,9,9,Y0,*7,IV7,4,minor,26.0
RITA,31,Caso serio,24,4,4,z0,*m7,I,4,minor,27.0
RITA,31,Caso serio,25,9,9,Y0,*7,IV7,4,minor,28.0
RITA,31,Caso serio,26,4,4,z0,*m7,I,4,minor,29.0
RITA,31,Caso serio,27,9,9,Y0,*7,IV7,4,minor,30.0
RITA,31,Caso serio,28,4,4,z0,*m7,I,4,minor,31.0
RITA,31,Caso serio,29,9,9,Y0,*7,IV7,4,minor,32.0
RITA,31,Caso serio,30,1,1,y0,*Ø,II,11,minor,33.0
RITA,31,Caso serio,31,6,6,Y4.1,*7(b13),V,11,minor,34.0
RITA,31,Caso serio,32,11,11,z0,*m7,I,11,minor,35.0
RITA,32,Cor de rosa choque,1,0,0,V0,*,I,0,major,1.0
RITA,32,Cor de rosa choque,2,5,9,V0,*,IV,0,major,2.0
RITA,32,Cor de rosa choque,3,7,7,V0,*,I,0,major,3.0
RITA,32,Cor de rosa choque,4,0,0,V0,*,I,0,major,4.0
RITA,32,Cor de rosa choque,5,10,10,V0,*,bVII7M,0,major,5.0
RITA,32,Cor de rosa choque,6,5,5,V0,*,IV,0,major,6.0
RITA,32,Cor de rosa choque,7,7,7,V0,*,V,0,major,7.0
RITA,32,Cor de rosa choque,8,0,0,V0,*,I,0,major,9.0
RITA,32,Cor de rosa choque,9,5,9,V0,*,IV,0,major,10.0
RITA,32,Cor de rosa choque,10,7,7,V0,*,I,0,major,11.0
RITA,32,Cor de rosa choque,11,0,0,V0,*,I,0,major,12.0
RITA,32,Cor de rosa choque,12,10,10,V0,*,bVII7M,0,major,13.0
RITA,32,Cor de rosa choque,13,5,5,V0,*,IV,0,major,14.0
RITA,32,Cor de rosa choque,14,7,7,V0,*,V,0,major,15.0
RITA,32,Cor de rosa choque,15,7,7,Y0,*7,V,0,major,16.0
RITA,32,Cor de rosa choque,16,7,7,z0,*m7,II__X,0,major,18.0
RITA,32,Cor de rosa choque,17,0,0,Y0,*7,V/IV,0,major,19.0
RITA,32,Cor de rosa choque,18,5,5,V0,*,I,5,major,20.0
RITA,32,Cor de rosa choque,19,2,2,z0,*m7,VI,5,major,21.0
RITA,32,Cor de rosa choque,20,7,7,z0,*m7,II,5,major,22.0
RITA,32,Cor de rosa choque,21,0,0,Y0,*7,V/IV,5,major,23.0
RITA,32,Cor de rosa choque,22,5,5,V0,*,I,5,major,24.0
RITA,32,Cor de rosa choque,23,2,2,z0,*m7,VI,5,major,25.0
RITA,32,Cor de rosa choque,24,7,7,z0,*m7,II,5,major,26.0
RITA,32,Cor de rosa choque,25,0,0,Y0,*7,V/IV,5,major,27.0
RITA,32,Cor de rosa choque,26,5,5,V0,*,I,5,major,28.0
RITA,32,Cor de rosa choque,27,7,7,Y1.1,*4.7.9,V,0,major,29.0
RITA,32,Cor de rosa choque,28,7,7,Y2,*7.9,V,0,major,30.0
RITA,33,Eu e o meu gato,1,7,7,Y0,*7,IV7,2,major,1.0
RITA,33,Eu e o meu gato,2,2,2,Y0,*7,I,2,major,5.0
RITA,33,Eu e o meu gato,3,7,7,Y0,*7,IV7,2,major,9.0
RITA,33,Eu e o meu gato,4,7,10,v0,*m,IVm7,2,major,11.0
RITA,33,Eu e o meu gato,5,4,4,Y0,*7,V/V,2,major,12.0
RITA,33,Eu e o meu gato,6,9,9,Y0,*7,V,2,major,14.0
RITA,33,Eu e o meu gato,7,7,7,V0,*,IV,2,major,15.0
RITA,33,Eu e o meu gato,8,2,2,V0,*,I,2,major,16.0
RITA,33,Eu e o meu gato,9,11,11,Y0,*7,V/II,2,major,17.0
RITA,33,Eu e o meu gato,10,4,4,V0,*,V/V,2,major,18.0
RITA,33,Eu e o meu gato,11,9,9,Y0,*7,V,2,major,19.0
RITA,33,Eu e o meu gato,12,2,2,V0,*,I,2,major,20.0
RITA,33,Eu e o meu gato,13,9,9,Y0,*7,V,2,major,21.0
RITA,34,Lanca perfurme,1,2,2,V0,*,I,2,major,1.0
RITA,34,Lanca perfurme,2,11,11,z0,*m7,VI,2,major,1.5
RITA,34,Lanca perfurme,3,4,4,z0,*m7,II,2,major,2.0
RITA,34,Lanca perfurme,4,9,9,Y0,*7,V,2,major,2.5
RITA,34,Lanca perfurme,5,2,2,V0,*,I,2,major,3.0
RITA,34,Lanca perfurme,6,11,11,z0,*m7,VI,2,major,3.5
RITA,34,Lanca perfurme,7,4,4,z0,*m7,II,2,major,4.0
RITA,34,Lanca perfurme,8,9,9,Y0,*7,V,2,major,4.5
RITA,34,Lanca perfurme,9,5,5,V0,*,bIII7M,2,major,5.0
RITA,34,Lanca perfurme,10,2,2,z0,*m7,Im7,2,major,5.5
RITA,34,Lanca perfurme,11,7,7,z0,*m7,II__X,2,major,6.0
RITA,34,Lanca perfurme,12,0,0,Y0,*7,V/bIII,2,major,6.5
RITA,34,Lanca perfurme,13,9,9,Y1.1,*4.7.9,V,2,major,7.0
RITA,34,Lanca perfurme,14,8,8,Y3,*7(#11),SubV/IV,2,major,8.5
RITA,34,Lanca perfurme,15,7,7,Z0,*M7,IV,2,major,9.0
RITA,34,Lanca perfurme,16,2,2,Z0,*M7,I,2,major,10.0
RITA,34,Lanca perfurme,17,7,7,Z0,*M7,IV,2,major,11.0
RITA,34,Lanca perfurme,18,2,2,Z0,*M7,I,2,major,12.0
RITA,34,Lanca perfurme,19,2,2,Y0,*7,V/IV,2,major,12.5
RITA,34,Lanca perfurme,20,7,7,z0,*m7,II,5,major,13.0
RITA,34,Lanca perfurme,21,0,0,Y0,*7,V,5,major,13.5
RITA,34,Lanca perfurme,22,5,5,V0,*,I,5,major,14.0
RITA,34,Lanca perfurme,23,2,2,z0,*m7,VI,5,major,14.5
RITA,34,Lanca perfurme,24,7,7,z0,*m7,II,5,major,15.0
RITA,34,Lanca perfurme,25,0,0,Y0,*7,V,5,major,15.5
RITA,34,Lanca perfurme,26,5,5,V0,*,I,5,major,16.0
RITA,34,Lanca perfurme,27,4,4,z0,*m7,II,2,major,17.0
RITA,34,Lanca perfurme,28,9,9,Y0,*7,V,2,major,17.5
RITA,34,Lanca perfurme,29,4,4,z0,*m7,II,2,major,18.0
RITA,34,Lanca perfurme,30,9,9,Y0,*7,V,2,major,18.5
RITA,34,Lanca perfurme,31,2,2,V0,*,I,2,major,19.0
RITA,34,Lanca perfurme,32,4,4,z0,*m7,II,2,major,19.5
RITA,34,Lanca perfurme,33,9,9,Y0,*7,V,2,major,20.0
RITA,34,Lanca perfurme,34,4,4,z0,*m7,II,2,major,22.0
RITA,34,Lanca perfurme,35,9,9,Y0,*7,V,2,major,22.5
RITA,34,Lanca perfurme,36,2,2,V0,*,I,2,major,23.0
RITA,35,Mania de voce,1,9,9,z0,*m7,I,9,minor,1.0
RITA,35,Mania de voce,2,2,2,Y0,*7,IV7,9,minor,2.0
RITA,35,Mania de voce,3,9,9,z0,*m7,I,9,minor,3.0
RITA,35,Mania de voce,4,2,2,Y0,*7,IV7,9,minor,4.0
RITA,35,Mania de voce,5,9,9,z0,*m7,I,9,minor,5.0
RITA,35,Mania de voce,6,2,2,Y0,*7,IV7,9,minor,6.0
RITA,35,Mania de voce,7,2,2,z2,*m7.9,II,0,major,7.0
RITA,35,Mania de voce,8,7,7,Y0,*7,V,0,major,8.0
RITA,35,Mania de voce,9,2,2,z2,*m7.9,II,0,major,9.0
RITA,35,Mania de voce,10,7,7,Y0,*7,V,0,major,10.0
RITA,35,Mania de voce,11,0,0,Z0,*M7,I,0,major,11.0
RITA,35,Mania de voce,12,11,11,Y1,*4.7,V/V,9,minor,13.0
RITA,35,Mania de voce,13,11,11,Y0,*7,V/V,9,minor,14.0
RITA,35,Mania de voce,14,4,4,Y1,*4.7,V,9,minor,15.0
RITA,35,Mania de voce,15,4,4,Y0,*7,V,9,minor,16.0
RITA,35,Mania de voce,16,9,9,z0,*m7,I,9,minor,17.0
RITA,35,Mania de voce,17,2,2,Y0,*7,IV7,9,minor,18.0
RITA,35,Mania de voce,18,9,9,z0,*m7,I,9,minor,19.0
RITA,35,Mania de voce,19,2,2,Y0,*7,IV7,9,minor,20.0
RITA,35,Mania de voce,20,9,9,z0,*m7,I,9,minor,21.0
RITA,35,Mania de voce,21,2,2,Y0,*7,IV7,9,minor,22.0
RITA,35,Mania de voce,22,9,9,z0,*m7,I,9,minor,23.0
RITA,35,Mania de voce,23,2,2,Y0,*7,IV7,9,minor,24.0
RITA,35,Mania de voce,24,9,9,z0,*m7,I,9,minor,25.0
RITA,35,Mania de voce,25,2,2,Y0,*7,IV7,9,minor,26.0
RITA,35,Mania de voce,26,9,9,z0,*m7,I,9,minor,27.0
RITA,35,Mania de voce,27,2,2,Y0,*7,IV7,9,minor,28.0
RITA,35,Mania de voce,28,2,2,z2,*m7.9,II,0,major,29.0
RITA,35,Mania de voce,29,7,7,Y0,*7,V,0,major,30.0
RITA,35,Mania de voce,30,2,2,z2,*m7.9,II,0,major,31.0
RITA,35,Mania de voce,31,7,7,Y0,*7,V,0,major,32.0
RITA,35,Mania de voce,32,0,0,Z0,*M7,I,0,major,33.0
RITA,35,Mania de voce,33,11,11,Y1,*4.7,V/V,9,minor,34.0
RITA,35,Mania de voce,34,11,11,Y0,*7,V,9,minor,35.0
RITA,35,Mania de voce,35,4,4,Y1,*4.7,V,9,minor,36.0
RITA,35,Mania de voce,36,4,4,Y0,*7,V,9,minor,37.0
RITA,35,Mania de voce,37,9,9,z0,*m7,I,9,minor,38.0
RITA,35,Mania de voce,38,2,2,Y0,*7,IV7,9,minor,39.0
RITA,35,Mania de voce,39,9,9,z0,*m7,I,9,minor,40.0
RITA,35,Mania de voce,40,2,2,Y0,*7,IV7,9,minor,41.0
RITA,36,Nem luxo nem lixo,1,7,7,Z0,*M7,I,7,major,1.0
RITA,36,Nem luxo nem lixo,2,7,7,Z1,*6,I,7,major,2.0
RITA,36,Nem luxo nem lixo,3,7,7,Y1.1,*4.7.9,V/IV,7,major,3.0
RITA,36,Nem luxo nem lixo,4,7,7,Y3,*7(#11),V/IV,7,major,4.0
RITA,36,Nem luxo nem lixo,5,0,0,Z0,*M7,IV,7,major,5.0
RITA,36,Nem luxo nem lixo,6,0,0,z0,*m7,IVm7,7,major,7.0
RITA,36,Nem luxo nem lixo,7,5,5,Y0,*7,bVII7,7,major,8.0
RITA,36,Nem luxo nem lixo,8,11,11,z0,*m7,II__X,7,major,9.0
RITA,36,Nem luxo nem lixo,9,4,4,Y1,*4.7,V/II,7,major,11.0
RITA,36,Nem luxo nem lixo,10,4,4,Y0,*7,V/II,7,major,12.0
RITA,36,Nem luxo nem lixo,11,9,9,z0,*m7,II,7,major,13.0
RITA,36,Nem luxo nem lixo,12,11,11,z0,*m7,III,7,major,13.75
RITA,36,Nem luxo nem lixo,13,0,0,z0,*m7,IVm7,7,major,14.0
RITA,36,Nem luxo nem lixo,14,0,0,V0,*,IV,7,major,15.0
RITA,36,Nem luxo nem lixo,15,11,11,v0,*m,III,7,major,15.5
RITA,36,Nem luxo nem lixo,16,9,9,v0,*m,II,7,major,15.75
RITA,36,Nem luxo nem lixo,17,7,7,V0,*,I,7,major,16.0
RITA,36,Nem luxo nem lixo,18,0,0,Z0,*M7,IV,7,major,17.0
RITA,36,Nem luxo nem lixo,19,0,0,z0,*m7,IVm7,7,major,17.5
RITA,36,Nem luxo nem lixo,20,11,11,z0,*m7,II__X,7,major,18.0
RITA,36,Nem luxo nem lixo,21,4,4,Y2.3,*7(b9),V/II,7,major,18.5
RITA,36,Nem luxo nem lixo,22,9,9,z0,*m7,II,7,major,19.0
RITA,36,Nem luxo nem lixo,23,2,2,Y0,*7,V,7,major,19.5
RITA,36,Nem luxo nem lixo,24,7,7,Z0,*M7,I,7,major,20.0
RITA,36,Nem luxo nem lixo,25,7,7,Z1,*6,I,7,major,20.5
RITA,36,Nem luxo nem lixo,26,0,0,z0,*m7,II__X,7,major,21.0
RITA,36,Nem luxo nem lixo,27,5,5,Y0,*7,V/bIII,7,major,21.5
RITA,36,Nem luxo nem lixo,28,10,10,Z0,*M7,bIII7M,7,major,22.0
RITA,36,Nem luxo nem lixo,29,7,7,z0,*m7,Im7,7,major,22.5
RITA,36,Nem luxo nem lixo,30,3,3,Z0,*M7,bVI7M,7,major,23.0
RITA,36,Nem luxo nem lixo,31,2,2,Y1,*4.7,V,7,major,24.0
RITA,36,Nem luxo nem lixo,32,2,2,Y1,*4.7,V,7,major,24.5
RITA,36,Nem luxo nem lixo,33,2,2,Y1,*4.7,V,7,major,25.0
RITA,36,Nem luxo nem lixo,34,2,2,Y0,*7,V,7,major,26.0
RITA,36,Nem luxo nem lixo,35,5,5,Y1,*4.7,bVII7,7,major,27.0
RITA,36,Nem luxo nem lixo,36,5,5,Y0,*7,bVII7,7,major,28.0
RITA,36,Nem luxo nem lixo,37,5,5,Y1,*4.7,bVII7,7,major,29.0
RITA,36,Nem luxo nem lixo,38,5,5,Y0,*7,bVII7,7,major,30.0
RITA,36,Nem luxo nem lixo,39,2,2,Y1,*4.7,V,7,major,31.0
RITA,36,Nem luxo nem lixo,40,2,2,Y0,*7,V,7,major,32.0
RITA,36,Nem luxo nem lixo,41,2,2,Y1,*4.7,V,7,major,33.0
RITA,36,Nem luxo nem lixo,42,2,2,Y0,*7,V,7,major,34.0
RITA,37,Orra meu,1,11,11,V0,*,V,4,major,1.0
RITA,37,Orra meu,2,4,4,V0,*,I,4,major,3.0
RITA,37,Orra meu,3,11,11,V0,*,V,4,major,5.0
RITA,37,Orra meu,4,4,4,V0,*,I,4,major,7.0
RITA,37,Orra meu,5,11,11,V0,*,V,4,major,9.0
RITA,37,Orra meu,6,4,4,V0,*,I,4,major,11.0
RITA,37,Orra meu,7,11,11,V0,*,V,4,major,13.0
RITA,37,Orra meu,8,4,4,V0,*,I,4,major,15.0
RITA,37,Orra meu,9,9,9,Y0,*7,V,2,major,17.0
RITA,37,Orra meu,10,2,2,V0,*,I,2,major,19.0
RITA,37,Orra meu,11,7,7,Y0,*7,V,0,major,21.0
RITA,37,Orra meu,12,0,0,V0,*,I,0,major,23.0
RITA,37,Orra meu,13,9,9,Y0,*7,V,2,major,25.0
RITA,37,Orra meu,14,2,2,V0,*,I,2,major,27.0
RITA,37,Orra meu,15,7,7,Y0,*7,V,0,major,29.0
RITA,37,Orra meu,16,9,9,Y0,*7,V,2,major,33.0
RITA,37,Orra meu,17,2,2,V0,*,I,2,major,35.0
RITA,37,Orra meu,18,1,1,V0,*,?,2,major,36.0
RITA,37,Orra meu,19,0,0,V0,*,bVII7M,2,major,37.0
RITA,37,Orra meu,20,11,11,V0,*,V,4,major,38.0
RITA,37,Orra meu,21,4,4,V0,*,I,4,major,40.0
RITA,37,Orra meu,22,11,11,V0,*,V,4,major,42.0
RITA,37,Orra meu,23,4,4,V0,*,I,4,major,44.0
RITA,38,Papai me empresta o carro,1,0,0,V0,*,I,0,major,1.0
RITA,38,Papai me empresta o carro,2,5,5,V0,*,IV,0,major,5.0
RITA,38,Papai me empresta o carro,3,0,0,V0,*,I,0,major,7.0
RITA,38,Papai me empresta o carro,4,7,7,V0,*,V,0,major,9.0
RITA,38,Papai me empresta o carro,5,5,5,V0,*,IV,0,major,11.0
RITA,38,Papai me empresta o carro,6,7,7,V0,*,V,0,major,13.0
RITA,38,Papai me empresta o carro,7,5,5,V0,*,IV,0,major,15.0
RITA,38,Papai me empresta o carro,8,2,2,Y0,*7,V/V,0,major,17.0
RITA,38,Papai me empresta o carro,9,7,7,Y0,*7,V,0,major,18.0
RITA,38,Papai me empresta o carro,10,0,0,V0,*,I,0,major,19.0
RITA,39,Perigosa,1,4,4,V0,*,I,4,major,1.0
RITA,39,Perigosa,2,6,6,Y0,*7,V/V,4,major,3.0
RITA,39,Perigosa,3,11,11,Y0,*7,V,4,major,4.5
RITA,39,Perigosa,4,4,4,V0,*,I,4,major,5.0
RITA,39,Perigosa,5,6,6,Y0,*7,V/V,4,major,7.0
RITA,39,Perigosa,6,11,11,Y0,*7,V,4,major,8.0
RITA,39,Perigosa,7,9,9,V0,*,IV,4,major,9.0
RITA,39,Perigosa,8,11,11,Y0,*7,V,4,major,11.0
RITA,39,Perigosa,9,9,9,V0,*,IV,4,major,13.0
RITA,39,Perigosa,10,11,11,Y0,*7,V,4,major,15.0
RITA,39,Perigosa,11,4,4,V0,*,I,4,major,20.0
RITA,39,Perigosa,12,9,9,Y0,*7,IV7,4,major,21.0
RITA,39,Perigosa,13,4,4,V0,*,I,4,major,22.0
RITA,39,Perigosa,14,9,9,Y0,*7,IV7,4,major,23.0
RITA,40,Perto do fogo,1,7,7,V0,*,I,7,major,1.0
RITA,40,Perto do fogo,2,0,0,V0,*,IV,7,major,1.5
RITA,40,Perto do fogo,3,7,7,V0,*,I,7,major,2.0
RITA,40,Perto do fogo,4,0,0,V0,*,IV,7,major,2.5
RITA,40,Perto do fogo,5,7,7,V0,*,I,7,major,3.0
RITA,40,Perto do fogo,6,0,0,V0,*,IV,7,major,3.5
RITA,40,Perto do fogo,7,2,2,V0,*,V,7,major,4.0
RITA,40,Perto do fogo,8,0,0,V0,*,IV,7,major,5.0
RITA,40,Perto do fogo,9,7,7,V0,*,I,7,major,7.0
RITA,40,Perto do fogo,10,0,0,V0,*,IV,7,major,7.5
RITA,40,Perto do fogo,11,7,7,V0,*,I,7,major,8.0
RITA,40,Perto do fogo,12,0,0,V0,*,IV,7,major,8.5
RITA,40,Perto do fogo,13,7,7,V0,*,I,7,major,9.0
RITA,40,Perto do fogo,14,0,0,V0,*,IV,7,major,9.5
RITA,40,Perto do fogo,15,7,7,V0,*,I,7,major,10.0
RITA,40,Perto do fogo,16,2,2,V0,*,V,7,major,11.0
RITA,40,Perto do fogo,17,5,5,V0,*,bVII7M,7,major,13.0
RITA,40,Perto do fogo,18,4,4,V0,*,V/II,7,major,13.5
RITA,40,Perto do fogo,19,9,9,z0,*m7,II,7,major,14.0
RITA,40,Perto do fogo,20,2,2,Y0,*7,V,7,major,15.0
RITA,40,Perto do fogo,21,9,9,z0,*m7,II,7,major,16.0
RITA,40,Perto do fogo,22,2,2,Y0,*7,V,7,major,17.0
RITA,40,Perto do fogo,23,9,9,z0,*m7,II,7,major,18.0
RITA,40,Perto do fogo,24,0,0,V0,*,IV,7,major,18.5
RITA,40,Perto do fogo,25,2,2,Y0,*7,V,7,major,19.0
RITA,40,Perto do fogo,26,5,5,V0,*,bVII7M,7,major,20.0
RITA,40,Perto do fogo,27,4,4,V0,*,V/II,7,major,20.5
RITA,40,Perto do fogo,28,9,9,z0,*m7,II,7,major,21.0
RITA,40,Perto do fogo,29,2,2,Y0,*7,V,7,major,22.0
RITA,40,Perto do fogo,30,2,2,Y1.1,*4.7.9,V,7,major,23.0
RITA,40,Perto do fogo,31,0,0,x0,*°7,V°,7,major,23.5
RITA,40,Perto do fogo,32,7,7,V0,*,I,7,major,24.0
RITA,41,So de voce,1,2,2,Z2,*M7.9,I,2,major,1.0
RITA,41,So de voce,2,2,2,x0,*°7,I°,2,major,2.0
RITA,41,So de voce,3,2,2,Z2,*M7.9,I,2,major,3.0
RITA,41,So de voce,4,6,6,z0,*m7,III,2,major,5.0
RITA,41,So de voce,5,0,0,Y0,*7,SubV/VI,2,major,6.0
RITA,41,So de voce,6,11,11,Y0,*7,V/II,2,major,6.5
RITA,41,So de voce,7,4,4,V0,*,V/V,2,major,7.0
RITA,41,So de voce,8,2,6,Z1,*6,I,2,major,7.5
RITA,41,So de voce,9,7,7,z1,*m6,IVm7,2,major,8.0
RITA,41,So de voce,10,4,8,Y0,*7,V/V,2,major,8.5
RITA,41,So de voce,11,9,9,Y1.1,*4.7.9,V,2,major,9.0
RITA,41,So de voce,12,9,9,Y2,*7.9,V,2,major,10.0
RITA,41,So de voce,13,2,2,x0,*°7,I°,2,major,11.0
RITA,41,So de voce,14,2,2,Z2,*M7.9,I,2,major,12.0
RITA,41,So de voce,15,6,6,z0,*m7,III,2,major,13.0
RITA,41,So de voce,16,8,8,y0,*Ø,II__X,2,major,14.0
RITA,41,So de voce,17,1,1,Y0,*7,V/III,2,major,14.5
RITA,41,So de voce,18,6,6,z0,*m7,III,2,major,15.0
RITA,41,So de voce,19,10,5,V0,*,SubV/V,2,major,15.5
RITA,41,So de voce,20,4,4,z0,*m7,II,2,major,16.0
RITA,41,So de voce,21,9,9,Y0,*7,V,2,major,16.5
RITA,41,So de voce,22,2,2,Z2,*M7.9,I,2,major,17.0
RITA,41,So de voce,23,7,7,Y4,*7.13,IV7,2,major,18.0
RITA,41,So de voce,24,2,2,Z2,*M7.9,I,2,major,19.0
RITA,41,So de voce,25,7,7,Y4,*7.13,IV7,2,major,20.0
RITA,41,So de voce,26,2,2,Z2,*M7.9,I,2,major,21.0
RITA,41,So de voce,27,6,6,y0,*Ø,II__X,2,major,23.0
RITA,41,So de voce,28,11,11,X1.1.1,*4(b5)7(b9),V/II,2,major,24.0
RITA,41,So de voce,29,11,11,Y0,*7,V/II,2,major,24.5
RITA,41,So de voce,30,4,4,Y0,*7,V/V,2,major,25.0
RITA,41,So de voce,31,9,9,Y1.1,*4.7.9,V,2,major,27.0
RITA,41,So de voce,32,9,9,Y2,*7.9,V,2,major,28.0
RITA,42,Tititi,1,4,4,V0,*,I,4,major,1.0
RITA,42,Tititi,2,6,6,Y0,*7,V/V,4,major,3.0
RITA,42,Tititi,3,11,11,Y1,*4.7,V,4,major,5.0
RITA,42,Tititi,4,11,11,Y0,*7,V,4,major,5.5
RITA,42,Tititi,5,9,9,Y1,*4.7,IV7,4,major,6.0
RITA,42,Tititi,6,9,9,Y0,*7,IV7,4,major,6.5
RITA,42,Tititi,7,11,11,Y1,*4.7,V,4,major,7.0
RITA,42,Tititi,8,11,11,Y0,*7,V,4,major,7.5
RITA,42,Tititi,9,9,9,Y0,*7,IV7,4,major,8.0
RITA,42,Tititi,10,8,8,Y0,*7,?,4,major,9.25
RITA,42,Tititi,11,7,7,Y0,*7,?,4,major,9.5
RITA,42,Tititi,12,8,8,Y0,*7,?,4,major,9.75
RITA,42,Tititi,13,9,9,V0,*,IV,4,major,11.0
RITA,42,Tititi,14,4,4,V0,*,I,4,major,13.0
RITA,42,Tititi,15,6,6,Y0,*7,V/V,4,major,15.0
RITA,42,Tititi,16,11,11,Y0,*7,V,4,major,17.0
RITA,42,Tititi,17,9,9,Y0,*7,IV7,4,major,18.0
RITA,43,Corre-corre,1,7,7,z0,*m7,I,7,minor,1.0
RITA,43,Corre-corre,2,0,0,z0,*m7,IV,7,minor,2.0
RITA,43,Corre-corre,3,7,7,z0,*m7,I,7,minor,3.0
RITA,43,Corre-corre,4,0,0,z0,*m7,IV,7,minor,4.0
RITA,43,Corre-corre,5,7,7,z0,*m7,I,7,minor,5.0
RITA,43,Corre-corre,6,0,0,z0,*m7,IV,7,minor,6.0
RITA,43,Corre-corre,7,7,7,z0,*m7,I,7,minor,7.0
RITA,43,Corre-corre,8,3,3,Z0,*M7,VI,7,minor,8.0
RITA,43,Corre-corre,9,2,2,Y1.1,*4.7.9,V,7,minor,9.0
RITA,43,Corre-corre,10,2,2,Y2,*7.9,V,7,minor,9.5
RITA,43,Corre-corre,11,2,2,Y1.1,*4.7.9,V,7,minor,10.0
RITA,43,Corre-corre,12,2,2,Y2,*7.9,V,7,minor,10.5
RITA,43,Corre-corre,13,0,0,Y1.1,*4.7.9,IV7,7,minor,11.0
RITA,43,Corre-corre,14,0,0,Y2,*7.9,IV7,7,minor,11.5
RITA,43,Corre-corre,15,2,2,Y1.1,*4.7.9,V,7,minor,12.0
RITA,43,Corre-corre,16,2,2,Y2,*7.9,V,7,minor,12.5
RITA,43,Corre-corre,17,0,0,Y1.1,*4.7.9,IV7,7,minor,13.0
RITA,43,Corre-corre,18,0,0,Y2,*7.9,IV7,7,minor,14.0
RITA,43,Corre-corre,19,7,7,z0,*m7,I,7,minor,15.0
RITA,43,Corre-corre,20,0,0,z0,*m7,IV,7,minor,16.0
RITA,43,Corre-corre,21,7,7,z0,*m7,I,7,minor,17.0
RITA,43,Corre-corre,22,0,0,z0,*m7,IV,7,minor,18.0
RITA,44,Amor objeto,1,3,3,V0,*,I,3,major,1.0
RITA,44,Amor objeto,2,0,0,z0,*m7,VI,3,major,2.0
RITA,44,Amor objeto,3,7,7,z0,*m7,III,3,major,3.0
RITA,44,Amor objeto,4,0,0,z0,*m7,VI,3,major,4.0
RITA,44,Amor objeto,5,10,10,Y1.1,*4.7.9,V,3,major,4.5
RITA,44,Amor objeto,6,3,3,V0,*,I,3,major,5.0
RITA,44,Amor objeto,7,0,0,z0,*m7,VI,3,major,6.0
RITA,44,Amor objeto,8,7,7,z0,*m7,III,3,major,7.0
RITA,44,Amor objeto,9,0,0,z0,*m7,VI,3,major,8.0
RITA,44,Amor objeto,10,10,10,Y1.1,*4.7.9,V,3,major,8.5
RITA,44,Amor objeto,11,3,3,V0,*,I,3,major,9.0
RITA,44,Amor objeto,12,0,0,z0,*m7,VI,3,major,10.0
RITA,44,Amor objeto,13,7,7,z0,*m7,III,3,major,11.0
RITA,44,Amor objeto,14,7,7,Y1,*4.7,V/VI,3,major,12.0
RITA,44,Amor objeto,15,7,7,Y0,*7,aSubV/IV,3,major,12.5
RITA,44,Amor objeto,16,8,8,V0,*,IV,3,major,13.0
RITA,44,Amor objeto,17,10,8,Y0,*7,V,3,major,14.0
RITA,44,Amor objeto,18,7,7,z0,*m7,II__X,3,major,15.0
RITA,44,Amor objeto,19,0,0,Y1,*4.7,V/II,3,major,16.0
RITA,44,Amor objeto,20,0,0,Y0,*7,V/II,3,major,16.5
RITA,44,Amor objeto,21,5,5,z0,*m7,II,3,major,17.0
RITA,44,Amor objeto,22,10,10,Y0,*7,V,3,major,18.0
RITA,44,Amor objeto,23,9,9,Y3,*7(#11),SubV/II,6,major,18.5
RITA,44,Amor objeto,24,8,8,z0,*m7,II,6,major,19.0
RITA,44,Amor objeto,25,1,1,Y1.1,*4.7.9,V,6,major,20.0
RITA,44,Amor objeto,26,1,1,Y2,*7.9,V,6,major,20.5
RITA,44,Amor objeto,27,6,6,Z0,*M7,I,6,major,21.0
RITA,44,Amor objeto,28,0,0,Y2.1,*7.9(#11),aSubV/IV,6,major,22.0
RITA,44,Amor objeto,29,11,11,V0,*,IV,6,major,23.0
RITA,44,Amor objeto,30,10,10,z0,*m7,III,6,major,23.75
RITA,44,Amor objeto,31,8,8,z0,*m7,II,6,major,24.0
RITA,44,Amor objeto,32,1,1,Y1.1,*4.7.9,V,6,major,24.5
RITA,44,Amor objeto,33,6,6,Z4,*(#5)M7,I,6,major,25.0
RITA,44,Amor objeto,34,6,6,Z0,*M7,I,6,major,26.0
RITA,44,Amor objeto,35,0,0,Y2.1,*7.9(#11),aSubV/IV,6,major,26.5
RITA,44,Amor objeto,36,11,11,V0,*,IV,6,major,27.0
RITA,44,Amor objeto,37,10,10,z0,*m7,III,6,major,27.75
RITA,44,Amor objeto,38,8,8,z0,*m7,II,6,major,28.0
RITA,44,Amor objeto,39,8,6,z0,*m7,II,6,major,28.5
RITA,44,Amor objeto,40,5,5,z2,*m7.9,II,3,major,29.0
RITA,44,Amor objeto,41,10,10,Y4,*7.13,V,3,major,30.0
RITA,44,Amor objeto,42,5,5,z2,*m7.9,II,3,major,31.0
RITA,44,Amor objeto,43,10,10,Y4,*7.13,V,3,major,32.0
RITA,45,Ambicao,1,4,4,V0,*,I,4,major,1.0
RITA,45,Ambicao,2,6,6,z0,*m7,II,4,major,2.0
RITA,45,Ambicao,3,4,4,V0,*,I,4,major,3.0
RITA,45,Ambicao,4,6,6,z0,*m7,II,4,major,4.0
RITA,45,Ambicao,5,4,4,V0,*,I,4,major,5.0
RITA,45,Ambicao,6,6,6,z0,*m7,II,4,major,6.0
RITA,45,Ambicao,7,4,4,V0,*,I,4,major,7.0
RITA,45,Ambicao,8,6,6,z0,*m7,II,4,major,8.0
RITA,45,Ambicao,9,4,4,V0,*,I,4,major,9.0
RITA,45,Ambicao,10,6,6,z0,*m7,II,4,major,10.0
RITA,45,Ambicao,11,8,8,z0,*m7,III,4,major,10.5
RITA,45,Ambicao,12,9,9,Z0,*M7,IV,4,major,11.0
RITA,45,Ambicao,13,9,9,z0,*m7,IVm7,4,major,13.0
RITA,45,Ambicao,14,6,6,z0,*m7,II,4,major,15.0
RITA,45,Ambicao,15,11,11,Y1,*4.7,V,4,major,17.0
RITA,45,Ambicao,16,11,11,Y0,*7,V,4,major,17.5
RITA,45,Ambicao,17,2,2,V0,*,bVII7M,4,major,18.0
RITA,45,Ambicao,18,9,9,V0,*,IV,4,major,19.0
RITA,45,Ambicao,19,0,0,V0,*,aNP/V,4,major,20.0
RITA,45,Ambicao,20,11,11,Y0,*7,V,4,major,21.0
RITA,45,Ambicao,21,2,2,V0,*,bVII7M,4,major,22.0
RITA,45,Ambicao,22,9,9,V0,*,IV,4,major,23.0
RITA,45,Ambicao,23,0,0,V0,*,aNP/V,4,major,24.0
RITA,45,Ambicao,24,11,11,Y0,*7,V,4,major,25.0
RITA,45,Ambicao,25,4,4,V0,*,I,4,major,26.0
RITA,46,Ando jururu,1,9,9,Y2.4,*7(#9),I,9,major,1.0
RITA,46,Ando jururu,2,2,2,Y0,*7,IV7,9,major,1.5
RITA,46,Ando jururu,3,9,9,Y2.4,*7(#9),I,9,major,2.0
RITA,46,Ando jururu,4,2,2,Y0,*7,IV7,9,major,2.5
RITA,46,Ando jururu,5,9,9,Y2.4,*7(#9),I,9,major,3.0
RITA,46,Ando jururu,6,2,2,Y0,*7,IV7,9,major,3.5
RITA,46,Ando jururu,7,9,9,Y2.4,*7(#9),I,9,major,4.0
RITA,46,Ando jururu,8,2,2,Y0,*7,IV7,9,major,4.5
RITA,46,Ando jururu,9,9,9,Y2.4,*7(#9),I,9,major,5.0
RITA,46,Ando jururu,10,2,2,Y0,*7,IV7,9,major,5.5
RITA,46,Ando jururu,11,9,9,Y2.4,*7(#9),I,9,major,6.0
RITA,46,Ando jururu,12,2,2,Y0,*7,IV7,9,major,6.5
RITA,46,Ando jururu,13,9,9,Y2.4,*7(#9),I,9,major,7.0
RITA,46,Ando jururu,14,2,2,Y0,*7,IV7,9,major,7.5
RITA,46,Ando jururu,15,9,9,V0,*,I,9,major,8.0
RITA,46,Ando jururu,16,6,6,z0,*m7,VI,9,major,9.0
RITA,46,Ando jururu,17,9,9,V0,*,I,9,major,10.0
RITA,46,Ando jururu,18,6,6,z0,*m7,VI,9,major,11.0
RITA,46,Ando jururu,19,9,9,V0,*,I,9,major,12.0
RITA,46,Ando jururu,20,6,6,z0,*m7,VI,9,major,13.0
RITA,46,Ando jururu,21,2,2,V0,*,IV,9,major,14.0
RITA,46,Ando jururu,22,11,11,Y0,*7,V/V,9,major,15.0
RITA,46,Ando jururu,23,4,4,Y0,*7,V,9,major,16.0
RITA,46,Ando jururu,24,4,4,W0,*(#5)7,V,9,major,16.5
RITA,46,Ando jururu,25,9,9,Y2.4,*7(#9),I,9,major,17.0
RITA,46,Ando jururu,26,2,2,Y0,*7,IV7,9,major,17.5
RITA,46,Ando jururu,27,9,9,Y2.4,*7(#9),I,9,major,18.0
RITA,46,Ando jururu,28,2,2,Y0,*7,IV7,9,major,18.5
RITA,46,Ando jururu,29,9,9,Y2.4,*7(#9),I,9,major,19.0
RITA,46,Ando jururu,30,2,2,Y0,*7,IV7,9,major,19.5
RITA,47,Xuxuzinho,1,5,5,V0,*,I,5,major,1.0
RITA,47,Xuxuzinho,2,2,2,z0,*m7,VI,5,major,1.5
RITA,47,Xuxuzinho,3,10,10,V0,*,IV,5,major,2.0
RITA,47,Xuxuzinho,4,0,0,Y0,*7,V,5,major,2.5
RITA,47,Xuxuzinho,5,5,5,V0,*,I,5,major,3.0
RITA,47,Xuxuzinho,6,2,2,z0,*m7,VI,5,major,3.5
RITA,47,Xuxuzinho,7,10,10,V0,*,IV,5,major,4.0
RITA,47,Xuxuzinho,8,0,0,Y0,*7,V,5,major,4.5
RITA,47,Xuxuzinho,9,5,5,V0,*,I,5,major,5.0
RITA,47,Xuxuzinho,10,2,2,z0,*m7,VI,5,major,5.5
RITA,47,Xuxuzinho,11,10,10,V0,*,IV,5,major,6.0
RITA,47,Xuxuzinho,12,0,0,Y0,*7,V,5,major,6.5
RITA,47,Xuxuzinho,13,5,5,V0,*,I,5,major,7.0
RITA,47,Xuxuzinho,14,2,2,z0,*m7,VI,5,major,7.5
RITA,47,Xuxuzinho,15,10,10,V0,*,IV,5,major,8.0
RITA,47,Xuxuzinho,16,0,0,Y0,*7,V,5,major,8.5
RITA,47,Xuxuzinho,17,5,5,V0,*,I,5,major,9.0
RITA,47,Xuxuzinho,18,2,2,z0,*m7,VI,5,major,9.5
RITA,47,Xuxuzinho,19,10,10,V0,*,IV,5,major,10.0
RITA,47,Xuxuzinho,20,0,0,Y0,*7,V,5,major,10.5
RITA,47,Xuxuzinho,21,5,5,V0,*,I,5,major,11.0
RITA,47,Xuxuzinho,22,2,2,z0,*m7,VI,5,major,11.5
RITA,47,Xuxuzinho,23,10,10,V0,*,IV,5,major,12.0
RITA,47,Xuxuzinho,24,0,0,Y0,*7,V,5,major,12.5
RITA,47,Xuxuzinho,25,5,5,V0,*,I,5,major,13.0
RITA,47,Xuxuzinho,26,2,2,z0,*m7,VI,5,major,13.5
RITA,47,Xuxuzinho,27,10,10,V0,*,IV,5,major,14.0
RITA,47,Xuxuzinho,28,0,0,Y0,*7,V,5,major,14.5
RITA,47,Xuxuzinho,29,5,5,V0,*,I,5,major,15.0
RITA,47,Xuxuzinho,30,0,0,Y0,*7,V,5,major,16.0
RITA,47,Xuxuzinho,31,5,5,V0,*,I,5,major,17.0
RITA,47,Xuxuzinho,32,2,2,z0,*m7,VI,5,major,18.0
RITA,47,Xuxuzinho,33,5,5,V0,*,I,5,major,19.0
RITA,47,Xuxuzinho,34,5,5,Y0,*7,V/IV,5,major,20.0
RITA,47,Xuxuzinho,35,10,10,V0,*,IV,5,major,21.0
RITA,47,Xuxuzinho,36,10,1,v0,*m,IVm7,5,major,22.0
RITA,47,Xuxuzinho,37,5,5,V0,*,I,5,major,23.0
RITA,47,Xuxuzinho,38,2,2,Y0,*7,V/II,5,major,24.0
RITA,47,Xuxuzinho,39,10,10,V0,*,IV,5,major,26.0
RITA,47,Xuxuzinho,40,0,0,Y0,*7,V,5,major,27.0
RITA,47,Xuxuzinho,41,10,10,V0,*,IV,5,major,28.0
RITA,47,Xuxuzinho,42,0,0,Y0,*7,V,5,major,29.0
RITA,47,Xuxuzinho,43,7,7,z0,*m7,II,5,major,30.0
RITA,47,Xuxuzinho,44,9,9,z0,*m7,III,5,major,31.0
RITA,47,Xuxuzinho,45,10,10,V0,*,IV,5,major,32.0
RITA,47,Xuxuzinho,46,0,0,V4,*(#5),V,5,major,34.0
RITA,47,Xuxuzinho,47,0,0,Z1,*6,V,5,major,35.0
RITA,47,Xuxuzinho,48,0,0,Y0,*7,V,5,major,36.0
RITA,47,Xuxuzinho,49,5,5,V0,*,I,5,major,37.0
RITA,47,Xuxuzinho,50,2,2,z0,*m7,VI,5,major,37.5
RITA,47,Xuxuzinho,51,10,10,V0,*,IV,5,major,38.0
RITA,47,Xuxuzinho,52,0,0,Y0,*7,V,5,major,38.5
RITA,47,Xuxuzinho,53,5,5,V0,*,I,5,major,39.0
RITA,48,Fruto proibido,1,4,4,Y0,*7,IV,11,major,1.0
RITA,48,Fruto proibido,2,11,11,Y0,*7,I,11,major,3.0
RITA,48,Fruto proibido,3,4,4,Y0,*7,IV,11,major,5.0
RITA,48,Fruto proibido,4,11,11,Y0,*7,I,11,major,7.0
RITA,48,Fruto proibido,5,9,9,V0,*,IV,4,major,9.0
RITA,48,Fruto proibido,6,7,7,Z1,*6,bIII7M,4,major,10.0
RITA,48,Fruto proibido,7,5,5,Z0,*M7,bII7M,4,major,11.0
RITA,48,Fruto proibido,8,4,4,Y0,*7,I,4,major,12.0
RITA,48,Fruto proibido,9,4,4,Y1,*4.7,IV,4,major,13.0
RITA,48,Fruto proibido,10,11,11,Y0,*7,I,11,major,14.0
RITA,48,Fruto proibido,11,4,4,Y0,*7,IV,11,major,18.0
RITA,48,Fruto proibido,12,11,11,Y0,*7,I,11,major,20.0
RITA,49,Livre outra vez,1,7,7,Y0,*7,V,0,major,1.0
RITA,49,Livre outra vez,2,0,0,V0,*,I,0,major,2.0
RITA,49,Livre outra vez,3,9,9,z0,*m7,VI,0,major,3.0
RITA,49,Livre outra vez,4,5,5,Z0,*M7,IV,0,major,4.0
RITA,49,Livre outra vez,5,7,7,Y0,*7,V,0,major,5.0
RITA,49,Livre outra vez,6,2,2,z0,*m7,II,0,major,6.0
RITA,49,Livre outra vez,7,7,7,Y0,*7,V,0,major,7.0
RITA,49,Livre outra vez,8,4,4,y0,*Ø,II__X,0,major,8.0
RITA,49,Livre outra vez,9,9,9,Y0,*7,V/II,0,major,8.5
RITA,49,Livre outra vez,10,2,2,z3,*m7.11,II,0,major,9.0
RITA,49,Livre outra vez,11,7,7,Y0,*7,V,0,major,9.5
RITA,49,Livre outra vez,12,0,0,V0,*,I,0,major,10.0
RITA,49,Livre outra vez,13,9,9,z0,*m7,VI,0,major,11.0
RITA,49,Livre outra vez,14,5,5,Z0,*M7,IV,0,major,12.0
RITA,49,Livre outra vez,15,7,7,Y0,*7,V,0,major,13.0
RITA,49,Livre outra vez,16,2,2,z0,*m7,II,0,major,14.0
RITA,49,Livre outra vez,17,7,7,Y0,*7,V,0,major,15.0
RITA,49,Livre outra vez,18,0,0,V0,*,I,0,major,16.0
RITA,49,Livre outra vez,19,0,0,Y0,*7,V/IV,0,major,17.0
RITA,49,Livre outra vez,20,5,5,V0,*,IV,0,major,18.0
RITA,49,Livre outra vez,21,5,5,v0,*m,IVm7,0,major,20.0
RITA,49,Livre outra vez,22,0,0,V0,*,I,0,major,22.0
RITA,49,Livre outra vez,23,0,0,Y0,*7,V/IV,0,major,24.0
RITA,49,Livre outra vez,24,5,5,V0,*,IV,0,major,26.0
RITA,49,Livre outra vez,25,5,5,v0,*m,IVm7,0,major,28.0
RITA,49,Livre outra vez,26,0,0,V0,*,I,0,major,30.0
RITA,49,Livre outra vez,27,9,9,Y1.1,*4.7.9,V/II,0,major,31.0
RITA,49,Livre outra vez,28,9,9,Y2,*7.9,V/II,0,major,31.5
RITA,49,Livre outra vez,29,2,2,Y0,*7,V/V,0,major,32.0
RITA,49,Livre outra vez,30,7,7,Y0,*7,V,0,major,33.0
RITA,49,Livre outra vez,31,0,0,V0,*,I,0,major,34.0
RITA,49,Livre outra vez,32,9,9,z0,*m7,VI,0,major,35.0
RITA,49,Livre outra vez,33,5,5,Z0,*M7,IV,0,major,36.0
RITA,49,Livre outra vez,34,7,7,Y0,*7,V,0,major,37.0
RITA,49,Livre outra vez,35,0,0,V0,*,I,0,major,38.0
RITA,50,O futuro me absolve,1,9,9,V0,*,I,9,major,1.0
RITA,50,O futuro me absolve,2,2,2,V0,*,IV,9,major,2.0
RITA,50,O futuro me absolve,3,4,4,Y0,*7,V,9,major,3.0
RITA,50,O futuro me absolve,4,2,2,V0,*,IV,9,major,4.0
RITA,50,O futuro me absolve,5,9,9,V0,*,I,9,major,5.0
RITA,50,O futuro me absolve,6,2,2,V0,*,IV,9,major,6.0
RITA,50,O futuro me absolve,7,4,4,Y0,*7,V,9,major,7.0
RITA,50,O futuro me absolve,8,2,2,V0,*,IV,9,major,8.0
RITA,50,O futuro me absolve,9,11,11,Y0,*7,V/V,9,major,9.0
RITA,50,O futuro me absolve,10,4,4,Y0,*7,V,9,major,10.0
RITA,50,O futuro me absolve,11,1,1,Y0,*7,V/VI,9,major,11.0
RITA,50,O futuro me absolve,12,6,6,Y0,*7,V/II,9,major,12.0
RITA,50,O futuro me absolve,13,11,11,Y0,*7,V/V,9,major,13.0
RITA,50,O futuro me absolve,14,4,4,Y0,*7,V,9,major,14.0
RITA,50,O futuro me absolve,15,1,1,Y0,*7,V/VI,9,major,15.0
RITA,50,O futuro me absolve,16,6,6,Y0,*7,V/II,9,major,16.0
RITA,50,O futuro me absolve,17,11,11,V0,*,V/V,9,major,17.0
RITA,50,O futuro me absolve,18,11,11,Y1,*4.7,V/V,9,major,17.5
RITA,50,O futuro me absolve,19,11,11,V0,*,V,9,major,18.0
RITA,50,O futuro me absolve,20,4,4,Y0,*7,V,9,major,19.0
RITA,50,O futuro me absolve,21,9,9,V0,*,I,9,major,20.0
RITA,50,O futuro me absolve,22,2,2,V0,*,IV,9,major,20.5
RITA,50,O futuro me absolve,23,9,9,V0,*,I,9,major,21.0
RITA,50,O futuro me absolve,24,2,2,V0,*,IV,9,major,21.5
RITA,50,O futuro me absolve,25,9,9,V0,*,I,9,major,22.0
RITA,50,O futuro me absolve,26,2,2,V0,*,IV,9,major,22.5
