corpus_id,composition_id,composition_name,mode,note_index,scale_degree,note_function
BOSCO,1,Agnus sei,minor,1,3,3
BOSCO,1,Agnus sei,minor,2,4,11
BOSCO,1,Agnus sei,minor,3,3,3
BOSCO,1,Agnus sei,minor,4,2,x
BOSCO,1,Agnus sei,minor,5,1,1
BOSCO,1,Agnus sei,minor,6,b7,7
BOSCO,1,Agnus sei,minor,7,2,9
BOSCO,1,Agnus sei,minor,8,3,3
BOSCO,1,Agnus sei,minor,9,4,11
BOSCO,1,Agnus sei,minor,10,3,3
BOSCO,1,Agnus sei,minor,11,4,x
BOSCO,1,Agnus sei,minor,12,5,6
BOSCO,1,Agnus sei,minor,13,b7,1
BOSCO,1,Agnus sei,minor,14,6,7
BOSCO,1,Agnus sei,minor,15,5,7
BOSCO,1,Agnus sei,minor,16,6,x
BOSCO,1,Agnus sei,minor,17,5,7
BOSCO,1,Agnus sei,minor,18,5,7
BOSCO,1,Agnus sei,minor,19,6,x
BOSCO,1,Agnus sei,minor,20,5,7
BOSCO,1,Agnus sei,minor,21,4,x
BOSCO,1,Agnus sei,minor,22,3,5
BOSCO,1,Agnus sei,minor,23,5,7
BOSCO,1,Agnus sei,minor,24,6,7
BOSCO,1,Agnus sei,minor,25,5,3
BOSCO,1,Agnus sei,minor,26,6,x
BOSCO,1,Agnus sei,minor,27,5,3
BOSCO,1,Agnus sei,minor,28,4,x
BOSCO,1,Agnus sei,minor,29,3,1
BOSCO,1,Agnus sei,minor,30,5,7
BOSCO,1,Agnus sei,minor,31,6,1
BOSCO,1,Agnus sei,minor,32,5,11
BOSCO,1,Agnus sei,minor,33,6,x
BOSCO,1,Agnus sei,minor,34,5,11
BOSCO,1,Agnus sei,minor,35,4,7
BOSCO,1,Agnus sei,minor,36,3,x
BOSCO,1,Agnus sei,minor,37,2,9
BOSCO,1,Agnus sei,minor,38,2,9
BOSCO,1,Agnus sei,minor,39,1,x
BOSCO,1,Agnus sei,minor,40,2,9
BOSCO,1,Agnus sei,minor,41,1,1
BOSCO,1,Agnus sei,minor,42,2,x
BOSCO,1,Agnus sei,minor,43,3,3
BOSCO,1,Agnus sei,minor,44,#6,6
BOSCO,1,Agnus sei,minor,45,b7,x
BOSCO,1,Agnus sei,minor,46,1,x
BOSCO,1,Agnus sei,minor,47,2,9
BOSCO,1,Agnus sei,minor,48,2,9
BOSCO,1,Agnus sei,minor,49,1,x
BOSCO,1,Agnus sei,minor,50,2,9
BOSCO,1,Agnus sei,minor,51,1,1
BOSCO,1,Agnus sei,minor,52,2,x
BOSCO,1,Agnus sei,minor,53,3,3
BOSCO,1,Agnus sei,minor,54,#6,6
BOSCO,1,Agnus sei,minor,55,b7,x
BOSCO,1,Agnus sei,minor,56,1,x
BOSCO,1,Agnus sei,minor,57,2,9
BOSCO,1,Agnus sei,minor,58,1,7
BOSCO,1,Agnus sei,minor,59,#6,5
BOSCO,1,Agnus sei,minor,60,1,7
BOSCO,1,Agnus sei,minor,61,#6,5
BOSCO,1,Agnus sei,minor,62,1,7
BOSCO,1,Agnus sei,minor,63,6,5
BOSCO,1,Agnus sei,minor,64,1,7
BOSCO,1,Agnus sei,minor,65,6,5
BOSCO,1,Agnus sei,minor,66,4,3
BOSCO,1,Agnus sei,minor,67,5,5
BOSCO,1,Agnus sei,minor,68,b7,7
BOSCO,2,Bala com bala,major,1,4,7
BOSCO,2,Bala com bala,major,2,3,x
BOSCO,2,Bala com bala,major,3,2,5
BOSCO,2,Bala com bala,major,4,4,7
BOSCO,2,Bala com bala,major,5,2,5
BOSCO,2,Bala com bala,major,6,4,7
BOSCO,2,Bala com bala,major,7,3,x
BOSCO,2,Bala com bala,major,8,2,5
BOSCO,2,Bala com bala,major,9,4,7
BOSCO,2,Bala com bala,major,10,2,5
BOSCO,2,Bala com bala,major,11,4,7
BOSCO,2,Bala com bala,major,12,3,x
BOSCO,2,Bala com bala,major,13,2,5
BOSCO,2,Bala com bala,major,14,4,7
BOSCO,2,Bala com bala,major,15,2,5
BOSCO,2,Bala com bala,major,16,4,7
BOSCO,2,Bala com bala,major,17,3,x
BOSCO,2,Bala com bala,major,18,2,5
BOSCO,2,Bala com bala,major,19,4,7
BOSCO,2,Bala com bala,major,20,3,x
BOSCO,2,Bala com bala,major,21,2,5
BOSCO,2,Bala com bala,major,22,4,7
BOSCO,2,Bala com bala,major,23,3,x
BOSCO,2,Bala com bala,major,24,2,5
BOSCO,2,Bala com bala,major,25,#6/b7,b9/#9
BOSCO,2,Bala com bala,major,26,5,1
BOSCO,2,Bala com bala,major,27,2,9
BOSCO,2,Bala com bala,major,28,1,5
BOSCO,2,Bala com bala,major,29,#6/b7,3
BOSCO,2,Bala com bala,major,30,5,9
BOSCO,2,Bala com bala,major,31,#6/b7,3
BOSCO,2,Bala com bala,major,32,2,3
BOSCO,2,Bala com bala,major,33,#6/b7,1
BOSCO,2,Bala com bala,major,34,2,3
BOSCO,2,Bala com bala,major,35,#6/b7,1
BOSCO,2,Bala com bala,major,36,#1/b2,7
BOSCO,2,Bala com bala,major,37,#6/b7,5
BOSCO,2,Bala com bala,major,38,2,1
BOSCO,2,Bala com bala,major,39,5,3
BOSCO,2,Bala com bala,major,40,2,1
BOSCO,2,Bala com bala,major,41,1,x
BOSCO,2,Bala com bala,major,42,2,b9/#9
BOSCO,2,Bala com bala,major,43,#6/b7,7
BOSCO,2,Bala com bala,major,44,5,5
BOSCO,3,A nivel de,major,1,1,5
BOSCO,3,A nivel de,major,2,6,3
BOSCO,3,A nivel de,major,3,5,9
BOSCO,3,A nivel de,major,4,3,3
BOSCO,3,A nivel de,major,5,6,x
BOSCO,3,A nivel de,major,6,5,5
BOSCO,3,A nivel de,major,7,1,1
BOSCO,3,A nivel de,major,8,1,5
BOSCO,3,A nivel de,major,9,5,9
BOSCO,3,A nivel de,major,10,3,7
BOSCO,3,A nivel de,major,11,1,5
BOSCO,3,A nivel de,major,12,6,3
BOSCO,3,A nivel de,major,13,2,7
BOSCO,3,A nivel de,major,14,3,x
BOSCO,3,A nivel de,major,15,2,3
BOSCO,3,A nivel de,major,16,6,1
BOSCO,3,A nivel de,major,17,6,5
BOSCO,3,A nivel de,major,18,5,11
BOSCO,3,A nivel de,major,19,5,7
BOSCO,3,A nivel de,major,20,3,5
BOSCO,3,A nivel de,major,21,3,7
BOSCO,3,A nivel de,major,22,1,5
BOSCO,3,A nivel de,major,23,1,b9/#9
BOSCO,3,A nivel de,major,24,6,1
BOSCO,3,A nivel de,major,25,3,5
BOSCO,3,A nivel de,major,26,2,b13
BOSCO,3,A nivel de,major,27,6,b9/#9
BOSCO,3,A nivel de,major,28,1,5
BOSCO,3,A nivel de,major,29,6,3
BOSCO,3,A nivel de,major,30,3,7
BOSCO,3,A nivel de,major,31,1,9
BOSCO,3,A nivel de,major,32,#5/b6,7
BOSCO,3,A nivel de,major,33,5,x
BOSCO,3,A nivel de,major,34,6,5
BOSCO,3,A nivel de,major,35,2,1
BOSCO,3,A nivel de,major,36,7,7
BOSCO,3,A nivel de,major,37,6,3
BOSCO,3,A nivel de,major,38,1,5
BOSCO,3,A nivel de,major,39,2,x
BOSCO,3,A nivel de,major,40,3,7
BOSCO,3,A nivel de,major,41,1,9
BOSCO,3,A nivel de,major,42,#5/b6,7
BOSCO,3,A nivel de,major,43,5,x
BOSCO,3,A nivel de,major,44,6,5
BOSCO,3,A nivel de,major,45,2,1
BOSCO,3,A nivel de,major,46,1,5
BOSCO,3,A nivel de,major,47,#5/b6,3
BOSCO,3,A nivel de,major,48,4,1
BOSCO,3,A nivel de,major,49,3,1
BOSCO,3,A nivel de,major,50,1,3
BOSCO,3,A nivel de,major,51,3,5
BOSCO,3,A nivel de,major,52,6,5
BOSCO,3,A nivel de,major,53,3,9
BOSCO,3,A nivel de,major,54,5,7
BOSCO,3,A nivel de,major,55,6,3
BOSCO,3,A nivel de,major,56,3,13
BOSCO,3,A nivel de,major,57,3,7
BOSCO,3,A nivel de,major,58,6,b9/#9
BOSCO,3,A nivel de,major,59,1,5
BOSCO,3,A nivel de,major,60,3,7
BOSCO,3,A nivel de,major,61,1,9
BOSCO,3,A nivel de,major,62,#5/b6,7
BOSCO,3,A nivel de,major,63,1,7
BOSCO,3,A nivel de,major,64,7,x
BOSCO,3,A nivel de,major,65,6,5
BOSCO,3,A nivel de,major,66,3,9
BOSCO,3,A nivel de,major,67,5,9
BOSCO,3,A nivel de,major,68,6,3
BOSCO,3,A nivel de,major,69,3,13
BOSCO,3,A nivel de,major,70,3,7
BOSCO,3,A nivel de,major,71,6,b9/#9
BOSCO,3,A nivel de,major,72,1,5
BOSCO,3,A nivel de,major,73,3,7
BOSCO,3,A nivel de,major,74,1,9
BOSCO,3,A nivel de,major,75,#5/b6,7
BOSCO,3,A nivel de,major,76,1,7
BOSCO,3,A nivel de,major,77,7,x
BOSCO,3,A nivel de,major,78,6,5
BOSCO,3,A nivel de,major,79,3,9
BOSCO,3,A nivel de,major,80,6,5
BOSCO,3,A nivel de,major,81,1,7
BOSCO,3,A nivel de,major,82,3,9
BOSCO,3,A nivel de,major,83,1,9
BOSCO,3,A nivel de,major,84,2,3
BOSCO,3,A nivel de,major,85,2,1
BOSCO,3,A nivel de,major,86,1,x
BOSCO,3,A nivel de,major,87,2,1
BOSCO,3,A nivel de,major,88,6,7
BOSCO,3,A nivel de,major,89,7,x
BOSCO,4,De frente pro crime,major,1,3,3
BOSCO,4,De frente pro crime,major,2,2,6
BOSCO,4,De frente pro crime,major,3,6,3
BOSCO,4,De frente pro crime,major,4,1,5
BOSCO,4,De frente pro crime,major,5,1,1
BOSCO,4,De frente pro crime,major,6,3,3
BOSCO,4,De frente pro crime,major,7,5,5
BOSCO,4,De frente pro crime,major,8,4,1
BOSCO,4,De frente pro crime,major,9,1,5
BOSCO,4,De frente pro crime,major,10,3,5
BOSCO,4,De frente pro crime,major,11,1,3
BOSCO,4,De frente pro crime,major,12,3,9
BOSCO,4,De frente pro crime,major,13,2,1
BOSCO,4,De frente pro crime,major,14,6,5
BOSCO,4,De frente pro crime,major,15,1,3
BOSCO,4,De frente pro crime,major,16,1,3
BOSCO,4,De frente pro crime,major,17,3,7
BOSCO,4,De frente pro crime,major,18,2,5
BOSCO,4,De frente pro crime,major,19,6,9
BOSCO,4,De frente pro crime,major,20,1,3
BOSCO,4,De frente pro crime,major,21,1,1
BOSCO,4,De frente pro crime,major,22,3,3
BOSCO,4,De frente pro crime,major,23,5,5
BOSCO,4,De frente pro crime,major,24,1,1
BOSCO,4,De frente pro crime,major,25,4,1
BOSCO,4,De frente pro crime,major,26,6,3
BOSCO,4,De frente pro crime,major,27,5,1
BOSCO,4,De frente pro crime,major,28,3,3
BOSCO,4,De frente pro crime,major,29,1,1
BOSCO,4,De frente pro crime,major,30,3,3
BOSCO,4,De frente pro crime,major,31,5,5
BOSCO,4,De frente pro crime,major,32,1,1
BOSCO,4,De frente pro crime,major,33,4,1
BOSCO,4,De frente pro crime,major,34,6,3
BOSCO,4,De frente pro crime,major,35,5,1
BOSCO,4,De frente pro crime,major,36,3,3
BOSCO,4,De frente pro crime,major,37,1,1
BOSCO,4,De frente pro crime,major,38,3,3
BOSCO,4,De frente pro crime,major,39,5,5
BOSCO,4,De frente pro crime,major,40,1,1
BOSCO,4,De frente pro crime,major,41,4,1
BOSCO,4,De frente pro crime,major,42,6,3
BOSCO,4,De frente pro crime,major,43,5,9
BOSCO,5,Boca de sapo,major,1,1,1
BOSCO,5,Boca de sapo,major,2,2,x
BOSCO,5,Boca de sapo,major,3,3,3
BOSCO,5,Boca de sapo,major,4,2,6
BOSCO,5,Boca de sapo,major,5,3,x
BOSCO,5,Boca de sapo,major,6,4,1
BOSCO,5,Boca de sapo,major,7,3,x
BOSCO,5,Boca de sapo,major,8,2,x
BOSCO,5,Boca de sapo,major,9,1,5
BOSCO,5,Boca de sapo,major,10,7,x
BOSCO,5,Boca de sapo,major,11,6,x
BOSCO,5,Boca de sapo,major,12,5,1
BOSCO,5,Boca de sapo,major,13,4,x
BOSCO,5,Boca de sapo,major,14,3,3
BOSCO,5,Boca de sapo,major,15,1,1
BOSCO,5,Boca de sapo,major,16,3,3
BOSCO,5,Boca de sapo,major,17,2,5
BOSCO,5,Boca de sapo,major,18,1,x
BOSCO,5,Boca de sapo,major,19,7,3
BOSCO,5,Boca de sapo,major,20,1,1
BOSCO,5,Boca de sapo,major,21,5,5
BOSCO,5,Boca de sapo,major,22,4,1
BOSCO,5,Boca de sapo,major,23,6,3
BOSCO,5,Boca de sapo,major,24,4,1
BOSCO,5,Boca de sapo,major,25,2,6
BOSCO,5,Boca de sapo,major,26,7,3
BOSCO,5,Boca de sapo,major,27,6,9
BOSCO,5,Boca de sapo,major,28,6,x
BOSCO,5,Boca de sapo,major,29,5,3
BOSCO,5,Boca de sapo,major,30,3,5
BOSCO,5,Boca de sapo,major,31,2,1
BOSCO,5,Boca de sapo,major,32,4,3
BOSCO,5,Boca de sapo,major,33,2,1
BOSCO,5,Boca de sapo,major,34,7,6
BOSCO,5,Boca de sapo,major,35,5,1
BOSCO,5,Boca de sapo,major,36,2,5
BOSCO,5,Boca de sapo,major,37,1,1
BOSCO,5,Boca de sapo,major,38,1,1
BOSCO,5,Boca de sapo,major,39,2,x
BOSCO,5,Boca de sapo,major,40,3,3
BOSCO,5,Boca de sapo,major,41,2,x
BOSCO,5,Boca de sapo,major,42,1,1
BOSCO,5,Boca de sapo,major,43,4,1
BOSCO,5,Boca de sapo,major,44,6,3
BOSCO,5,Boca de sapo,major,45,5,5
BOSCO,5,Boca de sapo,major,46,6,6
BOSCO,5,Boca de sapo,major,47,7,x
BOSCO,5,Boca de sapo,major,48,1,1
BOSCO,5,Boca de sapo,major,49,5,5
BOSCO,5,Boca de sapo,major,50,3,3
BOSCO,5,Boca de sapo,major,51,1,1
BOSCO,5,Boca de sapo,major,52,3,7
BOSCO,5,Boca de sapo,major,53,2,x
BOSCO,5,Boca de sapo,major,54,1,1
BOSCO,6,Bijuterias,minor,1,1,1
BOSCO,6,Bijuterias,minor,2,2,x
BOSCO,6,Bijuterias,minor,3,3,3
BOSCO,6,Bijuterias,minor,4,5,5
BOSCO,6,Bijuterias,minor,5,2,9
BOSCO,6,Bijuterias,minor,6,b7,7
BOSCO,6,Bijuterias,minor,7,#6,6
BOSCO,6,Bijuterias,minor,8,b7,x
BOSCO,6,Bijuterias,minor,9,#6,6
BOSCO,6,Bijuterias,minor,10,4,11
BOSCO,6,Bijuterias,minor,11,2,9
BOSCO,6,Bijuterias,minor,12,#6,6
BOSCO,6,Bijuterias,minor,13,2,9
BOSCO,6,Bijuterias,minor,14,3,x
BOSCO,6,Bijuterias,minor,15,4,11
BOSCO,6,Bijuterias,minor,16,2,9
BOSCO,6,Bijuterias,minor,17,1,1
BOSCO,6,Bijuterias,minor,18,2,x
BOSCO,6,Bijuterias,minor,19,1,1
BOSCO,6,Bijuterias,minor,20,5,5
BOSCO,6,Bijuterias,minor,21,3,3
BOSCO,6,Bijuterias,minor,22,2,9
BOSCO,6,Bijuterias,minor,23,3,x
BOSCO,6,Bijuterias,minor,24,4,11
BOSCO,6,Bijuterias,minor,25,2,9
BOSCO,6,Bijuterias,minor,26,5,x
BOSCO,6,Bijuterias,minor,27,6,1
BOSCO,6,Bijuterias,minor,28,1,3
BOSCO,6,Bijuterias,minor,29,3,5
BOSCO,6,Bijuterias,minor,30,b7,9
BOSCO,6,Bijuterias,minor,31,5,7
BOSCO,6,Bijuterias,minor,32,1,1
BOSCO,6,Bijuterias,minor,33,#6,6
BOSCO,6,Bijuterias,minor,34,2,9
BOSCO,6,Bijuterias,minor,35,3,3
BOSCO,6,Bijuterias,minor,36,5,5
BOSCO,6,Bijuterias,minor,37,b7,7
BOSCO,6,Bijuterias,minor,38,2,7
BOSCO,6,Bijuterias,minor,39,2,7
BOSCO,6,Bijuterias,minor,40,2,#11
BOSCO,6,Bijuterias,minor,41,2,5
BOSCO,6,Bijuterias,minor,42,1,1
BOSCO,6,Bijuterias,minor,43,2,x
BOSCO,6,Bijuterias,minor,44,3,3
BOSCO,6,Bijuterias,minor,45,5,5
BOSCO,6,Bijuterias,minor,46,7,7
BOSCO,6,Bijuterias,minor,47,2,9
BOSCO,6,Bijuterias,minor,48,1,x
BOSCO,6,Bijuterias,minor,49,2,9
BOSCO,7,Escadas da Penha,minor,1,5,5
BOSCO,7,Escadas da Penha,minor,2,1,1
BOSCO,7,Escadas da Penha,minor,3,b7,7
BOSCO,7,Escadas da Penha,minor,4,1,9
BOSCO,7,Escadas da Penha,minor,5,1,1
BOSCO,7,Escadas da Penha,minor,6,b7,7
BOSCO,7,Escadas da Penha,minor,7,5,5
BOSCO,7,Escadas da Penha,minor,8,1,1
BOSCO,7,Escadas da Penha,minor,9,b7,x
BOSCO,7,Escadas da Penha,minor,10,1,1
BOSCO,7,Escadas da Penha,minor,11,b7,7
BOSCO,7,Escadas da Penha,minor,12,5,5
BOSCO,7,Escadas da Penha,minor,13,3,3
BOSCO,7,Escadas da Penha,minor,14,2,x
BOSCO,7,Escadas da Penha,minor,15,1,1
BOSCO,7,Escadas da Penha,minor,16,b7,x
BOSCO,7,Escadas da Penha,minor,17,1,1
BOSCO,7,Escadas da Penha,minor,18,5,5
BOSCO,7,Escadas da Penha,minor,19,3,3
BOSCO,7,Escadas da Penha,minor,20,2,x
BOSCO,7,Escadas da Penha,minor,21,1,1
BOSCO,7,Escadas da Penha,minor,22,b7,7
BOSCO,8,Casa de marimbondo,minor,1,1,1
BOSCO,8,Casa de marimbondo,minor,2,b7,x
BOSCO,8,Casa de marimbondo,minor,3,1,5
BOSCO,8,Casa de marimbondo,minor,4,2,13
BOSCO,8,Casa de marimbondo,minor,5,b7,7
BOSCO,8,Casa de marimbondo,minor,6,5,5
BOSCO,8,Casa de marimbondo,minor,7,1,1
BOSCO,8,Casa de marimbondo,minor,8,5,9
BOSCO,8,Casa de marimbondo,minor,9,4,x
BOSCO,8,Casa de marimbondo,minor,10,5,13
BOSCO,8,Casa de marimbondo,minor,11,4,5
BOSCO,8,Casa de marimbondo,minor,12,1,9
BOSCO,8,Casa de marimbondo,minor,13,3,1
BOSCO,8,Casa de marimbondo,minor,14,1,13
BOSCO,8,Casa de marimbondo,minor,15,5,x
BOSCO,8,Casa de marimbondo,minor,16,1,1
BOSCO,8,Casa de marimbondo,minor,17,b7,x
BOSCO,8,Casa de marimbondo,minor,18,1,5
BOSCO,8,Casa de marimbondo,minor,19,2,13
BOSCO,8,Casa de marimbondo,minor,20,b7,5
BOSCO,8,Casa de marimbondo,minor,21,5,3
BOSCO,8,Casa de marimbondo,minor,22,1,3
BOSCO,8,Casa de marimbondo,minor,23,5,9
BOSCO,8,Casa de marimbondo,minor,24,1,5
BOSCO,8,Casa de marimbondo,minor,25,5,9
BOSCO,8,Casa de marimbondo,minor,26,1,3
BOSCO,8,Casa de marimbondo,minor,27,5,1
BOSCO,8,Casa de marimbondo,minor,28,1,3
BOSCO,8,Casa de marimbondo,minor,29,1,1
BOSCO,8,Casa de marimbondo,minor,30,5,5
BOSCO,8,Casa de marimbondo,minor,31,b7,7
BOSCO,8,Casa de marimbondo,minor,32,5,5
BOSCO,8,Casa de marimbondo,minor,33,1,1
BOSCO,8,Casa de marimbondo,minor,34,#6,3
BOSCO,8,Casa de marimbondo,minor,35,4,1
BOSCO,8,Casa de marimbondo,minor,36,6,7
BOSCO,8,Casa de marimbondo,minor,37,4,5
BOSCO,8,Casa de marimbondo,minor,38,6,7
BOSCO,8,Casa de marimbondo,minor,39,5,3
BOSCO,8,Casa de marimbondo,minor,40,3,1
BOSCO,8,Casa de marimbondo,minor,41,6,7
BOSCO,8,Casa de marimbondo,minor,42,3,5
BOSCO,8,Casa de marimbondo,minor,43,6,7
BOSCO,8,Casa de marimbondo,minor,44,4,7
BOSCO,8,Casa de marimbondo,minor,45,2,5
BOSCO,8,Casa de marimbondo,minor,46,1,7
BOSCO,8,Casa de marimbondo,minor,47,#6,5
BOSCO,8,Casa de marimbondo,minor,48,1,7
BOSCO,8,Casa de marimbondo,minor,49,7,3
BOSCO,9,Dois pra la dois pra ca,minor,1,5,5
BOSCO,9,Dois pra la dois pra ca,minor,2,1,1
BOSCO,9,Dois pra la dois pra ca,minor,3,2,x
BOSCO,9,Dois pra la dois pra ca,minor,4,3,3
BOSCO,9,Dois pra la dois pra ca,minor,5,2,x
BOSCO,9,Dois pra la dois pra ca,minor,6,1,1
BOSCO,9,Dois pra la dois pra ca,minor,7,2,5
BOSCO,9,Dois pra la dois pra ca,minor,8,b7,3
BOSCO,9,Dois pra la dois pra ca,minor,9,1,1
BOSCO,9,Dois pra la dois pra ca,minor,10,2,x
BOSCO,9,Dois pra la dois pra ca,minor,11,3,3
BOSCO,9,Dois pra la dois pra ca,minor,12,2,x
BOSCO,9,Dois pra la dois pra ca,minor,13,1,1
BOSCO,9,Dois pra la dois pra ca,minor,14,2,5
BOSCO,9,Dois pra la dois pra ca,minor,15,5,5
BOSCO,9,Dois pra la dois pra ca,minor,16,1,1
BOSCO,9,Dois pra la dois pra ca,minor,17,2,x
BOSCO,9,Dois pra la dois pra ca,minor,18,3,3
BOSCO,9,Dois pra la dois pra ca,minor,19,2,x
BOSCO,9,Dois pra la dois pra ca,minor,20,1,1
BOSCO,9,Dois pra la dois pra ca,minor,21,2,5
BOSCO,9,Dois pra la dois pra ca,minor,22,b7,3
BOSCO,9,Dois pra la dois pra ca,minor,23,#3,5
BOSCO,9,Dois pra la dois pra ca,minor,24,4,x
BOSCO,9,Dois pra la dois pra ca,minor,25,5,7
BOSCO,9,Dois pra la dois pra ca,minor,26,4,x
BOSCO,9,Dois pra la dois pra ca,minor,27,#3,x
BOSCO,9,Dois pra la dois pra ca,minor,28,3,5
BOSCO,9,Dois pra la dois pra ca,minor,29,1,3
BOSCO,9,Dois pra la dois pra ca,minor,30,b7,x
BOSCO,9,Dois pra la dois pra ca,minor,31,6,x
BOSCO,9,Dois pra la dois pra ca,minor,32,5,7
BOSCO,9,Dois pra la dois pra ca,minor,33,4,6
BOSCO,9,Dois pra la dois pra ca,minor,34,#3,x
BOSCO,9,Dois pra la dois pra ca,minor,35,3,b9/#9
BOSCO,9,Dois pra la dois pra ca,minor,36,2,1
BOSCO,9,Dois pra la dois pra ca,minor,37,1,5
BOSCO,9,Dois pra la dois pra ca,minor,38,b7,x
BOSCO,9,Dois pra la dois pra ca,minor,39,6,x
BOSCO,9,Dois pra la dois pra ca,minor,40,5,1
BOSCO,9,Dois pra la dois pra ca,minor,41,7,3
BOSCO,9,Dois pra la dois pra ca,minor,42,2,9
BOSCO,9,Dois pra la dois pra ca,minor,43,1,1
BOSCO,10,Falso brilhante,minor,1,2,9
BOSCO,10,Falso brilhante,minor,2,1,x
BOSCO,10,Falso brilhante,minor,3,2,9
BOSCO,10,Falso brilhante,minor,4,1,x
BOSCO,10,Falso brilhante,minor,5,2,9
BOSCO,10,Falso brilhante,minor,6,1,x
BOSCO,10,Falso brilhante,minor,7,2,9
BOSCO,10,Falso brilhante,minor,8,1,x
BOSCO,10,Falso brilhante,minor,9,2,9
BOSCO,10,Falso brilhante,minor,10,1,1
BOSCO,10,Falso brilhante,minor,11,5,5
BOSCO,10,Falso brilhante,minor,12,1,5
BOSCO,10,Falso brilhante,minor,13,b7,x
BOSCO,10,Falso brilhante,minor,14,1,5
BOSCO,10,Falso brilhante,minor,15,b7,x
BOSCO,10,Falso brilhante,minor,16,1,5
BOSCO,10,Falso brilhante,minor,17,b7,x
BOSCO,10,Falso brilhante,minor,18,1,5
BOSCO,10,Falso brilhante,minor,19,b7,x
BOSCO,10,Falso brilhante,minor,20,1,1
BOSCO,10,Falso brilhante,minor,21,b7,x
BOSCO,10,Falso brilhante,minor,22,4,1
BOSCO,10,Falso brilhante,minor,23,1,7
BOSCO,10,Falso brilhante,minor,24,7,x
BOSCO,10,Falso brilhante,minor,25,1,7
BOSCO,10,Falso brilhante,minor,26,7,x
BOSCO,10,Falso brilhante,minor,27,1,3
BOSCO,10,Falso brilhante,minor,28,7,x
BOSCO,10,Falso brilhante,minor,29,1,3
BOSCO,10,Falso brilhante,minor,30,7,x
BOSCO,10,Falso brilhante,minor,31,1,3
BOSCO,10,Falso brilhante,minor,32,7,x
BOSCO,10,Falso brilhante,minor,33,1,3
BOSCO,10,Falso brilhante,minor,34,7,3
BOSCO,11,Corsario,minor,1,5,5
BOSCO,11,Corsario,minor,2,5,13
BOSCO,11,Corsario,minor,3,6,7
BOSCO,11,Corsario,minor,4,4,5
BOSCO,11,Corsario,minor,5,4,5
BOSCO,11,Corsario,minor,6,4,11
BOSCO,11,Corsario,minor,7,5,5
BOSCO,11,Corsario,minor,8,3,3
BOSCO,11,Corsario,minor,9,3,5
BOSCO,11,Corsario,minor,10,2,11
BOSCO,11,Corsario,minor,11,3,5
BOSCO,11,Corsario,minor,12,2,x
BOSCO,11,Corsario,minor,13,3,5
BOSCO,11,Corsario,minor,14,4,6
BOSCO,11,Corsario,minor,15,3,x
BOSCO,11,Corsario,minor,16,2,9
BOSCO,11,Corsario,minor,17,1,1
BOSCO,11,Corsario,minor,18,3,5
BOSCO,11,Corsario,minor,19,2,11
BOSCO,11,Corsario,minor,20,3,5
BOSCO,11,Corsario,minor,21,2,x
BOSCO,11,Corsario,minor,22,3,x
BOSCO,11,Corsario,minor,23,4,6
BOSCO,11,Corsario,minor,24,3,x
BOSCO,11,Corsario,minor,25,2,5
BOSCO,11,Corsario,minor,26,1,9
BOSCO,11,Corsario,minor,27,b7,1
BOSCO,11,Corsario,minor,28,1,1
BOSCO,11,Corsario,minor,29,b7,x
BOSCO,11,Corsario,minor,30,1,1
BOSCO,11,Corsario,minor,31,#1/b2,b13
BOSCO,11,Corsario,minor,32,1,5
BOSCO,11,Corsario,minor,33,b7,11
BOSCO,11,Corsario,minor,34,6,3
BOSCO,11,Corsario,minor,35,6,x
BOSCO,11,Corsario,minor,36,5,11
BOSCO,11,Corsario,minor,37,3,b13
BOSCO,11,Corsario,minor,38,2,9
BOSCO,11,Corsario,minor,39,1,1
BOSCO,11,Corsario,minor,40,5,3
BOSCO,11,Corsario,minor,41,3,1
BOSCO,11,Corsario,minor,42,2,1
BOSCO,11,Corsario,minor,43,1,7
BOSCO,11,Corsario,minor,44,6,x
BOSCO,11,Corsario,minor,45,5,1
BOSCO,11,Corsario,minor,46,3,b13
BOSCO,11,Corsario,minor,47,2,x
BOSCO,11,Corsario,minor,48,1,1
BOSCO,12,Feminismo no Estacio,major,1,1,1
BOSCO,12,Feminismo no Estacio,major,2,7,x
BOSCO,12,Feminismo no Estacio,major,3,6,6
BOSCO,12,Feminismo no Estacio,major,4,1,1
BOSCO,12,Feminismo no Estacio,major,5,7,x
BOSCO,12,Feminismo no Estacio,major,6,6,6
BOSCO,12,Feminismo no Estacio,major,7,1,3
BOSCO,12,Feminismo no Estacio,major,8,7,x
BOSCO,12,Feminismo no Estacio,major,9,6,1
BOSCO,12,Feminismo no Estacio,major,10,4,6
BOSCO,12,Feminismo no Estacio,major,11,6,1
BOSCO,12,Feminismo no Estacio,major,12,6,5
BOSCO,12,Feminismo no Estacio,major,13,4,3
BOSCO,12,Feminismo no Estacio,major,14,1,7
BOSCO,12,Feminismo no Estacio,major,15,7,x
BOSCO,12,Feminismo no Estacio,major,16,6,5
BOSCO,12,Feminismo no Estacio,major,17,1,7
BOSCO,12,Feminismo no Estacio,major,18,7,x
BOSCO,12,Feminismo no Estacio,major,19,6,5
BOSCO,12,Feminismo no Estacio,major,20,4,7
BOSCO,12,Feminismo no Estacio,major,21,2,5
BOSCO,12,Feminismo no Estacio,major,22,5,1
BOSCO,12,Feminismo no Estacio,major,23,7,3
BOSCO,12,Feminismo no Estacio,major,24,2,5
BOSCO,12,Feminismo no Estacio,major,25,4,7
BOSCO,12,Feminismo no Estacio,major,26,1,x
BOSCO,12,Feminismo no Estacio,major,27,7,3
BOSCO,12,Feminismo no Estacio,major,28,6,6
BOSCO,12,Feminismo no Estacio,major,29,5,5
BOSCO,12,Feminismo no Estacio,major,30,1,1
BOSCO,12,Feminismo no Estacio,major,31,3,3
BOSCO,12,Feminismo no Estacio,major,32,7,7
BOSCO,12,Feminismo no Estacio,major,33,6,x
BOSCO,12,Feminismo no Estacio,major,34,5,5
BOSCO,12,Feminismo no Estacio,major,35,3,3
BOSCO,12,Feminismo no Estacio,major,36,6,6
BOSCO,12,Feminismo no Estacio,major,37,6,5
BOSCO,12,Feminismo no Estacio,major,38,4,3
BOSCO,12,Feminismo no Estacio,major,39,1,7
BOSCO,12,Feminismo no Estacio,major,40,7,x
BOSCO,12,Feminismo no Estacio,major,41,6,5
BOSCO,12,Feminismo no Estacio,major,42,1,7
BOSCO,12,Feminismo no Estacio,major,43,7,x
BOSCO,12,Feminismo no Estacio,major,44,6,5
BOSCO,12,Feminismo no Estacio,major,45,4,7
BOSCO,12,Feminismo no Estacio,major,46,5,1
BOSCO,12,Feminismo no Estacio,major,47,7,3
BOSCO,12,Feminismo no Estacio,major,48,2,5
BOSCO,12,Feminismo no Estacio,major,49,4,7
BOSCO,12,Feminismo no Estacio,major,50,1,x
BOSCO,12,Feminismo no Estacio,major,51,7,3
BOSCO,12,Feminismo no Estacio,major,52,6,6
BOSCO,12,Feminismo no Estacio,major,53,5,5
BOSCO,12,Feminismo no Estacio,major,54,1,1
BOSCO,12,Feminismo no Estacio,major,55,7,9
BOSCO,12,Feminismo no Estacio,major,56,6,1
BOSCO,12,Feminismo no Estacio,major,57,5,11
BOSCO,12,Feminismo no Estacio,major,58,4,3
BOSCO,12,Feminismo no Estacio,major,59,2,1
BOSCO,12,Feminismo no Estacio,major,60,3,x
BOSCO,12,Feminismo no Estacio,major,61,4,3
BOSCO,12,Feminismo no Estacio,major,62,5,11
BOSCO,12,Feminismo no Estacio,major,63,3,3
BOSCO,12,Feminismo no Estacio,major,64,1,1
BOSCO,12,Feminismo no Estacio,major,65,5,5
BOSCO,12,Feminismo no Estacio,major,66,5,1
BOSCO,12,Feminismo no Estacio,major,67,#4/b5,x
BOSCO,12,Feminismo no Estacio,major,68,4,7
BOSCO,12,Feminismo no Estacio,major,69,7,3
BOSCO,12,Feminismo no Estacio,major,70,2,9
BOSCO,12,Feminismo no Estacio,major,71,1,1
BOSCO,13,Gol anulado,minor,1,2,9
BOSCO,13,Gol anulado,minor,2,3,x
BOSCO,13,Gol anulado,minor,3,2,9
BOSCO,13,Gol anulado,minor,4,1,1
BOSCO,13,Gol anulado,minor,5,5,5
BOSCO,13,Gol anulado,minor,6,3,5
BOSCO,13,Gol anulado,minor,7,5,9
BOSCO,13,Gol anulado,minor,8,1,5
BOSCO,13,Gol anulado,minor,9,4,1
BOSCO,13,Gol anulado,minor,10,5,x
BOSCO,13,Gol anulado,minor,11,4,7
BOSCO,13,Gol anulado,minor,12,5,x
BOSCO,13,Gol anulado,minor,13,4,7
BOSCO,13,Gol anulado,minor,14,1,3
BOSCO,13,Gol anulado,minor,15,3,5
BOSCO,13,Gol anulado,minor,16,1,3
BOSCO,13,Gol anulado,minor,17,4,3
BOSCO,13,Gol anulado,minor,18,4,7
BOSCO,13,Gol anulado,minor,19,5,x
BOSCO,13,Gol anulado,minor,20,4,7
BOSCO,13,Gol anulado,minor,21,3,3
BOSCO,13,Gol anulado,minor,22,5,5
BOSCO,13,Gol anulado,minor,23,3,5
BOSCO,13,Gol anulado,minor,24,4,x
BOSCO,13,Gol anulado,minor,25,3,5
BOSCO,13,Gol anulado,minor,26,4,x
BOSCO,13,Gol anulado,minor,27,1,5
BOSCO,13,Gol anulado,minor,28,2,5
BOSCO,13,Gol anulado,minor,29,5,5
BOSCO,13,Gol anulado,minor,30,6,x
BOSCO,13,Gol anulado,minor,31,5,5
BOSCO,13,Gol anulado,minor,32,7,x
BOSCO,13,Gol anulado,minor,33,1,5
BOSCO,13,Gol anulado,minor,34,4,1
BOSCO,13,Gol anulado,minor,35,1,5
BOSCO,13,Gol anulado,minor,36,4,6
BOSCO,13,Gol anulado,minor,37,5,x
BOSCO,13,Gol anulado,minor,38,4,5
BOSCO,13,Gol anulado,minor,39,2,3
BOSCO,13,Gol anulado,minor,40,1,x
BOSCO,13,Gol anulado,minor,41,b7,5
BOSCO,13,Gol anulado,minor,42,4,9
BOSCO,13,Gol anulado,minor,43,3,1
BOSCO,13,Gol anulado,minor,44,3,3
BOSCO,13,Gol anulado,minor,45,4,x
BOSCO,13,Gol anulado,minor,46,3,3
BOSCO,13,Gol anulado,minor,47,4,x
BOSCO,13,Gol anulado,minor,48,3,3
BOSCO,13,Gol anulado,minor,49,4,x
BOSCO,13,Gol anulado,minor,50,3,3
BOSCO,13,Gol anulado,minor,51,#6,6
BOSCO,13,Gol anulado,minor,52,4,x
BOSCO,13,Gol anulado,minor,53,5,x
BOSCO,13,Gol anulado,minor,54,4,x
BOSCO,13,Gol anulado,minor,55,5,x
BOSCO,13,Gol anulado,minor,56,4,x
BOSCO,13,Gol anulado,minor,57,5,x
BOSCO,13,Gol anulado,minor,58,4,x
BOSCO,14,Desenho de giz,major,1,4,3
BOSCO,14,Desenho de giz,major,2,3,x
BOSCO,14,Desenho de giz,major,3,4,3
BOSCO,14,Desenho de giz,major,4,3,x
BOSCO,14,Desenho de giz,major,5,4,7
BOSCO,14,Desenho de giz,major,6,3,x
BOSCO,14,Desenho de giz,major,7,4,7
BOSCO,14,Desenho de giz,major,8,5,1
BOSCO,14,Desenho de giz,major,9,3,13
BOSCO,14,Desenho de giz,major,10,2,x
BOSCO,14,Desenho de giz,major,11,3,3
BOSCO,14,Desenho de giz,major,12,2,x
BOSCO,14,Desenho de giz,major,13,3,1
BOSCO,14,Desenho de giz,major,14,2,x
BOSCO,14,Desenho de giz,major,15,3,5
BOSCO,14,Desenho de giz,major,16,2,6
BOSCO,14,Desenho de giz,major,17,7,x
BOSCO,14,Desenho de giz,major,18,1,5
BOSCO,14,Desenho de giz,major,19,2,6
BOSCO,14,Desenho de giz,major,20,1,b13
BOSCO,14,Desenho de giz,major,21,2,x
BOSCO,14,Desenho de giz,major,22,3,1
BOSCO,14,Desenho de giz,major,23,1,b13
BOSCO,14,Desenho de giz,major,24,7,x
BOSCO,14,Desenho de giz,major,25,1,1
BOSCO,14,Desenho de giz,major,26,7,x
BOSCO,14,Desenho de giz,major,27,1,1
BOSCO,14,Desenho de giz,major,28,7,x
BOSCO,14,Desenho de giz,major,29,1,7
BOSCO,14,Desenho de giz,major,30,2,1
BOSCO,14,Desenho de giz,major,31,7,3
BOSCO,14,Desenho de giz,major,32,7,1
BOSCO,14,Desenho de giz,major,33,6,x
BOSCO,14,Desenho de giz,major,34,7,1
BOSCO,14,Desenho de giz,major,35,6,x
BOSCO,14,Desenho de giz,major,36,7,5
BOSCO,14,Desenho de giz,major,37,5,3
BOSCO,14,Desenho de giz,major,38,3,1
BOSCO,14,Desenho de giz,major,39,2,7
BOSCO,14,Desenho de giz,major,40,7,5
BOSCO,14,Desenho de giz,major,41,5,3
BOSCO,14,Desenho de giz,major,42,7,x
BOSCO,14,Desenho de giz,major,43,6,9
BOSCO,14,Desenho de giz,major,44,5,x
BOSCO,14,Desenho de giz,major,45,#5/b6,b9/#9
BOSCO,14,Desenho de giz,major,46,5,1
BOSCO,14,Desenho de giz,major,47,2,5
BOSCO,14,Desenho de giz,major,48,3,3
BOSCO,14,Desenho de giz,major,49,3,1
BOSCO,14,Desenho de giz,major,50,2,x
BOSCO,14,Desenho de giz,major,51,3,1
BOSCO,14,Desenho de giz,major,52,3,5
BOSCO,14,Desenho de giz,major,53,1,3
BOSCO,14,Desenho de giz,major,54,6,1
BOSCO,14,Desenho de giz,major,55,5,7
BOSCO,14,Desenho de giz,major,56,3,5
BOSCO,14,Desenho de giz,major,57,1,3
BOSCO,14,Desenho de giz,major,58,3,x
BOSCO,14,Desenho de giz,major,59,2,5
BOSCO,14,Desenho de giz,major,60,1,x
BOSCO,14,Desenho de giz,major,61,2,9
BOSCO,14,Desenho de giz,major,62,1,1
BOSCO,14,Desenho de giz,major,63,6,3
BOSCO,14,Desenho de giz,major,64,5,x
BOSCO,14,Desenho de giz,major,65,6,3
BOSCO,14,Desenho de giz,major,66,6,7
BOSCO,14,Desenho de giz,major,67,5,x
BOSCO,14,Desenho de giz,major,68,2,9
BOSCO,14,Desenho de giz,major,69,#6/b7,3
BOSCO,14,Desenho de giz,major,70,6,x
BOSCO,14,Desenho de giz,major,71,5,1
BOSCO,14,Desenho de giz,major,72,3,6
BOSCO,14,Desenho de giz,major,73,4,x
BOSCO,14,Desenho de giz,major,74,5,7
BOSCO,14,Desenho de giz,major,75,6,1
BOSCO,14,Desenho de giz,major,76,2,1
BOSCO,14,Desenho de giz,major,77,7,13
BOSCO,14,Desenho de giz,major,78,1,x
BOSCO,14,Desenho de giz,major,79,3,13
BOSCO,14,Desenho de giz,major,80,2,x
BOSCO,14,Desenho de giz,major,81,3,b9/#9
BOSCO,14,Desenho de giz,major,82,2,b9/#9
BOSCO,14,Desenho de giz,major,83,6,x
BOSCO,14,Desenho de giz,major,84,7,7
BOSCO,14,Desenho de giz,major,85,1,1
BOSCO,15,Kid cavaquinho,major,1,1,1
BOSCO,15,Kid cavaquinho,major,2,3,3
BOSCO,15,Kid cavaquinho,major,3,2,5
BOSCO,15,Kid cavaquinho,major,4,1,1
BOSCO,15,Kid cavaquinho,major,5,3,3
BOSCO,15,Kid cavaquinho,major,6,2,x
BOSCO,15,Kid cavaquinho,major,7,3,3
BOSCO,15,Kid cavaquinho,major,8,4,x
BOSCO,15,Kid cavaquinho,major,9,5,5
BOSCO,15,Kid cavaquinho,major,10,4,1
BOSCO,15,Kid cavaquinho,major,11,5,9
BOSCO,15,Kid cavaquinho,major,12,3,3
BOSCO,15,Kid cavaquinho,major,13,6,x
BOSCO,15,Kid cavaquinho,major,14,5,5
BOSCO,15,Kid cavaquinho,major,15,3,3
BOSCO,15,Kid cavaquinho,major,16,2,x
BOSCO,15,Kid cavaquinho,major,17,1,1
BOSCO,15,Kid cavaquinho,major,18,5,5
BOSCO,15,Kid cavaquinho,major,19,1,1
BOSCO,15,Kid cavaquinho,major,20,5,5
BOSCO,15,Kid cavaquinho,major,21,6,6
BOSCO,15,Kid cavaquinho,major,22,5,9
BOSCO,15,Kid cavaquinho,major,23,3,3
BOSCO,15,Kid cavaquinho,major,24,4,7
BOSCO,15,Kid cavaquinho,major,25,3,13
BOSCO,15,Kid cavaquinho,major,26,5,1
BOSCO,15,Kid cavaquinho,major,27,3,#11
BOSCO,15,Kid cavaquinho,major,28,1,1
BOSCO,15,Kid cavaquinho,major,29,2,1
BOSCO,15,Kid cavaquinho,major,30,3,x
BOSCO,15,Kid cavaquinho,major,31,4,x
BOSCO,15,Kid cavaquinho,major,32,3,9
BOSCO,15,Kid cavaquinho,major,33,5,1
BOSCO,15,Kid cavaquinho,major,34,2,5
BOSCO,15,Kid cavaquinho,major,35,3,x
BOSCO,15,Kid cavaquinho,major,36,2,5
BOSCO,15,Kid cavaquinho,major,37,1,1
BOSCO,15,Kid cavaquinho,major,38,3,3
BOSCO,16,Jogador,major,1,3,3
BOSCO,16,Jogador,major,2,2,x
BOSCO,16,Jogador,major,3,1,1
BOSCO,16,Jogador,major,4,1,5
BOSCO,16,Jogador,major,5,1,5
BOSCO,16,Jogador,major,6,2,x
BOSCO,16,Jogador,major,7,3,3
BOSCO,16,Jogador,major,8,3,5
BOSCO,16,Jogador,major,9,2,x
BOSCO,16,Jogador,major,10,#1/b2,3
BOSCO,16,Jogador,major,11,4,b13
BOSCO,16,Jogador,major,12,3,9
BOSCO,16,Jogador,major,13,2,x
BOSCO,16,Jogador,major,14,3,9
BOSCO,16,Jogador,major,15,4,3
BOSCO,16,Jogador,major,16,3,x
BOSCO,16,Jogador,major,17,2,1
BOSCO,16,Jogador,major,18,1,x
BOSCO,16,Jogador,major,19,7,3
BOSCO,16,Jogador,major,20,3,13
BOSCO,16,Jogador,major,21,2,x
BOSCO,16,Jogador,major,22,3,3
BOSCO,16,Jogador,major,23,2,x
BOSCO,16,Jogador,major,24,1,1
BOSCO,16,Jogador,major,25,3,3
BOSCO,16,Jogador,major,26,2,7
BOSCO,16,Jogador,major,27,7,5
BOSCO,16,Jogador,major,28,1,x
BOSCO,16,Jogador,major,29,2,7
BOSCO,16,Jogador,major,30,3,1
BOSCO,16,Jogador,major,31,2,x
BOSCO,16,Jogador,major,32,1,x
BOSCO,16,Jogador,major,33,7,5
BOSCO,16,Jogador,major,34,1,x
BOSCO,16,Jogador,major,35,2,11
BOSCO,16,Jogador,major,36,1,3
BOSCO,16,Jogador,major,37,6,1
BOSCO,16,Jogador,major,38,3,5
BOSCO,16,Jogador,major,39,2,5
BOSCO,16,Jogador,major,40,2,1
BOSCO,16,Jogador,major,41,6,5
BOSCO,16,Jogador,major,42,5,x
BOSCO,16,Jogador,major,43,6,5
BOSCO,16,Jogador,major,44,5,1
BOSCO,16,Jogador,major,45,#4/b5,x
BOSCO,16,Jogador,major,46,5,7
BOSCO,16,Jogador,major,47,6,5
BOSCO,16,Jogador,major,48,1,7
BOSCO,16,Jogador,major,49,6,5
BOSCO,16,Jogador,major,50,4,x
BOSCO,16,Jogador,major,51,3,13
BOSCO,16,Jogador,major,52,2,x
BOSCO,16,Jogador,major,53,1,1
BOSCO,17,Linha de passe,major,1,3,3
BOSCO,17,Linha de passe,major,2,1,1
BOSCO,17,Linha de passe,major,3,3,3
BOSCO,17,Linha de passe,major,4,1,1
BOSCO,17,Linha de passe,major,5,#2/b3,3
BOSCO,17,Linha de passe,major,6,1,1
BOSCO,17,Linha de passe,major,7,#2/b3,3
BOSCO,17,Linha de passe,major,8,1,1
BOSCO,17,Linha de passe,major,9,3,3
BOSCO,17,Linha de passe,major,10,1,1
BOSCO,17,Linha de passe,major,11,3,3
BOSCO,17,Linha de passe,major,12,1,1
BOSCO,17,Linha de passe,major,13,#2/b3,3
BOSCO,17,Linha de passe,major,14,5,5
BOSCO,17,Linha de passe,major,15,3,3
BOSCO,17,Linha de passe,major,16,1,1
BOSCO,17,Linha de passe,major,17,3,3
BOSCO,17,Linha de passe,major,18,1,1
BOSCO,17,Linha de passe,major,19,#2/b3,3
BOSCO,17,Linha de passe,major,20,1,1
BOSCO,17,Linha de passe,major,21,#2/b3,3
BOSCO,17,Linha de passe,major,22,1,1
BOSCO,17,Linha de passe,major,23,3,3
BOSCO,17,Linha de passe,major,24,1,1
BOSCO,17,Linha de passe,major,25,3,7
BOSCO,17,Linha de passe,major,26,1,5
BOSCO,17,Linha de passe,major,27,3,7
BOSCO,17,Linha de passe,major,28,1,5
BOSCO,17,Linha de passe,major,29,#2/b3,7
BOSCO,17,Linha de passe,major,30,1,5
BOSCO,17,Linha de passe,major,31,#2/b3,7
BOSCO,17,Linha de passe,major,32,1,5
BOSCO,17,Linha de passe,major,33,3,3
BOSCO,17,Linha de passe,major,34,1,1
BOSCO,17,Linha de passe,major,35,3,3
BOSCO,17,Linha de passe,major,36,4,x
BOSCO,17,Linha de passe,major,37,5,7
BOSCO,17,Linha de passe,major,38,4,x
BOSCO,17,Linha de passe,major,39,3,5
BOSCO,17,Linha de passe,major,40,1,7
BOSCO,17,Linha de passe,major,41,6,5
BOSCO,17,Linha de passe,major,42,1,7
BOSCO,17,Linha de passe,major,43,3,9
BOSCO,17,Linha de passe,major,44,1,3
BOSCO,17,Linha de passe,major,45,6,9
BOSCO,17,Linha de passe,major,46,1,3
BOSCO,17,Linha de passe,major,47,3,13
BOSCO,17,Linha de passe,major,48,1,1
BOSCO,17,Linha de passe,major,49,6,6
BOSCO,17,Linha de passe,major,50,1,1
BOSCO,18,Jade,minor,1,5,5
BOSCO,18,Jade,minor,2,4,x
BOSCO,18,Jade,minor,3,5,5
BOSCO,18,Jade,minor,4,4,11
BOSCO,18,Jade,minor,5,5,x
BOSCO,18,Jade,minor,6,6,x
BOSCO,18,Jade,minor,7,b7,7
BOSCO,18,Jade,minor,8,5,5
BOSCO,18,Jade,minor,9,4,x
BOSCO,18,Jade,minor,10,5,5
BOSCO,18,Jade,minor,11,1,1
BOSCO,18,Jade,minor,12,4,6
BOSCO,18,Jade,minor,13,3,x
BOSCO,18,Jade,minor,14,4,6
BOSCO,18,Jade,minor,15,7,3
BOSCO,18,Jade,minor,16,4,7
BOSCO,18,Jade,minor,17,3,x
BOSCO,18,Jade,minor,18,4,7
BOSCO,18,Jade,minor,19,7,3
BOSCO,18,Jade,minor,20,4,7
BOSCO,18,Jade,minor,21,3,x
BOSCO,18,Jade,minor,22,4,11
BOSCO,18,Jade,minor,23,3,3
BOSCO,18,Jade,minor,24,2,9
BOSCO,18,Jade,minor,25,1,x
BOSCO,18,Jade,minor,26,2,9
BOSCO,18,Jade,minor,27,1,1
BOSCO,18,Jade,minor,28,5,1
BOSCO,18,Jade,minor,29,4,x
BOSCO,18,Jade,minor,30,5,5
BOSCO,18,Jade,minor,31,1,1
BOSCO,18,Jade,minor,32,7,x
BOSCO,18,Jade,minor,33,1,1
BOSCO,18,Jade,minor,34,2,9
BOSCO,18,Jade,minor,35,1,x
BOSCO,18,Jade,minor,36,2,9
BOSCO,18,Jade,minor,37,3,3
BOSCO,18,Jade,minor,38,2,x
BOSCO,18,Jade,minor,39,3,3
BOSCO,18,Jade,minor,40,4,11
BOSCO,18,Jade,minor,41,3,x
BOSCO,18,Jade,minor,42,4,11
BOSCO,18,Jade,minor,43,5,1
BOSCO,18,Jade,minor,44,#4/b5,x
BOSCO,18,Jade,minor,45,5,1
BOSCO,18,Jade,minor,46,#6,9
BOSCO,18,Jade,minor,47,5,x
BOSCO,18,Jade,minor,48,#6,9
BOSCO,18,Jade,minor,49,b7,3
BOSCO,18,Jade,minor,50,#6,9
BOSCO,18,Jade,minor,51,b7,x
BOSCO,18,Jade,minor,52,1,11
BOSCO,18,Jade,minor,53,b7,x
BOSCO,18,Jade,minor,54,1,11
BOSCO,18,Jade,minor,55,2,9
BOSCO,18,Jade,minor,56,3,x
BOSCO,18,Jade,minor,57,2,9
BOSCO,18,Jade,minor,58,1,1
BOSCO,18,Jade,minor,59,b7,x
BOSCO,18,Jade,minor,60,1,1
BOSCO,18,Jade,minor,61,2,9
BOSCO,18,Jade,minor,62,3,3
BOSCO,18,Jade,minor,63,2,x
BOSCO,18,Jade,minor,64,1,1
BOSCO,18,Jade,minor,65,b7,x
BOSCO,18,Jade,minor,66,1,1
BOSCO,18,Jade,minor,67,2,11
BOSCO,19,O rancho da goiabada,minor,1,5,5
BOSCO,19,O rancho da goiabada,minor,2,6,x
BOSCO,19,O rancho da goiabada,minor,3,5,5
BOSCO,19,O rancho da goiabada,minor,4,1,1
BOSCO,19,O rancho da goiabada,minor,5,2,x
BOSCO,19,O rancho da goiabada,minor,6,1,1
BOSCO,19,O rancho da goiabada,minor,7,3,3
BOSCO,19,O rancho da goiabada,minor,8,2,x
BOSCO,19,O rancho da goiabada,minor,9,1,1
BOSCO,19,O rancho da goiabada,minor,10,b7,x
BOSCO,19,O rancho da goiabada,minor,11,6,3
BOSCO,19,O rancho da goiabada,minor,12,5,x
BOSCO,19,O rancho da goiabada,minor,13,6,3
BOSCO,19,O rancho da goiabada,minor,14,b7,x
BOSCO,19,O rancho da goiabada,minor,15,1,5
BOSCO,19,O rancho da goiabada,minor,16,b7,x
BOSCO,19,O rancho da goiabada,minor,17,6,3
BOSCO,19,O rancho da goiabada,minor,18,4,1
BOSCO,19,O rancho da goiabada,minor,19,2,6
BOSCO,19,O rancho da goiabada,minor,20,1,x
BOSCO,19,O rancho da goiabada,minor,21,7,3
BOSCO,19,O rancho da goiabada,minor,22,2,5
BOSCO,19,O rancho da goiabada,minor,23,7,3
BOSCO,19,O rancho da goiabada,minor,24,5,1
BOSCO,19,O rancho da goiabada,minor,25,4,7
BOSCO,19,O rancho da goiabada,minor,26,2,5
BOSCO,19,O rancho da goiabada,minor,27,3,b13
BOSCO,19,O rancho da goiabada,minor,28,4,7
BOSCO,19,O rancho da goiabada,minor,29,6,x
BOSCO,19,O rancho da goiabada,minor,30,5,5
BOSCO,19,O rancho da goiabada,minor,31,4,11
BOSCO,19,O rancho da goiabada,minor,32,3,3
BOSCO,19,O rancho da goiabada,minor,33,5,5
BOSCO,19,O rancho da goiabada,minor,34,1,1
BOSCO,19,O rancho da goiabada,minor,35,#1/b2,b9/#9
BOSCO,19,O rancho da goiabada,minor,36,1,1
BOSCO,19,O rancho da goiabada,minor,37,5,5
BOSCO,19,O rancho da goiabada,minor,38,4,1
BOSCO,19,O rancho da goiabada,minor,39,3,b13
BOSCO,19,O rancho da goiabada,minor,40,3,5
BOSCO,19,O rancho da goiabada,minor,41,4,11
BOSCO,19,O rancho da goiabada,minor,42,2,x
BOSCO,19,O rancho da goiabada,minor,43,3,3
BOSCO,19,O rancho da goiabada,minor,44,4,x
BOSCO,19,O rancho da goiabada,minor,45,5,5
BOSCO,19,O rancho da goiabada,minor,46,4,x
BOSCO,19,O rancho da goiabada,minor,47,3,3
BOSCO,19,O rancho da goiabada,minor,48,2,x
BOSCO,19,O rancho da goiabada,minor,49,1,1
BOSCO,19,O rancho da goiabada,minor,50,7,x
BOSCO,19,O rancho da goiabada,minor,51,1,1
BOSCO,19,O rancho da goiabada,minor,52,3,b9/#9
BOSCO,19,O rancho da goiabada,minor,53,#6,5
BOSCO,19,O rancho da goiabada,minor,54,2,1
BOSCO,19,O rancho da goiabada,minor,55,1,x
BOSCO,19,O rancho da goiabada,minor,56,7,3
BOSCO,19,O rancho da goiabada,minor,57,3,b13
BOSCO,19,O rancho da goiabada,minor,58,2,x
BOSCO,19,O rancho da goiabada,minor,59,1,1
BOSCO,20,Miss Sueter,major,1,1,1
BOSCO,20,Miss Sueter,major,2,7,x
BOSCO,20,Miss Sueter,major,3,6,x
BOSCO,20,Miss Sueter,major,4,5,5
BOSCO,20,Miss Sueter,major,5,6,6
BOSCO,20,Miss Sueter,major,6,5,x
BOSCO,20,Miss Sueter,major,7,4,x
BOSCO,20,Miss Sueter,major,8,3,3
BOSCO,20,Miss Sueter,major,9,4,x
BOSCO,20,Miss Sueter,major,10,3,5
BOSCO,20,Miss Sueter,major,11,2,x
BOSCO,20,Miss Sueter,major,12,1,3
BOSCO,20,Miss Sueter,major,13,2,11
BOSCO,20,Miss Sueter,major,14,1,x
BOSCO,20,Miss Sueter,major,15,7,9
BOSCO,20,Miss Sueter,major,16,5,7
BOSCO,20,Miss Sueter,major,17,6,1
BOSCO,20,Miss Sueter,major,18,5,7
BOSCO,20,Miss Sueter,major,19,6,5
BOSCO,20,Miss Sueter,major,20,7,x
BOSCO,20,Miss Sueter,major,21,1,7
BOSCO,20,Miss Sueter,major,22,2,x
BOSCO,20,Miss Sueter,major,23,3,9
BOSCO,20,Miss Sueter,major,24,2,x
BOSCO,20,Miss Sueter,major,25,1,x
BOSCO,20,Miss Sueter,major,26,7,13
BOSCO,20,Miss Sueter,major,27,2,6
BOSCO,20,Miss Sueter,major,28,1,x
BOSCO,20,Miss Sueter,major,29,7,x
BOSCO,20,Miss Sueter,major,30,6,3
BOSCO,20,Miss Sueter,major,31,1,x
BOSCO,20,Miss Sueter,major,32,7,3
BOSCO,20,Miss Sueter,major,33,6,x
BOSCO,20,Miss Sueter,major,34,5,1
BOSCO,20,Miss Sueter,major,35,6,6
BOSCO,20,Miss Sueter,major,36,3,9
BOSCO,20,Miss Sueter,major,37,4,3
BOSCO,20,Miss Sueter,major,38,2,7
BOSCO,20,Miss Sueter,major,39,3,1
BOSCO,20,Miss Sueter,major,40,4,x
BOSCO,20,Miss Sueter,major,41,5,3
BOSCO,20,Miss Sueter,major,42,3,9
BOSCO,20,Miss Sueter,major,43,4,3
BOSCO,20,Miss Sueter,major,44,2,1
BOSCO,20,Miss Sueter,major,45,3,x
BOSCO,20,Miss Sueter,major,46,4,3
BOSCO,20,Miss Sueter,major,47,5,9
BOSCO,20,Miss Sueter,major,48,6,x
BOSCO,20,Miss Sueter,major,49,5,9
BOSCO,20,Miss Sueter,major,50,4,7
BOSCO,20,Miss Sueter,major,51,3,x
BOSCO,20,Miss Sueter,major,52,2,5
BOSCO,20,Miss Sueter,major,53,3,5
BOSCO,20,Miss Sueter,major,54,7,9
BOSCO,21,O mestre-sala dos mares,major,1,5,5
BOSCO,21,O mestre-sala dos mares,major,2,1,1
BOSCO,21,O mestre-sala dos mares,major,3,7,7
BOSCO,21,O mestre-sala dos mares,major,4,6,6
BOSCO,21,O mestre-sala dos mares,major,5,5,5
BOSCO,21,O mestre-sala dos mares,major,6,#4/b5,3
BOSCO,21,O mestre-sala dos mares,major,7,7,b13
BOSCO,21,O mestre-sala dos mares,major,8,4,3
BOSCO,21,O mestre-sala dos mares,major,9,2,1
BOSCO,21,O mestre-sala dos mares,major,10,6,5
BOSCO,21,O mestre-sala dos mares,major,11,1,7
BOSCO,21,O mestre-sala dos mares,major,12,7,3
BOSCO,21,O mestre-sala dos mares,major,13,2,5
BOSCO,21,O mestre-sala dos mares,major,14,7,3
BOSCO,21,O mestre-sala dos mares,major,15,5,1
BOSCO,21,O mestre-sala dos mares,major,16,#4/b5,x
BOSCO,21,O mestre-sala dos mares,major,17,4,7
BOSCO,21,O mestre-sala dos mares,major,18,5,1
BOSCO,21,O mestre-sala dos mares,major,19,6,x
BOSCO,21,O mestre-sala dos mares,major,20,7,3
BOSCO,21,O mestre-sala dos mares,major,21,1,x
BOSCO,21,O mestre-sala dos mares,major,22,2,5
BOSCO,21,O mestre-sala dos mares,major,23,5,5
BOSCO,21,O mestre-sala dos mares,major,24,3,1
BOSCO,21,O mestre-sala dos mares,major,25,4,x
BOSCO,21,O mestre-sala dos mares,major,26,5,7
BOSCO,21,O mestre-sala dos mares,major,27,#4/b5,x
BOSCO,21,O mestre-sala dos mares,major,28,4,b13
BOSCO,21,O mestre-sala dos mares,major,29,#1/b2,3
BOSCO,21,O mestre-sala dos mares,major,30,3,x
BOSCO,21,O mestre-sala dos mares,major,31,2,1
BOSCO,21,O mestre-sala dos mares,major,32,#1/b2,x
BOSCO,21,O mestre-sala dos mares,major,33,3,x
BOSCO,21,O mestre-sala dos mares,major,34,2,1
BOSCO,21,O mestre-sala dos mares,major,35,4,5
BOSCO,21,O mestre-sala dos mares,major,36,2,3
BOSCO,21,O mestre-sala dos mares,major,37,3,1
BOSCO,21,O mestre-sala dos mares,major,38,2,7
BOSCO,21,O mestre-sala dos mares,major,39,7,5
BOSCO,21,O mestre-sala dos mares,major,40,2,11
BOSCO,21,O mestre-sala dos mares,major,41,1,3
BOSCO,21,O mestre-sala dos mares,major,42,5,7
BOSCO,21,O mestre-sala dos mares,major,43,1,3
BOSCO,21,O mestre-sala dos mares,major,44,6,1
BOSCO,21,O mestre-sala dos mares,major,45,7,9
BOSCO,21,O mestre-sala dos mares,major,46,7,13
BOSCO,21,O mestre-sala dos mares,major,47,6,x
BOSCO,21,O mestre-sala dos mares,major,48,5,x
BOSCO,21,O mestre-sala dos mares,major,49,#4/b5,3
BOSCO,21,O mestre-sala dos mares,major,50,5,x
BOSCO,21,O mestre-sala dos mares,major,51,6,5
BOSCO,21,O mestre-sala dos mares,major,52,2,1
BOSCO,21,O mestre-sala dos mares,major,53,1,x
BOSCO,21,O mestre-sala dos mares,major,54,7,x
BOSCO,21,O mestre-sala dos mares,major,55,6,5
BOSCO,21,O mestre-sala dos mares,major,56,#4/b5,3
BOSCO,21,O mestre-sala dos mares,major,57,2,1
BOSCO,21,O mestre-sala dos mares,major,58,1,x
BOSCO,21,O mestre-sala dos mares,major,59,7,13
BOSCO,21,O mestre-sala dos mares,major,60,2,1
BOSCO,21,O mestre-sala dos mares,major,61,1,x
BOSCO,21,O mestre-sala dos mares,major,62,7,13
BOSCO,21,O mestre-sala dos mares,major,63,6,3
BOSCO,21,O mestre-sala dos mares,major,64,#4/b5,3
BOSCO,21,O mestre-sala dos mares,major,65,6,5
BOSCO,21,O mestre-sala dos mares,major,66,1,7
BOSCO,21,O mestre-sala dos mares,major,67,4,1
BOSCO,21,O mestre-sala dos mares,major,68,3,13
BOSCO,21,O mestre-sala dos mares,major,69,2,5
BOSCO,21,O mestre-sala dos mares,major,70,7,3
BOSCO,21,O mestre-sala dos mares,major,71,2,9
BOSCO,21,O mestre-sala dos mares,major,72,1,1
BOSCO,22,Galos de briga,minor,1,5,5
BOSCO,22,Galos de briga,minor,2,1,1
BOSCO,22,Galos de briga,minor,3,2,9
BOSCO,22,Galos de briga,minor,4,b7,7
BOSCO,22,Galos de briga,minor,5,1,1
BOSCO,22,Galos de briga,minor,6,5,5
BOSCO,22,Galos de briga,minor,7,6,x
BOSCO,22,Galos de briga,minor,8,5,5
BOSCO,22,Galos de briga,minor,9,4,x
BOSCO,22,Galos de briga,minor,10,3,3
BOSCO,22,Galos de briga,minor,11,2,x
BOSCO,22,Galos de briga,minor,12,1,1
BOSCO,22,Galos de briga,minor,13,b7,7
BOSCO,22,Galos de briga,minor,14,2,x
BOSCO,22,Galos de briga,minor,15,1,1
BOSCO,22,Galos de briga,minor,16,5,9
BOSCO,22,Galos de briga,minor,17,4,x
BOSCO,22,Galos de briga,minor,18,3,5
BOSCO,22,Galos de briga,minor,19,2,x
BOSCO,22,Galos de briga,minor,20,3,5
BOSCO,22,Galos de briga,minor,21,4,x
BOSCO,22,Galos de briga,minor,22,3,x
BOSCO,22,Galos de briga,minor,23,2,1
BOSCO,22,Galos de briga,minor,24,4,6
BOSCO,22,Galos de briga,minor,25,3,x
BOSCO,22,Galos de briga,minor,26,2,x
BOSCO,22,Galos de briga,minor,27,1,3
BOSCO,22,Galos de briga,minor,28,b7,x
BOSCO,22,Galos de briga,minor,29,1,3
BOSCO,22,Galos de briga,minor,30,7,3
BOSCO,22,Galos de briga,minor,31,5,1
BOSCO,22,Galos de briga,minor,32,5,5
BOSCO,22,Galos de briga,minor,33,6,x
BOSCO,22,Galos de briga,minor,34,5,5
BOSCO,22,Galos de briga,minor,35,6,6
BOSCO,22,Galos de briga,minor,36,5,5
BOSCO,22,Galos de briga,minor,37,3,3
BOSCO,22,Galos de briga,minor,38,5,x
BOSCO,22,Galos de briga,minor,39,4,11
BOSCO,22,Galos de briga,minor,40,4,5
BOSCO,22,Galos de briga,minor,41,5,x
BOSCO,22,Galos de briga,minor,42,4,5
BOSCO,22,Galos de briga,minor,43,5,x
BOSCO,22,Galos de briga,minor,44,4,5
BOSCO,22,Galos de briga,minor,45,3,x
BOSCO,22,Galos de briga,minor,46,2,x
BOSCO,22,Galos de briga,minor,47,1,1
BOSCO,23,Zona de fronteira,major,1,1,1
BOSCO,23,Zona de fronteira,major,2,5,5
BOSCO,23,Zona de fronteira,major,3,#6/b7,7
BOSCO,23,Zona de fronteira,major,4,1,1
BOSCO,23,Zona de fronteira,major,5,5,5
BOSCO,23,Zona de fronteira,major,6,#6/b7,7
BOSCO,23,Zona de fronteira,major,7,1,1
BOSCO,23,Zona de fronteira,major,8,5,5
BOSCO,23,Zona de fronteira,major,9,#6/b7,7
BOSCO,23,Zona de fronteira,major,10,1,1
BOSCO,23,Zona de fronteira,major,11,2,x
BOSCO,23,Zona de fronteira,major,12,1,1
BOSCO,23,Zona de fronteira,major,13,#6/b7,7
BOSCO,23,Zona de fronteira,major,14,5,5
BOSCO,23,Zona de fronteira,major,15,#6/b7,7
BOSCO,23,Zona de fronteira,major,16,1,1
BOSCO,23,Zona de fronteira,major,17,5,5
BOSCO,23,Zona de fronteira,major,18,#6/b7,7
BOSCO,23,Zona de fronteira,major,19,4,x
BOSCO,23,Zona de fronteira,major,20,3,3
BOSCO,23,Zona de fronteira,major,21,2,9
BOSCO,23,Zona de fronteira,major,22,5,5
BOSCO,23,Zona de fronteira,major,23,#6/b7,7
BOSCO,23,Zona de fronteira,major,24,6,x
BOSCO,23,Zona de fronteira,major,25,#6/b7,7
BOSCO,23,Zona de fronteira,major,26,6,x
BOSCO,23,Zona de fronteira,major,27,#6/b7,7
BOSCO,23,Zona de fronteira,major,28,1,x
BOSCO,23,Zona de fronteira,major,29,2,9
BOSCO,23,Zona de fronteira,major,30,1,x
BOSCO,23,Zona de fronteira,major,31,#6/b7,7
BOSCO,23,Zona de fronteira,major,32,6,x
BOSCO,23,Zona de fronteira,major,33,5,5
BOSCO,23,Zona de fronteira,major,34,4,x
BOSCO,23,Zona de fronteira,major,35,3,3
BOSCO,23,Zona de fronteira,major,36,5,5
BOSCO,23,Zona de fronteira,major,37,#6/b7,7
BOSCO,24,Pirata azul,minor,1,5,5
BOSCO,24,Pirata azul,minor,2,b7,7
BOSCO,24,Pirata azul,minor,3,6,x
BOSCO,24,Pirata azul,minor,4,5,5
BOSCO,24,Pirata azul,minor,5,4,x
BOSCO,24,Pirata azul,minor,6,3,3
BOSCO,24,Pirata azul,minor,7,1,1
BOSCO,24,Pirata azul,minor,8,5,7
BOSCO,24,Pirata azul,minor,9,4,5
BOSCO,24,Pirata azul,minor,10,6,7
BOSCO,24,Pirata azul,minor,11,5,x
BOSCO,24,Pirata azul,minor,12,4,5
BOSCO,24,Pirata azul,minor,13,3,x
BOSCO,24,Pirata azul,minor,14,2,7
BOSCO,24,Pirata azul,minor,15,7,b13
BOSCO,24,Pirata azul,minor,16,4,9
BOSCO,24,Pirata azul,minor,17,3,3
BOSCO,24,Pirata azul,minor,18,6,x
BOSCO,24,Pirata azul,minor,19,5,5
BOSCO,24,Pirata azul,minor,20,4,x
BOSCO,24,Pirata azul,minor,21,3,3
BOSCO,24,Pirata azul,minor,22,2,#11
BOSCO,24,Pirata azul,minor,23,1,3
BOSCO,24,Pirata azul,minor,24,3,5
BOSCO,24,Pirata azul,minor,25,4,7
BOSCO,24,Pirata azul,minor,26,3,x
BOSCO,24,Pirata azul,minor,27,2,7
BOSCO,24,Pirata azul,minor,28,1,x
BOSCO,24,Pirata azul,minor,29,b7,7
BOSCO,24,Pirata azul,minor,30,5,5
BOSCO,24,Pirata azul,minor,31,4,x
BOSCO,24,Pirata azul,minor,32,3,3
BOSCO,24,Pirata azul,minor,33,1,1
BOSCO,24,Pirata azul,minor,34,5,5
BOSCO,24,Pirata azul,minor,35,1,1
BOSCO,24,Pirata azul,minor,36,2,x
BOSCO,24,Pirata azul,minor,37,3,3
BOSCO,24,Pirata azul,minor,38,4,x
BOSCO,24,Pirata azul,minor,39,5,3
BOSCO,24,Pirata azul,minor,40,6,x
BOSCO,24,Pirata azul,minor,41,b7,5
BOSCO,24,Pirata azul,minor,42,5,3
BOSCO,24,Pirata azul,minor,43,b7,5
BOSCO,24,Pirata azul,minor,44,5,3
BOSCO,24,Pirata azul,minor,45,b7,5
BOSCO,24,Pirata azul,minor,46,5,3
BOSCO,24,Pirata azul,minor,47,1,b13
BOSCO,24,Pirata azul,minor,48,7,x
BOSCO,24,Pirata azul,minor,49,1,b13
BOSCO,24,Pirata azul,minor,50,b7,11
BOSCO,24,Pirata azul,minor,51,6,3
BOSCO,24,Pirata azul,minor,52,1,5
BOSCO,24,Pirata azul,minor,53,6,3
BOSCO,24,Pirata azul,minor,54,b7,x
BOSCO,24,Pirata azul,minor,55,7,7
BOSCO,24,Pirata azul,minor,56,b7,5
BOSCO,24,Pirata azul,minor,57,6,x
BOSCO,24,Pirata azul,minor,58,b7,5
BOSCO,24,Pirata azul,minor,59,5,3
BOSCO,24,Pirata azul,minor,60,4,x
BOSCO,24,Pirata azul,minor,61,3,1
BOSCO,24,Pirata azul,minor,62,3,x
BOSCO,24,Pirata azul,minor,63,2,1
BOSCO,24,Pirata azul,minor,64,4,3
BOSCO,24,Pirata azul,minor,65,3,b13
BOSCO,24,Pirata azul,minor,66,2,x
BOSCO,24,Pirata azul,minor,67,1,3
BOSCO,24,Pirata azul,minor,68,1,1
BOSCO,25,Jandira da gandaia,minor,1,6,6
BOSCO,25,Jandira da gandaia,minor,2,5,x
BOSCO,25,Jandira da gandaia,minor,3,6,6
BOSCO,25,Jandira da gandaia,minor,4,5,x
BOSCO,25,Jandira da gandaia,minor,5,6,6
BOSCO,25,Jandira da gandaia,minor,6,5,x
BOSCO,25,Jandira da gandaia,minor,7,6,6
BOSCO,25,Jandira da gandaia,minor,8,5,x
BOSCO,25,Jandira da gandaia,minor,9,4,x
BOSCO,25,Jandira da gandaia,minor,10,5,1
BOSCO,25,Jandira da gandaia,minor,11,4,9
BOSCO,25,Jandira da gandaia,minor,12,3,b13
BOSCO,25,Jandira da gandaia,minor,13,2,3
BOSCO,25,Jandira da gandaia,minor,14,5,5
BOSCO,25,Jandira da gandaia,minor,15,6,x
BOSCO,25,Jandira da gandaia,minor,16,5,5
BOSCO,25,Jandira da gandaia,minor,17,6,x
BOSCO,25,Jandira da gandaia,minor,18,5,5
BOSCO,25,Jandira da gandaia,minor,19,6,6
BOSCO,25,Jandira da gandaia,minor,20,5,x
BOSCO,25,Jandira da gandaia,minor,21,6,6
BOSCO,25,Jandira da gandaia,minor,22,5,x
BOSCO,25,Jandira da gandaia,minor,23,4,1
BOSCO,25,Jandira da gandaia,minor,24,5,9
BOSCO,25,Jandira da gandaia,minor,25,4,x
BOSCO,25,Jandira da gandaia,minor,26,3,b13
BOSCO,25,Jandira da gandaia,minor,27,2,3
BOSCO,25,Jandira da gandaia,minor,28,3,1
BOSCO,25,Jandira da gandaia,minor,29,4,x
BOSCO,25,Jandira da gandaia,minor,30,3,1
BOSCO,25,Jandira da gandaia,minor,31,4,x
BOSCO,25,Jandira da gandaia,minor,32,3,1
BOSCO,25,Jandira da gandaia,minor,33,4,x
BOSCO,25,Jandira da gandaia,minor,34,3,1
BOSCO,25,Jandira da gandaia,minor,35,4,x
BOSCO,25,Jandira da gandaia,minor,36,5,9
BOSCO,25,Jandira da gandaia,minor,37,4,x
BOSCO,25,Jandira da gandaia,minor,38,3,b9/#9
BOSCO,25,Jandira da gandaia,minor,39,2,1
BOSCO,25,Jandira da gandaia,minor,40,3,1
BOSCO,25,Jandira da gandaia,minor,41,4,x
BOSCO,25,Jandira da gandaia,minor,42,3,1
BOSCO,25,Jandira da gandaia,minor,43,4,x
BOSCO,25,Jandira da gandaia,minor,44,3,1
BOSCO,25,Jandira da gandaia,minor,45,4,9
BOSCO,25,Jandira da gandaia,minor,46,3,1
BOSCO,25,Jandira da gandaia,minor,47,2,x
BOSCO,25,Jandira da gandaia,minor,48,3,1
BOSCO,25,Jandira da gandaia,minor,49,5,3
BOSCO,25,Jandira da gandaia,minor,50,4,x
BOSCO,25,Jandira da gandaia,minor,51,3,x
BOSCO,25,Jandira da gandaia,minor,52,2,6
BOSCO,25,Jandira da gandaia,minor,53,1,5
BOSCO,25,Jandira da gandaia,minor,54,2,x
BOSCO,25,Jandira da gandaia,minor,55,1,3
BOSCO,25,Jandira da gandaia,minor,56,7,3
BOSCO,25,Jandira da gandaia,minor,57,1,1
BOSCO,25,Jandira da gandaia,minor,58,b7,7
BOSCO,25,Jandira da gandaia,minor,59,1,1
BOSCO,26,Latin lover,minor,1,#4/b5,x
BOSCO,26,Latin lover,minor,2,5,5
BOSCO,26,Latin lover,minor,3,1,x
BOSCO,26,Latin lover,minor,4,2,9
BOSCO,26,Latin lover,minor,5,#4/b5,x
BOSCO,26,Latin lover,minor,6,5,5
BOSCO,26,Latin lover,minor,7,1,1
BOSCO,26,Latin lover,minor,8,2,x
BOSCO,26,Latin lover,minor,9,1,1
BOSCO,26,Latin lover,minor,10,2,x
BOSCO,26,Latin lover,minor,11,1,1
BOSCO,26,Latin lover,minor,12,2,x
BOSCO,26,Latin lover,minor,13,1,1
BOSCO,26,Latin lover,minor,14,7,x
BOSCO,26,Latin lover,minor,15,b7,x
BOSCO,26,Latin lover,minor,16,1,9
BOSCO,26,Latin lover,minor,17,#3,x
BOSCO,26,Latin lover,minor,18,4,5
BOSCO,26,Latin lover,minor,19,b7,1
BOSCO,26,Latin lover,minor,20,1,x
BOSCO,26,Latin lover,minor,21,b7,1
BOSCO,26,Latin lover,minor,22,1,x
BOSCO,26,Latin lover,minor,23,b7,1
BOSCO,26,Latin lover,minor,24,1,x
BOSCO,26,Latin lover,minor,25,b7,1
BOSCO,26,Latin lover,minor,26,6,x
BOSCO,26,Latin lover,minor,27,5,x
BOSCO,26,Latin lover,minor,28,6,5
BOSCO,26,Latin lover,minor,29,#1/b2,x
BOSCO,26,Latin lover,minor,30,2,1
BOSCO,26,Latin lover,minor,31,5,1
BOSCO,26,Latin lover,minor,32,6,x
BOSCO,26,Latin lover,minor,33,5,1
BOSCO,26,Latin lover,minor,34,6,x
BOSCO,26,Latin lover,minor,35,5,1
BOSCO,26,Latin lover,minor,36,6,x
BOSCO,26,Latin lover,minor,37,5,1
BOSCO,26,Latin lover,minor,38,4,7
BOSCO,26,Latin lover,minor,39,2,x
BOSCO,26,Latin lover,minor,40,3,3
BOSCO,26,Latin lover,minor,41,2,x
BOSCO,26,Latin lover,minor,42,3,5
BOSCO,26,Latin lover,minor,43,b7,11
BOSCO,26,Latin lover,minor,44,1,x
BOSCO,26,Latin lover,minor,45,b7,11
BOSCO,26,Latin lover,minor,46,1,x
BOSCO,26,Latin lover,minor,47,b7,11
BOSCO,26,Latin lover,minor,48,6,x
BOSCO,26,Latin lover,minor,49,5,11
BOSCO,26,Latin lover,minor,50,5,1
BOSCO,26,Latin lover,minor,51,7,7
BOSCO,26,Latin lover,minor,52,2,9
BOSCO,27,Beirando a rumba,major,1,#1/b2,b9/#9
BOSCO,27,Beirando a rumba,major,2,1,1
BOSCO,27,Beirando a rumba,major,3,#6/b7,7
BOSCO,27,Beirando a rumba,major,4,5,5
BOSCO,27,Beirando a rumba,major,5,#6/b7,7
BOSCO,27,Beirando a rumba,major,6,3,3
BOSCO,27,Beirando a rumba,major,7,5,5
BOSCO,27,Beirando a rumba,major,8,#6/b7,7
BOSCO,27,Beirando a rumba,major,9,1,1
BOSCO,27,Beirando a rumba,major,10,4,x
BOSCO,27,Beirando a rumba,major,11,5,5
BOSCO,27,Beirando a rumba,major,12,4,x
BOSCO,27,Beirando a rumba,major,13,3,3
BOSCO,27,Beirando a rumba,major,14,1,1
BOSCO,27,Beirando a rumba,major,15,#1/b2,x
BOSCO,27,Beirando a rumba,major,16,1,1
BOSCO,27,Beirando a rumba,major,17,5,5
BOSCO,27,Beirando a rumba,major,18,#6/b7,7
BOSCO,27,Beirando a rumba,major,19,1,1
BOSCO,27,Beirando a rumba,major,20,#1/b2,x
BOSCO,27,Beirando a rumba,major,21,1,1
BOSCO,27,Beirando a rumba,major,22,#1/b2,b9/#9
BOSCO,27,Beirando a rumba,major,23,1,1
BOSCO,27,Beirando a rumba,major,24,7,x
BOSCO,27,Beirando a rumba,major,25,#6/b7,x
BOSCO,27,Beirando a rumba,major,26,#5/b6,b13
BOSCO,27,Beirando a rumba,major,27,1,1
BOSCO,27,Beirando a rumba,major,28,7,x
BOSCO,27,Beirando a rumba,major,29,#6/b7,x
BOSCO,27,Beirando a rumba,major,30,6,13
BOSCO,27,Beirando a rumba,major,31,#5/b6,x
BOSCO,27,Beirando a rumba,major,32,5,5
BOSCO,27,Beirando a rumba,major,33,3,3
BOSCO,27,Beirando a rumba,major,34,#1/b2,b9/#9
BOSCO,27,Beirando a rumba,major,35,1,1
BOSCO,27,Beirando a rumba,major,36,#6/b7,7
BOSCO,27,Beirando a rumba,major,37,5,5
BOSCO,27,Beirando a rumba,major,38,3,3
BOSCO,27,Beirando a rumba,major,39,#1/b2,1
BOSCO,27,Beirando a rumba,major,40,1,7
BOSCO,27,Beirando a rumba,major,41,#6/b7,x
BOSCO,27,Beirando a rumba,major,42,#5/b6,5
BOSCO,27,Beirando a rumba,major,43,4,3
BOSCO,27,Beirando a rumba,major,44,#1/b2,1
BOSCO,27,Beirando a rumba,major,45,1,7
BOSCO,27,Beirando a rumba,major,46,#6/b7,x
BOSCO,27,Beirando a rumba,major,47,#5/b6,5
BOSCO,27,Beirando a rumba,major,48,#4/b5,x
BOSCO,27,Beirando a rumba,major,49,4,1
BOSCO,27,Beirando a rumba,major,50,#2/b3,7
BOSCO,27,Beirando a rumba,major,51,1,5
BOSCO,27,Beirando a rumba,major,52,6,3
BOSCO,27,Beirando a rumba,major,53,#4/b5,b9/#9
BOSCO,27,Beirando a rumba,major,54,4,5
BOSCO,27,Beirando a rumba,major,55,#2/b3,11
BOSCO,27,Beirando a rumba,major,56,#1/b2,3
BOSCO,27,Beirando a rumba,major,57,#6/b7,1
BOSCO,27,Beirando a rumba,major,58,#1/b2,3
BOSCO,27,Beirando a rumba,major,59,1,1
BOSCO,27,Beirando a rumba,major,60,#6/b7,7
BOSCO,27,Beirando a rumba,major,61,#5/b6,b13
BOSCO,27,Beirando a rumba,major,62,5,5
BOSCO,28,Preta-porter de tafeta,major,1,3,3
BOSCO,28,Preta-porter de tafeta,major,2,5,5
BOSCO,28,Preta-porter de tafeta,major,3,3,3
BOSCO,28,Preta-porter de tafeta,major,4,1,1
BOSCO,28,Preta-porter de tafeta,major,5,6,x
BOSCO,28,Preta-porter de tafeta,major,6,5,9
BOSCO,28,Preta-porter de tafeta,major,7,6,3
BOSCO,28,Preta-porter de tafeta,major,8,5,5
BOSCO,28,Preta-porter de tafeta,major,9,3,3
BOSCO,28,Preta-porter de tafeta,major,10,1,1
BOSCO,28,Preta-porter de tafeta,major,11,6,x
BOSCO,28,Preta-porter de tafeta,major,12,5,13
BOSCO,28,Preta-porter de tafeta,major,13,5,7
BOSCO,28,Preta-porter de tafeta,major,14,#4/b5,13
BOSCO,28,Preta-porter de tafeta,major,15,4,x
BOSCO,28,Preta-porter de tafeta,major,16,3,5
BOSCO,28,Preta-porter de tafeta,major,17,5,3
BOSCO,28,Preta-porter de tafeta,major,18,#4/b5,13
BOSCO,28,Preta-porter de tafeta,major,19,4,x
BOSCO,28,Preta-porter de tafeta,major,20,3,5
BOSCO,28,Preta-porter de tafeta,major,21,6,5
BOSCO,28,Preta-porter de tafeta,major,22,#5/b6,x
BOSCO,28,Preta-porter de tafeta,major,23,6,3
BOSCO,28,Preta-porter de tafeta,major,24,4,1
BOSCO,28,Preta-porter de tafeta,major,25,2,6
BOSCO,28,Preta-porter de tafeta,major,26,1,5
BOSCO,28,Preta-porter de tafeta,major,27,7,11
BOSCO,28,Preta-porter de tafeta,major,28,#4/b5,1
BOSCO,28,Preta-porter de tafeta,major,29,6,6
BOSCO,28,Preta-porter de tafeta,major,30,5,5
BOSCO,28,Preta-porter de tafeta,major,31,3,#11
BOSCO,28,Preta-porter de tafeta,major,32,1,b9/#9
BOSCO,28,Preta-porter de tafeta,major,33,#6/b7,b9/#9
BOSCO,28,Preta-porter de tafeta,major,34,6,1
BOSCO,28,Preta-porter de tafeta,major,35,#5/b6,x
BOSCO,28,Preta-porter de tafeta,major,36,6,1
BOSCO,28,Preta-porter de tafeta,major,37,2,1
BOSCO,28,Preta-porter de tafeta,major,38,6,5
BOSCO,28,Preta-porter de tafeta,major,39,1,7
BOSCO,28,Preta-porter de tafeta,major,40,2,1
BOSCO,28,Preta-porter de tafeta,major,41,5,1
BOSCO,28,Preta-porter de tafeta,major,42,7,3
BOSCO,28,Preta-porter de tafeta,major,43,2,5
BOSCO,28,Preta-porter de tafeta,major,44,5,1
BOSCO,28,Preta-porter de tafeta,major,45,5,5
BOSCO,28,Preta-porter de tafeta,major,46,1,1
BOSCO,29,Meu caro visconde,minor,1,5,5
BOSCO,29,Meu caro visconde,minor,2,1,1
BOSCO,29,Meu caro visconde,minor,3,b7,7
BOSCO,29,Meu caro visconde,minor,4,1,1
BOSCO,29,Meu caro visconde,minor,5,5,5
BOSCO,29,Meu caro visconde,minor,6,1,1
BOSCO,29,Meu caro visconde,minor,7,b7,7
BOSCO,29,Meu caro visconde,minor,8,1,1
BOSCO,29,Meu caro visconde,minor,9,6,6
BOSCO,29,Meu caro visconde,minor,10,1,1
BOSCO,29,Meu caro visconde,minor,11,5,5
BOSCO,29,Meu caro visconde,minor,12,4,11
BOSCO,29,Meu caro visconde,minor,13,5,5
BOSCO,29,Meu caro visconde,minor,14,1,1
BOSCO,29,Meu caro visconde,minor,15,5,5
BOSCO,29,Meu caro visconde,minor,16,b7,7
BOSCO,29,Meu caro visconde,minor,17,1,1
BOSCO,29,Meu caro visconde,minor,18,b7,7
BOSCO,29,Meu caro visconde,minor,19,5,5
BOSCO,29,Meu caro visconde,minor,20,6,3
BOSCO,29,Meu caro visconde,minor,21,4,1
BOSCO,29,Meu caro visconde,minor,22,1,5
BOSCO,29,Meu caro visconde,minor,23,5,9
BOSCO,29,Meu caro visconde,minor,24,b7,7
BOSCO,29,Meu caro visconde,minor,25,5,5
BOSCO,29,Meu caro visconde,minor,26,b7,7
BOSCO,29,Meu caro visconde,minor,27,1,1
BOSCO,29,Meu caro visconde,minor,28,b7,7
BOSCO,29,Meu caro visconde,minor,29,6,3
BOSCO,29,Meu caro visconde,minor,30,4,1
BOSCO,29,Meu caro visconde,minor,31,5,9
BOSCO,29,Meu caro visconde,minor,32,4,1
BOSCO,29,Meu caro visconde,minor,33,3,7
BOSCO,29,Meu caro visconde,minor,34,1,5
BOSCO,29,Meu caro visconde,minor,35,4,6
BOSCO,29,Meu caro visconde,minor,36,5,x
BOSCO,29,Meu caro visconde,minor,37,4,6
BOSCO,29,Meu caro visconde,minor,38,3,1
BOSCO,29,Meu caro visconde,minor,39,4,7
BOSCO,29,Meu caro visconde,minor,40,5,1
BOSCO,29,Meu caro visconde,minor,41,4,x
BOSCO,29,Meu caro visconde,minor,42,5,5
BOSCO,29,Meu caro visconde,minor,43,4,x
BOSCO,29,Meu caro visconde,minor,44,3,7
BOSCO,29,Meu caro visconde,minor,45,1,5
BOSCO,29,Meu caro visconde,minor,46,4,5
BOSCO,29,Meu caro visconde,minor,47,5,x
BOSCO,29,Meu caro visconde,minor,48,4,5
BOSCO,29,Meu caro visconde,minor,49,3,x
BOSCO,29,Meu caro visconde,minor,50,4,5
BOSCO,29,Meu caro visconde,minor,51,5,6
BOSCO,29,Meu caro visconde,minor,52,4,b13
BOSCO,29,Meu caro visconde,minor,53,5,x
BOSCO,29,Meu caro visconde,minor,54,4,6
BOSCO,29,Meu caro visconde,minor,55,3,5
BOSCO,29,Meu caro visconde,minor,56,4,x
BOSCO,29,Meu caro visconde,minor,57,5,1
BOSCO,29,Meu caro visconde,minor,58,5,5
BOSCO,29,Meu caro visconde,minor,59,1,1
BOSCO,29,Meu caro visconde,minor,60,4,1
BOSCO,29,Meu caro visconde,minor,61,3,7
BOSCO,29,Meu caro visconde,minor,62,4,1
BOSCO,29,Meu caro visconde,minor,63,3,7
BOSCO,29,Meu caro visconde,minor,64,4,7
BOSCO,29,Meu caro visconde,minor,65,3,x
BOSCO,29,Meu caro visconde,minor,66,4,7
BOSCO,29,Meu caro visconde,minor,67,5,1
BOSCO,29,Meu caro visconde,minor,68,4,x
BOSCO,29,Meu caro visconde,minor,69,3,3
BOSCO,29,Meu caro visconde,minor,70,1,1
BOSCO,30,Nacao,major,1,4,3
BOSCO,30,Nacao,major,2,3,9
BOSCO,30,Nacao,major,3,5,11
BOSCO,30,Nacao,major,4,6,x
BOSCO,30,Nacao,major,5,5,11
BOSCO,30,Nacao,major,6,2,1
BOSCO,30,Nacao,major,7,2,11
BOSCO,30,Nacao,major,8,1,3
BOSCO,30,Nacao,major,9,7,9
BOSCO,30,Nacao,major,10,2,11
BOSCO,30,Nacao,major,11,3,x
BOSCO,30,Nacao,major,12,2,11
BOSCO,30,Nacao,major,13,1,3
BOSCO,30,Nacao,major,14,6,1
BOSCO,30,Nacao,major,15,2,b13
BOSCO,30,Nacao,major,16,1,5
BOSCO,30,Nacao,major,17,#4/b5,1
BOSCO,30,Nacao,major,18,7,11
BOSCO,30,Nacao,major,19,6,6
BOSCO,30,Nacao,major,20,5,5
BOSCO,30,Nacao,major,21,5,7
BOSCO,30,Nacao,major,22,7,x
BOSCO,30,Nacao,major,23,6,5
BOSCO,30,Nacao,major,24,5,x
BOSCO,30,Nacao,major,25,#4/b5,x
BOSCO,30,Nacao,major,26,4,7
BOSCO,30,Nacao,major,27,7,3
BOSCO,30,Nacao,major,28,2,9
BOSCO,30,Nacao,major,29,1,1
BOSCO,30,Nacao,major,30,7,x
BOSCO,30,Nacao,major,31,1,1
BOSCO,30,Nacao,major,32,7,x
BOSCO,30,Nacao,major,33,6,6
BOSCO,30,Nacao,major,34,7,x
BOSCO,30,Nacao,major,35,6,6
BOSCO,30,Nacao,major,36,3,3
BOSCO,30,Nacao,major,37,6,6
BOSCO,30,Nacao,major,38,5,5
BOSCO,30,Nacao,major,39,3,3
BOSCO,30,Nacao,major,40,1,1
BOSCO,30,Nacao,major,41,4,x
BOSCO,30,Nacao,major,42,3,3
BOSCO,30,Nacao,major,43,1,1
BOSCO,30,Nacao,major,44,6,6
BOSCO,30,Nacao,major,45,5,5
BOSCO,30,Nacao,major,46,1,1
BOSCO,30,Nacao,major,47,3,3
BOSCO,30,Nacao,major,48,5,7
BOSCO,30,Nacao,major,49,#4/b5,x
BOSCO,30,Nacao,major,50,4,3
BOSCO,30,Nacao,major,51,6,5
BOSCO,31,Quando o amor acontece,major,1,3,3
BOSCO,31,Quando o amor acontece,major,2,2,x
BOSCO,31,Quando o amor acontece,major,3,3,3
BOSCO,31,Quando o amor acontece,major,4,2,x
BOSCO,31,Quando o amor acontece,major,5,1,1
BOSCO,31,Quando o amor acontece,major,6,5,5
BOSCO,31,Quando o amor acontece,major,7,7,7
BOSCO,31,Quando o amor acontece,major,8,5,5
BOSCO,31,Quando o amor acontece,major,9,3,3
BOSCO,31,Quando o amor acontece,major,10,4,x
BOSCO,31,Quando o amor acontece,major,11,5,5
BOSCO,31,Quando o amor acontece,major,12,6,6
BOSCO,31,Quando o amor acontece,major,13,7,x
BOSCO,31,Quando o amor acontece,major,14,1,13
BOSCO,31,Quando o amor acontece,major,15,2,14
BOSCO,31,Quando o amor acontece,major,16,7,b13
BOSCO,31,Quando o amor acontece,major,17,6,x
BOSCO,31,Quando o amor acontece,major,18,5,11
BOSCO,31,Quando o amor acontece,major,19,4,7
BOSCO,31,Quando o amor acontece,major,20,2,5
BOSCO,31,Quando o amor acontece,major,21,1,x
BOSCO,31,Quando o amor acontece,major,22,2,5
BOSCO,31,Quando o amor acontece,major,23,1,x
BOSCO,31,Quando o amor acontece,major,24,2,5
BOSCO,31,Quando o amor acontece,major,25,1,x
BOSCO,31,Quando o amor acontece,major,26,7,3
BOSCO,31,Quando o amor acontece,major,27,4,3
BOSCO,31,Quando o amor acontece,major,28,1,7
BOSCO,31,Quando o amor acontece,major,29,7,x
BOSCO,31,Quando o amor acontece,major,30,6,5
BOSCO,31,Quando o amor acontece,major,31,2,5
BOSCO,31,Quando o amor acontece,major,32,3,x
BOSCO,31,Quando o amor acontece,major,33,4,7
BOSCO,31,Quando o amor acontece,major,34,5,1
BOSCO,31,Quando o amor acontece,major,35,6,9
BOSCO,31,Quando o amor acontece,major,36,7,3
BOSCO,31,Quando o amor acontece,major,37,1,x
BOSCO,31,Quando o amor acontece,major,38,2,5
BOSCO,31,Quando o amor acontece,major,39,3,x
BOSCO,31,Quando o amor acontece,major,40,4,x
BOSCO,31,Quando o amor acontece,major,41,3,13
BOSCO,31,Quando o amor acontece,major,42,6,9
BOSCO,31,Quando o amor acontece,major,43,3,3
BOSCO,31,Quando o amor acontece,major,44,5,5
BOSCO,32,Nossas ultimas viagens,major,1,5,7
BOSCO,32,Nossas ultimas viagens,major,2,4,x
BOSCO,32,Nossas ultimas viagens,major,3,3,5
BOSCO,32,Nossas ultimas viagens,major,4,6,5
BOSCO,32,Nossas ultimas viagens,major,5,4,1
BOSCO,32,Nossas ultimas viagens,major,6,3,x
BOSCO,32,Nossas ultimas viagens,major,7,2,6
BOSCO,32,Nossas ultimas viagens,major,8,5,3
BOSCO,32,Nossas ultimas viagens,major,9,3,5
BOSCO,32,Nossas ultimas viagens,major,10,2,x
BOSCO,32,Nossas ultimas viagens,major,11,1,3
BOSCO,32,Nossas ultimas viagens,major,12,4,3
BOSCO,32,Nossas ultimas viagens,major,13,2,5
BOSCO,32,Nossas ultimas viagens,major,14,1,x
BOSCO,32,Nossas ultimas viagens,major,15,7,3
BOSCO,32,Nossas ultimas viagens,major,16,3,3
BOSCO,32,Nossas ultimas viagens,major,17,1,1
BOSCO,32,Nossas ultimas viagens,major,18,6,13
BOSCO,32,Nossas ultimas viagens,major,19,1,5
BOSCO,32,Nossas ultimas viagens,major,20,7,11
BOSCO,32,Nossas ultimas viagens,major,21,6,x
BOSCO,32,Nossas ultimas viagens,major,22,5,b13
BOSCO,32,Nossas ultimas viagens,major,23,7,5
BOSCO,32,Nossas ultimas viagens,major,24,6,1
BOSCO,32,Nossas ultimas viagens,major,25,5,x
BOSCO,32,Nossas ultimas viagens,major,26,4,b13
BOSCO,32,Nossas ultimas viagens,major,27,6,5
BOSCO,32,Nossas ultimas viagens,major,28,5,1
BOSCO,32,Nossas ultimas viagens,major,29,4,x
BOSCO,32,Nossas ultimas viagens,major,30,3,13
BOSCO,32,Nossas ultimas viagens,major,31,5,3
BOSCO,33,Plataforma,major,1,3,3
BOSCO,33,Plataforma,major,2,4,x
BOSCO,33,Plataforma,major,3,5,5
BOSCO,33,Plataforma,major,4,4,x
BOSCO,33,Plataforma,major,5,3,3
BOSCO,33,Plataforma,major,6,5,5
BOSCO,33,Plataforma,major,7,3,3
BOSCO,33,Plataforma,major,8,4,x
BOSCO,33,Plataforma,major,9,5,5
BOSCO,33,Plataforma,major,10,4,x
BOSCO,33,Plataforma,major,11,3,3
BOSCO,33,Plataforma,major,12,5,13
BOSCO,33,Plataforma,major,13,3,#11
BOSCO,33,Plataforma,major,14,4,x
BOSCO,33,Plataforma,major,15,5,7
BOSCO,33,Plataforma,major,16,4,x
BOSCO,33,Plataforma,major,17,3,5
BOSCO,33,Plataforma,major,18,2,1
BOSCO,33,Plataforma,major,19,3,x
BOSCO,33,Plataforma,major,20,4,3
BOSCO,33,Plataforma,major,21,3,x
BOSCO,33,Plataforma,major,22,2,1
BOSCO,33,Plataforma,major,23,4,3
BOSCO,33,Plataforma,major,24,2,1
BOSCO,33,Plataforma,major,25,3,x
BOSCO,33,Plataforma,major,26,4,3
BOSCO,33,Plataforma,major,27,3,x
BOSCO,33,Plataforma,major,28,2,1
BOSCO,33,Plataforma,major,29,4,7
BOSCO,33,Plataforma,major,30,2,5
BOSCO,33,Plataforma,major,31,3,x
BOSCO,33,Plataforma,major,32,4,7
BOSCO,33,Plataforma,major,33,5,x
BOSCO,33,Plataforma,major,34,6,9
BOSCO,33,Plataforma,major,35,7,3
BOSCO,33,Plataforma,major,36,6,6
BOSCO,33,Plataforma,major,37,3,3
BOSCO,33,Plataforma,major,38,5,5
BOSCO,33,Plataforma,major,39,3,3
BOSCO,33,Plataforma,major,40,4,x
BOSCO,33,Plataforma,major,41,5,5
BOSCO,33,Plataforma,major,42,4,x
BOSCO,33,Plataforma,major,43,3,3
BOSCO,33,Plataforma,major,44,5,5
BOSCO,33,Plataforma,major,45,6,x
BOSCO,33,Plataforma,major,46,#6/b7,7
BOSCO,33,Plataforma,major,47,6,x
BOSCO,33,Plataforma,major,48,5,5
BOSCO,33,Plataforma,major,49,#6/b7,7
BOSCO,33,Plataforma,major,50,5,5
BOSCO,33,Plataforma,major,51,6,x
BOSCO,33,Plataforma,major,52,#6/b7,7
BOSCO,33,Plataforma,major,53,1,1
BOSCO,33,Plataforma,major,54,2,x
BOSCO,33,Plataforma,major,55,3,3
BOSCO,33,Plataforma,major,56,2,6
BOSCO,33,Plataforma,major,57,6,3
BOSCO,33,Plataforma,major,58,2,6
BOSCO,33,Plataforma,major,59,1,1
BOSCO,33,Plataforma,major,60,4,14
BOSCO,33,Plataforma,major,61,3,x
BOSCO,33,Plataforma,major,62,2,b13
BOSCO,33,Plataforma,major,63,1,5
BOSCO,33,Plataforma,major,64,7,x
BOSCO,33,Plataforma,major,65,6,3
BOSCO,33,Plataforma,major,66,1,1
BOSCO,33,Plataforma,major,67,3,#11
BOSCO,33,Plataforma,major,68,2,x
BOSCO,33,Plataforma,major,69,1,3
BOSCO,33,Plataforma,major,70,7,x
BOSCO,33,Plataforma,major,71,6,1
BOSCO,33,Plataforma,major,72,5,7
BOSCO,33,Plataforma,major,73,4,3
BOSCO,33,Plataforma,major,74,2,1
BOSCO,33,Plataforma,major,75,5,11
BOSCO,33,Plataforma,major,76,6,x
BOSCO,33,Plataforma,major,77,7,3
BOSCO,33,Plataforma,major,78,1,x
BOSCO,33,Plataforma,major,79,2,5
BOSCO,33,Plataforma,major,80,3,13
BOSCO,33,Plataforma,major,81,1,1
BOSCO,34,Querido diario,minor,1,5,5
BOSCO,34,Querido diario,minor,2,1,1
BOSCO,34,Querido diario,minor,3,2,x
BOSCO,34,Querido diario,minor,4,3,x
BOSCO,34,Querido diario,minor,5,4,3
BOSCO,34,Querido diario,minor,6,5,x
BOSCO,34,Querido diario,minor,7,6,5
BOSCO,34,Querido diario,minor,8,5,x
BOSCO,34,Querido diario,minor,9,4,5
BOSCO,34,Querido diario,minor,10,4,7
BOSCO,34,Querido diario,minor,11,5,x
BOSCO,34,Querido diario,minor,12,6,b9/#9
BOSCO,34,Querido diario,minor,13,5,1
BOSCO,34,Querido diario,minor,14,2,5
BOSCO,34,Querido diario,minor,15,5,1
BOSCO,34,Querido diario,minor,16,4,x
BOSCO,34,Querido diario,minor,17,#3,3
BOSCO,34,Querido diario,minor,18,4,7
BOSCO,34,Querido diario,minor,19,5,x
BOSCO,34,Querido diario,minor,20,6,b9/#9
BOSCO,34,Querido diario,minor,21,5,1
BOSCO,34,Querido diario,minor,22,2,5
BOSCO,34,Querido diario,minor,23,5,1
BOSCO,34,Querido diario,minor,24,2,x
BOSCO,34,Querido diario,minor,25,1,1
BOSCO,35,Samba do pouso,major,1,5,5
BOSCO,35,Samba do pouso,major,2,3,3
BOSCO,35,Samba do pouso,major,3,5,11
BOSCO,35,Samba do pouso,major,4,3,1
BOSCO,35,Samba do pouso,major,5,2,7
BOSCO,35,Samba do pouso,major,6,3,x
BOSCO,35,Samba do pouso,major,7,4,b13
BOSCO,35,Samba do pouso,major,8,3,5
BOSCO,35,Samba do pouso,major,9,2,x
BOSCO,35,Samba do pouso,major,10,3,5
BOSCO,35,Samba do pouso,major,11,4,3
BOSCO,35,Samba do pouso,major,12,6,5
BOSCO,35,Samba do pouso,major,13,4,3
BOSCO,35,Samba do pouso,major,14,#4/b5,3
BOSCO,35,Samba do pouso,major,15,7,b13
BOSCO,35,Samba do pouso,major,16,#4/b5,x
BOSCO,35,Samba do pouso,major,17,5,3
BOSCO,35,Samba do pouso,major,18,6,x
BOSCO,35,Samba do pouso,major,19,5,3
BOSCO,35,Samba do pouso,major,20,1,b13
BOSCO,35,Samba do pouso,major,21,1,11
BOSCO,35,Samba do pouso,major,22,1,1
BOSCO,35,Samba do pouso,major,23,3,3
BOSCO,35,Samba do pouso,major,24,2,x
BOSCO,35,Samba do pouso,major,25,1,1
BOSCO,35,Samba do pouso,major,26,7,#11
BOSCO,35,Samba do pouso,major,27,7,3
BOSCO,35,Samba do pouso,major,28,5,3
BOSCO,35,Samba do pouso,major,29,5,7
BOSCO,35,Samba do pouso,major,30,3,x
BOSCO,35,Samba do pouso,major,31,4,3
BOSCO,35,Samba do pouso,major,32,6,5
BOSCO,35,Samba do pouso,major,33,1,7
BOSCO,35,Samba do pouso,major,34,7,3
BOSCO,35,Samba do pouso,major,35,6,x
BOSCO,35,Samba do pouso,major,36,7,3
BOSCO,35,Samba do pouso,major,37,7,14
BOSCO,35,Samba do pouso,major,38,5,5
BOSCO,35,Samba do pouso,major,39,3,x
BOSCO,35,Samba do pouso,major,40,4,3
BOSCO,35,Samba do pouso,major,41,6,5
BOSCO,35,Samba do pouso,major,42,1,7
BOSCO,35,Samba do pouso,major,43,7,3
BOSCO,35,Samba do pouso,major,44,6,x
BOSCO,35,Samba do pouso,major,45,7,3
BOSCO,35,Samba do pouso,major,46,7,7
BOSCO,36,Nesta data,major,1,5,5
BOSCO,36,Nesta data,major,2,5,1
BOSCO,36,Nesta data,major,3,6,x
BOSCO,36,Nesta data,major,4,7,3
BOSCO,36,Nesta data,major,5,5,1
BOSCO,36,Nesta data,major,6,#4/b5,5
BOSCO,36,Nesta data,major,7,#4/b5,x
BOSCO,36,Nesta data,major,8,5,5
BOSCO,36,Nesta data,major,9,6,x
BOSCO,36,Nesta data,major,10,3,3
BOSCO,36,Nesta data,major,11,3,1
BOSCO,36,Nesta data,major,12,3,3
BOSCO,36,Nesta data,major,13,4,x
BOSCO,36,Nesta data,major,14,5,5
BOSCO,36,Nesta data,major,15,3,3
BOSCO,36,Nesta data,major,16,3,1
BOSCO,36,Nesta data,major,17,3,3
BOSCO,36,Nesta data,major,18,4,x
BOSCO,36,Nesta data,major,19,5,5
BOSCO,36,Nesta data,major,20,3,3
BOSCO,36,Nesta data,major,21,2,3
BOSCO,36,Nesta data,major,22,3,1
BOSCO,36,Nesta data,major,23,3,3
BOSCO,36,Nesta data,major,24,4,x
BOSCO,36,Nesta data,major,25,3,3
BOSCO,36,Nesta data,major,26,7,7
BOSCO,36,Nesta data,major,27,2,3
BOSCO,37,Profissionalismo e isso ai,major,1,3,3
BOSCO,37,Profissionalismo e isso ai,major,2,5,5
BOSCO,37,Profissionalismo e isso ai,major,3,3,3
BOSCO,37,Profissionalismo e isso ai,major,4,5,5
BOSCO,37,Profissionalismo e isso ai,major,5,6,x
BOSCO,37,Profissionalismo e isso ai,major,6,5,5
BOSCO,37,Profissionalismo e isso ai,major,7,3,3
BOSCO,37,Profissionalismo e isso ai,major,8,1,5
BOSCO,37,Profissionalismo e isso ai,major,9,6,3
BOSCO,37,Profissionalismo e isso ai,major,10,5,9
BOSCO,37,Profissionalismo e isso ai,major,11,5,5
BOSCO,37,Profissionalismo e isso ai,major,12,3,3
BOSCO,37,Profissionalismo e isso ai,major,13,5,5
BOSCO,37,Profissionalismo e isso ai,major,14,3,3
BOSCO,37,Profissionalismo e isso ai,major,15,5,5
BOSCO,37,Profissionalismo e isso ai,major,16,6,x
BOSCO,37,Profissionalismo e isso ai,major,17,5,5
BOSCO,37,Profissionalismo e isso ai,major,18,3,3
BOSCO,37,Profissionalismo e isso ai,major,19,1,5
BOSCO,37,Profissionalismo e isso ai,major,20,6,3
BOSCO,37,Profissionalismo e isso ai,major,21,5,9
BOSCO,37,Profissionalismo e isso ai,major,22,5,5
BOSCO,37,Profissionalismo e isso ai,major,23,3,3
BOSCO,37,Profissionalismo e isso ai,major,24,5,5
BOSCO,37,Profissionalismo e isso ai,major,25,3,3
BOSCO,37,Profissionalismo e isso ai,major,26,5,5
BOSCO,37,Profissionalismo e isso ai,major,27,6,x
BOSCO,37,Profissionalismo e isso ai,major,28,5,5
BOSCO,37,Profissionalismo e isso ai,major,29,3,3
BOSCO,37,Profissionalismo e isso ai,major,30,1,5
BOSCO,37,Profissionalismo e isso ai,major,31,6,3
BOSCO,37,Profissionalismo e isso ai,major,32,1,5
BOSCO,37,Profissionalismo e isso ai,major,33,6,3
BOSCO,37,Profissionalismo e isso ai,major,34,1,b13
BOSCO,37,Profissionalismo e isso ai,major,35,6,#11
BOSCO,37,Profissionalismo e isso ai,major,36,1,13
BOSCO,37,Profissionalismo e isso ai,major,37,6,5
BOSCO,37,Profissionalismo e isso ai,major,38,1,7
BOSCO,37,Profissionalismo e isso ai,major,39,6,5
BOSCO,37,Profissionalismo e isso ai,major,40,1,7
BOSCO,37,Profissionalismo e isso ai,major,41,6,13
BOSCO,37,Profissionalismo e isso ai,major,42,1,1
BOSCO,37,Profissionalismo e isso ai,major,43,1,1
BOSCO,37,Profissionalismo e isso ai,major,44,#6/b7,7
BOSCO,37,Profissionalismo e isso ai,major,45,1,5
BOSCO,37,Profissionalismo e isso ai,major,46,5,5
BOSCO,37,Profissionalismo e isso ai,major,47,1,1
BOSCO,37,Profissionalismo e isso ai,major,48,#6/b7,7
BOSCO,37,Profissionalismo e isso ai,major,49,1,5
BOSCO,37,Profissionalismo e isso ai,major,50,#6/b7,7
BOSCO,37,Profissionalismo e isso ai,major,51,1,5
BOSCO,37,Profissionalismo e isso ai,major,52,#6/b7,7
BOSCO,37,Profissionalismo e isso ai,major,53,1,5
BOSCO,37,Profissionalismo e isso ai,major,54,#6/b7,7
BOSCO,37,Profissionalismo e isso ai,major,55,4,x
BOSCO,37,Profissionalismo e isso ai,major,56,#6/b7,b9/#9
BOSCO,37,Profissionalismo e isso ai,major,57,1,1
BOSCO,38,Siameses,major,1,5,5
BOSCO,38,Siameses,major,2,6,x
BOSCO,38,Siameses,major,3,7,7
BOSCO,38,Siameses,major,4,6,x
BOSCO,38,Siameses,major,5,5,5
BOSCO,38,Siameses,major,6,3,5
BOSCO,38,Siameses,major,7,5,7
BOSCO,38,Siameses,major,8,4,x
BOSCO,38,Siameses,major,9,3,5
BOSCO,38,Siameses,major,10,1,5
BOSCO,38,Siameses,major,11,2,x
BOSCO,38,Siameses,major,12,3,7
BOSCO,38,Siameses,major,13,2,x
BOSCO,38,Siameses,major,14,1,5
BOSCO,38,Siameses,major,15,2,6
BOSCO,38,Siameses,major,16,6,5
BOSCO,38,Siameses,major,17,1,3
BOSCO,38,Siameses,major,18,7,9
BOSCO,38,Siameses,major,19,2,11
BOSCO,38,Siameses,major,20,1,x
BOSCO,38,Siameses,major,21,7,9
BOSCO,38,Siameses,major,22,5,1
BOSCO,38,Siameses,major,23,6,9
BOSCO,38,Siameses,major,24,1,11
BOSCO,38,Siameses,major,25,6,x
BOSCO,38,Siameses,major,26,5,1
BOSCO,38,Siameses,major,27,3,x
BOSCO,38,Siameses,major,28,2,9
BOSCO,38,Siameses,major,29,3,3
BOSCO,38,Siameses,major,30,6,13
BOSCO,38,Siameses,major,31,5,5
BOSCO,38,Siameses,major,32,4,x
BOSCO,38,Siameses,major,33,3,3
BOSCO,38,Siameses,major,34,2,6
BOSCO,38,Siameses,major,35,3,1
BOSCO,38,Siameses,major,36,5,3
BOSCO,38,Siameses,major,37,5,7
BOSCO,38,Siameses,major,38,4,x
BOSCO,38,Siameses,major,39,3,5
BOSCO,38,Siameses,major,40,5,7
BOSCO,38,Siameses,major,41,#4/b5,x
BOSCO,38,Siameses,major,42,4,x
BOSCO,38,Siameses,major,43,3,5
BOSCO,38,Siameses,major,44,6,1
BOSCO,38,Siameses,major,45,4,3
BOSCO,38,Siameses,major,46,3,x
BOSCO,38,Siameses,major,47,4,7
BOSCO,38,Siameses,major,48,2,5
BOSCO,38,Siameses,major,49,3,x
BOSCO,38,Siameses,major,50,4,7
BOSCO,38,Siameses,major,51,3,x
BOSCO,38,Siameses,major,52,2,5
BOSCO,38,Siameses,major,53,3,13
BOSCO,38,Siameses,major,54,2,9
BOSCO,38,Siameses,major,55,5,5
BOSCO,38,Siameses,major,56,7,5
BOSCO,38,Siameses,major,57,1,x
BOSCO,38,Siameses,major,58,2,7
BOSCO,38,Siameses,major,59,1,x
BOSCO,38,Siameses,major,60,7,5
BOSCO,38,Siameses,major,61,3,5
BOSCO,39,O bebado e a equilibrista,major,1,5,5
BOSCO,39,O bebado e a equilibrista,major,2,1,1
BOSCO,39,O bebado e a equilibrista,major,3,1,5
BOSCO,39,O bebado e a equilibrista,major,4,7,#11
BOSCO,39,O bebado e a equilibrista,major,5,2,7
BOSCO,39,O bebado e a equilibrista,major,6,1,x
BOSCO,39,O bebado e a equilibrista,major,7,7,5
BOSCO,39,O bebado e a equilibrista,major,8,6,x
BOSCO,39,O bebado e a equilibrista,major,9,5,9
BOSCO,39,O bebado e a equilibrista,major,10,3,7
BOSCO,39,O bebado e a equilibrista,major,11,7,7
BOSCO,39,O bebado e a equilibrista,major,12,6,3
BOSCO,39,O bebado e a equilibrista,major,13,1,5
BOSCO,39,O bebado e a equilibrista,major,14,7,5
BOSCO,39,O bebado e a equilibrista,major,15,6,x
BOSCO,39,O bebado e a equilibrista,major,16,5,3
BOSCO,39,O bebado e a equilibrista,major,17,3,9
BOSCO,39,O bebado e a equilibrista,major,18,4,x
BOSCO,39,O bebado e a equilibrista,major,19,5,5
BOSCO,39,O bebado e a equilibrista,major,20,#6/b7,5
BOSCO,39,O bebado e a equilibrista,major,21,6,11
BOSCO,39,O bebado e a equilibrista,major,22,2,x
BOSCO,39,O bebado e a equilibrista,major,23,#1/b2,3
BOSCO,39,O bebado e a equilibrista,major,24,3,9
BOSCO,39,O bebado e a equilibrista,major,25,2,1
BOSCO,39,O bebado e a equilibrista,major,26,6,5
BOSCO,39,O bebado e a equilibrista,major,27,2,6
BOSCO,39,O bebado e a equilibrista,major,28,2,1
BOSCO,39,O bebado e a equilibrista,major,29,3,x
BOSCO,39,O bebado e a equilibrista,major,30,4,3
BOSCO,39,O bebado e a equilibrista,major,31,3,x
BOSCO,39,O bebado e a equilibrista,major,32,2,1
BOSCO,39,O bebado e a equilibrista,major,33,1,7
BOSCO,39,O bebado e a equilibrista,major,34,6,5
BOSCO,39,O bebado e a equilibrista,major,35,1,5
BOSCO,39,O bebado e a equilibrista,major,36,1,7
BOSCO,39,O bebado e a equilibrista,major,37,2,x
BOSCO,39,O bebado e a equilibrista,major,38,3,9
BOSCO,39,O bebado e a equilibrista,major,39,2,x
BOSCO,39,O bebado e a equilibrista,major,40,1,3
BOSCO,39,O bebado e a equilibrista,major,41,7,x
BOSCO,39,O bebado e a equilibrista,major,42,6,1
BOSCO,39,O bebado e a equilibrista,major,43,7,3
BOSCO,39,O bebado e a equilibrista,major,44,2,5
BOSCO,39,O bebado e a equilibrista,major,45,3,x
BOSCO,39,O bebado e a equilibrista,major,46,4,7
BOSCO,39,O bebado e a equilibrista,major,47,1,7
BOSCO,39,O bebado e a equilibrista,major,48,7,3
BOSCO,39,O bebado e a equilibrista,major,49,3,13
BOSCO,40,Tenho dito,minor,1,5,5
BOSCO,40,Tenho dito,minor,2,4,x
BOSCO,40,Tenho dito,minor,3,5,5
BOSCO,40,Tenho dito,minor,4,4,x
BOSCO,40,Tenho dito,minor,5,5,5
BOSCO,40,Tenho dito,minor,6,4,x
BOSCO,40,Tenho dito,minor,7,5,5
BOSCO,40,Tenho dito,minor,8,1,1
BOSCO,40,Tenho dito,minor,9,b7,7
BOSCO,40,Tenho dito,minor,10,6,6
BOSCO,40,Tenho dito,minor,11,5,5
BOSCO,40,Tenho dito,minor,12,3,3
BOSCO,40,Tenho dito,minor,13,1,1
BOSCO,40,Tenho dito,minor,14,5,5
BOSCO,40,Tenho dito,minor,15,4,x
BOSCO,40,Tenho dito,minor,16,6,x
BOSCO,40,Tenho dito,minor,17,5,5
BOSCO,40,Tenho dito,minor,18,3,3
BOSCO,40,Tenho dito,minor,19,1,1
BOSCO,40,Tenho dito,minor,20,b7,7
BOSCO,40,Tenho dito,minor,21,6,6
BOSCO,40,Tenho dito,minor,22,5,5
BOSCO,40,Tenho dito,minor,23,1,3
BOSCO,40,Tenho dito,minor,24,2,5
BOSCO,40,Tenho dito,minor,25,1,x
BOSCO,40,Tenho dito,minor,26,2,5
BOSCO,40,Tenho dito,minor,27,1,x
BOSCO,40,Tenho dito,minor,28,2,#11
BOSCO,40,Tenho dito,minor,29,1,x
BOSCO,40,Tenho dito,minor,30,2,5
BOSCO,40,Tenho dito,minor,31,3,x
BOSCO,40,Tenho dito,minor,32,4,7
BOSCO,40,Tenho dito,minor,33,5,7
BOSCO,40,Tenho dito,minor,34,4,x
BOSCO,40,Tenho dito,minor,35,3,5
BOSCO,40,Tenho dito,minor,36,2,5
BOSCO,40,Tenho dito,minor,37,7,3
BOSCO,40,Tenho dito,minor,38,1,1
BOSCO,41,Trilha sonora,major,1,2,9
BOSCO,41,Trilha sonora,major,2,1,x
BOSCO,41,Trilha sonora,major,3,7,7
BOSCO,41,Trilha sonora,major,4,7,#11
BOSCO,41,Trilha sonora,major,5,1,5
BOSCO,41,Trilha sonora,major,6,6,3
BOSCO,41,Trilha sonora,major,7,5,9
BOSCO,41,Trilha sonora,major,8,7,x
BOSCO,41,Trilha sonora,major,9,1,5
BOSCO,41,Trilha sonora,major,10,2,x
BOSCO,41,Trilha sonora,major,11,1,b13
BOSCO,41,Trilha sonora,major,12,7,5
BOSCO,41,Trilha sonora,major,13,6,x
BOSCO,41,Trilha sonora,major,14,7,9
BOSCO,41,Trilha sonora,major,15,3,5
BOSCO,41,Trilha sonora,major,16,5,11
BOSCO,41,Trilha sonora,major,17,4,x
BOSCO,41,Trilha sonora,major,18,3,9
BOSCO,41,Trilha sonora,major,19,2,3
BOSCO,41,Trilha sonora,major,20,#1/b2,3
BOSCO,41,Trilha sonora,major,21,6,1
BOSCO,41,Trilha sonora,major,22,2,x
BOSCO,41,Trilha sonora,major,23,3,9
BOSCO,41,Trilha sonora,major,24,1,x
BOSCO,41,Trilha sonora,major,25,2,1
BOSCO,41,Trilha sonora,major,26,3,9
BOSCO,41,Trilha sonora,major,27,4,x
BOSCO,41,Trilha sonora,major,28,5,13
BOSCO,41,Trilha sonora,major,29,3,x
BOSCO,41,Trilha sonora,major,30,4,5
BOSCO,41,Trilha sonora,major,31,2,3
BOSCO,41,Trilha sonora,major,32,5,13
BOSCO,41,Trilha sonora,major,33,#5/b6,x
BOSCO,41,Trilha sonora,major,34,#6/b7,13
BOSCO,41,Trilha sonora,major,35,5,x
BOSCO,41,Trilha sonora,major,36,#5/b6,5
BOSCO,41,Trilha sonora,major,37,1,x
BOSCO,41,Trilha sonora,major,38,7,7
BOSCO,41,Trilha sonora,major,39,1,1
BOSCO,41,Trilha sonora,major,40,6,x
BOSCO,41,Trilha sonora,major,41,7,7
BOSCO,41,Trilha sonora,major,42,3,3
BOSCO,41,Trilha sonora,major,43,7,7
BOSCO,41,Trilha sonora,major,44,1,x
BOSCO,41,Trilha sonora,major,45,2,5
BOSCO,41,Trilha sonora,major,46,7,x
BOSCO,41,Trilha sonora,major,47,1,11
BOSCO,41,Trilha sonora,major,48,2,5
BOSCO,41,Trilha sonora,major,49,3,7
BOSCO,41,Trilha sonora,major,50,2,x
BOSCO,41,Trilha sonora,major,51,1,5
BOSCO,41,Trilha sonora,major,52,1,9
BOSCO,41,Trilha sonora,major,53,#5/b6,7
BOSCO,41,Trilha sonora,major,54,7,9
BOSCO,41,Trilha sonora,major,55,2,3
BOSCO,41,Trilha sonora,major,56,7,9
BOSCO,41,Trilha sonora,major,57,5,7
BOSCO,41,Trilha sonora,major,58,3,5
BOSCO,41,Trilha sonora,major,59,7,9
BOSCO,42,Oficio de um puxador,major,1,1,1
BOSCO,42,Oficio de um puxador,major,2,7,x
BOSCO,42,Oficio de um puxador,major,3,6,6
BOSCO,42,Oficio de um puxador,major,4,5,5
BOSCO,42,Oficio de um puxador,major,5,3,3
BOSCO,42,Oficio de um puxador,major,6,2,x
BOSCO,42,Oficio de um puxador,major,7,1,1
BOSCO,42,Oficio de um puxador,major,8,7,x
BOSCO,42,Oficio de um puxador,major,9,6,1
BOSCO,42,Oficio de um puxador,major,10,7,x
BOSCO,42,Oficio de um puxador,major,11,#1/b2,3
BOSCO,42,Oficio de um puxador,major,12,3,5
BOSCO,42,Oficio de um puxador,major,13,6,1
BOSCO,42,Oficio de um puxador,major,14,2,1
BOSCO,42,Oficio de um puxador,major,15,3,x
BOSCO,42,Oficio de um puxador,major,16,#4/b5,3
BOSCO,42,Oficio de um puxador,major,17,6,5
BOSCO,42,Oficio de um puxador,major,18,2,1
BOSCO,42,Oficio de um puxador,major,19,7,13
BOSCO,42,Oficio de um puxador,major,20,6,9
BOSCO,42,Oficio de um puxador,major,21,5,1
BOSCO,42,Oficio de um puxador,major,22,4,7
BOSCO,42,Oficio de um puxador,major,23,1,1
BOSCO,42,Oficio de um puxador,major,24,7,x
BOSCO,42,Oficio de um puxador,major,25,6,6
BOSCO,42,Oficio de um puxador,major,26,5,5
BOSCO,42,Oficio de um puxador,major,27,3,3
BOSCO,42,Oficio de um puxador,major,28,2,x
BOSCO,42,Oficio de um puxador,major,29,1,1
BOSCO,42,Oficio de um puxador,major,30,7,x
BOSCO,42,Oficio de um puxador,major,31,6,1
BOSCO,42,Oficio de um puxador,major,32,7,x
BOSCO,42,Oficio de um puxador,major,33,#1/b2,3
BOSCO,42,Oficio de um puxador,major,34,3,5
BOSCO,42,Oficio de um puxador,major,35,6,1
BOSCO,42,Oficio de um puxador,major,36,2,1
BOSCO,42,Oficio de um puxador,major,37,3,x
BOSCO,42,Oficio de um puxador,major,38,#4/b5,3
BOSCO,42,Oficio de um puxador,major,39,6,5
BOSCO,42,Oficio de um puxador,major,40,5,1
BOSCO,42,Oficio de um puxador,major,41,6,x
BOSCO,42,Oficio de um puxador,major,42,7,3
BOSCO,42,Oficio de um puxador,major,43,2,9
BOSCO,43,Papel mache,major,1,3,7
BOSCO,43,Papel mache,major,2,1,7
BOSCO,43,Papel mache,major,3,2,9
BOSCO,43,Papel mache,major,4,1,x
BOSCO,43,Papel mache,major,5,2,9
BOSCO,43,Papel mache,major,6,5,5
BOSCO,43,Papel mache,major,7,6,x
BOSCO,43,Papel mache,major,8,7,9
BOSCO,43,Papel mache,major,9,6,x
BOSCO,43,Papel mache,major,10,7,9
BOSCO,43,Papel mache,major,11,6,1
BOSCO,43,Papel mache,major,12,3,5
BOSCO,43,Papel mache,major,13,5,9
BOSCO,43,Papel mache,major,14,3,x
BOSCO,43,Papel mache,major,15,4,1
BOSCO,43,Papel mache,major,16,#5/b6,3
BOSCO,43,Papel mache,major,17,1,5
BOSCO,43,Papel mache,major,18,5,1
BOSCO,43,Papel mache,major,19,5,#11
BOSCO,43,Papel mache,major,20,4,3
BOSCO,43,Papel mache,major,21,3,b9/#9
BOSCO,43,Papel mache,major,22,5,5
BOSCO,43,Papel mache,major,23,3,3
BOSCO,43,Papel mache,major,24,5,5
BOSCO,43,Papel mache,major,25,1,x
BOSCO,43,Papel mache,major,26,2,7
BOSCO,43,Papel mache,major,27,3,5
BOSCO,43,Papel mache,major,28,4,x
BOSCO,43,Papel mache,major,29,3,5
BOSCO,43,Papel mache,major,30,#1/b2,3
BOSCO,43,Papel mache,major,31,3,9
BOSCO,43,Papel mache,major,32,3,13
BOSCO,43,Papel mache,major,33,3,b9/#9
BOSCO,43,Papel mache,major,34,3,3
BOSCO,43,Papel mache,major,35,1,1
BOSCO,43,Papel mache,major,36,3,1
BOSCO,43,Papel mache,major,37,7,9
BOSCO,43,Papel mache,major,38,#6/b7,x
BOSCO,43,Papel mache,major,39,6,1
BOSCO,43,Papel mache,major,40,5,9
BOSCO,43,Papel mache,major,41,4,x
BOSCO,43,Papel mache,major,42,5,9
BOSCO,43,Papel mache,major,43,4,x
BOSCO,43,Papel mache,major,44,3,9
BOSCO,43,Papel mache,major,45,2,x
BOSCO,43,Papel mache,major,46,3,9
BOSCO,43,Papel mache,major,47,2,1
BOSCO,43,Papel mache,major,48,1,x
BOSCO,43,Papel mache,major,49,7,5
BOSCO,43,Papel mache,major,50,#6/b7,b9/#9
BOSCO,43,Papel mache,major,51,1,5
BOSCO,43,Papel mache,major,52,6,3
BOSCO,43,Papel mache,major,53,5,11
BOSCO,43,Papel mache,major,54,4,x
BOSCO,43,Papel mache,major,55,3,9
BOSCO,43,Papel mache,major,56,7,7
BOSCO,43,Papel mache,major,57,#6/b7,x
BOSCO,43,Papel mache,major,58,7,7
BOSCO,43,Papel mache,major,59,#4/b5,x
BOSCO,43,Papel mache,major,60,5,5
BOSCO,43,Papel mache,major,61,4,b13
BOSCO,43,Papel mache,major,62,3,x
BOSCO,43,Papel mache,major,63,2,1
BOSCO,43,Papel mache,major,64,6,5
BOSCO,43,Papel mache,major,65,4,b9/#9
BOSCO,43,Papel mache,major,66,3,13
BOSCO,43,Papel mache,major,67,3,b9/#9
BOSCO,43,Papel mache,major,68,3,3
BOSCO,43,Papel mache,major,69,1,1
BOSCO,44,Violeta de Belford Roxo,minor,1,5,5
BOSCO,44,Violeta de Belford Roxo,minor,2,3,3
BOSCO,44,Violeta de Belford Roxo,minor,3,2,x
BOSCO,44,Violeta de Belford Roxo,minor,4,1,1
BOSCO,44,Violeta de Belford Roxo,minor,5,2,x
BOSCO,44,Violeta de Belford Roxo,minor,6,3,3
BOSCO,44,Violeta de Belford Roxo,minor,7,2,x
BOSCO,44,Violeta de Belford Roxo,minor,8,1,1
BOSCO,44,Violeta de Belford Roxo,minor,9,5,5
BOSCO,44,Violeta de Belford Roxo,minor,10,3,3
BOSCO,44,Violeta de Belford Roxo,minor,11,2,x
BOSCO,44,Violeta de Belford Roxo,minor,12,1,1
BOSCO,44,Violeta de Belford Roxo,minor,13,3,3
BOSCO,44,Violeta de Belford Roxo,minor,14,2,x
BOSCO,44,Violeta de Belford Roxo,minor,15,1,1
BOSCO,44,Violeta de Belford Roxo,minor,16,4,1
BOSCO,44,Violeta de Belford Roxo,minor,17,4,9
BOSCO,44,Violeta de Belford Roxo,minor,18,4,x
BOSCO,44,Violeta de Belford Roxo,minor,19,5,3
BOSCO,44,Violeta de Belford Roxo,minor,20,2,7
BOSCO,44,Violeta de Belford Roxo,minor,21,4,1
BOSCO,44,Violeta de Belford Roxo,minor,22,4,9
BOSCO,44,Violeta de Belford Roxo,minor,23,2,7
BOSCO,44,Violeta de Belford Roxo,minor,24,1,1
BOSCO,44,Violeta de Belford Roxo,minor,25,4,1
BOSCO,44,Violeta de Belford Roxo,minor,26,5,5
BOSCO,44,Violeta de Belford Roxo,minor,27,1,1
BOSCO,44,Violeta de Belford Roxo,minor,28,#1/b2,3
BOSCO,44,Violeta de Belford Roxo,minor,29,1,x
BOSCO,44,Violeta de Belford Roxo,minor,30,#1/b2,3
BOSCO,44,Violeta de Belford Roxo,minor,31,2,#11
BOSCO,44,Violeta de Belford Roxo,minor,32,3,5
BOSCO,44,Violeta de Belford Roxo,minor,33,2,x
BOSCO,44,Violeta de Belford Roxo,minor,34,3,5
BOSCO,44,Violeta de Belford Roxo,minor,35,2,5
BOSCO,44,Violeta de Belford Roxo,minor,36,3,b13
BOSCO,44,Violeta de Belford Roxo,minor,37,2,x
BOSCO,44,Violeta de Belford Roxo,minor,38,3,b13
BOSCO,44,Violeta de Belford Roxo,minor,39,2,9
BOSCO,45,Siri recheado e o cacete,major,1,6,6
BOSCO,45,Siri recheado e o cacete,major,2,1,1
BOSCO,45,Siri recheado e o cacete,major,3,7,7
BOSCO,45,Siri recheado e o cacete,major,4,5,5
BOSCO,45,Siri recheado e o cacete,major,5,6,6
BOSCO,45,Siri recheado e o cacete,major,6,7,x
BOSCO,45,Siri recheado e o cacete,major,7,1,1
BOSCO,45,Siri recheado e o cacete,major,8,3,3
BOSCO,45,Siri recheado e o cacete,major,9,5,5
BOSCO,45,Siri recheado e o cacete,major,10,3,3
BOSCO,45,Siri recheado e o cacete,major,11,2,x
BOSCO,45,Siri recheado e o cacete,major,12,1,1
BOSCO,45,Siri recheado e o cacete,major,13,5,5
BOSCO,45,Siri recheado e o cacete,major,14,3,x
BOSCO,45,Siri recheado e o cacete,major,15,2,x
BOSCO,45,Siri recheado e o cacete,major,16,1,1
BOSCO,45,Siri recheado e o cacete,major,17,5,11
BOSCO,45,Siri recheado e o cacete,major,18,4,3
BOSCO,45,Siri recheado e o cacete,major,19,2,1
BOSCO,45,Siri recheado e o cacete,major,20,1,x
BOSCO,45,Siri recheado e o cacete,major,21,6,1
BOSCO,45,Siri recheado e o cacete,major,22,2,1
BOSCO,45,Siri recheado e o cacete,major,23,4,3
BOSCO,45,Siri recheado e o cacete,major,24,3,x
BOSCO,45,Siri recheado e o cacete,major,25,2,1
BOSCO,45,Siri recheado e o cacete,major,26,#1/b2,7
BOSCO,45,Siri recheado e o cacete,major,27,2,1
BOSCO,45,Siri recheado e o cacete,major,28,3,3
BOSCO,45,Siri recheado e o cacete,major,29,5,5
BOSCO,45,Siri recheado e o cacete,major,30,1,7
BOSCO,45,Siri recheado e o cacete,major,31,1,5
BOSCO,45,Siri recheado e o cacete,major,32,2,6
BOSCO,45,Siri recheado e o cacete,major,33,#1/b2,x
BOSCO,45,Siri recheado e o cacete,major,34,2,b13
BOSCO,45,Siri recheado e o cacete,major,35,#2/b3,7
BOSCO,45,Siri recheado e o cacete,major,36,7,11
BOSCO,45,Siri recheado e o cacete,major,37,6,6
BOSCO,45,Siri recheado e o cacete,major,38,5,5
BOSCO,45,Siri recheado e o cacete,major,39,3,3
BOSCO,45,Siri recheado e o cacete,major,40,6,x
BOSCO,45,Siri recheado e o cacete,major,41,5,13
BOSCO,45,Siri recheado e o cacete,major,42,3,#11
BOSCO,45,Siri recheado e o cacete,major,43,#1/b2,3
BOSCO,45,Siri recheado e o cacete,major,44,#6/b7,3
BOSCO,45,Siri recheado e o cacete,major,45,5,1
BOSCO,45,Siri recheado e o cacete,major,46,6,9
BOSCO,45,Siri recheado e o cacete,major,47,5,1
BOSCO,45,Siri recheado e o cacete,major,48,3,6
BOSCO,46,Denuncia vazia,major,1,1,1
BOSCO,46,Denuncia vazia,major,2,6,6
BOSCO,46,Denuncia vazia,major,3,5,5
BOSCO,46,Denuncia vazia,major,4,3,3
BOSCO,46,Denuncia vazia,major,5,1,1
BOSCO,46,Denuncia vazia,major,6,1,7
BOSCO,46,Denuncia vazia,major,7,7,7
BOSCO,46,Denuncia vazia,major,8,3,3
BOSCO,46,Denuncia vazia,major,9,6,1
BOSCO,46,Denuncia vazia,major,10,1,3
BOSCO,46,Denuncia vazia,major,11,5,11
BOSCO,46,Denuncia vazia,major,12,6,5
BOSCO,46,Denuncia vazia,major,13,4,1
BOSCO,46,Denuncia vazia,major,14,#5/b6,3
BOSCO,46,Denuncia vazia,major,15,3,1
BOSCO,46,Denuncia vazia,major,16,5,7
BOSCO,46,Denuncia vazia,major,17,3,9
BOSCO,46,Denuncia vazia,major,18,1,3
BOSCO,46,Denuncia vazia,major,19,6,9
BOSCO,46,Denuncia vazia,major,20,1,1
BOSCO,47,Tabelas,minor,1,5,1
BOSCO,47,Tabelas,minor,2,4,x
BOSCO,47,Tabelas,minor,3,3,b13
BOSCO,47,Tabelas,minor,4,2,5
BOSCO,47,Tabelas,minor,5,1,x
BOSCO,47,Tabelas,minor,6,2,5
BOSCO,47,Tabelas,minor,7,3,3
BOSCO,47,Tabelas,minor,8,3,7
BOSCO,47,Tabelas,minor,9,2,x
BOSCO,47,Tabelas,minor,10,1,5
BOSCO,47,Tabelas,minor,11,b7,11
BOSCO,47,Tabelas,minor,12,6,x
BOSCO,47,Tabelas,minor,13,b7,11
BOSCO,47,Tabelas,minor,14,1,1
BOSCO,47,Tabelas,minor,15,6,3
BOSCO,47,Tabelas,minor,16,3,7
BOSCO,47,Tabelas,minor,17,2,x
BOSCO,47,Tabelas,minor,18,1,5
BOSCO,47,Tabelas,minor,19,7,x
BOSCO,47,Tabelas,minor,20,2,x
BOSCO,47,Tabelas,minor,21,1,1
BOSCO,47,Tabelas,minor,22,5,5
BOSCO,47,Tabelas,minor,23,7,3
BOSCO,47,Tabelas,minor,24,#6,x
BOSCO,47,Tabelas,minor,25,5,1
BOSCO,47,Tabelas,minor,26,4,7
BOSCO,47,Tabelas,minor,27,3,x
BOSCO,47,Tabelas,minor,28,4,7
BOSCO,47,Tabelas,minor,29,5,5
BOSCO,47,Tabelas,minor,30,6,x
BOSCO,47,Tabelas,minor,31,b7,7
BOSCO,47,Tabelas,minor,32,6,x
BOSCO,47,Tabelas,minor,33,5,5
BOSCO,47,Tabelas,minor,34,b7,7
BOSCO,47,Tabelas,minor,35,1,1
BOSCO,47,Tabelas,minor,36,6,x
BOSCO,47,Tabelas,minor,37,5,9
BOSCO,47,Tabelas,minor,38,4,1
BOSCO,47,Tabelas,minor,39,#3,x
BOSCO,47,Tabelas,minor,40,4,1
BOSCO,47,Tabelas,minor,41,6,3
BOSCO,47,Tabelas,minor,42,5,x
BOSCO,47,Tabelas,minor,43,4,1
BOSCO,47,Tabelas,minor,44,3,x
BOSCO,47,Tabelas,minor,45,2,6
BOSCO,47,Tabelas,minor,46,5,9
BOSCO,47,Tabelas,minor,47,5,3
BOSCO,47,Tabelas,minor,48,5,7
BOSCO,47,Tabelas,minor,49,4,x
BOSCO,47,Tabelas,minor,50,3,5
BOSCO,47,Tabelas,minor,51,2,x
BOSCO,47,Tabelas,minor,52,1,3
BOSCO,47,Tabelas,minor,53,5,7
BOSCO,47,Tabelas,minor,54,#4/b5,3
BOSCO,47,Tabelas,minor,55,2,1
BOSCO,47,Tabelas,minor,56,#3,x
BOSCO,47,Tabelas,minor,57,#4/b5,3
BOSCO,47,Tabelas,minor,58,#3,x
BOSCO,47,Tabelas,minor,59,2,1
BOSCO,47,Tabelas,minor,60,5,1
BOSCO,48,Terra dourada,major,1,5,5
BOSCO,48,Terra dourada,major,2,3,3
BOSCO,48,Terra dourada,major,3,5,3
BOSCO,48,Terra dourada,major,4,3,1
BOSCO,48,Terra dourada,major,5,6,6
BOSCO,48,Terra dourada,major,6,5,3
BOSCO,48,Terra dourada,major,7,6,1
BOSCO,48,Terra dourada,major,8,5,x
BOSCO,48,Terra dourada,major,9,6,1
BOSCO,48,Terra dourada,major,10,5,7
BOSCO,48,Terra dourada,major,11,3,5
BOSCO,48,Terra dourada,major,12,6,1
BOSCO,48,Terra dourada,major,13,1,7
BOSCO,48,Terra dourada,major,14,6,5
BOSCO,48,Terra dourada,major,15,1,7
BOSCO,48,Terra dourada,major,16,6,5
BOSCO,48,Terra dourada,major,17,6,b13
BOSCO,48,Terra dourada,major,18,3,1
BOSCO,48,Terra dourada,major,19,1,3
BOSCO,48,Terra dourada,major,20,7,x
BOSCO,48,Terra dourada,major,21,1,3
BOSCO,48,Terra dourada,major,22,3,5
BOSCO,48,Terra dourada,major,23,7,9
BOSCO,48,Terra dourada,major,24,6,x
BOSCO,48,Terra dourada,major,25,7,9
BOSCO,48,Terra dourada,major,26,6,1
BOSCO,48,Terra dourada,major,27,3,1
BOSCO,48,Terra dourada,major,28,2,x
BOSCO,48,Terra dourada,major,29,3,1
BOSCO,48,Terra dourada,major,30,6,1
BOSCO,48,Terra dourada,major,31,3,1
BOSCO,48,Terra dourada,major,32,#6/b7,b9/#9
BOSCO,48,Terra dourada,major,33,3,5
BOSCO,48,Terra dourada,major,34,5,7
BOSCO,48,Terra dourada,major,35,#1/b2,7
BOSCO,48,Terra dourada,major,36,#6/b7,x
BOSCO,48,Terra dourada,major,37,#1/b2,7
BOSCO,48,Terra dourada,major,38,3,1
BOSCO,48,Terra dourada,major,39,6,5
BOSCO,48,Terra dourada,major,40,3,9
BOSCO,48,Terra dourada,major,41,#5/b6,3
BOSCO,48,Terra dourada,major,42,4,1
BOSCO,48,Terra dourada,major,43,#5/b6,3
BOSCO,48,Terra dourada,major,44,3,1
BOSCO,49,Tiro de misericordia,minor,1,3,3
BOSCO,49,Tiro de misericordia,minor,2,2,x
BOSCO,49,Tiro de misericordia,minor,3,3,3
BOSCO,49,Tiro de misericordia,minor,4,2,x
BOSCO,49,Tiro de misericordia,minor,5,1,1
BOSCO,49,Tiro de misericordia,minor,6,5,5
BOSCO,49,Tiro de misericordia,minor,7,b7,7
BOSCO,49,Tiro de misericordia,minor,8,3,3
BOSCO,49,Tiro de misericordia,minor,9,2,x
BOSCO,49,Tiro de misericordia,minor,10,1,1
BOSCO,49,Tiro de misericordia,minor,11,b7,x
BOSCO,49,Tiro de misericordia,minor,12,1,1
BOSCO,49,Tiro de misericordia,minor,13,3,3
BOSCO,49,Tiro de misericordia,minor,14,2,x
BOSCO,49,Tiro de misericordia,minor,15,1,1
BOSCO,49,Tiro de misericordia,minor,16,5,5
BOSCO,49,Tiro de misericordia,minor,17,b7,7
BOSCO,49,Tiro de misericordia,minor,18,1,1
BOSCO,49,Tiro de misericordia,minor,19,5,5
BOSCO,49,Tiro de misericordia,minor,20,3,x
BOSCO,49,Tiro de misericordia,minor,21,1,1
BOSCO,49,Tiro de misericordia,minor,22,4,11
BOSCO,49,Tiro de misericordia,minor,23,1,1
BOSCO,49,Tiro de misericordia,minor,24,b7,x
BOSCO,49,Tiro de misericordia,minor,25,1,1
BOSCO,49,Tiro de misericordia,minor,26,5,5
BOSCO,49,Tiro de misericordia,minor,27,3,3
BOSCO,49,Tiro de misericordia,minor,28,2,x
BOSCO,49,Tiro de misericordia,minor,29,1,1
BOSCO,49,Tiro de misericordia,minor,30,5,5
BOSCO,49,Tiro de misericordia,minor,31,b7,7
BOSCO,49,Tiro de misericordia,minor,32,1,1
BOSCO,49,Tiro de misericordia,minor,33,5,5
BOSCO,49,Tiro de misericordia,minor,34,3,3
BOSCO,49,Tiro de misericordia,minor,35,1,1
BOSCO,49,Tiro de misericordia,minor,36,4,11
BOSCO,49,Tiro de misericordia,minor,37,1,1
BOSCO,49,Tiro de misericordia,minor,38,b7,x
BOSCO,49,Tiro de misericordia,minor,39,1,1
BOSCO,50,Um por todos,minor,1,1,3
BOSCO,50,Um por todos,minor,2,3,b13
BOSCO,50,Um por todos,minor,3,2,7
BOSCO,50,Um por todos,minor,4,1,x
BOSCO,50,Um por todos,minor,5,b7,#11
BOSCO,50,Um por todos,minor,6,5,3
BOSCO,50,Um por todos,minor,7,1,1
BOSCO,50,Um por todos,minor,8,3,3
BOSCO,50,Um por todos,minor,9,2,x
BOSCO,50,Um por todos,minor,10,1,1
BOSCO,50,Um por todos,minor,11,b7,7
BOSCO,50,Um por todos,minor,12,5,3
BOSCO,50,Um por todos,minor,13,1,1
BOSCO,50,Um por todos,minor,14,3,3
BOSCO,50,Um por todos,minor,15,2,x
BOSCO,50,Um por todos,minor,16,1,1
BOSCO,50,Um por todos,minor,17,b7,7
BOSCO,50,Um por todos,minor,18,5,7
BOSCO,50,Um por todos,minor,19,1,3
BOSCO,50,Um por todos,minor,20,3,5
BOSCO,50,Um por todos,minor,21,3,7
BOSCO,50,Um por todos,minor,22,5,9
BOSCO,50,Um por todos,minor,23,6,3
BOSCO,50,Um por todos,minor,24,7,3
BOSCO,50,Um por todos,minor,25,1,x
BOSCO,50,Um por todos,minor,26,2,5
BOSCO,50,Um por todos,minor,27,3,x
BOSCO,50,Um por todos,minor,28,4,7
BOSCO,50,Um por todos,minor,29,5,x
BOSCO,50,Um por todos,minor,30,6,1
BOSCO,50,Um por todos,minor,31,5,x
BOSCO,50,Um por todos,minor,32,6,1
BOSCO,50,Um por todos,minor,33,5,x
BOSCO,50,Um por todos,minor,34,4,x
BOSCO,50,Um por todos,minor,35,3,5
BOSCO,50,Um por todos,minor,36,4,7
BOSCO,50,Um por todos,minor,37,6,1
BOSCO,50,Um por todos,minor,38,5,x
BOSCO,50,Um por todos,minor,39,6,1
BOSCO,50,Um por todos,minor,40,5,x
BOSCO,50,Um por todos,minor,41,4,x
BOSCO,50,Um por todos,minor,42,3,5
BOSCO,50,Um por todos,minor,43,4,7
BOSCO,50,Um por todos,minor,44,6,3
BOSCO,50,Um por todos,minor,45,5,x
BOSCO,50,Um por todos,minor,46,6,3
BOSCO,50,Um por todos,minor,47,5,3
BOSCO,50,Um por todos,minor,48,4,x
BOSCO,50,Um por todos,minor,49,3,1
BOSCO,50,Um por todos,minor,50,4,3
BOSCO,50,Um por todos,minor,51,3,x
BOSCO,50,Um por todos,minor,52,4,13
BOSCO,50,Um por todos,minor,53,3,5
BOSCO,50,Um por todos,minor,54,2,x
BOSCO,50,Um por todos,minor,55,1,3
BOSCO,50,Um por todos,minor,56,2,5
CAETANO,1,A filha da Chiquita Bacana,major,1,5,5
CAETANO,1,A filha da Chiquita Bacana,major,2,6,6
CAETANO,1,A filha da Chiquita Bacana,major,3,5,5
CAETANO,1,A filha da Chiquita Bacana,major,4,3,3
CAETANO,1,A filha da Chiquita Bacana,major,5,1,1
CAETANO,1,A filha da Chiquita Bacana,major,6,6,3
CAETANO,1,A filha da Chiquita Bacana,major,7,1,5
CAETANO,1,A filha da Chiquita Bacana,major,8,3,3
CAETANO,1,A filha da Chiquita Bacana,major,9,1,1
CAETANO,1,A filha da Chiquita Bacana,major,10,3,3
CAETANO,1,A filha da Chiquita Bacana,major,11,5,5
CAETANO,1,A filha da Chiquita Bacana,major,12,#5/b6,1
CAETANO,1,A filha da Chiquita Bacana,major,13,#5/b6,b9/#9
CAETANO,1,A filha da Chiquita Bacana,major,14,5,x
CAETANO,1,A filha da Chiquita Bacana,major,15,4,7
CAETANO,1,A filha da Chiquita Bacana,major,16,5,x
CAETANO,1,A filha da Chiquita Bacana,major,17,#5/b6,1
CAETANO,1,A filha da Chiquita Bacana,major,18,#6/b7,9
CAETANO,1,A filha da Chiquita Bacana,major,19,#5/b6,b9/#9
CAETANO,1,A filha da Chiquita Bacana,major,20,5,x
CAETANO,1,A filha da Chiquita Bacana,major,21,4,7
CAETANO,1,A filha da Chiquita Bacana,major,22,5,1
CAETANO,1,A filha da Chiquita Bacana,major,23,6,3
CAETANO,1,A filha da Chiquita Bacana,major,24,5,x
CAETANO,1,A filha da Chiquita Bacana,major,25,4,1
CAETANO,1,A filha da Chiquita Bacana,major,26,5,5
CAETANO,1,A filha da Chiquita Bacana,major,27,6,3
CAETANO,1,A filha da Chiquita Bacana,major,28,5,x
CAETANO,1,A filha da Chiquita Bacana,major,29,4,1
CAETANO,1,A filha da Chiquita Bacana,major,30,6,3
CAETANO,1,A filha da Chiquita Bacana,major,31,5,5
CAETANO,1,A filha da Chiquita Bacana,major,32,1,1
CAETANO,1,A filha da Chiquita Bacana,major,33,6,3
CAETANO,1,A filha da Chiquita Bacana,major,34,5,x
CAETANO,1,A filha da Chiquita Bacana,major,35,4,1
CAETANO,1,A filha da Chiquita Bacana,major,36,6,3
CAETANO,1,A filha da Chiquita Bacana,major,37,5,5
CAETANO,1,A filha da Chiquita Bacana,major,38,3,3
CAETANO,1,A filha da Chiquita Bacana,major,39,1,1
CAETANO,1,A filha da Chiquita Bacana,major,40,5,5
CAETANO,1,A filha da Chiquita Bacana,major,41,#2/b3,5
CAETANO,1,A filha da Chiquita Bacana,major,42,2,5
CAETANO,1,A filha da Chiquita Bacana,major,43,1,1
CAETANO,1,A filha da Chiquita Bacana,major,44,1,b13
CAETANO,1,A filha da Chiquita Bacana,major,45,7,5
CAETANO,1,A filha da Chiquita Bacana,major,46,2,7
CAETANO,1,A filha da Chiquita Bacana,major,47,7,5
CAETANO,1,A filha da Chiquita Bacana,major,48,#5/b6,3
CAETANO,1,A filha da Chiquita Bacana,major,49,7,5
CAETANO,1,A filha da Chiquita Bacana,major,50,1,x
CAETANO,1,A filha da Chiquita Bacana,major,51,7,x
CAETANO,1,A filha da Chiquita Bacana,major,52,6,3
CAETANO,1,A filha da Chiquita Bacana,major,53,1,5
CAETANO,1,A filha da Chiquita Bacana,major,54,6,3
CAETANO,1,A filha da Chiquita Bacana,major,55,4,1
CAETANO,1,A filha da Chiquita Bacana,major,56,6,3
CAETANO,1,A filha da Chiquita Bacana,major,57,7,x
CAETANO,1,A filha da Chiquita Bacana,major,58,6,x
CAETANO,1,A filha da Chiquita Bacana,major,59,5,5
CAETANO,1,A filha da Chiquita Bacana,major,60,7,3
CAETANO,1,A filha da Chiquita Bacana,major,61,5,1
CAETANO,1,A filha da Chiquita Bacana,major,62,3,13
CAETANO,1,A filha da Chiquita Bacana,major,63,1,1
CAETANO,1,A filha da Chiquita Bacana,major,64,7,x
CAETANO,1,A filha da Chiquita Bacana,major,65,1,1
CAETANO,1,A filha da Chiquita Bacana,major,66,2,x
CAETANO,1,A filha da Chiquita Bacana,major,67,1,b13
CAETANO,1,A filha da Chiquita Bacana,major,68,7,5
CAETANO,1,A filha da Chiquita Bacana,major,69,2,7
CAETANO,1,A filha da Chiquita Bacana,major,70,7,5
CAETANO,1,A filha da Chiquita Bacana,major,71,#5/b6,3
CAETANO,1,A filha da Chiquita Bacana,major,72,2,7
CAETANO,1,A filha da Chiquita Bacana,major,73,#1/b2,x
CAETANO,1,A filha da Chiquita Bacana,major,74,2,7
CAETANO,1,A filha da Chiquita Bacana,major,75,#1/b2,x
CAETANO,1,A filha da Chiquita Bacana,major,76,2,7
CAETANO,1,A filha da Chiquita Bacana,major,77,3,x
CAETANO,1,A filha da Chiquita Bacana,major,78,2,6
CAETANO,1,A filha da Chiquita Bacana,major,79,1,5
CAETANO,1,A filha da Chiquita Bacana,major,80,3,7
CAETANO,1,A filha da Chiquita Bacana,major,81,1,5
CAETANO,1,A filha da Chiquita Bacana,major,82,6,3
CAETANO,1,A filha da Chiquita Bacana,major,83,1,5
CAETANO,1,A filha da Chiquita Bacana,major,84,2,x
CAETANO,1,A filha da Chiquita Bacana,major,85,3,3
CAETANO,1,A filha da Chiquita Bacana,major,86,2,x
CAETANO,1,A filha da Chiquita Bacana,major,87,1,1
CAETANO,1,A filha da Chiquita Bacana,major,88,3,3
CAETANO,1,A filha da Chiquita Bacana,major,89,#2/b3,5
CAETANO,1,A filha da Chiquita Bacana,major,90,2,5
CAETANO,1,A filha da Chiquita Bacana,major,91,1,1
CAETANO,2,A outra banda da terra,major,1,3,3
CAETANO,2,A outra banda da terra,major,2,5,5
CAETANO,2,A outra banda da terra,major,3,#5/b6,3
CAETANO,2,A outra banda da terra,major,4,5,13
CAETANO,2,A outra banda da terra,major,5,#2/b3,1
CAETANO,2,A outra banda da terra,major,6,5,3
CAETANO,2,A outra banda da terra,major,7,5,7
CAETANO,2,A outra banda da terra,major,8,4,6
CAETANO,2,A outra banda da terra,major,9,#2/b3,5
CAETANO,2,A outra banda da terra,major,10,2,1
CAETANO,2,A outra banda da terra,major,11,4,3
CAETANO,2,A outra banda da terra,major,12,4,7
CAETANO,2,A outra banda da terra,major,13,3,13
CAETANO,2,A outra banda da terra,major,14,5,1
CAETANO,2,A outra banda da terra,major,15,5,5
CAETANO,2,A outra banda da terra,major,16,4,1
CAETANO,2,A outra banda da terra,major,17,6,3
CAETANO,2,A outra banda da terra,major,18,5,x
CAETANO,2,A outra banda da terra,major,19,4,1
CAETANO,2,A outra banda da terra,major,20,3,1
CAETANO,2,A outra banda da terra,major,21,6,11
CAETANO,2,A outra banda da terra,major,22,5,x
CAETANO,2,A outra banda da terra,major,23,4,b13
CAETANO,2,A outra banda da terra,major,24,3,5
CAETANO,2,A outra banda da terra,major,25,6,1
CAETANO,2,A outra banda da terra,major,26,7,x
CAETANO,2,A outra banda da terra,major,27,1,x
CAETANO,2,A outra banda da terra,major,28,7,13
CAETANO,2,A outra banda da terra,major,29,6,5
CAETANO,2,A outra banda da terra,major,30,3,9
CAETANO,2,A outra banda da terra,major,31,5,x
CAETANO,2,A outra banda da terra,major,32,#4/b5,9
CAETANO,2,A outra banda da terra,major,33,3,1
CAETANO,2,A outra banda da terra,major,34,6,3
CAETANO,2,A outra banda da terra,major,35,7,x
CAETANO,2,A outra banda da terra,major,36,1,b13
CAETANO,2,A outra banda da terra,major,37,7,13
CAETANO,2,A outra banda da terra,major,38,2,9
CAETANO,2,A outra banda da terra,major,39,6,5
CAETANO,2,A outra banda da terra,major,40,7,x
CAETANO,2,A outra banda da terra,major,41,1,7
CAETANO,2,A outra banda da terra,major,42,7,x
CAETANO,2,A outra banda da terra,major,43,6,5
CAETANO,2,A outra banda da terra,major,44,3,9
CAETANO,2,A outra banda da terra,major,45,2,x
CAETANO,2,A outra banda da terra,major,46,3,1
CAETANO,2,A outra banda da terra,major,47,6,3
CAETANO,2,A outra banda da terra,major,48,7,x
CAETANO,2,A outra banda da terra,major,49,1,b13
CAETANO,2,A outra banda da terra,major,50,7,x
CAETANO,2,A outra banda da terra,major,51,6,5
CAETANO,2,A outra banda da terra,major,52,3,9
CAETANO,2,A outra banda da terra,major,53,#4/b5,3
CAETANO,2,A outra banda da terra,major,54,7,13
CAETANO,2,A outra banda da terra,major,55,#1/b2,x
CAETANO,2,A outra banda da terra,major,56,2,1
CAETANO,2,A outra banda da terra,major,57,#1/b2,13
CAETANO,2,A outra banda da terra,major,58,7,5
CAETANO,2,A outra banda da terra,major,59,#4/b5,9
CAETANO,2,A outra banda da terra,major,60,3,1
CAETANO,2,A outra banda da terra,major,61,6,3
CAETANO,2,A outra banda da terra,major,62,7,x
CAETANO,2,A outra banda da terra,major,63,1,b13
CAETANO,2,A outra banda da terra,major,64,7,x
CAETANO,2,A outra banda da terra,major,65,6,5
CAETANO,2,A outra banda da terra,major,66,3,x
CAETANO,2,A outra banda da terra,major,67,#2/b3,b9/#9
CAETANO,2,A outra banda da terra,major,68,#2/b3,b13
CAETANO,3,Atras do trio eletrico,major,1,3,3
CAETANO,3,Atras do trio eletrico,major,2,2,x
CAETANO,3,Atras do trio eletrico,major,3,1,1
CAETANO,3,Atras do trio eletrico,major,4,7,x
CAETANO,3,Atras do trio eletrico,major,5,#6/b7,x
CAETANO,3,Atras do trio eletrico,major,6,6,3
CAETANO,3,Atras do trio eletrico,major,7,1,5
CAETANO,3,Atras do trio eletrico,major,8,4,1
CAETANO,3,Atras do trio eletrico,major,9,7,3
CAETANO,3,Atras do trio eletrico,major,10,2,5
CAETANO,3,Atras do trio eletrico,major,11,4,7
CAETANO,3,Atras do trio eletrico,major,12,6,x
CAETANO,3,Atras do trio eletrico,major,13,5,5
CAETANO,3,Atras do trio eletrico,major,14,3,3
CAETANO,3,Atras do trio eletrico,major,15,5,5
CAETANO,3,Atras do trio eletrico,major,16,1,1
CAETANO,3,Atras do trio eletrico,major,17,6,x
CAETANO,3,Atras do trio eletrico,major,18,5,5
CAETANO,3,Atras do trio eletrico,major,19,3,3
CAETANO,3,Atras do trio eletrico,major,20,6,3
CAETANO,3,Atras do trio eletrico,major,21,5,5
CAETANO,3,Atras do trio eletrico,major,22,4,1
CAETANO,3,Atras do trio eletrico,major,23,7,3
CAETANO,3,Atras do trio eletrico,major,24,2,5
CAETANO,3,Atras do trio eletrico,major,25,6,x
CAETANO,3,Atras do trio eletrico,major,26,5,1
CAETANO,3,Atras do trio eletrico,major,27,6,3
CAETANO,3,Atras do trio eletrico,major,28,1,5
CAETANO,3,Atras do trio eletrico,major,29,4,1
CAETANO,3,Atras do trio eletrico,major,30,7,#11
CAETANO,3,Atras do trio eletrico,major,31,2,5
CAETANO,3,Atras do trio eletrico,major,32,4,7
CAETANO,3,Atras do trio eletrico,major,33,6,x
CAETANO,3,Atras do trio eletrico,major,34,5,1
CAETANO,3,Atras do trio eletrico,major,35,6,3
CAETANO,3,Atras do trio eletrico,major,36,1,5
CAETANO,3,Atras do trio eletrico,major,37,4,1
CAETANO,3,Atras do trio eletrico,major,38,7,#11
CAETANO,3,Atras do trio eletrico,major,39,2,5
CAETANO,3,Atras do trio eletrico,major,40,4,7
CAETANO,3,Atras do trio eletrico,major,41,6,x
CAETANO,3,Atras do trio eletrico,major,42,5,1
CAETANO,3,Atras do trio eletrico,major,43,1,1
CAETANO,3,Atras do trio eletrico,major,44,3,3
CAETANO,3,Atras do trio eletrico,major,45,5,5
CAETANO,3,Atras do trio eletrico,major,46,3,3
CAETANO,3,Atras do trio eletrico,major,47,5,5
CAETANO,3,Atras do trio eletrico,major,48,3,3
CAETANO,3,Atras do trio eletrico,major,49,5,5
CAETANO,3,Atras do trio eletrico,major,50,3,3
CAETANO,3,Atras do trio eletrico,major,51,5,5
CAETANO,3,Atras do trio eletrico,major,52,3,3
CAETANO,3,Atras do trio eletrico,major,53,5,5
CAETANO,3,Atras do trio eletrico,major,54,4,7
CAETANO,3,Atras do trio eletrico,major,55,2,5
CAETANO,3,Atras do trio eletrico,major,56,4,7
CAETANO,3,Atras do trio eletrico,major,57,2,5
CAETANO,3,Atras do trio eletrico,major,58,4,7
CAETANO,3,Atras do trio eletrico,major,59,2,5
CAETANO,3,Atras do trio eletrico,major,60,4,7
CAETANO,3,Atras do trio eletrico,major,61,2,5
CAETANO,3,Atras do trio eletrico,major,62,4,7
CAETANO,3,Atras do trio eletrico,major,63,2,5
CAETANO,3,Atras do trio eletrico,major,64,4,7
CAETANO,3,Atras do trio eletrico,major,65,2,5
CAETANO,3,Atras do trio eletrico,major,66,4,7
CAETANO,3,Atras do trio eletrico,major,67,3,3
CAETANO,3,Atras do trio eletrico,major,68,5,5
CAETANO,3,Atras do trio eletrico,major,69,3,3
CAETANO,3,Atras do trio eletrico,major,70,5,5
CAETANO,3,Atras do trio eletrico,major,71,3,3
CAETANO,3,Atras do trio eletrico,major,72,5,5
CAETANO,3,Atras do trio eletrico,major,73,3,3
CAETANO,3,Atras do trio eletrico,major,74,5,5
CAETANO,3,Atras do trio eletrico,major,75,3,3
CAETANO,3,Atras do trio eletrico,major,76,5,5
CAETANO,3,Atras do trio eletrico,major,77,3,3
CAETANO,3,Atras do trio eletrico,major,78,5,5
CAETANO,3,Atras do trio eletrico,major,79,6,3
CAETANO,3,Atras do trio eletrico,major,80,1,5
CAETANO,3,Atras do trio eletrico,major,81,6,3
CAETANO,3,Atras do trio eletrico,major,82,1,5
CAETANO,3,Atras do trio eletrico,major,83,6,3
CAETANO,3,Atras do trio eletrico,major,84,1,5
CAETANO,3,Atras do trio eletrico,major,85,6,3
CAETANO,3,Atras do trio eletrico,major,86,5,5
CAETANO,3,Atras do trio eletrico,major,87,3,3
CAETANO,3,Atras do trio eletrico,major,88,5,1
CAETANO,3,Atras do trio eletrico,major,89,7,3
CAETANO,3,Atras do trio eletrico,major,90,1,1
CAETANO,4,Baby,major,1,3,3
CAETANO,4,Baby,major,2,5,5
CAETANO,4,Baby,major,3,6,3
CAETANO,4,Baby,major,4,5,x
CAETANO,4,Baby,major,5,4,1
CAETANO,4,Baby,major,6,5,9
CAETANO,4,Baby,major,7,1,5
CAETANO,4,Baby,major,8,2,x
CAETANO,4,Baby,major,9,3,3
CAETANO,4,Baby,major,10,1,1
CAETANO,4,Baby,major,11,5,5
CAETANO,4,Baby,major,12,4,x
CAETANO,4,Baby,major,13,3,3
CAETANO,4,Baby,major,14,1,1
CAETANO,4,Baby,major,15,5,5
CAETANO,4,Baby,major,16,4,x
CAETANO,4,Baby,major,17,3,7
CAETANO,4,Baby,major,18,1,5
CAETANO,4,Baby,major,19,5,5
CAETANO,4,Baby,major,20,3,7
CAETANO,4,Baby,major,21,5,5
CAETANO,4,Baby,major,22,6,3
CAETANO,4,Baby,major,23,5,x
CAETANO,4,Baby,major,24,4,1
CAETANO,4,Baby,major,25,5,9
CAETANO,4,Baby,major,26,1,5
CAETANO,4,Baby,major,27,3,3
CAETANO,4,Baby,major,28,5,5
CAETANO,4,Baby,major,29,4,x
CAETANO,4,Baby,major,30,3,3
CAETANO,4,Baby,major,31,1,3
CAETANO,4,Baby,major,32,3,5
CAETANO,4,Baby,major,33,4,3
CAETANO,4,Baby,major,34,6,5
CAETANO,4,Baby,major,35,5,x
CAETANO,4,Baby,major,36,6,5
CAETANO,4,Baby,major,37,5,1
CAETANO,4,Baby,major,38,5,5
CAETANO,4,Baby,major,39,4,5
CAETANO,4,Baby,major,40,3,3
CAETANO,4,Baby,major,41,1,1
CAETANO,4,Baby,major,42,1,3
CAETANO,4,Baby,major,43,3,5
CAETANO,4,Baby,major,44,4,3
CAETANO,4,Baby,major,45,6,5
CAETANO,4,Baby,major,46,5,x
CAETANO,4,Baby,major,47,6,5
CAETANO,4,Baby,major,48,5,1
CAETANO,5,Cajuina,minor,1,3,3
CAETANO,5,Cajuina,minor,2,2,x
CAETANO,5,Cajuina,minor,3,1,1
CAETANO,5,Cajuina,minor,4,3,3
CAETANO,5,Cajuina,minor,5,2,1
CAETANO,5,Cajuina,minor,6,4,3
CAETANO,5,Cajuina,minor,7,2,1
CAETANO,5,Cajuina,minor,8,7,3
CAETANO,5,Cajuina,minor,9,2,5
CAETANO,5,Cajuina,minor,10,1,1
CAETANO,5,Cajuina,minor,11,3,3
CAETANO,5,Cajuina,minor,12,5,5
CAETANO,5,Cajuina,minor,13,4,x
CAETANO,5,Cajuina,minor,14,#3,3
CAETANO,5,Cajuina,minor,15,5,5
CAETANO,5,Cajuina,minor,16,#3,3
CAETANO,5,Cajuina,minor,17,5,5
CAETANO,5,Cajuina,minor,18,4,1
CAETANO,5,Cajuina,minor,19,6,3
CAETANO,5,Cajuina,minor,20,4,1
CAETANO,5,Cajuina,minor,21,2,3
CAETANO,5,Cajuina,minor,22,4,5
CAETANO,5,Cajuina,minor,23,3,1
CAETANO,5,Cajuina,minor,24,5,3
CAETANO,5,Cajuina,minor,25,3,1
CAETANO,5,Cajuina,minor,26,3,5
CAETANO,5,Cajuina,minor,27,1,1
CAETANO,5,Cajuina,minor,28,b7,x
CAETANO,5,Cajuina,minor,29,6,1
CAETANO,5,Cajuina,minor,30,5,1
CAETANO,5,Cajuina,minor,31,7,3
CAETANO,5,Cajuina,minor,32,2,5
CAETANO,5,Cajuina,minor,33,4,7
CAETANO,5,Cajuina,minor,34,3,x
CAETANO,5,Cajuina,minor,35,2,5
CAETANO,5,Cajuina,minor,36,7,3
CAETANO,5,Cajuina,minor,37,5,1
CAETANO,5,Cajuina,minor,38,#6,x
CAETANO,5,Cajuina,minor,39,7,3
CAETANO,5,Cajuina,minor,40,1,1
CAETANO,5,Cajuina,minor,41,#3,3
CAETANO,5,Cajuina,minor,42,5,5
CAETANO,5,Cajuina,minor,43,b7,7
CAETANO,5,Cajuina,minor,44,6,x
CAETANO,5,Cajuina,minor,45,5,5
CAETANO,5,Cajuina,minor,46,4,x
CAETANO,5,Cajuina,minor,47,#3,3
CAETANO,5,Cajuina,minor,48,1,1
CAETANO,5,Cajuina,minor,49,2,x
CAETANO,5,Cajuina,minor,50,#3,3
CAETANO,5,Cajuina,minor,51,4,1
CAETANO,5,Cajuina,minor,52,6,3
CAETANO,5,Cajuina,minor,53,5,1
CAETANO,5,Cajuina,minor,54,4,x
CAETANO,5,Cajuina,minor,55,3,b13
CAETANO,5,Cajuina,minor,56,2,x
CAETANO,5,Cajuina,minor,57,1,1
CAETANO,6,Cinema Olimpia,major,1,3,3
CAETANO,6,Cinema Olimpia,major,2,5,5
CAETANO,6,Cinema Olimpia,major,3,3,3
CAETANO,6,Cinema Olimpia,major,4,2,6
CAETANO,6,Cinema Olimpia,major,5,1,5
CAETANO,6,Cinema Olimpia,major,6,7,x
CAETANO,6,Cinema Olimpia,major,7,1,5
CAETANO,6,Cinema Olimpia,major,8,7,x
CAETANO,6,Cinema Olimpia,major,9,6,3
CAETANO,6,Cinema Olimpia,major,10,5,5
CAETANO,6,Cinema Olimpia,major,11,3,3
CAETANO,6,Cinema Olimpia,major,12,5,9
CAETANO,6,Cinema Olimpia,major,13,3,3
CAETANO,6,Cinema Olimpia,major,14,5,5
CAETANO,6,Cinema Olimpia,major,15,3,3
CAETANO,6,Cinema Olimpia,major,16,2,6
CAETANO,6,Cinema Olimpia,major,17,1,5
CAETANO,6,Cinema Olimpia,major,18,7,x
CAETANO,6,Cinema Olimpia,major,19,1,5
CAETANO,6,Cinema Olimpia,major,20,7,x
CAETANO,6,Cinema Olimpia,major,21,6,3
CAETANO,6,Cinema Olimpia,major,22,5,5
CAETANO,6,Cinema Olimpia,major,23,3,3
CAETANO,6,Cinema Olimpia,major,24,5,5
CAETANO,6,Cinema Olimpia,major,25,3,3
CAETANO,6,Cinema Olimpia,major,26,2,9
CAETANO,6,Cinema Olimpia,major,27,2,6
CAETANO,6,Cinema Olimpia,major,28,1,5
CAETANO,6,Cinema Olimpia,major,29,2,x
CAETANO,6,Cinema Olimpia,major,30,1,5
CAETANO,6,Cinema Olimpia,major,31,3,5
CAETANO,6,Cinema Olimpia,major,32,2,x
CAETANO,6,Cinema Olimpia,major,33,1,3
CAETANO,6,Cinema Olimpia,major,34,7,x
CAETANO,6,Cinema Olimpia,major,35,6,5
CAETANO,6,Cinema Olimpia,major,36,7,x
CAETANO,6,Cinema Olimpia,major,37,6,5
CAETANO,6,Cinema Olimpia,major,38,5,x
CAETANO,6,Cinema Olimpia,major,39,#4/b5,3
CAETANO,6,Cinema Olimpia,major,40,#4/b5,6
CAETANO,6,Cinema Olimpia,major,41,1,3
CAETANO,6,Cinema Olimpia,major,42,2,x
CAETANO,6,Cinema Olimpia,major,43,1,3
CAETANO,6,Cinema Olimpia,major,44,3,5
CAETANO,6,Cinema Olimpia,major,45,2,x
CAETANO,6,Cinema Olimpia,major,46,1,7
CAETANO,6,Cinema Olimpia,major,47,7,x
CAETANO,6,Cinema Olimpia,major,48,6,5
CAETANO,6,Cinema Olimpia,major,49,1,1
CAETANO,6,Cinema Olimpia,major,50,7,x
CAETANO,6,Cinema Olimpia,major,51,1,1
CAETANO,6,Cinema Olimpia,major,52,3,9
CAETANO,6,Cinema Olimpia,major,53,2,x
CAETANO,6,Cinema Olimpia,major,54,1,7
CAETANO,6,Cinema Olimpia,major,55,2,x
CAETANO,6,Cinema Olimpia,major,56,3,9
CAETANO,6,Cinema Olimpia,major,57,5,1
CAETANO,6,Cinema Olimpia,major,58,1,1
CAETANO,6,Cinema Olimpia,major,59,5,5
CAETANO,6,Cinema Olimpia,major,60,3,3
CAETANO,6,Cinema Olimpia,major,61,5,5
CAETANO,6,Cinema Olimpia,major,62,6,3
CAETANO,6,Cinema Olimpia,major,63,#6/b7,x
CAETANO,6,Cinema Olimpia,major,64,6,3
CAETANO,6,Cinema Olimpia,major,65,4,5
CAETANO,6,Cinema Olimpia,major,66,#6/b7,1
CAETANO,6,Cinema Olimpia,major,67,1,x
CAETANO,6,Cinema Olimpia,major,68,#6/b7,1
CAETANO,6,Cinema Olimpia,major,69,7,3
CAETANO,7,Chuva suor e cerveja,major,1,5,5
CAETANO,7,Chuva suor e cerveja,major,2,5,1
CAETANO,7,Chuva suor e cerveja,major,3,4,7
CAETANO,7,Chuva suor e cerveja,major,4,3,3
CAETANO,7,Chuva suor e cerveja,major,5,5,5
CAETANO,7,Chuva suor e cerveja,major,6,5,1
CAETANO,7,Chuva suor e cerveja,major,7,4,7
CAETANO,7,Chuva suor e cerveja,major,8,3,3
CAETANO,7,Chuva suor e cerveja,major,9,2,x
CAETANO,7,Chuva suor e cerveja,major,10,1,7
CAETANO,7,Chuva suor e cerveja,major,11,7,x
CAETANO,7,Chuva suor e cerveja,major,12,1,7
CAETANO,7,Chuva suor e cerveja,major,13,2,1
CAETANO,7,Chuva suor e cerveja,major,14,3,3
CAETANO,7,Chuva suor e cerveja,major,15,6,5
CAETANO,7,Chuva suor e cerveja,major,16,6,#11
CAETANO,7,Chuva suor e cerveja,major,17,5,3
CAETANO,7,Chuva suor e cerveja,major,18,4,3
CAETANO,7,Chuva suor e cerveja,major,19,6,5
CAETANO,7,Chuva suor e cerveja,major,20,6,1
CAETANO,7,Chuva suor e cerveja,major,21,5,7
CAETANO,7,Chuva suor e cerveja,major,22,4,3
CAETANO,7,Chuva suor e cerveja,major,23,4,7
CAETANO,7,Chuva suor e cerveja,major,24,3,x
CAETANO,7,Chuva suor e cerveja,major,25,4,7
CAETANO,7,Chuva suor e cerveja,major,26,5,5
CAETANO,7,Chuva suor e cerveja,major,27,1,1
CAETANO,7,Chuva suor e cerveja,major,28,5,5
CAETANO,7,Chuva suor e cerveja,major,29,5,1
CAETANO,7,Chuva suor e cerveja,major,30,4,7
CAETANO,7,Chuva suor e cerveja,major,31,3,3
CAETANO,7,Chuva suor e cerveja,major,32,5,5
CAETANO,7,Chuva suor e cerveja,major,33,5,1
CAETANO,7,Chuva suor e cerveja,major,34,4,7
CAETANO,7,Chuva suor e cerveja,major,35,3,6
CAETANO,7,Chuva suor e cerveja,major,36,2,x
CAETANO,7,Chuva suor e cerveja,major,37,1,1
CAETANO,7,Chuva suor e cerveja,major,38,2,x
CAETANO,7,Chuva suor e cerveja,major,39,3,3
CAETANO,7,Chuva suor e cerveja,major,40,4,1
CAETANO,7,Chuva suor e cerveja,major,41,6,3
CAETANO,7,Chuva suor e cerveja,major,42,#4/b5,1
CAETANO,7,Chuva suor e cerveja,major,43,6,3
CAETANO,7,Chuva suor e cerveja,major,44,5,5
CAETANO,7,Chuva suor e cerveja,major,45,1,1
CAETANO,7,Chuva suor e cerveja,major,46,6,5
CAETANO,7,Chuva suor e cerveja,major,47,1,7
CAETANO,7,Chuva suor e cerveja,major,48,6,5
CAETANO,7,Chuva suor e cerveja,major,49,7,3
CAETANO,7,Chuva suor e cerveja,major,50,6,x
CAETANO,7,Chuva suor e cerveja,major,51,5,1
CAETANO,7,Chuva suor e cerveja,major,52,1,1
CAETANO,7,Chuva suor e cerveja,major,53,3,3
CAETANO,7,Chuva suor e cerveja,major,54,7,7
CAETANO,7,Chuva suor e cerveja,major,55,2,14
CAETANO,7,Chuva suor e cerveja,major,56,6,#11
CAETANO,7,Chuva suor e cerveja,major,57,1,7
CAETANO,7,Chuva suor e cerveja,major,58,5,11
CAETANO,7,Chuva suor e cerveja,major,59,7,6
CAETANO,7,Chuva suor e cerveja,major,60,4,3
CAETANO,7,Chuva suor e cerveja,major,61,6,5
CAETANO,7,Chuva suor e cerveja,major,62,3,9
CAETANO,7,Chuva suor e cerveja,major,63,5,1
CAETANO,7,Chuva suor e cerveja,major,64,4,7
CAETANO,7,Chuva suor e cerveja,major,65,2,5
CAETANO,7,Chuva suor e cerveja,major,66,5,5
CAETANO,7,Chuva suor e cerveja,major,67,1,1
CAETANO,7,Chuva suor e cerveja,major,68,3,3
CAETANO,7,Chuva suor e cerveja,major,69,7,7
CAETANO,7,Chuva suor e cerveja,major,70,2,14
CAETANO,7,Chuva suor e cerveja,major,71,6,#11
CAETANO,7,Chuva suor e cerveja,major,72,1,7
CAETANO,7,Chuva suor e cerveja,major,73,5,11
CAETANO,7,Chuva suor e cerveja,major,74,7,6
CAETANO,7,Chuva suor e cerveja,major,75,4,3
CAETANO,7,Chuva suor e cerveja,major,76,6,5
CAETANO,7,Chuva suor e cerveja,major,77,3,9
CAETANO,7,Chuva suor e cerveja,major,78,5,1
CAETANO,7,Chuva suor e cerveja,major,79,6,x
CAETANO,7,Chuva suor e cerveja,major,80,7,3
CAETANO,7,Chuva suor e cerveja,major,81,1,1
CAETANO,8,Coracao vagabundo,minor,1,2,x
CAETANO,8,Coracao vagabundo,minor,2,3,3
CAETANO,8,Coracao vagabundo,minor,3,2,x
CAETANO,8,Coracao vagabundo,minor,4,3,3
CAETANO,8,Coracao vagabundo,minor,5,2,x
CAETANO,8,Coracao vagabundo,minor,6,3,3
CAETANO,8,Coracao vagabundo,minor,7,2,x
CAETANO,8,Coracao vagabundo,minor,8,3,b9/#9
CAETANO,8,Coracao vagabundo,minor,9,2,x
CAETANO,8,Coracao vagabundo,minor,10,3,b9/#9
CAETANO,8,Coracao vagabundo,minor,11,2,x
CAETANO,8,Coracao vagabundo,minor,12,3,b9/#9
CAETANO,8,Coracao vagabundo,minor,13,2,1
CAETANO,8,Coracao vagabundo,minor,14,3,x
CAETANO,8,Coracao vagabundo,minor,15,2,1
CAETANO,8,Coracao vagabundo,minor,16,3,b13
CAETANO,8,Coracao vagabundo,minor,17,2,x
CAETANO,8,Coracao vagabundo,minor,18,3,b13
CAETANO,8,Coracao vagabundo,minor,19,2,x
CAETANO,8,Coracao vagabundo,minor,20,1,1
CAETANO,8,Coracao vagabundo,minor,21,2,x
CAETANO,8,Coracao vagabundo,minor,22,1,1
CAETANO,8,Coracao vagabundo,minor,23,1,1
CAETANO,8,Coracao vagabundo,minor,24,#1/b2,b9/#9
CAETANO,8,Coracao vagabundo,minor,25,1,x
CAETANO,8,Coracao vagabundo,minor,26,#1/b2,b9/#9
CAETANO,8,Coracao vagabundo,minor,27,1,x
CAETANO,8,Coracao vagabundo,minor,28,#1/b2,b9/#9
CAETANO,8,Coracao vagabundo,minor,29,1,5
CAETANO,8,Coracao vagabundo,minor,30,#1/b2,x
CAETANO,8,Coracao vagabundo,minor,31,1,5
CAETANO,8,Coracao vagabundo,minor,32,#1/b2,x
CAETANO,8,Coracao vagabundo,minor,33,1,5
CAETANO,8,Coracao vagabundo,minor,34,#1/b2,x
CAETANO,8,Coracao vagabundo,minor,35,2,1
CAETANO,8,Coracao vagabundo,minor,36,3,b9/#9
CAETANO,8,Coracao vagabundo,minor,37,2,x
CAETANO,8,Coracao vagabundo,minor,38,3,b9/#9
CAETANO,8,Coracao vagabundo,minor,39,2,x
CAETANO,8,Coracao vagabundo,minor,40,3,b9/#9
CAETANO,8,Coracao vagabundo,minor,41,2,1
CAETANO,8,Coracao vagabundo,minor,42,3,x
CAETANO,8,Coracao vagabundo,minor,43,2,1
CAETANO,8,Coracao vagabundo,minor,44,3,b13
CAETANO,8,Coracao vagabundo,minor,45,2,x
CAETANO,8,Coracao vagabundo,minor,46,3,1
CAETANO,8,Coracao vagabundo,minor,47,2,x
CAETANO,8,Coracao vagabundo,minor,48,3,1
CAETANO,8,Coracao vagabundo,minor,49,2,x
CAETANO,8,Coracao vagabundo,minor,50,3,1
CAETANO,8,Coracao vagabundo,minor,51,2,x
CAETANO,8,Coracao vagabundo,minor,52,3,b9/#9
CAETANO,8,Coracao vagabundo,minor,53,2,x
CAETANO,8,Coracao vagabundo,minor,54,3,b9/#9
CAETANO,8,Coracao vagabundo,minor,55,2,x
CAETANO,8,Coracao vagabundo,minor,56,3,b9/#9
CAETANO,8,Coracao vagabundo,minor,57,2,1
CAETANO,8,Coracao vagabundo,minor,58,3,x
CAETANO,8,Coracao vagabundo,minor,59,2,1
CAETANO,8,Coracao vagabundo,minor,60,3,b13
CAETANO,8,Coracao vagabundo,minor,61,2,x
CAETANO,8,Coracao vagabundo,minor,62,3,b13
CAETANO,8,Coracao vagabundo,minor,63,#3,3
CAETANO,8,Coracao vagabundo,minor,64,5,5
CAETANO,8,Coracao vagabundo,minor,65,#3,3
CAETANO,8,Coracao vagabundo,minor,66,b7,7
CAETANO,8,Coracao vagabundo,minor,67,b7,11
CAETANO,8,Coracao vagabundo,minor,68,6,x
CAETANO,8,Coracao vagabundo,minor,69,5,x
CAETANO,8,Coracao vagabundo,minor,70,4,5
CAETANO,8,Coracao vagabundo,minor,71,3,x
CAETANO,8,Coracao vagabundo,minor,72,2,3
CAETANO,8,Coracao vagabundo,minor,73,4,9
CAETANO,8,Coracao vagabundo,minor,74,3,x
CAETANO,8,Coracao vagabundo,minor,75,2,#11
CAETANO,8,Coracao vagabundo,minor,76,1,3
CAETANO,8,Coracao vagabundo,minor,77,7,x
CAETANO,8,Coracao vagabundo,minor,78,1,3
CAETANO,8,Coracao vagabundo,minor,79,3,5
CAETANO,8,Coracao vagabundo,minor,80,2,5
CAETANO,8,Coracao vagabundo,minor,81,1,1
CAETANO,9,Alegria alegria,major,1,5,5
CAETANO,9,Alegria alegria,major,2,3,3
CAETANO,9,Alegria alegria,major,3,5,5
CAETANO,9,Alegria alegria,major,4,3,3
CAETANO,9,Alegria alegria,major,5,1,1
CAETANO,9,Alegria alegria,major,6,5,x
CAETANO,9,Alegria alegria,major,7,6,3
CAETANO,9,Alegria alegria,major,8,1,5
CAETANO,9,Alegria alegria,major,9,7,x
CAETANO,9,Alegria alegria,major,10,6,3
CAETANO,9,Alegria alegria,major,11,7,3
CAETANO,9,Alegria alegria,major,12,6,x
CAETANO,9,Alegria alegria,major,13,5,1
CAETANO,9,Alegria alegria,major,14,6,6
CAETANO,9,Alegria alegria,major,15,5,5
CAETANO,9,Alegria alegria,major,16,3,3
CAETANO,9,Alegria alegria,major,17,5,5
CAETANO,9,Alegria alegria,major,18,3,3
CAETANO,9,Alegria alegria,major,19,1,1
CAETANO,9,Alegria alegria,major,20,5,x
CAETANO,9,Alegria alegria,major,21,6,3
CAETANO,9,Alegria alegria,major,22,1,5
CAETANO,9,Alegria alegria,major,23,2,3
CAETANO,9,Alegria alegria,major,24,2,5
CAETANO,9,Alegria alegria,major,25,3,5
CAETANO,9,Alegria alegria,major,26,5,5
CAETANO,9,Alegria alegria,major,27,3,3
CAETANO,9,Alegria alegria,major,28,1,1
CAETANO,9,Alegria alegria,major,29,5,x
CAETANO,9,Alegria alegria,major,30,6,3
CAETANO,9,Alegria alegria,major,31,1,5
CAETANO,9,Alegria alegria,major,32,7,x
CAETANO,9,Alegria alegria,major,33,6,3
CAETANO,9,Alegria alegria,major,34,7,3
CAETANO,9,Alegria alegria,major,35,6,x
CAETANO,9,Alegria alegria,major,36,5,1
CAETANO,9,Alegria alegria,major,37,6,6
CAETANO,9,Alegria alegria,major,38,5,5
CAETANO,9,Alegria alegria,major,39,3,3
CAETANO,9,Alegria alegria,major,40,5,5
CAETANO,9,Alegria alegria,major,41,3,3
CAETANO,9,Alegria alegria,major,42,1,1
CAETANO,9,Alegria alegria,major,43,5,x
CAETANO,9,Alegria alegria,major,44,6,3
CAETANO,9,Alegria alegria,major,45,1,5
CAETANO,9,Alegria alegria,major,46,2,3
CAETANO,9,Alegria alegria,major,47,3,3
CAETANO,9,Alegria alegria,major,48,1,1
CAETANO,9,Alegria alegria,major,49,3,3
CAETANO,9,Alegria alegria,major,50,1,5
CAETANO,9,Alegria alegria,major,51,2,5
CAETANO,9,Alegria alegria,major,52,1,5
CAETANO,9,Alegria alegria,major,53,3,3
CAETANO,9,Alegria alegria,major,54,1,1
CAETANO,9,Alegria alegria,major,55,3,3
CAETANO,9,Alegria alegria,major,56,1,1
CAETANO,9,Alegria alegria,major,57,3,3
CAETANO,9,Alegria alegria,major,58,1,5
CAETANO,9,Alegria alegria,major,59,2,5
CAETANO,9,Alegria alegria,major,60,1,5
CAETANO,9,Alegria alegria,major,61,3,3
CAETANO,9,Alegria alegria,major,62,1,1
CAETANO,9,Alegria alegria,major,63,3,3
CAETANO,9,Alegria alegria,major,64,1,5
CAETANO,9,Alegria alegria,major,65,2,5
CAETANO,9,Alegria alegria,major,66,1,5
CAETANO,9,Alegria alegria,major,67,3,3
CAETANO,9,Alegria alegria,major,68,1,1
CAETANO,9,Alegria alegria,major,69,3,3
CAETANO,9,Alegria alegria,major,70,1,1
CAETANO,9,Alegria alegria,major,71,3,3
CAETANO,9,Alegria alegria,major,72,1,5
CAETANO,9,Alegria alegria,major,73,2,5
CAETANO,9,Alegria alegria,major,74,1,5
CAETANO,9,Alegria alegria,major,75,1,3
CAETANO,9,Alegria alegria,major,76,7,x
CAETANO,9,Alegria alegria,major,77,6,1
CAETANO,9,Alegria alegria,major,78,3,5
CAETANO,9,Alegria alegria,major,79,1,3
CAETANO,9,Alegria alegria,major,80,2,1
CAETANO,9,Alegria alegria,major,81,1,7
CAETANO,9,Alegria alegria,major,82,3,5
CAETANO,9,Alegria alegria,major,83,1,3
CAETANO,9,Alegria alegria,major,84,7,x
CAETANO,9,Alegria alegria,major,85,6,1
CAETANO,9,Alegria alegria,major,86,3,5
CAETANO,9,Alegria alegria,major,87,1,3
CAETANO,9,Alegria alegria,major,88,2,1
CAETANO,9,Alegria alegria,major,89,1,7
CAETANO,9,Alegria alegria,major,90,3,5
CAETANO,9,Alegria alegria,major,91,1,3
CAETANO,9,Alegria alegria,major,92,7,x
CAETANO,9,Alegria alegria,major,93,6,1
CAETANO,9,Alegria alegria,major,94,3,5
CAETANO,9,Alegria alegria,major,95,1,3
CAETANO,9,Alegria alegria,major,96,2,1
CAETANO,9,Alegria alegria,major,97,1,7
CAETANO,9,Alegria alegria,major,98,3,5
CAETANO,9,Alegria alegria,major,99,1,3
CAETANO,9,Alegria alegria,major,100,7,x
CAETANO,9,Alegria alegria,major,101,6,1
CAETANO,9,Alegria alegria,major,102,3,5
CAETANO,9,Alegria alegria,major,103,1,3
CAETANO,9,Alegria alegria,major,104,2,5
CAETANO,9,Alegria alegria,major,105,5,5
CAETANO,9,Alegria alegria,major,106,3,3
CAETANO,9,Alegria alegria,major,107,5,5
CAETANO,9,Alegria alegria,major,108,3,3
CAETANO,9,Alegria alegria,major,109,1,1
CAETANO,9,Alegria alegria,major,110,5,5
CAETANO,9,Alegria alegria,major,111,6,3
CAETANO,9,Alegria alegria,major,112,1,5
CAETANO,9,Alegria alegria,major,113,7,x
CAETANO,9,Alegria alegria,major,114,6,3
CAETANO,9,Alegria alegria,major,115,7,3
CAETANO,9,Alegria alegria,major,116,6,x
CAETANO,9,Alegria alegria,major,117,5,1
CAETANO,9,Alegria alegria,major,118,6,6
CAETANO,9,Alegria alegria,major,119,5,5
CAETANO,9,Alegria alegria,major,120,3,3
CAETANO,9,Alegria alegria,major,121,5,5
CAETANO,9,Alegria alegria,major,122,3,3
CAETANO,9,Alegria alegria,major,123,1,1
CAETANO,9,Alegria alegria,major,124,5,x
CAETANO,9,Alegria alegria,major,125,6,3
CAETANO,9,Alegria alegria,major,126,1,5
CAETANO,9,Alegria alegria,major,127,2,3
CAETANO,9,Alegria alegria,major,128,5,5
CAETANO,9,Alegria alegria,major,129,3,3
CAETANO,9,Alegria alegria,major,130,5,5
CAETANO,9,Alegria alegria,major,131,1,1
CAETANO,9,Alegria alegria,major,132,4,1
CAETANO,9,Alegria alegria,major,133,6,3
CAETANO,9,Alegria alegria,major,134,1,5
CAETANO,10,A tua presenca morena,major,1,5,5
CAETANO,10,A tua presenca morena,major,2,4,x
CAETANO,10,A tua presenca morena,major,3,5,5
CAETANO,10,A tua presenca morena,major,4,3,3
CAETANO,10,A tua presenca morena,major,5,#6/b7,1
CAETANO,10,A tua presenca morena,major,6,#6/b7,9
CAETANO,10,A tua presenca morena,major,7,#5/b6,1
CAETANO,10,A tua presenca morena,major,8,5,1
CAETANO,10,A tua presenca morena,major,9,4,x
CAETANO,10,A tua presenca morena,major,10,5,5
CAETANO,10,A tua presenca morena,major,11,3,3
CAETANO,10,A tua presenca morena,major,12,#6/b7,1
CAETANO,10,A tua presenca morena,major,13,#6/b7,9
CAETANO,10,A tua presenca morena,major,14,#5/b6,1
CAETANO,10,A tua presenca morena,major,15,5,1
CAETANO,10,A tua presenca morena,major,16,4,x
CAETANO,10,A tua presenca morena,major,17,5,5
CAETANO,10,A tua presenca morena,major,18,3,3
CAETANO,10,A tua presenca morena,major,19,#6/b7,1
CAETANO,10,A tua presenca morena,major,20,#6/b7,9
CAETANO,10,A tua presenca morena,major,21,#5/b6,1
CAETANO,10,A tua presenca morena,major,22,5,1
CAETANO,10,A tua presenca morena,major,23,4,x
CAETANO,10,A tua presenca morena,major,24,5,5
CAETANO,10,A tua presenca morena,major,25,3,3
CAETANO,10,A tua presenca morena,major,26,#6/b7,1
CAETANO,10,A tua presenca morena,major,27,#6/b7,x
CAETANO,10,A tua presenca morena,major,28,6,3
CAETANO,10,A tua presenca morena,major,29,5,7
CAETANO,10,A tua presenca morena,major,30,4,x
CAETANO,10,A tua presenca morena,major,31,5,7
CAETANO,10,A tua presenca morena,major,32,2,1
CAETANO,10,A tua presenca morena,major,33,1,1
CAETANO,10,A tua presenca morena,major,34,#6/b7,1
CAETANO,10,A tua presenca morena,major,35,#5/b6,1
CAETANO,10,A tua presenca morena,major,36,5,1
CAETANO,10,A tua presenca morena,major,37,4,x
CAETANO,10,A tua presenca morena,major,38,5,1
CAETANO,10,A tua presenca morena,major,39,3,3
CAETANO,11,Avarandado,minor,1,1,1
CAETANO,11,Avarandado,minor,2,2,x
CAETANO,11,Avarandado,minor,3,3,3
CAETANO,11,Avarandado,minor,4,2,x
CAETANO,11,Avarandado,minor,5,1,1
CAETANO,11,Avarandado,minor,6,4,1
CAETANO,11,Avarandado,minor,7,b7,1
CAETANO,11,Avarandado,minor,8,1,x
CAETANO,11,Avarandado,minor,9,2,3
CAETANO,11,Avarandado,minor,10,1,x
CAETANO,11,Avarandado,minor,11,b7,1
CAETANO,11,Avarandado,minor,12,4,5
CAETANO,11,Avarandado,minor,13,6,1
CAETANO,11,Avarandado,minor,14,b7,x
CAETANO,11,Avarandado,minor,15,1,3
CAETANO,11,Avarandado,minor,16,b7,x
CAETANO,11,Avarandado,minor,17,6,1
CAETANO,11,Avarandado,minor,18,4,3
CAETANO,11,Avarandado,minor,19,4,7
CAETANO,11,Avarandado,minor,20,5,1
CAETANO,11,Avarandado,minor,21,4,7
CAETANO,11,Avarandado,minor,22,3,3
CAETANO,11,Avarandado,minor,23,1,1
CAETANO,11,Avarandado,minor,24,3,3
CAETANO,11,Avarandado,minor,25,4,x
CAETANO,11,Avarandado,minor,26,5,5
CAETANO,11,Avarandado,minor,27,5,11
CAETANO,11,Avarandado,minor,28,5,1
CAETANO,11,Avarandado,minor,29,4,7
CAETANO,11,Avarandado,minor,30,3,3
CAETANO,11,Avarandado,minor,31,1,1
CAETANO,11,Avarandado,minor,32,3,3
CAETANO,11,Avarandado,minor,33,4,x
CAETANO,11,Avarandado,minor,34,5,5
CAETANO,11,Avarandado,minor,35,5,11
CAETANO,11,Avarandado,minor,36,5,1
CAETANO,12,Beleza pura,major,1,1,1
CAETANO,12,Beleza pura,major,2,7,x
CAETANO,12,Beleza pura,major,3,6,x
CAETANO,12,Beleza pura,major,4,5,7
CAETANO,12,Beleza pura,major,5,6,x
CAETANO,12,Beleza pura,major,6,5,7
CAETANO,12,Beleza pura,major,7,1,3
CAETANO,12,Beleza pura,major,8,2,1
CAETANO,12,Beleza pura,major,9,4,7
CAETANO,12,Beleza pura,major,10,4,x
CAETANO,12,Beleza pura,major,11,3,3
CAETANO,12,Beleza pura,major,12,1,1
CAETANO,12,Beleza pura,major,13,6,x
CAETANO,12,Beleza pura,major,14,5,7
CAETANO,12,Beleza pura,major,15,1,3
CAETANO,12,Beleza pura,major,16,2,1
CAETANO,12,Beleza pura,major,17,4,7
CAETANO,12,Beleza pura,major,18,4,x
CAETANO,12,Beleza pura,major,19,3,3
CAETANO,12,Beleza pura,major,20,1,1
CAETANO,12,Beleza pura,major,21,6,x
CAETANO,12,Beleza pura,major,22,5,7
CAETANO,12,Beleza pura,major,23,1,3
CAETANO,12,Beleza pura,major,24,2,1
CAETANO,12,Beleza pura,major,25,4,7
CAETANO,12,Beleza pura,major,26,4,x
CAETANO,12,Beleza pura,major,27,3,3
CAETANO,12,Beleza pura,major,28,1,1
CAETANO,12,Beleza pura,major,29,6,x
CAETANO,12,Beleza pura,major,30,5,7
CAETANO,12,Beleza pura,major,31,1,3
CAETANO,12,Beleza pura,major,32,2,1
CAETANO,13,Cavaleiro de Jorge,minor,1,5,5
CAETANO,13,Cavaleiro de Jorge,minor,2,b7,7
CAETANO,13,Cavaleiro de Jorge,minor,3,5,5
CAETANO,13,Cavaleiro de Jorge,minor,4,4,6
CAETANO,13,Cavaleiro de Jorge,minor,5,3,5
CAETANO,13,Cavaleiro de Jorge,minor,6,1,3
CAETANO,13,Cavaleiro de Jorge,minor,7,5,11
CAETANO,13,Cavaleiro de Jorge,minor,8,4,3
CAETANO,13,Cavaleiro de Jorge,minor,9,2,1
CAETANO,13,Cavaleiro de Jorge,minor,10,5,11
CAETANO,13,Cavaleiro de Jorge,minor,11,2,1
CAETANO,13,Cavaleiro de Jorge,minor,12,4,1
CAETANO,13,Cavaleiro de Jorge,minor,13,3,7
CAETANO,13,Cavaleiro de Jorge,minor,14,2,5
CAETANO,13,Cavaleiro de Jorge,minor,15,6,b9/#9
CAETANO,13,Cavaleiro de Jorge,minor,16,5,1
CAETANO,13,Cavaleiro de Jorge,minor,17,5,x
CAETANO,13,Cavaleiro de Jorge,minor,18,3,5
CAETANO,13,Cavaleiro de Jorge,minor,19,5,5
CAETANO,13,Cavaleiro de Jorge,minor,20,3,3
CAETANO,13,Cavaleiro de Jorge,minor,21,1,1
CAETANO,13,Cavaleiro de Jorge,minor,22,5,5
CAETANO,13,Cavaleiro de Jorge,minor,23,1,1
CAETANO,13,Cavaleiro de Jorge,minor,24,3,3
CAETANO,13,Cavaleiro de Jorge,minor,25,5,5
CAETANO,13,Cavaleiro de Jorge,minor,26,5,5
CAETANO,13,Cavaleiro de Jorge,minor,27,3,3
CAETANO,13,Cavaleiro de Jorge,minor,28,1,1
CAETANO,13,Cavaleiro de Jorge,minor,29,5,5
CAETANO,13,Cavaleiro de Jorge,minor,30,1,1
CAETANO,13,Cavaleiro de Jorge,minor,31,3,3
CAETANO,13,Cavaleiro de Jorge,minor,32,4,x
CAETANO,13,Cavaleiro de Jorge,minor,33,4,11
CAETANO,13,Cavaleiro de Jorge,minor,34,5,5
CAETANO,13,Cavaleiro de Jorge,minor,35,3,3
CAETANO,13,Cavaleiro de Jorge,minor,36,1,1
CAETANO,13,Cavaleiro de Jorge,minor,37,5,5
CAETANO,13,Cavaleiro de Jorge,minor,38,1,1
CAETANO,13,Cavaleiro de Jorge,minor,39,4,x
CAETANO,13,Cavaleiro de Jorge,minor,40,5,5
CAETANO,14,Como dois e dois,major,1,3,3
CAETANO,14,Como dois e dois,major,2,2,x
CAETANO,14,Como dois e dois,major,3,1,1
CAETANO,14,Como dois e dois,major,4,3,3
CAETANO,14,Como dois e dois,major,5,3,1
CAETANO,14,Como dois e dois,major,6,7,5
CAETANO,14,Como dois e dois,major,7,1,3
CAETANO,14,Como dois e dois,major,8,6,1
CAETANO,14,Como dois e dois,major,9,7,x
CAETANO,14,Como dois e dois,major,10,1,3
CAETANO,14,Como dois e dois,major,11,6,1
CAETANO,14,Como dois e dois,major,12,7,x
CAETANO,14,Como dois e dois,major,13,1,3
CAETANO,14,Como dois e dois,major,14,2,x
CAETANO,14,Como dois e dois,major,15,#2/b3,x
CAETANO,14,Como dois e dois,major,16,3,1
CAETANO,14,Como dois e dois,major,17,7,5
CAETANO,14,Como dois e dois,major,18,6,3
CAETANO,14,Como dois e dois,major,19,5,x
CAETANO,14,Como dois e dois,major,20,4,1
CAETANO,14,Como dois e dois,major,21,6,3
CAETANO,14,Como dois e dois,major,22,5,x
CAETANO,14,Como dois e dois,major,23,4,1
CAETANO,14,Como dois e dois,major,24,6,x
CAETANO,14,Como dois e dois,major,25,5,9
CAETANO,14,Como dois e dois,major,26,5,5
CAETANO,14,Como dois e dois,major,27,6,6
CAETANO,14,Como dois e dois,major,28,3,3
CAETANO,14,Como dois e dois,major,29,5,7
CAETANO,14,Como dois e dois,major,30,1,7
CAETANO,14,Como dois e dois,major,31,7,x
CAETANO,14,Como dois e dois,major,32,6,5
CAETANO,14,Como dois e dois,major,33,1,7
CAETANO,14,Como dois e dois,major,34,7,x
CAETANO,14,Como dois e dois,major,35,6,5
CAETANO,14,Como dois e dois,major,36,1,7
CAETANO,14,Como dois e dois,major,37,7,x
CAETANO,14,Como dois e dois,major,38,6,5
CAETANO,14,Como dois e dois,major,39,3,13
CAETANO,14,Como dois e dois,major,40,#2/b3,x
CAETANO,14,Como dois e dois,major,41,2,5
CAETANO,14,Como dois e dois,major,42,5,5
CAETANO,14,Como dois e dois,major,43,3,3
CAETANO,14,Como dois e dois,major,44,1,1
CAETANO,14,Como dois e dois,major,45,6,3
CAETANO,14,Como dois e dois,major,46,5,x
CAETANO,14,Como dois e dois,major,47,4,1
CAETANO,14,Como dois e dois,major,48,1,5
CAETANO,14,Como dois e dois,major,49,#2/b3,7
CAETANO,14,Como dois e dois,major,50,2,x
CAETANO,14,Como dois e dois,major,51,1,5
CAETANO,14,Como dois e dois,major,52,6,5
CAETANO,14,Como dois e dois,major,53,1,5
CAETANO,14,Como dois e dois,major,54,5,5
CAETANO,14,Como dois e dois,major,55,3,3
CAETANO,14,Como dois e dois,major,56,6,3
CAETANO,14,Como dois e dois,major,57,5,x
CAETANO,14,Como dois e dois,major,58,4,1
CAETANO,14,Como dois e dois,major,59,1,5
CAETANO,14,Como dois e dois,major,60,#2/b3,7
CAETANO,14,Como dois e dois,major,61,2,x
CAETANO,14,Como dois e dois,major,62,1,1
CAETANO,14,Como dois e dois,major,63,6,3
CAETANO,14,Como dois e dois,major,64,1,5
CAETANO,14,Como dois e dois,major,65,6,x
CAETANO,14,Como dois e dois,major,66,5,1
CAETANO,15,Drama,minor,1,5,5
CAETANO,15,Drama,minor,2,6,x
CAETANO,15,Drama,minor,3,5,5
CAETANO,15,Drama,minor,4,1,1
CAETANO,15,Drama,minor,5,6,b9/#9
CAETANO,15,Drama,minor,6,5,1
CAETANO,15,Drama,minor,7,6,x
CAETANO,15,Drama,minor,8,5,1
CAETANO,15,Drama,minor,9,7,3
CAETANO,15,Drama,minor,10,5,1
CAETANO,15,Drama,minor,11,6,6
CAETANO,15,Drama,minor,12,5,5
CAETANO,15,Drama,minor,13,6,x
CAETANO,15,Drama,minor,14,5,5
CAETANO,15,Drama,minor,15,6,x
CAETANO,15,Drama,minor,16,5,9
CAETANO,15,Drama,minor,17,4,1
CAETANO,15,Drama,minor,18,2,13
CAETANO,15,Drama,minor,19,4,1
CAETANO,15,Drama,minor,20,6,x
CAETANO,15,Drama,minor,21,5,1
CAETANO,15,Drama,minor,22,4,7
CAETANO,15,Drama,minor,23,3,x
CAETANO,15,Drama,minor,24,2,x
CAETANO,15,Drama,minor,25,1,1
CAETANO,15,Drama,minor,26,5,5
CAETANO,15,Drama,minor,27,4,x
CAETANO,15,Drama,minor,28,3,3
CAETANO,15,Drama,minor,29,2,x
CAETANO,15,Drama,minor,30,1,1
CAETANO,15,Drama,minor,31,2,1
CAETANO,15,Drama,minor,32,#6,5
CAETANO,15,Drama,minor,33,2,1
CAETANO,15,Drama,minor,34,3,b9/#9
CAETANO,15,Drama,minor,35,2,1
CAETANO,15,Drama,minor,36,6,3
CAETANO,15,Drama,minor,37,2,6
CAETANO,15,Drama,minor,38,2,5
CAETANO,15,Drama,minor,39,5,5
CAETANO,15,Drama,minor,40,6,x
CAETANO,15,Drama,minor,41,5,5
CAETANO,15,Drama,minor,42,1,1
CAETANO,15,Drama,minor,43,6,x
CAETANO,15,Drama,minor,44,5,5
CAETANO,15,Drama,minor,45,5,1
CAETANO,15,Drama,minor,46,7,3
CAETANO,15,Drama,minor,47,5,1
CAETANO,15,Drama,minor,48,5,5
CAETANO,15,Drama,minor,49,6,x
CAETANO,15,Drama,minor,50,5,5
CAETANO,15,Drama,minor,51,b7,7
CAETANO,15,Drama,minor,52,5,5
CAETANO,15,Drama,minor,53,5,9
CAETANO,15,Drama,minor,54,4,1
CAETANO,15,Drama,minor,55,6,3
CAETANO,15,Drama,minor,56,5,x
CAETANO,15,Drama,minor,57,4,1
CAETANO,15,Drama,minor,58,6,3
CAETANO,15,Drama,minor,59,6,b9/#9
CAETANO,15,Drama,minor,60,5,1
CAETANO,15,Drama,minor,61,4,x
CAETANO,15,Drama,minor,62,3,x
CAETANO,15,Drama,minor,63,2,5
CAETANO,15,Drama,minor,64,1,1
CAETANO,15,Drama,minor,65,3,7
CAETANO,15,Drama,minor,66,2,x
CAETANO,15,Drama,minor,67,1,3
CAETANO,15,Drama,minor,68,3,7
CAETANO,15,Drama,minor,69,2,x
CAETANO,15,Drama,minor,70,1,11
CAETANO,15,Drama,minor,71,3,3
CAETANO,15,Drama,minor,72,5,5
CAETANO,15,Drama,minor,73,5,7
CAETANO,15,Drama,minor,74,2,#11
CAETANO,15,Drama,minor,75,4,3
CAETANO,15,Drama,minor,76,3,x
CAETANO,15,Drama,minor,77,2,1
CAETANO,15,Drama,minor,78,1,x
CAETANO,15,Drama,minor,79,7,3
CAETANO,15,Drama,minor,80,5,1
CAETANO,15,Drama,minor,81,3,b13
CAETANO,15,Drama,minor,82,2,x
CAETANO,15,Drama,minor,83,1,1
CAETANO,15,Drama,minor,84,3,7
CAETANO,15,Drama,minor,85,2,x
CAETANO,15,Drama,minor,86,1,5
CAETANO,15,Drama,minor,87,3,7
CAETANO,15,Drama,minor,88,2,x
CAETANO,15,Drama,minor,89,1,11
CAETANO,15,Drama,minor,90,3,3
CAETANO,15,Drama,minor,91,5,7
CAETANO,15,Drama,minor,92,2,#11
CAETANO,15,Drama,minor,93,4,3
CAETANO,15,Drama,minor,94,3,x
CAETANO,15,Drama,minor,95,2,1
CAETANO,15,Drama,minor,96,1,x
CAETANO,15,Drama,minor,97,7,3
CAETANO,15,Drama,minor,98,5,1
CAETANO,15,Drama,minor,99,3,b13
CAETANO,15,Drama,minor,100,2,x
CAETANO,15,Drama,minor,101,1,1
CAETANO,16,Luz do sol,major,1,1,x
CAETANO,16,Luz do sol,major,2,7,7
CAETANO,16,Luz do sol,major,3,3,3
CAETANO,16,Luz do sol,major,4,3,6
CAETANO,16,Luz do sol,major,5,3,3
CAETANO,16,Luz do sol,major,6,4,x
CAETANO,16,Luz do sol,major,7,5,5
CAETANO,16,Luz do sol,major,8,6,3
CAETANO,16,Luz do sol,major,9,5,9
CAETANO,16,Luz do sol,major,10,1,x
CAETANO,16,Luz do sol,major,11,2,6
CAETANO,16,Luz do sol,major,12,5,3
CAETANO,16,Luz do sol,major,13,3,1
CAETANO,16,Luz do sol,major,14,5,3
CAETANO,16,Luz do sol,major,15,7,9
CAETANO,16,Luz do sol,major,16,6,1
CAETANO,16,Luz do sol,major,17,1,3
CAETANO,16,Luz do sol,major,18,#6/b7,9
CAETANO,16,Luz do sol,major,19,#5/b6,1
CAETANO,16,Luz do sol,major,20,#2/b3,5
CAETANO,16,Luz do sol,major,21,1,3
CAETANO,16,Luz do sol,major,22,#6/b7,9
CAETANO,16,Luz do sol,major,23,#5/b6,1
CAETANO,16,Luz do sol,major,24,5,7
CAETANO,16,Luz do sol,major,25,5,5
CAETANO,16,Luz do sol,major,26,1,5
CAETANO,16,Luz do sol,major,27,6,3
CAETANO,16,Luz do sol,major,28,1,3
CAETANO,16,Luz do sol,major,29,2,6
CAETANO,16,Luz do sol,major,30,4,1
CAETANO,16,Luz do sol,major,31,3,3
CAETANO,16,Luz do sol,major,32,1,1
CAETANO,16,Luz do sol,major,33,1,5
CAETANO,16,Luz do sol,major,34,6,3
CAETANO,16,Luz do sol,major,35,1,5
CAETANO,16,Luz do sol,major,36,2,6
CAETANO,16,Luz do sol,major,37,4,1
CAETANO,16,Luz do sol,major,38,3,11
CAETANO,16,Luz do sol,major,39,1,x
CAETANO,16,Luz do sol,major,40,3,11
CAETANO,16,Luz do sol,major,41,4,x
CAETANO,16,Luz do sol,major,42,3,11
CAETANO,16,Luz do sol,major,43,4,x
CAETANO,16,Luz do sol,major,44,3,11
CAETANO,16,Luz do sol,major,45,4,x
CAETANO,16,Luz do sol,major,46,3,#11
CAETANO,16,Luz do sol,major,47,4,x
CAETANO,16,Luz do sol,major,48,3,#11
CAETANO,16,Luz do sol,major,49,4,x
CAETANO,16,Luz do sol,major,50,3,#11
CAETANO,16,Luz do sol,major,51,4,x
CAETANO,16,Luz do sol,major,52,3,#11
CAETANO,16,Luz do sol,major,53,3,5
CAETANO,16,Luz do sol,major,54,4,x
CAETANO,16,Luz do sol,major,55,3,5
CAETANO,16,Luz do sol,major,56,4,x
CAETANO,16,Luz do sol,major,57,3,5
CAETANO,16,Luz do sol,major,58,1,3
CAETANO,16,Luz do sol,major,59,5,11
CAETANO,16,Luz do sol,major,60,6,x
CAETANO,16,Luz do sol,major,61,5,11
CAETANO,16,Luz do sol,major,62,6,x
CAETANO,16,Luz do sol,major,63,5,11
CAETANO,16,Luz do sol,major,64,6,x
CAETANO,16,Luz do sol,major,65,5,1
CAETANO,16,Luz do sol,major,66,6,x
CAETANO,16,Luz do sol,major,67,5,1
CAETANO,16,Luz do sol,major,68,6,x
CAETANO,16,Luz do sol,major,69,5,1
CAETANO,16,Luz do sol,major,70,6,x
CAETANO,16,Luz do sol,major,71,5,5
CAETANO,16,Luz do sol,major,72,6,x
CAETANO,16,Luz do sol,major,73,5,5
CAETANO,16,Luz do sol,major,74,6,x
CAETANO,16,Luz do sol,major,75,5,5
CAETANO,16,Luz do sol,major,76,6,x
CAETANO,16,Luz do sol,major,77,5,5
CAETANO,16,Luz do sol,major,78,3,3
CAETANO,16,Luz do sol,major,79,7,11
CAETANO,16,Luz do sol,major,80,1,x
CAETANO,16,Luz do sol,major,81,7,11
CAETANO,16,Luz do sol,major,82,1,x
CAETANO,16,Luz do sol,major,83,7,11
CAETANO,16,Luz do sol,major,84,1,x
CAETANO,16,Luz do sol,major,85,7,#11
CAETANO,16,Luz do sol,major,86,1,x
CAETANO,16,Luz do sol,major,87,7,#11
CAETANO,16,Luz do sol,major,88,1,x
CAETANO,16,Luz do sol,major,89,7,#11
CAETANO,16,Luz do sol,major,90,1,x
CAETANO,16,Luz do sol,major,91,7,5
CAETANO,16,Luz do sol,major,92,1,x
CAETANO,16,Luz do sol,major,93,7,5
CAETANO,16,Luz do sol,major,94,1,x
CAETANO,16,Luz do sol,major,95,7,5
CAETANO,16,Luz do sol,major,96,1,x
CAETANO,16,Luz do sol,major,97,7,9
CAETANO,16,Luz do sol,major,98,5,7
CAETANO,16,Luz do sol,major,99,7,9
CAETANO,16,Luz do sol,major,100,2,1
CAETANO,16,Luz do sol,major,101,6,5
CAETANO,16,Luz do sol,major,102,7,13
CAETANO,16,Luz do sol,major,103,1,7
CAETANO,16,Luz do sol,major,104,4,7
CAETANO,16,Luz do sol,major,105,1,x
CAETANO,16,Luz do sol,major,106,7,7
CAETANO,16,Luz do sol,major,107,3,3
CAETANO,16,Luz do sol,major,108,3,6
CAETANO,16,Luz do sol,major,109,3,3
CAETANO,16,Luz do sol,major,110,4,x
CAETANO,16,Luz do sol,major,111,5,5
CAETANO,16,Luz do sol,major,112,6,3
CAETANO,16,Luz do sol,major,113,5,9
CAETANO,16,Luz do sol,major,114,1,5
CAETANO,16,Luz do sol,major,115,2,6
CAETANO,16,Luz do sol,major,116,5,3
CAETANO,16,Luz do sol,major,117,3,1
CAETANO,16,Luz do sol,major,118,5,3
CAETANO,16,Luz do sol,major,119,7,9
CAETANO,16,Luz do sol,major,120,6,1
CAETANO,16,Luz do sol,major,121,1,3
CAETANO,16,Luz do sol,major,122,#6/b7,9
CAETANO,16,Luz do sol,major,123,#5/b6,1
CAETANO,16,Luz do sol,major,124,#2/b3,5
CAETANO,16,Luz do sol,major,125,1,3
CAETANO,16,Luz do sol,major,126,#6/b7,9
CAETANO,16,Luz do sol,major,127,#5/b6,1
CAETANO,16,Luz do sol,major,128,5,7
CAETANO,16,Luz do sol,major,129,5,5
CAETANO,17,Dom de iludir,major,1,3,3
CAETANO,17,Dom de iludir,major,2,4,x
CAETANO,17,Dom de iludir,major,3,5,5
CAETANO,17,Dom de iludir,major,4,3,3
CAETANO,17,Dom de iludir,major,5,4,x
CAETANO,17,Dom de iludir,major,6,5,5
CAETANO,17,Dom de iludir,major,7,4,x
CAETANO,17,Dom de iludir,major,8,5,5
CAETANO,17,Dom de iludir,major,9,#5/b6,7
CAETANO,17,Dom de iludir,major,10,4,5
CAETANO,17,Dom de iludir,major,11,5,x
CAETANO,17,Dom de iludir,major,12,#5/b6,x
CAETANO,17,Dom de iludir,major,13,5,3
CAETANO,17,Dom de iludir,major,14,4,x
CAETANO,17,Dom de iludir,major,15,7,7
CAETANO,17,Dom de iludir,major,16,7,5
CAETANO,17,Dom de iludir,major,17,4,7
CAETANO,17,Dom de iludir,major,18,5,x
CAETANO,17,Dom de iludir,major,19,6,5
CAETANO,17,Dom de iludir,major,20,4,3
CAETANO,17,Dom de iludir,major,21,5,x
CAETANO,17,Dom de iludir,major,22,6,5
CAETANO,17,Dom de iludir,major,23,3,5
CAETANO,17,Dom de iludir,major,24,1,3
CAETANO,17,Dom de iludir,major,25,2,x
CAETANO,17,Dom de iludir,major,26,3,9
CAETANO,17,Dom de iludir,major,27,2,x
CAETANO,17,Dom de iludir,major,28,1,7
CAETANO,17,Dom de iludir,major,29,2,1
CAETANO,17,Dom de iludir,major,30,2,5
CAETANO,17,Dom de iludir,major,31,3,x
CAETANO,17,Dom de iludir,major,32,4,3
CAETANO,17,Dom de iludir,major,33,5,5
CAETANO,17,Dom de iludir,major,34,3,3
CAETANO,17,Dom de iludir,major,35,4,x
CAETANO,17,Dom de iludir,major,36,5,5
CAETANO,17,Dom de iludir,major,37,4,x
CAETANO,17,Dom de iludir,major,38,5,5
CAETANO,17,Dom de iludir,major,39,1,7
CAETANO,17,Dom de iludir,major,40,6,5
CAETANO,17,Dom de iludir,major,41,7,x
CAETANO,17,Dom de iludir,major,42,1,3
CAETANO,17,Dom de iludir,major,43,7,x
CAETANO,17,Dom de iludir,major,44,6,9
CAETANO,17,Dom de iludir,major,45,7,7
CAETANO,17,Dom de iludir,major,46,7,9
CAETANO,17,Dom de iludir,major,47,1,b9/#9
CAETANO,17,Dom de iludir,major,48,2,x
CAETANO,17,Dom de iludir,major,49,3,9
CAETANO,17,Dom de iludir,major,50,1,7
CAETANO,17,Dom de iludir,major,51,2,x
CAETANO,17,Dom de iludir,major,52,3,9
CAETANO,17,Dom de iludir,major,53,1,7
CAETANO,17,Dom de iludir,major,54,2,x
CAETANO,17,Dom de iludir,major,55,3,13
CAETANO,17,Dom de iludir,major,56,1,3
CAETANO,17,Dom de iludir,major,57,2,x
CAETANO,17,Dom de iludir,major,58,3,13
CAETANO,17,Dom de iludir,major,59,1,3
CAETANO,17,Dom de iludir,major,60,2,x
CAETANO,17,Dom de iludir,major,61,1,3
CAETANO,17,Dom de iludir,major,62,1,1
CAETANO,18,Lua lua lua lua,major,1,1,1
CAETANO,18,Lua lua lua lua,major,2,2,9
CAETANO,18,Lua lua lua lua,major,3,7,x
CAETANO,18,Lua lua lua lua,major,4,1,1
CAETANO,18,Lua lua lua lua,major,5,6,x
CAETANO,18,Lua lua lua lua,major,6,7,7
CAETANO,18,Lua lua lua lua,major,7,5,5
CAETANO,18,Lua lua lua lua,major,8,6,7
CAETANO,18,Lua lua lua lua,major,9,5,11
CAETANO,18,Lua lua lua lua,major,10,4,3
CAETANO,18,Lua lua lua lua,major,11,3,x
CAETANO,18,Lua lua lua lua,major,12,4,3
CAETANO,18,Lua lua lua lua,major,13,5,11
CAETANO,18,Lua lua lua lua,major,14,6,x
CAETANO,18,Lua lua lua lua,major,15,7,3
CAETANO,18,Lua lua lua lua,major,16,1,x
CAETANO,18,Lua lua lua lua,major,17,6,x
CAETANO,18,Lua lua lua lua,major,18,7,3
CAETANO,18,Lua lua lua lua,major,19,6,x
CAETANO,18,Lua lua lua lua,major,20,5,5
CAETANO,18,Lua lua lua lua,major,21,4,7
CAETANO,18,Lua lua lua lua,major,22,2,x
CAETANO,18,Lua lua lua lua,major,23,3,3
CAETANO,18,Lua lua lua lua,major,24,5,11
CAETANO,18,Lua lua lua lua,major,25,4,3
CAETANO,18,Lua lua lua lua,major,26,3,x
CAETANO,18,Lua lua lua lua,major,27,4,3
CAETANO,18,Lua lua lua lua,major,28,5,11
CAETANO,18,Lua lua lua lua,major,29,6,9
CAETANO,18,Lua lua lua lua,major,30,7,x
CAETANO,18,Lua lua lua lua,major,31,1,x
CAETANO,18,Lua lua lua lua,major,32,2,5
CAETANO,18,Lua lua lua lua,major,33,3,x
CAETANO,18,Lua lua lua lua,major,34,2,5
CAETANO,18,Lua lua lua lua,major,35,1,x
CAETANO,18,Lua lua lua lua,major,36,7,7
CAETANO,18,Lua lua lua lua,major,37,1,1
CAETANO,18,Lua lua lua lua,major,38,2,x
CAETANO,18,Lua lua lua lua,major,39,1,5
CAETANO,18,Lua lua lua lua,major,40,1,x
CAETANO,18,Lua lua lua lua,major,41,2,9
CAETANO,18,Lua lua lua lua,major,42,7,x
CAETANO,18,Lua lua lua lua,major,43,1,1
CAETANO,18,Lua lua lua lua,major,44,6,x
CAETANO,18,Lua lua lua lua,major,45,7,7
CAETANO,18,Lua lua lua lua,major,46,5,5
CAETANO,18,Lua lua lua lua,major,47,6,7
CAETANO,18,Lua lua lua lua,major,48,5,11
CAETANO,18,Lua lua lua lua,major,49,4,3
CAETANO,18,Lua lua lua lua,major,50,3,x
CAETANO,18,Lua lua lua lua,major,51,4,3
CAETANO,18,Lua lua lua lua,major,52,5,11
CAETANO,18,Lua lua lua lua,major,53,6,x
CAETANO,18,Lua lua lua lua,major,54,7,x
CAETANO,18,Lua lua lua lua,major,55,1,7
CAETANO,18,Lua lua lua lua,major,56,2,5
CAETANO,18,Lua lua lua lua,major,57,3,x
CAETANO,18,Lua lua lua lua,major,58,2,5
CAETANO,18,Lua lua lua lua,major,59,1,x
CAETANO,18,Lua lua lua lua,major,60,7,3
CAETANO,18,Lua lua lua lua,major,61,6,9
CAETANO,18,Lua lua lua lua,major,62,1,x
CAETANO,18,Lua lua lua lua,major,63,2,9
CAETANO,18,Lua lua lua lua,major,64,7,x
CAETANO,18,Lua lua lua lua,major,65,1,1
CAETANO,18,Lua lua lua lua,major,66,6,x
CAETANO,18,Lua lua lua lua,major,67,7,7
CAETANO,18,Lua lua lua lua,major,68,5,x
CAETANO,18,Lua lua lua lua,major,69,#4/b5,5
CAETANO,18,Lua lua lua lua,major,70,7,14
CAETANO,18,Lua lua lua lua,major,71,6,5
CAETANO,18,Lua lua lua lua,major,72,5,1
CAETANO,18,Lua lua lua lua,major,73,1,x
CAETANO,18,Lua lua lua lua,major,74,2,9
CAETANO,18,Lua lua lua lua,major,75,7,x
CAETANO,18,Lua lua lua lua,major,76,1,1
CAETANO,18,Lua lua lua lua,major,77,6,x
CAETANO,18,Lua lua lua lua,major,78,7,7
CAETANO,18,Lua lua lua lua,major,79,5,5
CAETANO,18,Lua lua lua lua,major,80,6,7
CAETANO,19,Jeito de corpo,major,1,2,3
CAETANO,19,Jeito de corpo,major,2,3,x
CAETANO,19,Jeito de corpo,major,3,4,5
CAETANO,19,Jeito de corpo,major,4,3,5
CAETANO,19,Jeito de corpo,major,5,2,x
CAETANO,19,Jeito de corpo,major,6,1,x
CAETANO,19,Jeito de corpo,major,7,7,1
CAETANO,19,Jeito de corpo,major,8,4,5
CAETANO,19,Jeito de corpo,major,9,3,x
CAETANO,19,Jeito de corpo,major,10,2,7
CAETANO,19,Jeito de corpo,major,11,1,x
CAETANO,19,Jeito de corpo,major,12,7,5
CAETANO,19,Jeito de corpo,major,13,6,5
CAETANO,19,Jeito de corpo,major,14,7,x
CAETANO,19,Jeito de corpo,major,15,1,7
CAETANO,19,Jeito de corpo,major,16,7,3
CAETANO,19,Jeito de corpo,major,17,6,x
CAETANO,19,Jeito de corpo,major,18,5,1
CAETANO,19,Jeito de corpo,major,19,3,3
CAETANO,19,Jeito de corpo,major,20,2,3
CAETANO,19,Jeito de corpo,major,21,3,x
CAETANO,19,Jeito de corpo,major,22,4,5
CAETANO,19,Jeito de corpo,major,23,3,1
CAETANO,19,Jeito de corpo,major,24,2,x
CAETANO,19,Jeito de corpo,major,25,1,x
CAETANO,19,Jeito de corpo,major,26,7,1
CAETANO,19,Jeito de corpo,major,27,4,5
CAETANO,19,Jeito de corpo,major,28,3,x
CAETANO,19,Jeito de corpo,major,29,2,7
CAETANO,19,Jeito de corpo,major,30,1,x
CAETANO,19,Jeito de corpo,major,31,7,5
CAETANO,19,Jeito de corpo,major,32,6,5
CAETANO,19,Jeito de corpo,major,33,7,x
CAETANO,19,Jeito de corpo,major,34,1,7
CAETANO,19,Jeito de corpo,major,35,7,3
CAETANO,19,Jeito de corpo,major,36,6,x
CAETANO,19,Jeito de corpo,major,37,5,1
CAETANO,19,Jeito de corpo,major,38,3,3
CAETANO,19,Jeito de corpo,major,39,6,5
CAETANO,19,Jeito de corpo,major,40,7,x
CAETANO,19,Jeito de corpo,major,41,1,7
CAETANO,19,Jeito de corpo,major,42,7,3
CAETANO,19,Jeito de corpo,major,43,6,x
CAETANO,19,Jeito de corpo,major,44,5,1
CAETANO,19,Jeito de corpo,major,45,3,3
CAETANO,19,Jeito de corpo,major,46,2,3
CAETANO,19,Jeito de corpo,major,47,3,x
CAETANO,19,Jeito de corpo,major,48,4,5
CAETANO,19,Jeito de corpo,major,49,3,1
CAETANO,19,Jeito de corpo,major,50,2,x
CAETANO,19,Jeito de corpo,major,51,1,b13
CAETANO,19,Jeito de corpo,major,52,6,1
CAETANO,19,Jeito de corpo,major,53,2,3
CAETANO,19,Jeito de corpo,major,54,3,x
CAETANO,19,Jeito de corpo,major,55,4,5
CAETANO,19,Jeito de corpo,major,56,3,1
CAETANO,19,Jeito de corpo,major,57,2,x
CAETANO,19,Jeito de corpo,major,58,1,x
CAETANO,19,Jeito de corpo,major,59,7,1
CAETANO,19,Jeito de corpo,major,60,4,5
CAETANO,19,Jeito de corpo,major,61,3,x
CAETANO,19,Jeito de corpo,major,62,2,7
CAETANO,19,Jeito de corpo,major,63,1,x
CAETANO,19,Jeito de corpo,major,64,7,5
CAETANO,19,Jeito de corpo,major,65,6,5
CAETANO,19,Jeito de corpo,major,66,7,x
CAETANO,19,Jeito de corpo,major,67,1,7
CAETANO,19,Jeito de corpo,major,68,7,3
CAETANO,19,Jeito de corpo,major,69,6,x
CAETANO,19,Jeito de corpo,major,70,5,1
CAETANO,19,Jeito de corpo,major,71,3,3
CAETANO,19,Jeito de corpo,major,72,2,3
CAETANO,19,Jeito de corpo,major,73,3,x
CAETANO,19,Jeito de corpo,major,74,4,5
CAETANO,19,Jeito de corpo,major,75,3,1
CAETANO,19,Jeito de corpo,major,76,2,x
CAETANO,19,Jeito de corpo,major,77,1,x
CAETANO,19,Jeito de corpo,major,78,7,1
CAETANO,19,Jeito de corpo,major,79,4,5
CAETANO,19,Jeito de corpo,major,80,3,x
CAETANO,19,Jeito de corpo,major,81,2,7
CAETANO,19,Jeito de corpo,major,82,1,x
CAETANO,19,Jeito de corpo,major,83,7,5
CAETANO,19,Jeito de corpo,major,84,6,5
CAETANO,19,Jeito de corpo,major,85,7,x
CAETANO,19,Jeito de corpo,major,86,1,7
CAETANO,19,Jeito de corpo,major,87,7,3
CAETANO,19,Jeito de corpo,major,88,6,x
CAETANO,19,Jeito de corpo,major,89,5,1
CAETANO,19,Jeito de corpo,major,90,3,3
CAETANO,19,Jeito de corpo,major,91,6,5
CAETANO,19,Jeito de corpo,major,92,7,x
CAETANO,19,Jeito de corpo,major,93,1,7
CAETANO,19,Jeito de corpo,major,94,7,3
CAETANO,19,Jeito de corpo,major,95,6,x
CAETANO,19,Jeito de corpo,major,96,5,1
CAETANO,19,Jeito de corpo,major,97,3,3
CAETANO,19,Jeito de corpo,major,98,2,3
CAETANO,19,Jeito de corpo,major,99,3,x
CAETANO,19,Jeito de corpo,major,100,4,5
CAETANO,19,Jeito de corpo,major,101,3,1
CAETANO,19,Jeito de corpo,major,102,2,x
CAETANO,19,Jeito de corpo,major,103,1,b13
CAETANO,19,Jeito de corpo,major,104,6,1
CAETANO,19,Jeito de corpo,major,105,5,1
CAETANO,19,Jeito de corpo,major,106,6,x
CAETANO,19,Jeito de corpo,major,107,#6/b7,3
CAETANO,19,Jeito de corpo,major,108,6,13
CAETANO,19,Jeito de corpo,major,109,5,x
CAETANO,19,Jeito de corpo,major,110,4,x
CAETANO,19,Jeito de corpo,major,111,3,7
CAETANO,19,Jeito de corpo,major,112,1,5
CAETANO,19,Jeito de corpo,major,113,#2/b3,7
CAETANO,19,Jeito de corpo,major,114,2,x
CAETANO,19,Jeito de corpo,major,115,1,1
CAETANO,19,Jeito de corpo,major,116,#2/b3,x
CAETANO,19,Jeito de corpo,major,117,2,3
CAETANO,19,Jeito de corpo,major,118,1,9
CAETANO,19,Jeito de corpo,major,119,3,1
CAETANO,19,Jeito de corpo,major,120,2,x
CAETANO,19,Jeito de corpo,major,121,1,6
CAETANO,19,Jeito de corpo,major,122,3,5
CAETANO,19,Jeito de corpo,major,123,2,x
CAETANO,19,Jeito de corpo,major,124,1,b9/#9
CAETANO,19,Jeito de corpo,major,125,2,1
CAETANO,19,Jeito de corpo,major,126,6,5
CAETANO,19,Jeito de corpo,major,127,1,7
CAETANO,19,Jeito de corpo,major,128,7,3
CAETANO,19,Jeito de corpo,major,129,2,5
CAETANO,19,Jeito de corpo,major,130,1,1
CAETANO,20,Eclipse oculto,major,1,1,x
CAETANO,20,Eclipse oculto,major,2,1,1
CAETANO,20,Eclipse oculto,major,3,1,5
CAETANO,20,Eclipse oculto,major,4,6,3
CAETANO,20,Eclipse oculto,major,5,6,x
CAETANO,20,Eclipse oculto,major,6,5,5
CAETANO,20,Eclipse oculto,major,7,3,3
CAETANO,20,Eclipse oculto,major,8,1,1
CAETANO,20,Eclipse oculto,major,9,3,3
CAETANO,20,Eclipse oculto,major,10,1,5
CAETANO,20,Eclipse oculto,major,11,6,3
CAETANO,20,Eclipse oculto,major,12,6,x
CAETANO,20,Eclipse oculto,major,13,5,5
CAETANO,20,Eclipse oculto,major,14,1,1
CAETANO,20,Eclipse oculto,major,15,1,11
CAETANO,20,Eclipse oculto,major,16,#6/b7,3
CAETANO,20,Eclipse oculto,major,17,1,x
CAETANO,20,Eclipse oculto,major,18,#6/b7,3
CAETANO,20,Eclipse oculto,major,19,6,5
CAETANO,20,Eclipse oculto,major,20,1,x
CAETANO,20,Eclipse oculto,major,21,4,3
CAETANO,20,Eclipse oculto,major,22,2,1
CAETANO,20,Eclipse oculto,major,23,4,3
CAETANO,20,Eclipse oculto,major,24,5,3
CAETANO,20,Eclipse oculto,major,25,#6/b7,5
CAETANO,20,Eclipse oculto,major,26,6,x
CAETANO,20,Eclipse oculto,major,27,5,3
CAETANO,20,Eclipse oculto,major,28,#4/b5,3
CAETANO,20,Eclipse oculto,major,29,5,x
CAETANO,20,Eclipse oculto,major,30,6,5
CAETANO,20,Eclipse oculto,major,31,#5/b6,5
CAETANO,20,Eclipse oculto,major,32,#6/b7,x
CAETANO,20,Eclipse oculto,major,33,7,7
CAETANO,20,Eclipse oculto,major,34,1,1
CAETANO,20,Eclipse oculto,major,35,3,7
CAETANO,20,Eclipse oculto,major,36,2,x
CAETANO,20,Eclipse oculto,major,37,1,1
CAETANO,20,Eclipse oculto,major,38,6,6
CAETANO,20,Eclipse oculto,major,39,3,7
CAETANO,20,Eclipse oculto,major,40,2,x
CAETANO,20,Eclipse oculto,major,41,1,1
CAETANO,20,Eclipse oculto,major,42,6,x
CAETANO,20,Eclipse oculto,major,43,5,5
CAETANO,20,Eclipse oculto,major,44,6,3
CAETANO,20,Eclipse oculto,major,45,3,7
CAETANO,20,Eclipse oculto,major,46,2,x
CAETANO,20,Eclipse oculto,major,47,1,1
CAETANO,20,Eclipse oculto,major,48,6,6
CAETANO,20,Eclipse oculto,major,49,3,7
CAETANO,20,Eclipse oculto,major,50,2,x
CAETANO,20,Eclipse oculto,major,51,1,1
CAETANO,20,Eclipse oculto,major,52,6,x
CAETANO,20,Eclipse oculto,major,53,5,5
CAETANO,20,Eclipse oculto,major,54,6,3
CAETANO,20,Eclipse oculto,major,55,3,7
CAETANO,20,Eclipse oculto,major,56,2,x
CAETANO,20,Eclipse oculto,major,57,1,1
CAETANO,20,Eclipse oculto,major,58,6,6
CAETANO,20,Eclipse oculto,major,59,5,x
CAETANO,20,Eclipse oculto,major,60,6,6
CAETANO,20,Eclipse oculto,major,61,#5/b6,5
CAETANO,20,Eclipse oculto,major,62,1,1
CAETANO,21,Ele me deu um beijo na boca,minor,1,3,3
CAETANO,21,Ele me deu um beijo na boca,minor,2,5,5
CAETANO,21,Ele me deu um beijo na boca,minor,3,#4/b5,x
CAETANO,21,Ele me deu um beijo na boca,minor,4,4,1
CAETANO,21,Ele me deu um beijo na boca,minor,5,5,9
CAETANO,21,Ele me deu um beijo na boca,minor,6,3,7
CAETANO,21,Ele me deu um beijo na boca,minor,7,2,x
CAETANO,21,Ele me deu um beijo na boca,minor,8,1,5
CAETANO,21,Ele me deu um beijo na boca,minor,9,1,1
CAETANO,21,Ele me deu um beijo na boca,minor,10,3,3
CAETANO,21,Ele me deu um beijo na boca,minor,11,1,1
CAETANO,21,Ele me deu um beijo na boca,minor,12,3,5
CAETANO,21,Ele me deu um beijo na boca,minor,13,1,3
CAETANO,21,Ele me deu um beijo na boca,minor,14,3,5
CAETANO,21,Ele me deu um beijo na boca,minor,15,1,3
CAETANO,21,Ele me deu um beijo na boca,minor,16,3,5
CAETANO,21,Ele me deu um beijo na boca,minor,17,1,3
CAETANO,21,Ele me deu um beijo na boca,minor,18,1,3
CAETANO,21,Ele me deu um beijo na boca,minor,19,3,5
CAETANO,21,Ele me deu um beijo na boca,minor,20,1,3
CAETANO,21,Ele me deu um beijo na boca,minor,21,5,9
CAETANO,21,Ele me deu um beijo na boca,minor,22,1,5
CAETANO,21,Ele me deu um beijo na boca,minor,23,5,5
CAETANO,21,Ele me deu um beijo na boca,minor,24,4,1
CAETANO,21,Ele me deu um beijo na boca,minor,25,3,x
CAETANO,21,Ele me deu um beijo na boca,minor,26,4,1
CAETANO,21,Ele me deu um beijo na boca,minor,27,5,9
CAETANO,21,Ele me deu um beijo na boca,minor,28,3,7
CAETANO,21,Ele me deu um beijo na boca,minor,29,1,1
CAETANO,21,Ele me deu um beijo na boca,minor,30,1,1
CAETANO,21,Ele me deu um beijo na boca,minor,31,3,3
CAETANO,21,Ele me deu um beijo na boca,minor,32,1,1
CAETANO,21,Ele me deu um beijo na boca,minor,33,3,5
CAETANO,21,Ele me deu um beijo na boca,minor,34,1,3
CAETANO,21,Ele me deu um beijo na boca,minor,35,3,5
CAETANO,21,Ele me deu um beijo na boca,minor,36,1,3
CAETANO,21,Ele me deu um beijo na boca,minor,37,1,3
CAETANO,21,Ele me deu um beijo na boca,minor,38,5,7
CAETANO,21,Ele me deu um beijo na boca,minor,39,1,5
CAETANO,21,Ele me deu um beijo na boca,minor,40,4,1
CAETANO,21,Ele me deu um beijo na boca,minor,41,5,9
CAETANO,21,Ele me deu um beijo na boca,minor,42,3,7
CAETANO,21,Ele me deu um beijo na boca,minor,43,1,1
CAETANO,21,Ele me deu um beijo na boca,minor,44,5,5
CAETANO,21,Ele me deu um beijo na boca,minor,45,1,1
CAETANO,21,Ele me deu um beijo na boca,minor,46,5,5
CAETANO,21,Ele me deu um beijo na boca,minor,47,b7,11
CAETANO,21,Ele me deu um beijo na boca,minor,48,5,9
CAETANO,21,Ele me deu um beijo na boca,minor,49,b7,1
CAETANO,21,Ele me deu um beijo na boca,minor,50,1,9
CAETANO,21,Ele me deu um beijo na boca,minor,51,5,3
CAETANO,21,Ele me deu um beijo na boca,minor,52,3,1
CAETANO,22,Esse cara,major,1,1,1
CAETANO,22,Esse cara,major,2,3,3
CAETANO,22,Esse cara,major,3,4,x
CAETANO,22,Esse cara,major,4,5,5
CAETANO,22,Esse cara,major,5,6,x
CAETANO,22,Esse cara,major,6,7,1
CAETANO,22,Esse cara,major,7,3,1
CAETANO,22,Esse cara,major,8,4,x
CAETANO,22,Esse cara,major,9,5,b9/#9
CAETANO,22,Esse cara,major,10,6,1
CAETANO,22,Esse cara,major,11,3,5
CAETANO,22,Esse cara,major,12,6,9
CAETANO,22,Esse cara,major,13,5,1
CAETANO,22,Esse cara,major,14,4,x
CAETANO,22,Esse cara,major,15,3,3
CAETANO,22,Esse cara,major,16,2,x
CAETANO,22,Esse cara,major,17,1,5
CAETANO,22,Esse cara,major,18,#2/b3,11
CAETANO,22,Esse cara,major,19,1,9
CAETANO,22,Esse cara,major,20,#6/b7,1
CAETANO,22,Esse cara,major,21,6,x
CAETANO,22,Esse cara,major,22,5,3
CAETANO,22,Esse cara,major,23,4,x
CAETANO,22,Esse cara,major,24,#2/b3,5
CAETANO,22,Esse cara,major,25,2,11
CAETANO,22,Esse cara,major,26,1,3
CAETANO,22,Esse cara,major,27,7,13
CAETANO,22,Esse cara,major,28,6,x
CAETANO,22,Esse cara,major,29,7,13
CAETANO,22,Esse cara,major,30,5,11
CAETANO,22,Esse cara,major,31,5,1
CAETANO,22,Esse cara,major,32,6,x
CAETANO,22,Esse cara,major,33,#6/b7,3
CAETANO,22,Esse cara,major,34,6,9
CAETANO,22,Esse cara,major,35,1,x
CAETANO,22,Esse cara,major,36,#6/b7,3
CAETANO,22,Esse cara,major,37,6,x
CAETANO,22,Esse cara,major,38,5,5
CAETANO,22,Esse cara,major,39,4,x
CAETANO,22,Esse cara,major,40,5,5
CAETANO,22,Esse cara,major,41,6,3
CAETANO,22,Esse cara,major,42,4,1
CAETANO,22,Esse cara,major,43,5,x
CAETANO,22,Esse cara,major,44,#5/b6,3
CAETANO,22,Esse cara,major,45,5,x
CAETANO,22,Esse cara,major,46,4,1
CAETANO,22,Esse cara,major,47,1,9
CAETANO,22,Esse cara,major,48,#6/b7,x
CAETANO,22,Esse cara,major,49,#5/b6,7
CAETANO,22,Esse cara,major,50,5,3
CAETANO,22,Esse cara,major,51,#2/b3,1
CAETANO,22,Esse cara,major,52,4,x
CAETANO,22,Esse cara,major,53,5,3
CAETANO,22,Esse cara,major,54,3,1
CAETANO,22,Esse cara,major,55,5,3
CAETANO,22,Esse cara,major,56,#6/b7,b9/#9
CAETANO,22,Esse cara,major,57,6,x
CAETANO,22,Esse cara,major,58,5,7
CAETANO,22,Esse cara,major,59,4,3
CAETANO,22,Esse cara,major,60,1,1
CAETANO,22,Esse cara,major,61,2,x
CAETANO,22,Esse cara,major,62,3,3
CAETANO,22,Esse cara,major,63,2,x
CAETANO,22,Esse cara,major,64,1,1
CAETANO,22,Esse cara,major,65,2,x
CAETANO,22,Esse cara,major,66,3,3
CAETANO,22,Esse cara,major,67,2,x
CAETANO,22,Esse cara,major,68,1,1
CAETANO,22,Esse cara,major,69,2,x
CAETANO,22,Esse cara,major,70,5,11
CAETANO,22,Esse cara,major,71,5,1
CAETANO,22,Esse cara,major,72,4,x
CAETANO,22,Esse cara,major,73,5,1
CAETANO,22,Esse cara,major,74,3,3
CAETANO,22,Esse cara,major,75,5,1
CAETANO,22,Esse cara,major,76,4,x
CAETANO,22,Esse cara,major,77,5,1
CAETANO,22,Esse cara,major,78,3,3
CAETANO,22,Esse cara,major,79,2,1
CAETANO,22,Esse cara,major,80,3,x
CAETANO,22,Esse cara,major,81,4,3
CAETANO,22,Esse cara,major,82,5,1
CAETANO,22,Esse cara,major,83,6,x
CAETANO,22,Esse cara,major,84,7,3
CAETANO,22,Esse cara,major,85,2,9
CAETANO,22,Esse cara,major,86,#1/b2,x
CAETANO,22,Esse cara,major,87,1,1
CAETANO,23,Gema,major,1,3,3
CAETANO,23,Gema,major,2,5,5
CAETANO,23,Gema,major,3,1,1
CAETANO,23,Gema,major,4,6,6
CAETANO,23,Gema,major,5,1,1
CAETANO,23,Gema,major,6,6,6
CAETANO,23,Gema,major,7,5,5
CAETANO,23,Gema,major,8,5,11
CAETANO,23,Gema,major,9,3,9
CAETANO,23,Gema,major,10,2,1
CAETANO,23,Gema,major,11,1,7
CAETANO,23,Gema,major,12,6,5
CAETANO,23,Gema,major,13,5,11
CAETANO,23,Gema,major,14,5,1
CAETANO,23,Gema,major,15,4,x
CAETANO,23,Gema,major,16,3,5
CAETANO,23,Gema,major,17,4,13
CAETANO,23,Gema,major,18,3,5
CAETANO,23,Gema,major,19,1,3
CAETANO,23,Gema,major,20,6,1
CAETANO,23,Gema,major,21,3,5
CAETANO,23,Gema,major,22,5,7
CAETANO,23,Gema,major,23,6,5
CAETANO,23,Gema,major,24,6,9
CAETANO,23,Gema,major,25,3,3
CAETANO,23,Gema,major,26,1,1
CAETANO,23,Gema,major,27,3,3
CAETANO,23,Gema,major,28,6,3
CAETANO,23,Gema,major,29,6,7
CAETANO,23,Gema,major,30,5,11
CAETANO,23,Gema,major,31,5,1
CAETANO,23,Gema,major,32,3,13
CAETANO,23,Gema,major,33,5,1
CAETANO,23,Gema,major,34,1,1
CAETANO,23,Gema,major,35,6,6
CAETANO,23,Gema,major,36,1,1
CAETANO,23,Gema,major,37,6,6
CAETANO,23,Gema,major,38,5,5
CAETANO,23,Gema,major,39,5,11
CAETANO,23,Gema,major,40,3,9
CAETANO,23,Gema,major,41,2,1
CAETANO,23,Gema,major,42,1,7
CAETANO,23,Gema,major,43,6,5
CAETANO,23,Gema,major,44,5,11
CAETANO,23,Gema,major,45,5,1
CAETANO,23,Gema,major,46,3,x
CAETANO,23,Gema,major,47,2,5
CAETANO,23,Gema,major,48,3,13
CAETANO,23,Gema,major,49,2,5
CAETANO,23,Gema,major,50,1,3
CAETANO,23,Gema,major,51,6,1
CAETANO,24,Gente,major,1,3,3
CAETANO,24,Gente,major,2,2,x
CAETANO,24,Gente,major,3,1,1
CAETANO,24,Gente,major,4,6,6
CAETANO,24,Gente,major,5,5,5
CAETANO,24,Gente,major,6,3,3
CAETANO,24,Gente,major,7,2,x
CAETANO,24,Gente,major,8,1,1
CAETANO,24,Gente,major,9,6,x
CAETANO,24,Gente,major,10,5,5
CAETANO,24,Gente,major,11,3,3
CAETANO,24,Gente,major,12,3,1
CAETANO,24,Gente,major,13,2,11
CAETANO,24,Gente,major,14,1,3
CAETANO,24,Gente,major,15,6,1
CAETANO,24,Gente,major,16,5,7
CAETANO,24,Gente,major,17,3,5
CAETANO,24,Gente,major,18,2,11
CAETANO,24,Gente,major,19,1,3
CAETANO,24,Gente,major,20,6,1
CAETANO,24,Gente,major,21,5,7
CAETANO,24,Gente,major,22,3,5
CAETANO,24,Gente,major,23,2,5
CAETANO,24,Gente,major,24,2,9
CAETANO,24,Gente,major,25,2,#11
CAETANO,24,Gente,major,26,1,3
CAETANO,24,Gente,major,27,#5/b6,1
CAETANO,24,Gente,major,28,4,x
CAETANO,24,Gente,major,29,#2/b3,5
CAETANO,24,Gente,major,30,2,#11
CAETANO,24,Gente,major,31,1,3
CAETANO,24,Gente,major,32,#5/b6,1
CAETANO,24,Gente,major,33,4,x
CAETANO,24,Gente,major,34,#2/b3,5
CAETANO,24,Gente,major,35,2,9
CAETANO,24,Gente,major,36,1,1
CAETANO,24,Gente,major,37,5,5
CAETANO,24,Gente,major,38,2,#11
CAETANO,24,Gente,major,39,1,3
CAETANO,24,Gente,major,40,#5/b6,1
CAETANO,24,Gente,major,41,4,x
CAETANO,24,Gente,major,42,#2/b3,5
CAETANO,24,Gente,major,43,2,#11
CAETANO,24,Gente,major,44,1,3
CAETANO,24,Gente,major,45,#5/b6,1
CAETANO,24,Gente,major,46,4,x
CAETANO,24,Gente,major,47,#2/b3,5
CAETANO,24,Gente,major,48,2,5
CAETANO,24,Gente,major,49,3,13
CAETANO,24,Gente,major,50,2,x
CAETANO,24,Gente,major,51,1,1
CAETANO,24,Gente,major,52,3,3
CAETANO,24,Gente,major,53,2,9
CAETANO,24,Gente,major,54,1,1
CAETANO,24,Gente,major,55,3,3
CAETANO,24,Gente,major,56,2,9
CAETANO,24,Gente,major,57,1,1
CAETANO,24,Gente,major,58,3,3
CAETANO,24,Gente,major,59,2,9
CAETANO,24,Gente,major,60,1,1
CAETANO,24,Gente,major,61,3,3
CAETANO,24,Gente,major,62,2,6
CAETANO,24,Gente,major,63,1,5
CAETANO,24,Gente,major,64,3,7
CAETANO,24,Gente,major,65,2,x
CAETANO,24,Gente,major,66,1,5
CAETANO,24,Gente,major,67,2,x
CAETANO,24,Gente,major,68,#2/b3,7
CAETANO,24,Gente,major,69,3,3
CAETANO,24,Gente,major,70,2,x
CAETANO,24,Gente,major,71,1,1
CAETANO,24,Gente,major,72,6,6
CAETANO,24,Gente,major,73,5,5
CAETANO,24,Gente,major,74,2,#11
CAETANO,24,Gente,major,75,1,3
CAETANO,24,Gente,major,76,#5/b6,1
CAETANO,24,Gente,major,77,4,x
CAETANO,24,Gente,major,78,#2/b3,5
CAETANO,24,Gente,major,79,2,x
CAETANO,24,Gente,major,80,1,1
CAETANO,25,Irene,major,1,1,1
CAETANO,25,Irene,major,2,2,x
CAETANO,25,Irene,major,3,1,1
CAETANO,25,Irene,major,4,7,3
CAETANO,25,Irene,major,5,6,x
CAETANO,25,Irene,major,6,5,1
CAETANO,25,Irene,major,7,3,13
CAETANO,25,Irene,major,8,2,5
CAETANO,25,Irene,major,9,1,1
CAETANO,25,Irene,major,10,4,1
CAETANO,25,Irene,major,11,3,x
CAETANO,25,Irene,major,12,2,6
CAETANO,25,Irene,major,13,2,5
CAETANO,25,Irene,major,14,7,3
CAETANO,25,Irene,major,15,5,9
CAETANO,25,Irene,major,16,4,1
CAETANO,25,Irene,major,17,3,7
CAETANO,25,Irene,major,18,2,3
CAETANO,25,Irene,major,19,6,3
CAETANO,25,Irene,major,20,5,x
CAETANO,25,Irene,major,21,4,7
CAETANO,25,Irene,major,22,3,x
CAETANO,25,Irene,major,23,2,5
CAETANO,25,Irene,major,24,3,13
CAETANO,25,Irene,major,25,2,x
CAETANO,25,Irene,major,26,1,1
CAETANO,25,Irene,major,27,1,1
CAETANO,25,Irene,major,28,2,x
CAETANO,25,Irene,major,29,1,1
CAETANO,25,Irene,major,30,7,7
CAETANO,25,Irene,major,31,2,5
CAETANO,25,Irene,major,32,4,7
CAETANO,25,Irene,major,33,3,x
CAETANO,25,Irene,major,34,2,5
CAETANO,25,Irene,major,35,4,1
CAETANO,25,Irene,major,36,6,3
CAETANO,25,Irene,major,37,5,1
CAETANO,25,Irene,major,38,2,6
CAETANO,25,Irene,major,39,4,1
CAETANO,25,Irene,major,40,3,x
CAETANO,25,Irene,major,41,2,6
CAETANO,25,Irene,major,42,4,7
CAETANO,25,Irene,major,43,6,9
CAETANO,25,Irene,major,44,5,x
CAETANO,25,Irene,major,45,4,7
CAETANO,25,Irene,major,46,6,3
CAETANO,25,Irene,major,47,1,5
CAETANO,25,Irene,major,48,7,3
CAETANO,25,Irene,major,49,6,3
CAETANO,25,Irene,major,50,5,9
CAETANO,25,Irene,major,51,4,7
CAETANO,25,Irene,major,52,3,x
CAETANO,25,Irene,major,53,2,5
CAETANO,25,Irene,major,54,3,13
CAETANO,25,Irene,major,55,2,x
CAETANO,25,Irene,major,56,1,1
CAETANO,26,London London,major,1,3,3
CAETANO,26,London London,major,2,5,5
CAETANO,26,London London,major,3,4,x
CAETANO,26,London London,major,4,3,13
CAETANO,26,London London,major,5,2,5
CAETANO,26,London London,major,6,4,7
CAETANO,26,London London,major,7,3,13
CAETANO,26,London London,major,8,1,1
CAETANO,26,London London,major,9,1,5
CAETANO,26,London London,major,10,7,3
CAETANO,26,London London,major,11,6,9
CAETANO,26,London London,major,12,1,x
CAETANO,26,London London,major,13,7,3
CAETANO,26,London London,major,14,5,5
CAETANO,26,London London,major,15,1,1
CAETANO,26,London London,major,16,1,5
CAETANO,26,London London,major,17,7,3
CAETANO,26,London London,major,18,6,9
CAETANO,26,London London,major,19,1,x
CAETANO,26,London London,major,20,7,3
CAETANO,26,London London,major,21,5,3
CAETANO,26,London London,major,22,4,x
CAETANO,26,London London,major,23,3,5
CAETANO,26,London London,major,24,2,1
CAETANO,26,London London,major,25,1,x
CAETANO,26,London London,major,26,7,3
CAETANO,26,London London,major,27,3,13
CAETANO,26,London London,major,28,2,x
CAETANO,26,London London,major,29,1,1
CAETANO,26,London London,major,30,5,5
CAETANO,26,London London,major,31,6,3
CAETANO,26,London London,major,32,2,6
CAETANO,26,London London,major,33,4,x
CAETANO,26,London London,major,34,3,13
CAETANO,26,London London,major,35,2,5
CAETANO,26,London London,major,36,4,7
CAETANO,26,London London,major,37,3,13
CAETANO,26,London London,major,38,2,x
CAETANO,26,London London,major,39,1,5
CAETANO,26,London London,major,40,3,13
CAETANO,26,London London,major,41,1,1
CAETANO,27,Milagres do povo,major,1,3,3
CAETANO,27,Milagres do povo,major,2,4,x
CAETANO,27,Milagres do povo,major,3,5,5
CAETANO,27,Milagres do povo,major,4,5,1
CAETANO,27,Milagres do povo,major,5,4,7
CAETANO,27,Milagres do povo,major,6,3,x
CAETANO,27,Milagres do povo,major,7,4,7
CAETANO,27,Milagres do povo,major,8,3,x
CAETANO,27,Milagres do povo,major,9,4,7
CAETANO,27,Milagres do povo,major,10,5,x
CAETANO,27,Milagres do povo,major,11,6,5
CAETANO,27,Milagres do povo,major,12,5,x
CAETANO,27,Milagres do povo,major,13,4,3
CAETANO,27,Milagres do povo,major,14,2,1
CAETANO,27,Milagres do povo,major,15,6,5
CAETANO,27,Milagres do povo,major,16,1,3
CAETANO,27,Milagres do povo,major,17,7,x
CAETANO,27,Milagres do povo,major,18,6,1
CAETANO,27,Milagres do povo,major,19,3,5
CAETANO,27,Milagres do povo,major,20,6,1
CAETANO,27,Milagres do povo,major,21,6,7
CAETANO,27,Milagres do povo,major,22,5,x
CAETANO,27,Milagres do povo,major,23,4,5
CAETANO,27,Milagres do povo,major,24,2,3
CAETANO,27,Milagres do povo,major,25,3,#11
CAETANO,27,Milagres do povo,major,26,4,x
CAETANO,27,Milagres do povo,major,27,5,5
CAETANO,27,Milagres do povo,major,28,5,1
CAETANO,27,Milagres do povo,major,29,4,7
CAETANO,27,Milagres do povo,major,30,3,x
CAETANO,27,Milagres do povo,major,31,4,7
CAETANO,27,Milagres do povo,major,32,6,9
CAETANO,27,Milagres do povo,major,33,6,5
CAETANO,27,Milagres do povo,major,34,5,x
CAETANO,27,Milagres do povo,major,35,4,3
CAETANO,27,Milagres do povo,major,36,2,1
CAETANO,27,Milagres do povo,major,37,7,x
CAETANO,27,Milagres do povo,major,38,1,3
CAETANO,27,Milagres do povo,major,39,7,x
CAETANO,27,Milagres do povo,major,40,6,1
CAETANO,27,Milagres do povo,major,41,3,5
CAETANO,27,Milagres do povo,major,42,6,1
CAETANO,27,Milagres do povo,major,43,6,7
CAETANO,27,Milagres do povo,major,44,5,x
CAETANO,27,Milagres do povo,major,45,4,5
CAETANO,27,Milagres do povo,major,46,3,x
CAETANO,27,Milagres do povo,major,47,2,3
CAETANO,27,Milagres do povo,major,48,1,1
CAETANO,27,Milagres do povo,major,49,2,x
CAETANO,27,Milagres do povo,major,50,1,1
CAETANO,27,Milagres do povo,major,51,2,x
CAETANO,27,Milagres do povo,major,52,1,1
CAETANO,27,Milagres do povo,major,53,6,9
CAETANO,27,Milagres do povo,major,54,5,x
CAETANO,27,Milagres do povo,major,55,6,9
CAETANO,27,Milagres do povo,major,56,5,x
CAETANO,27,Milagres do povo,major,57,6,13
CAETANO,27,Milagres do povo,major,58,5,5
CAETANO,27,Milagres do povo,major,59,1,1
CAETANO,27,Milagres do povo,major,60,5,5
CAETANO,27,Milagres do povo,major,61,#6/b7,7
CAETANO,27,Milagres do povo,major,62,6,3
CAETANO,27,Milagres do povo,major,63,4,1
CAETANO,27,Milagres do povo,major,64,3,7
CAETANO,27,Milagres do povo,major,65,1,1
CAETANO,27,Milagres do povo,major,66,5,5
CAETANO,27,Milagres do povo,major,67,6,7
CAETANO,27,Milagres do povo,major,68,4,5
CAETANO,27,Milagres do povo,major,69,3,#11
CAETANO,27,Milagres do povo,major,70,1,1
CAETANO,28,Louco por voce,minor,1,1,1
CAETANO,28,Louco por voce,minor,2,2,x
CAETANO,28,Louco por voce,minor,3,3,3
CAETANO,28,Louco por voce,minor,4,4,x
CAETANO,28,Louco por voce,minor,5,5,5
CAETANO,28,Louco por voce,minor,6,b7,3
CAETANO,28,Louco por voce,minor,7,#6,9
CAETANO,28,Louco por voce,minor,8,3,x
CAETANO,28,Louco por voce,minor,9,2,11
CAETANO,28,Louco por voce,minor,10,1,3
CAETANO,28,Louco por voce,minor,11,#4/b5,3
CAETANO,28,Louco por voce,minor,12,2,7
CAETANO,28,Louco por voce,minor,13,1,3
CAETANO,28,Louco por voce,minor,14,5,7
CAETANO,28,Louco por voce,minor,15,3,5
CAETANO,28,Louco por voce,minor,16,5,11
CAETANO,28,Louco por voce,minor,17,1,1
CAETANO,28,Louco por voce,minor,18,2,x
CAETANO,28,Louco por voce,minor,19,3,3
CAETANO,28,Louco por voce,minor,20,4,x
CAETANO,28,Louco por voce,minor,21,5,1
CAETANO,28,Louco por voce,minor,22,b7,3
CAETANO,28,Louco por voce,minor,23,#6,9
CAETANO,28,Louco por voce,minor,24,3,x
CAETANO,28,Louco por voce,minor,25,2,11
CAETANO,28,Louco por voce,minor,26,1,3
CAETANO,28,Louco por voce,minor,27,3,11
CAETANO,28,Louco por voce,minor,28,#1/b2,7
CAETANO,28,Louco por voce,minor,29,1,3
CAETANO,28,Louco por voce,minor,30,2,1
CAETANO,28,Louco por voce,minor,31,5,1
CAETANO,28,Louco por voce,minor,32,4,7
CAETANO,28,Louco por voce,minor,33,1,1
CAETANO,28,Louco por voce,minor,34,4,1
CAETANO,28,Louco por voce,minor,35,5,9
CAETANO,28,Louco por voce,minor,36,5,5
CAETANO,28,Louco por voce,minor,37,b7,7
CAETANO,28,Louco por voce,minor,38,5,5
CAETANO,28,Louco por voce,minor,39,1,5
CAETANO,28,Louco por voce,minor,40,1,1
CAETANO,28,Louco por voce,minor,41,3,3
CAETANO,28,Louco por voce,minor,42,1,1
CAETANO,28,Louco por voce,minor,43,4,1
CAETANO,28,Louco por voce,minor,44,5,9
CAETANO,28,Louco por voce,minor,45,5,5
CAETANO,28,Louco por voce,minor,46,b7,7
CAETANO,28,Louco por voce,minor,47,5,5
CAETANO,28,Louco por voce,minor,48,1,5
CAETANO,28,Louco por voce,minor,49,2,13
CAETANO,29,Lua de Sao Jorge,major,1,5,5
CAETANO,29,Lua de Sao Jorge,major,2,6,6
CAETANO,29,Lua de Sao Jorge,major,3,1,1
CAETANO,29,Lua de Sao Jorge,major,4,2,x
CAETANO,29,Lua de Sao Jorge,major,5,3,1
CAETANO,29,Lua de Sao Jorge,major,6,4,b13
CAETANO,29,Lua de Sao Jorge,major,7,3,9
CAETANO,29,Lua de Sao Jorge,major,8,2,x
CAETANO,29,Lua de Sao Jorge,major,9,1,7
CAETANO,29,Lua de Sao Jorge,major,10,7,x
CAETANO,29,Lua de Sao Jorge,major,11,6,5
CAETANO,29,Lua de Sao Jorge,major,12,2,1
CAETANO,29,Lua de Sao Jorge,major,13,5,1
CAETANO,29,Lua de Sao Jorge,major,14,6,x
CAETANO,29,Lua de Sao Jorge,major,15,7,3
CAETANO,29,Lua de Sao Jorge,major,16,1,x
CAETANO,29,Lua de Sao Jorge,major,17,2,5
CAETANO,29,Lua de Sao Jorge,major,18,3,13
CAETANO,29,Lua de Sao Jorge,major,19,2,9
CAETANO,29,Lua de Sao Jorge,major,20,1,x
CAETANO,29,Lua de Sao Jorge,major,21,7,7
CAETANO,29,Lua de Sao Jorge,major,22,6,x
CAETANO,29,Lua de Sao Jorge,major,23,5,1
CAETANO,29,Lua de Sao Jorge,major,24,5,1
CAETANO,29,Lua de Sao Jorge,major,25,6,6
CAETANO,29,Lua de Sao Jorge,major,26,1,1
CAETANO,29,Lua de Sao Jorge,major,27,2,x
CAETANO,29,Lua de Sao Jorge,major,28,3,3
CAETANO,29,Lua de Sao Jorge,major,29,4,b13
CAETANO,29,Lua de Sao Jorge,major,30,3,9
CAETANO,29,Lua de Sao Jorge,major,31,2,x
CAETANO,29,Lua de Sao Jorge,major,32,1,7
CAETANO,29,Lua de Sao Jorge,major,33,7,x
CAETANO,29,Lua de Sao Jorge,major,34,6,5
CAETANO,29,Lua de Sao Jorge,major,35,2,1
CAETANO,29,Lua de Sao Jorge,major,36,5,1
CAETANO,29,Lua de Sao Jorge,major,37,6,x
CAETANO,29,Lua de Sao Jorge,major,38,7,3
CAETANO,29,Lua de Sao Jorge,major,39,1,x
CAETANO,29,Lua de Sao Jorge,major,40,2,5
CAETANO,29,Lua de Sao Jorge,major,41,3,13
CAETANO,29,Lua de Sao Jorge,major,42,1,3
CAETANO,29,Lua de Sao Jorge,major,43,7,x
CAETANO,29,Lua de Sao Jorge,major,44,6,1
CAETANO,29,Lua de Sao Jorge,major,45,5,7
CAETANO,29,Lua de Sao Jorge,major,46,3,1
CAETANO,29,Lua de Sao Jorge,major,47,1,5
CAETANO,29,Lua de Sao Jorge,major,48,7,x
CAETANO,29,Lua de Sao Jorge,major,49,6,3
CAETANO,29,Lua de Sao Jorge,major,50,5,9
CAETANO,29,Lua de Sao Jorge,major,51,3,7
CAETANO,29,Lua de Sao Jorge,major,52,4,1
CAETANO,29,Lua de Sao Jorge,major,53,5,3
CAETANO,29,Lua de Sao Jorge,major,54,6,11
CAETANO,29,Lua de Sao Jorge,major,55,1,x
CAETANO,29,Lua de Sao Jorge,major,56,2,7
CAETANO,29,Lua de Sao Jorge,major,57,3,1
CAETANO,29,Lua de Sao Jorge,major,58,4,b13
CAETANO,29,Lua de Sao Jorge,major,59,3,9
CAETANO,29,Lua de Sao Jorge,major,60,2,x
CAETANO,29,Lua de Sao Jorge,major,61,1,7
CAETANO,29,Lua de Sao Jorge,major,62,7,x
CAETANO,29,Lua de Sao Jorge,major,63,6,9
CAETANO,29,Lua de Sao Jorge,major,64,2,5
CAETANO,29,Lua de Sao Jorge,major,65,1,1
CAETANO,30,Minha voz minha vida,major,1,2,9
CAETANO,30,Minha voz minha vida,major,2,7,7
CAETANO,30,Minha voz minha vida,major,3,1,x
CAETANO,30,Minha voz minha vida,major,4,2,3
CAETANO,30,Minha voz minha vida,major,5,7,1
CAETANO,30,Minha voz minha vida,major,6,7,5
CAETANO,30,Minha voz minha vida,major,7,6,1
CAETANO,30,Minha voz minha vida,major,8,7,x
CAETANO,30,Minha voz minha vida,major,9,1,3
CAETANO,30,Minha voz minha vida,major,10,2,x
CAETANO,30,Minha voz minha vida,major,11,3,5
CAETANO,30,Minha voz minha vida,major,12,5,7
CAETANO,30,Minha voz minha vida,major,13,6,1
CAETANO,30,Minha voz minha vida,major,14,1,3
CAETANO,30,Minha voz minha vida,major,15,2,11
CAETANO,30,Minha voz minha vida,major,16,7,11
CAETANO,30,Minha voz minha vida,major,17,7,#11
CAETANO,30,Minha voz minha vida,major,18,6,x
CAETANO,30,Minha voz minha vida,major,19,5,3
CAETANO,30,Minha voz minha vida,major,20,#1/b2,3
CAETANO,30,Minha voz minha vida,major,21,#6/b7,b9/#9
CAETANO,30,Minha voz minha vida,major,22,6,3
CAETANO,30,Minha voz minha vida,major,23,3,7
CAETANO,30,Minha voz minha vida,major,24,6,3
CAETANO,30,Minha voz minha vida,major,25,5,7
CAETANO,30,Minha voz minha vida,major,26,3,9
CAETANO,30,Minha voz minha vida,major,27,1,7
CAETANO,30,Minha voz minha vida,major,28,6,5
CAETANO,30,Minha voz minha vida,major,29,1,7
CAETANO,30,Minha voz minha vida,major,30,6,5
CAETANO,30,Minha voz minha vida,major,31,6,9
CAETANO,30,Minha voz minha vida,major,32,5,1
CAETANO,30,Minha voz minha vida,major,33,3,13
CAETANO,30,Minha voz minha vida,major,34,1,9
CAETANO,30,Minha voz minha vida,major,35,6,9
CAETANO,30,Minha voz minha vida,major,36,5,3
CAETANO,30,Minha voz minha vida,major,37,7,3
CAETANO,30,Minha voz minha vida,major,38,1,1
CAETANO,30,Minha voz minha vida,major,39,1,x
CAETANO,30,Minha voz minha vida,major,40,2,6
CAETANO,30,Minha voz minha vida,major,41,6,3
CAETANO,30,Minha voz minha vida,major,42,1,x
CAETANO,30,Minha voz minha vida,major,43,2,6
CAETANO,30,Minha voz minha vida,major,44,6,3
CAETANO,30,Minha voz minha vida,major,45,1,x
CAETANO,30,Minha voz minha vida,major,46,2,3
CAETANO,30,Minha voz minha vida,major,47,#5/b6,7
CAETANO,30,Minha voz minha vida,major,48,1,x
CAETANO,30,Minha voz minha vida,major,49,2,3
CAETANO,30,Minha voz minha vida,major,50,4,5
CAETANO,30,Minha voz minha vida,major,51,3,1
CAETANO,30,Minha voz minha vida,major,52,7,9
CAETANO,30,Minha voz minha vida,major,53,2,x
CAETANO,30,Minha voz minha vida,major,54,3,9
CAETANO,30,Minha voz minha vida,major,55,6,5
CAETANO,30,Minha voz minha vida,major,56,2,x
CAETANO,30,Minha voz minha vida,major,57,3,9
CAETANO,30,Minha voz minha vida,major,58,6,5
CAETANO,30,Minha voz minha vida,major,59,2,x
CAETANO,30,Minha voz minha vida,major,60,3,9
CAETANO,30,Minha voz minha vida,major,61,6,5
CAETANO,30,Minha voz minha vida,major,62,2,1
CAETANO,30,Minha voz minha vida,major,63,#4/b5,3
CAETANO,30,Minha voz minha vida,major,64,7,13
CAETANO,30,Minha voz minha vida,major,65,6,5
CAETANO,30,Minha voz minha vida,major,66,#2/b3,b13
CAETANO,30,Minha voz minha vida,major,67,7,3
CAETANO,30,Minha voz minha vida,major,68,1,1
CAETANO,31,Menino do Rio,major,1,3,3
CAETANO,31,Menino do Rio,major,2,2,x
CAETANO,31,Menino do Rio,major,3,1,1
CAETANO,31,Menino do Rio,major,4,2,x
CAETANO,31,Menino do Rio,major,5,1,1
CAETANO,31,Menino do Rio,major,6,#2/b3,1
CAETANO,31,Menino do Rio,major,7,2,x
CAETANO,31,Menino do Rio,major,8,#2/b3,1
CAETANO,31,Menino do Rio,major,9,2,x
CAETANO,31,Menino do Rio,major,10,1,7
CAETANO,31,Menino do Rio,major,11,2,x
CAETANO,31,Menino do Rio,major,12,1,7
CAETANO,31,Menino do Rio,major,13,2,1
CAETANO,31,Menino do Rio,major,14,1,x
CAETANO,31,Menino do Rio,major,15,2,1
CAETANO,31,Menino do Rio,major,16,1,x
CAETANO,31,Menino do Rio,major,17,7,3
CAETANO,31,Menino do Rio,major,18,6,x
CAETANO,31,Menino do Rio,major,19,7,3
CAETANO,31,Menino do Rio,major,20,5,1
CAETANO,31,Menino do Rio,major,21,2,1
CAETANO,31,Menino do Rio,major,22,1,x
CAETANO,31,Menino do Rio,major,23,2,1
CAETANO,31,Menino do Rio,major,24,1,x
CAETANO,31,Menino do Rio,major,25,7,3
CAETANO,31,Menino do Rio,major,26,6,x
CAETANO,31,Menino do Rio,major,27,7,3
CAETANO,31,Menino do Rio,major,28,5,1
CAETANO,31,Menino do Rio,major,29,5,x
CAETANO,31,Menino do Rio,major,30,6,9
CAETANO,31,Menino do Rio,major,31,3,6
CAETANO,31,Menino do Rio,major,32,3,3
CAETANO,31,Menino do Rio,major,33,2,x
CAETANO,31,Menino do Rio,major,34,1,1
CAETANO,31,Menino do Rio,major,35,2,6
CAETANO,31,Menino do Rio,major,36,6,3
CAETANO,31,Menino do Rio,major,37,3,7
CAETANO,31,Menino do Rio,major,38,2,6
CAETANO,31,Menino do Rio,major,39,#5/b6,3
CAETANO,31,Menino do Rio,major,40,5,3
CAETANO,31,Menino do Rio,major,41,6,11
CAETANO,31,Menino do Rio,major,42,3,5
CAETANO,31,Menino do Rio,major,43,1,7
CAETANO,31,Menino do Rio,major,44,3,9
CAETANO,31,Menino do Rio,major,45,1,7
CAETANO,31,Menino do Rio,major,46,5,11
CAETANO,31,Menino do Rio,major,47,6,5
CAETANO,31,Menino do Rio,major,48,3,13
CAETANO,31,Menino do Rio,major,49,2,5
CAETANO,31,Menino do Rio,major,50,2,x
CAETANO,31,Menino do Rio,major,51,3,3
CAETANO,31,Menino do Rio,major,52,5,3
CAETANO,31,Menino do Rio,major,53,6,11
CAETANO,31,Menino do Rio,major,54,4,b13
CAETANO,31,Menino do Rio,major,55,3,5
CAETANO,31,Menino do Rio,major,56,3,x
CAETANO,31,Menino do Rio,major,57,4,3
CAETANO,31,Menino do Rio,major,58,6,5
CAETANO,31,Menino do Rio,major,59,7,x
CAETANO,31,Menino do Rio,major,60,6,5
CAETANO,31,Menino do Rio,major,61,5,x
CAETANO,31,Menino do Rio,major,62,#4/b5,9
CAETANO,31,Menino do Rio,major,63,5,3
CAETANO,31,Menino do Rio,major,64,6,1
CAETANO,31,Menino do Rio,major,65,7,x
CAETANO,31,Menino do Rio,major,66,6,1
CAETANO,31,Menino do Rio,major,67,1,3
CAETANO,31,Menino do Rio,major,68,#6/b7,x
CAETANO,31,Menino do Rio,major,69,#5/b6,1
CAETANO,31,Menino do Rio,major,70,5,7
CAETANO,31,Menino do Rio,major,71,4,x
CAETANO,31,Menino do Rio,major,72,#2/b3,5
CAETANO,31,Menino do Rio,major,73,1,3
CAETANO,31,Menino do Rio,major,74,#6/b7,9
CAETANO,31,Menino do Rio,major,75,#5/b6,1
CAETANO,32,No dia em que eu vim-me embora,major,1,1,1
CAETANO,32,No dia em que eu vim-me embora,major,2,#6/b7,7
CAETANO,32,No dia em que eu vim-me embora,major,3,6,x
CAETANO,32,No dia em que eu vim-me embora,major,4,5,1
CAETANO,32,No dia em que eu vim-me embora,major,5,1,11
CAETANO,32,No dia em que eu vim-me embora,major,6,#6/b7,x
CAETANO,32,No dia em que eu vim-me embora,major,7,6,x
CAETANO,32,No dia em que eu vim-me embora,major,8,5,5
CAETANO,32,No dia em que eu vim-me embora,major,9,#6/b7,7
CAETANO,32,No dia em que eu vim-me embora,major,10,6,x
CAETANO,32,No dia em que eu vim-me embora,major,11,5,x
CAETANO,32,No dia em que eu vim-me embora,major,12,4,5
CAETANO,32,No dia em que eu vim-me embora,major,13,#6/b7,7
CAETANO,32,No dia em que eu vim-me embora,major,14,6,x
CAETANO,32,No dia em que eu vim-me embora,major,15,5,x
CAETANO,32,No dia em que eu vim-me embora,major,16,4,3
CAETANO,32,No dia em que eu vim-me embora,major,17,#6/b7,x
CAETANO,32,No dia em que eu vim-me embora,major,18,6,5
CAETANO,32,No dia em que eu vim-me embora,major,19,5,x
CAETANO,32,No dia em que eu vim-me embora,major,20,4,5
CAETANO,32,No dia em que eu vim-me embora,major,21,#6/b7,7
CAETANO,32,No dia em que eu vim-me embora,major,22,6,x
CAETANO,32,No dia em que eu vim-me embora,major,23,5,x
CAETANO,32,No dia em que eu vim-me embora,major,24,4,1
CAETANO,32,No dia em que eu vim-me embora,major,25,5,x
CAETANO,32,No dia em que eu vim-me embora,major,26,4,1
CAETANO,32,No dia em que eu vim-me embora,major,27,3,x
CAETANO,32,No dia em que eu vim-me embora,major,28,2,5
CAETANO,32,No dia em que eu vim-me embora,major,29,4,7
CAETANO,32,No dia em que eu vim-me embora,major,30,3,x
CAETANO,32,No dia em que eu vim-me embora,major,31,2,x
CAETANO,32,No dia em que eu vim-me embora,major,32,1,1
CAETANO,32,No dia em que eu vim-me embora,major,33,2,x
CAETANO,32,No dia em que eu vim-me embora,major,34,3,3
CAETANO,32,No dia em que eu vim-me embora,major,35,1,1
CAETANO,32,No dia em que eu vim-me embora,major,36,2,x
CAETANO,32,No dia em que eu vim-me embora,major,37,1,x
CAETANO,32,No dia em que eu vim-me embora,major,38,#6/b7,1
CAETANO,32,No dia em que eu vim-me embora,major,39,2,3
CAETANO,32,No dia em que eu vim-me embora,major,40,4,5
CAETANO,32,No dia em que eu vim-me embora,major,41,#6/b7,1
CAETANO,32,No dia em que eu vim-me embora,major,42,6,x
CAETANO,32,No dia em que eu vim-me embora,major,43,5,6
CAETANO,32,No dia em que eu vim-me embora,major,44,3,5
CAETANO,32,No dia em que eu vim-me embora,major,45,7,3
CAETANO,32,No dia em que eu vim-me embora,major,46,2,5
CAETANO,32,No dia em que eu vim-me embora,major,47,1,5
CAETANO,32,No dia em que eu vim-me embora,major,48,7,3
CAETANO,32,No dia em que eu vim-me embora,major,49,2,5
CAETANO,32,No dia em que eu vim-me embora,major,50,4,7
CAETANO,32,No dia em que eu vim-me embora,major,51,3,3
CAETANO,32,No dia em que eu vim-me embora,major,52,1,1
CAETANO,32,No dia em que eu vim-me embora,major,53,7,3
CAETANO,32,No dia em que eu vim-me embora,major,54,2,5
CAETANO,32,No dia em que eu vim-me embora,major,55,1,5
CAETANO,32,No dia em que eu vim-me embora,major,56,7,3
CAETANO,32,No dia em que eu vim-me embora,major,57,2,5
CAETANO,32,No dia em que eu vim-me embora,major,58,1,5
CAETANO,32,No dia em que eu vim-me embora,major,59,7,3
CAETANO,32,No dia em que eu vim-me embora,major,60,4,7
CAETANO,32,No dia em que eu vim-me embora,major,61,3,13
CAETANO,32,No dia em que eu vim-me embora,major,62,5,5
CAETANO,33,Massa real,major,1,5,5
CAETANO,33,Massa real,major,2,6,6
CAETANO,33,Massa real,major,3,5,5
CAETANO,33,Massa real,major,4,4,x
CAETANO,33,Massa real,major,5,3,3
CAETANO,33,Massa real,major,6,5,5
CAETANO,33,Massa real,major,7,6,1
CAETANO,33,Massa real,major,8,5,7
CAETANO,33,Massa real,major,9,3,5
CAETANO,33,Massa real,major,10,2,1
CAETANO,33,Massa real,major,11,4,3
CAETANO,33,Massa real,major,12,5,1
CAETANO,33,Massa real,major,13,4,7
CAETANO,33,Massa real,major,14,2,5
CAETANO,33,Massa real,major,15,3,1
CAETANO,33,Massa real,major,16,4,b13
CAETANO,33,Massa real,major,17,3,5
CAETANO,33,Massa real,major,18,1,b9/#9
CAETANO,33,Massa real,major,19,2,1
CAETANO,33,Massa real,major,20,3,x
CAETANO,33,Massa real,major,21,2,5
CAETANO,33,Massa real,major,22,7,3
CAETANO,33,Massa real,major,23,1,1
CAETANO,33,Massa real,major,24,5,5
CAETANO,33,Massa real,major,25,6,3
CAETANO,33,Massa real,major,26,5,x
CAETANO,33,Massa real,major,27,4,1
CAETANO,33,Massa real,major,28,3,3
CAETANO,33,Massa real,major,29,1,1
CAETANO,33,Massa real,major,30,3,3
CAETANO,33,Massa real,major,31,1,1
CAETANO,33,Massa real,major,32,2,1
CAETANO,33,Massa real,major,33,6,5
CAETANO,33,Massa real,major,34,2,1
CAETANO,33,Massa real,major,35,6,5
CAETANO,33,Massa real,major,36,7,3
CAETANO,33,Massa real,major,37,5,5
CAETANO,33,Massa real,major,38,6,3
CAETANO,33,Massa real,major,39,5,x
CAETANO,33,Massa real,major,40,4,1
CAETANO,33,Massa real,major,41,3,3
CAETANO,33,Massa real,major,42,1,1
CAETANO,33,Massa real,major,43,3,3
CAETANO,33,Massa real,major,44,1,1
CAETANO,33,Massa real,major,45,#2/b3,3
CAETANO,33,Massa real,major,46,7,1
CAETANO,33,Massa real,major,47,#2/b3,3
CAETANO,33,Massa real,major,48,7,1
CAETANO,33,Massa real,major,49,3,1
CAETANO,33,Massa real,major,50,6,1
CAETANO,33,Massa real,major,51,2,1
CAETANO,33,Massa real,major,52,6,1
CAETANO,33,Massa real,major,53,2,5
CAETANO,33,Massa real,major,54,6,1
CAETANO,33,Massa real,major,55,2,5
CAETANO,33,Massa real,major,56,6,1
CAETANO,33,Massa real,major,57,#4/b5,3
CAETANO,34,Mel,major,1,1,1
CAETANO,34,Mel,major,2,6,x
CAETANO,34,Mel,major,3,5,5
CAETANO,34,Mel,major,4,3,3
CAETANO,34,Mel,major,5,2,x
CAETANO,34,Mel,major,6,1,7
CAETANO,34,Mel,major,7,6,5
CAETANO,34,Mel,major,8,6,5
CAETANO,34,Mel,major,9,3,9
CAETANO,34,Mel,major,10,5,1
CAETANO,34,Mel,major,11,6,13
CAETANO,34,Mel,major,12,2,x
CAETANO,34,Mel,major,13,1,1
CAETANO,34,Mel,major,14,3,3
CAETANO,34,Mel,major,15,1,1
CAETANO,34,Mel,major,16,7,x
CAETANO,34,Mel,major,17,6,1
CAETANO,34,Mel,major,18,6,11
CAETANO,34,Mel,major,19,3,5
CAETANO,34,Mel,major,20,4,x
CAETANO,34,Mel,major,21,5,7
CAETANO,34,Mel,major,22,6,1
CAETANO,34,Mel,major,23,5,x
CAETANO,34,Mel,major,24,4,3
CAETANO,34,Mel,major,25,2,5
CAETANO,34,Mel,major,26,3,x
CAETANO,34,Mel,major,27,4,7
CAETANO,34,Mel,major,28,5,1
CAETANO,34,Mel,major,29,4,x
CAETANO,34,Mel,major,30,3,3
CAETANO,34,Mel,major,31,5,5
CAETANO,34,Mel,major,32,3,3
CAETANO,34,Mel,major,33,1,1
CAETANO,34,Mel,major,34,7,x
CAETANO,34,Mel,major,35,6,1
CAETANO,34,Mel,major,36,4,3
CAETANO,34,Mel,major,37,5,x
CAETANO,34,Mel,major,38,6,5
CAETANO,34,Mel,major,39,1,7
CAETANO,34,Mel,major,40,6,5
CAETANO,34,Mel,major,41,4,3
CAETANO,34,Mel,major,42,3,x
CAETANO,34,Mel,major,43,2,6
CAETANO,34,Mel,major,44,3,1
CAETANO,34,Mel,major,45,4,x
CAETANO,34,Mel,major,46,5,3
CAETANO,34,Mel,major,47,7,5
CAETANO,34,Mel,major,48,6,x
CAETANO,34,Mel,major,49,5,3
CAETANO,34,Mel,major,50,#4/b5,x
CAETANO,34,Mel,major,51,4,x
CAETANO,34,Mel,major,52,3,#11
CAETANO,34,Mel,major,53,6,1
CAETANO,34,Mel,major,54,6,5
CAETANO,34,Mel,major,55,5,x
CAETANO,34,Mel,major,56,4,x
CAETANO,34,Mel,major,57,3,13
CAETANO,34,Mel,major,58,2,5
CAETANO,34,Mel,major,59,5,1
CAETANO,34,Mel,major,60,3,13
CAETANO,34,Mel,major,61,1,1
CAETANO,35,Meu bem meu mal,major,1,5,5
CAETANO,35,Meu bem meu mal,major,2,3,3
CAETANO,35,Meu bem meu mal,major,3,1,1
CAETANO,35,Meu bem meu mal,major,4,2,x
CAETANO,35,Meu bem meu mal,major,5,3,3
CAETANO,35,Meu bem meu mal,major,6,1,x
CAETANO,35,Meu bem meu mal,major,7,7,1
CAETANO,35,Meu bem meu mal,major,8,1,b13
CAETANO,35,Meu bem meu mal,major,9,1,3
CAETANO,35,Meu bem meu mal,major,10,6,1
CAETANO,35,Meu bem meu mal,major,11,1,7
CAETANO,35,Meu bem meu mal,major,12,#6/b7,3
CAETANO,35,Meu bem meu mal,major,13,1,11
CAETANO,35,Meu bem meu mal,major,14,3,3
CAETANO,35,Meu bem meu mal,major,15,2,x
CAETANO,35,Meu bem meu mal,major,16,1,1
CAETANO,35,Meu bem meu mal,major,17,6,3
CAETANO,35,Meu bem meu mal,major,18,1,5
CAETANO,35,Meu bem meu mal,major,19,2,x
CAETANO,35,Meu bem meu mal,major,20,1,5
CAETANO,35,Meu bem meu mal,major,21,6,3
CAETANO,35,Meu bem meu mal,major,22,#5/b6,7
CAETANO,35,Meu bem meu mal,major,23,5,13
CAETANO,35,Meu bem meu mal,major,24,3,3
CAETANO,35,Meu bem meu mal,major,25,1,1
CAETANO,35,Meu bem meu mal,major,26,2,x
CAETANO,35,Meu bem meu mal,major,27,3,3
CAETANO,35,Meu bem meu mal,major,28,1,x
CAETANO,35,Meu bem meu mal,major,29,7,1
CAETANO,35,Meu bem meu mal,major,30,1,b13
CAETANO,35,Meu bem meu mal,major,31,7,x
CAETANO,35,Meu bem meu mal,major,32,6,1
CAETANO,35,Meu bem meu mal,major,33,1,7
CAETANO,35,Meu bem meu mal,major,34,#6/b7,3
CAETANO,35,Meu bem meu mal,major,35,1,11
CAETANO,35,Meu bem meu mal,major,36,3,7
CAETANO,35,Meu bem meu mal,major,37,2,x
CAETANO,35,Meu bem meu mal,major,38,1,#11
CAETANO,35,Meu bem meu mal,major,39,6,3
CAETANO,35,Meu bem meu mal,major,40,2,x
CAETANO,35,Meu bem meu mal,major,41,1,5
CAETANO,35,Meu bem meu mal,major,42,6,3
CAETANO,35,Meu bem meu mal,major,43,#5/b6,7
CAETANO,35,Meu bem meu mal,major,44,5,13
CAETANO,35,Meu bem meu mal,major,45,5,3
CAETANO,35,Meu bem meu mal,major,46,3,1
CAETANO,35,Meu bem meu mal,major,47,4,x
CAETANO,35,Meu bem meu mal,major,48,5,3
CAETANO,35,Meu bem meu mal,major,49,3,5
CAETANO,35,Meu bem meu mal,major,50,2,x
CAETANO,35,Meu bem meu mal,major,51,1,7
CAETANO,35,Meu bem meu mal,major,52,6,5
CAETANO,35,Meu bem meu mal,major,53,7,13
CAETANO,35,Meu bem meu mal,major,54,2,1
CAETANO,35,Meu bem meu mal,major,55,6,9
CAETANO,35,Meu bem meu mal,major,56,5,1
CAETANO,35,Meu bem meu mal,major,57,#6/b7,5
CAETANO,35,Meu bem meu mal,major,58,3,1
CAETANO,35,Meu bem meu mal,major,59,4,b13
CAETANO,35,Meu bem meu mal,major,60,5,7
CAETANO,35,Meu bem meu mal,major,61,3,5
CAETANO,35,Meu bem meu mal,major,62,6,1
CAETANO,35,Meu bem meu mal,major,63,6,5
CAETANO,35,Meu bem meu mal,major,64,4,1
CAETANO,35,Meu bem meu mal,major,65,5,9
CAETANO,35,Meu bem meu mal,major,66,#5/b6,3
CAETANO,35,Meu bem meu mal,major,67,#6/b7,11
CAETANO,35,Meu bem meu mal,major,68,1,5
CAETANO,35,Meu bem meu mal,major,69,7,5
CAETANO,35,Meu bem meu mal,major,70,5,3
CAETANO,35,Meu bem meu mal,major,71,3,1
CAETANO,35,Meu bem meu mal,major,72,2,x
CAETANO,35,Meu bem meu mal,major,73,#1/b2,3
CAETANO,35,Meu bem meu mal,major,74,3,5
CAETANO,35,Meu bem meu mal,major,75,#6/b7,b9/#9
CAETANO,35,Meu bem meu mal,major,76,6,5
CAETANO,35,Meu bem meu mal,major,77,4,3
CAETANO,35,Meu bem meu mal,major,78,2,1
CAETANO,35,Meu bem meu mal,major,79,1,7
CAETANO,35,Meu bem meu mal,major,80,7,3
CAETANO,35,Meu bem meu mal,major,81,2,5
CAETANO,35,Meu bem meu mal,major,82,6,9
CAETANO,35,Meu bem meu mal,major,83,5,5
CAETANO,35,Meu bem meu mal,major,84,3,3
CAETANO,35,Meu bem meu mal,major,85,1,1
CAETANO,35,Meu bem meu mal,major,86,7,x
CAETANO,35,Meu bem meu mal,major,87,#6/b7,3
CAETANO,35,Meu bem meu mal,major,88,3,7
CAETANO,35,Meu bem meu mal,major,89,5,9
CAETANO,35,Meu bem meu mal,major,90,4,1
CAETANO,35,Meu bem meu mal,major,91,#5/b6,b9/#9
CAETANO,35,Meu bem meu mal,major,92,5,1
CAETANO,35,Meu bem meu mal,major,93,3,13
CAETANO,35,Meu bem meu mal,major,94,1,1
CAETANO,36,Muito,major,1,3,3
CAETANO,36,Muito,major,2,5,5
CAETANO,36,Muito,major,3,3,3
CAETANO,36,Muito,major,4,5,5
CAETANO,36,Muito,major,5,6,x
CAETANO,36,Muito,major,6,5,6
CAETANO,36,Muito,major,7,3,5
CAETANO,36,Muito,major,8,5,7
CAETANO,36,Muito,major,9,6,1
CAETANO,36,Muito,major,10,1,3
CAETANO,36,Muito,major,11,2,x
CAETANO,36,Muito,major,12,#2/b3,5
CAETANO,36,Muito,major,13,2,x
CAETANO,36,Muito,major,14,1,3
CAETANO,36,Muito,major,15,#5/b6,1
CAETANO,36,Muito,major,16,6,3
CAETANO,36,Muito,major,17,1,5
CAETANO,36,Muito,major,18,5,7
CAETANO,36,Muito,major,19,#4/b5,x
CAETANO,36,Muito,major,20,4,5
CAETANO,36,Muito,major,21,#6/b7,1
CAETANO,36,Muito,major,22,1,3
CAETANO,36,Muito,major,23,#2/b3,1
CAETANO,36,Muito,major,24,5,11
CAETANO,36,Muito,major,25,#4/b5,x
CAETANO,36,Muito,major,26,4,7
CAETANO,36,Muito,major,27,1,1
CAETANO,36,Muito,major,28,3,3
CAETANO,36,Muito,major,29,5,5
CAETANO,36,Muito,major,30,6,x
CAETANO,36,Muito,major,31,5,6
CAETANO,36,Muito,major,32,3,5
CAETANO,36,Muito,major,33,5,7
CAETANO,36,Muito,major,34,6,1
CAETANO,36,Muito,major,35,1,3
CAETANO,36,Muito,major,36,2,x
CAETANO,36,Muito,major,37,#2/b3,5
CAETANO,36,Muito,major,38,2,x
CAETANO,36,Muito,major,39,1,3
CAETANO,36,Muito,major,40,#5/b6,1
CAETANO,36,Muito,major,41,6,3
CAETANO,36,Muito,major,42,1,5
CAETANO,36,Muito,major,43,5,7
CAETANO,36,Muito,major,44,#4/b5,x
CAETANO,36,Muito,major,45,4,5
CAETANO,36,Muito,major,46,#6/b7,1
CAETANO,36,Muito,major,47,1,6
CAETANO,36,Muito,major,48,#2/b3,1
CAETANO,36,Muito,major,49,5,11
CAETANO,36,Muito,major,50,#4/b5,x
CAETANO,36,Muito,major,51,4,7
CAETANO,36,Muito,major,52,1,1
CAETANO,36,Muito,major,53,3,3
CAETANO,36,Muito,major,54,5,5
CAETANO,36,Muito,major,55,6,11
CAETANO,36,Muito,major,56,3,5
CAETANO,36,Muito,major,57,4,x
CAETANO,36,Muito,major,58,3,7
CAETANO,36,Muito,major,59,6,3
CAETANO,36,Muito,major,60,6,11
CAETANO,36,Muito,major,61,3,1
CAETANO,36,Muito,major,62,3,5
CAETANO,36,Muito,major,63,4,x
CAETANO,36,Muito,major,64,3,9
CAETANO,36,Muito,major,65,6,5
CAETANO,36,Muito,major,66,3,13
CAETANO,36,Muito,major,67,6,9
CAETANO,37,Nao identificado,major,1,5,5
CAETANO,37,Nao identificado,major,2,3,3
CAETANO,37,Nao identificado,major,3,4,x
CAETANO,37,Nao identificado,major,4,5,5
CAETANO,37,Nao identificado,major,5,1,5
CAETANO,37,Nao identificado,major,6,6,3
CAETANO,37,Nao identificado,major,7,7,x
CAETANO,37,Nao identificado,major,8,1,5
CAETANO,37,Nao identificado,major,9,4,1
CAETANO,37,Nao identificado,major,10,3,5
CAETANO,37,Nao identificado,major,11,2,x
CAETANO,37,Nao identificado,major,12,1,3
CAETANO,37,Nao identificado,major,13,6,5
CAETANO,37,Nao identificado,major,14,1,7
CAETANO,37,Nao identificado,major,15,6,5
CAETANO,37,Nao identificado,major,16,1,7
CAETANO,37,Nao identificado,major,17,6,x
CAETANO,37,Nao identificado,major,18,5,1
CAETANO,37,Nao identificado,major,19,6,9
CAETANO,37,Nao identificado,major,20,1,1
CAETANO,37,Nao identificado,major,21,6,x
CAETANO,37,Nao identificado,major,22,5,5
CAETANO,37,Nao identificado,major,23,1,5
CAETANO,37,Nao identificado,major,24,2,x
CAETANO,37,Nao identificado,major,25,1,5
CAETANO,37,Nao identificado,major,26,2,x
CAETANO,37,Nao identificado,major,27,1,5
CAETANO,37,Nao identificado,major,28,2,6
CAETANO,37,Nao identificado,major,29,4,1
CAETANO,37,Nao identificado,major,30,3,3
CAETANO,37,Nao identificado,major,31,2,x
CAETANO,37,Nao identificado,major,32,1,1
CAETANO,37,Nao identificado,major,33,5,5
CAETANO,37,Nao identificado,major,34,3,3
CAETANO,37,Nao identificado,major,35,4,x
CAETANO,37,Nao identificado,major,36,5,5
CAETANO,37,Nao identificado,major,37,1,5
CAETANO,37,Nao identificado,major,38,6,3
CAETANO,37,Nao identificado,major,39,7,x
CAETANO,37,Nao identificado,major,40,1,5
CAETANO,37,Nao identificado,major,41,4,1
CAETANO,37,Nao identificado,major,42,3,5
CAETANO,37,Nao identificado,major,43,2,x
CAETANO,37,Nao identificado,major,44,1,3
CAETANO,37,Nao identificado,major,45,4,6
CAETANO,37,Nao identificado,major,46,3,x
CAETANO,37,Nao identificado,major,47,2,1
CAETANO,37,Nao identificado,major,48,6,5
CAETANO,37,Nao identificado,major,49,1,7
CAETANO,37,Nao identificado,major,50,6,5
CAETANO,37,Nao identificado,major,51,1,x
CAETANO,37,Nao identificado,major,52,7,3
CAETANO,37,Nao identificado,major,53,6,x
CAETANO,37,Nao identificado,major,54,7,3
CAETANO,37,Nao identificado,major,55,1,1
CAETANO,37,Nao identificado,major,56,5,1
CAETANO,37,Nao identificado,major,57,6,x
CAETANO,37,Nao identificado,major,58,7,3
CAETANO,37,Nao identificado,major,59,5,1
CAETANO,37,Nao identificado,major,60,6,9
CAETANO,37,Nao identificado,major,61,1,x
CAETANO,37,Nao identificado,major,62,7,7
CAETANO,37,Nao identificado,major,63,5,5
CAETANO,37,Nao identificado,major,64,3,3
CAETANO,37,Nao identificado,major,65,5,1
CAETANO,37,Nao identificado,major,66,6,x
CAETANO,37,Nao identificado,major,67,7,3
CAETANO,37,Nao identificado,major,68,5,1
CAETANO,37,Nao identificado,major,69,6,9
CAETANO,37,Nao identificado,major,70,1,x
CAETANO,37,Nao identificado,major,71,7,7
CAETANO,37,Nao identificado,major,72,5,5
CAETANO,37,Nao identificado,major,73,3,3
CAETANO,38,Nosso estranho amor,major,1,3,3
CAETANO,38,Nosso estranho amor,major,2,5,5
CAETANO,38,Nosso estranho amor,major,3,4,x
CAETANO,38,Nosso estranho amor,major,4,3,3
CAETANO,38,Nosso estranho amor,major,5,5,5
CAETANO,38,Nosso estranho amor,major,6,4,x
CAETANO,38,Nosso estranho amor,major,7,3,3
CAETANO,38,Nosso estranho amor,major,8,5,5
CAETANO,38,Nosso estranho amor,major,9,4,x
CAETANO,38,Nosso estranho amor,major,10,3,3
CAETANO,38,Nosso estranho amor,major,11,4,1
CAETANO,38,Nosso estranho amor,major,12,6,3
CAETANO,38,Nosso estranho amor,major,13,5,x
CAETANO,38,Nosso estranho amor,major,14,4,1
CAETANO,38,Nosso estranho amor,major,15,6,3
CAETANO,38,Nosso estranho amor,major,16,5,x
CAETANO,38,Nosso estranho amor,major,17,4,1
CAETANO,38,Nosso estranho amor,major,18,6,3
CAETANO,38,Nosso estranho amor,major,19,5,9
CAETANO,38,Nosso estranho amor,major,20,2,6
CAETANO,38,Nosso estranho amor,major,21,4,1
CAETANO,38,Nosso estranho amor,major,22,#4/b5,3
CAETANO,38,Nosso estranho amor,major,23,6,5
CAETANO,38,Nosso estranho amor,major,24,5,x
CAETANO,38,Nosso estranho amor,major,25,#4/b5,3
CAETANO,38,Nosso estranho amor,major,26,6,5
CAETANO,38,Nosso estranho amor,major,27,5,x
CAETANO,38,Nosso estranho amor,major,28,#4/b5,3
CAETANO,38,Nosso estranho amor,major,29,6,5
CAETANO,38,Nosso estranho amor,major,30,5,x
CAETANO,38,Nosso estranho amor,major,31,#4/b5,3
CAETANO,38,Nosso estranho amor,major,32,6,9
CAETANO,38,Nosso estranho amor,major,33,7,3
CAETANO,38,Nosso estranho amor,major,34,4,7
CAETANO,38,Nosso estranho amor,major,35,6,9
CAETANO,38,Nosso estranho amor,major,36,3,13
CAETANO,38,Nosso estranho amor,major,37,5,1
CAETANO,38,Nosso estranho amor,major,38,1,3
CAETANO,38,Nosso estranho amor,major,39,7,x
CAETANO,38,Nosso estranho amor,major,40,6,11
CAETANO,38,Nosso estranho amor,major,41,3,1
CAETANO,38,Nosso estranho amor,major,42,7,1
CAETANO,38,Nosso estranho amor,major,43,6,x
CAETANO,38,Nosso estranho amor,major,44,5,x
CAETANO,38,Nosso estranho amor,major,45,#4/b5,5
CAETANO,38,Nosso estranho amor,major,46,3,x
CAETANO,38,Nosso estranho amor,major,47,2,3
CAETANO,38,Nosso estranho amor,major,48,1,1
CAETANO,38,Nosso estranho amor,major,49,1,5
CAETANO,38,Nosso estranho amor,major,50,7,x
CAETANO,38,Nosso estranho amor,major,51,6,3
CAETANO,38,Nosso estranho amor,major,52,5,x
CAETANO,38,Nosso estranho amor,major,53,4,1
CAETANO,38,Nosso estranho amor,major,54,3,6
CAETANO,38,Nosso estranho amor,major,55,2,5
CAETANO,38,Nosso estranho amor,major,56,1,x
CAETANO,38,Nosso estranho amor,major,57,2,1
CAETANO,38,Nosso estranho amor,major,58,3,b13
CAETANO,38,Nosso estranho amor,major,59,4,3
CAETANO,38,Nosso estranho amor,major,60,#4/b5,7
CAETANO,38,Nosso estranho amor,major,61,4,3
CAETANO,38,Nosso estranho amor,major,62,3,x
CAETANO,39,Odara,minor,1,5,9
CAETANO,39,Odara,minor,2,4,x
CAETANO,39,Odara,minor,3,5,9
CAETANO,39,Odara,minor,4,4,1
CAETANO,39,Odara,minor,5,5,13
CAETANO,39,Odara,minor,6,6,x
CAETANO,39,Odara,minor,7,b7,1
CAETANO,39,Odara,minor,8,6,x
CAETANO,39,Odara,minor,9,5,13
CAETANO,39,Odara,minor,10,4,11
CAETANO,39,Odara,minor,11,3,x
CAETANO,39,Odara,minor,12,4,11
CAETANO,39,Odara,minor,13,3,3
CAETANO,39,Odara,minor,14,5,9
CAETANO,39,Odara,minor,15,4,x
CAETANO,39,Odara,minor,16,5,9
CAETANO,39,Odara,minor,17,4,1
CAETANO,39,Odara,minor,18,5,13
CAETANO,39,Odara,minor,19,6,x
CAETANO,39,Odara,minor,20,b7,1
CAETANO,39,Odara,minor,21,6,x
CAETANO,39,Odara,minor,22,5,13
CAETANO,39,Odara,minor,23,4,11
CAETANO,39,Odara,minor,24,3,x
CAETANO,39,Odara,minor,25,4,11
CAETANO,39,Odara,minor,26,3,3
CAETANO,39,Odara,minor,27,5,9
CAETANO,39,Odara,minor,28,4,x
CAETANO,39,Odara,minor,29,5,9
CAETANO,39,Odara,minor,30,4,1
CAETANO,39,Odara,minor,31,5,13
CAETANO,39,Odara,minor,32,6,x
CAETANO,39,Odara,minor,33,b7,1
CAETANO,39,Odara,minor,34,6,x
CAETANO,39,Odara,minor,35,5,13
CAETANO,39,Odara,minor,36,4,x
CAETANO,39,Odara,minor,37,#3,5
CAETANO,39,Odara,minor,38,4,x
CAETANO,39,Odara,minor,39,#3,5
CAETANO,39,Odara,minor,40,6,1
CAETANO,39,Odara,minor,41,b7,x
CAETANO,39,Odara,minor,42,1,3
CAETANO,39,Odara,minor,43,b7,x
CAETANO,39,Odara,minor,44,6,1
CAETANO,39,Odara,minor,45,#6,9
CAETANO,39,Odara,minor,46,5,x
CAETANO,39,Odara,minor,47,#6,9
CAETANO,39,Odara,minor,48,5,1
CAETANO,39,Odara,minor,49,b7,7
CAETANO,39,Odara,minor,50,1,x
CAETANO,39,Odara,minor,51,#1/b2,b9/#9
CAETANO,39,Odara,minor,52,1,x
CAETANO,39,Odara,minor,53,b7,7
CAETANO,39,Odara,minor,54,5,9
CAETANO,39,Odara,minor,55,4,x
CAETANO,39,Odara,minor,56,5,9
CAETANO,39,Odara,minor,57,4,1
CAETANO,39,Odara,minor,58,5,13
CAETANO,39,Odara,minor,59,6,x
CAETANO,39,Odara,minor,60,b7,1
CAETANO,39,Odara,minor,61,6,x
CAETANO,39,Odara,minor,62,5,13
CAETANO,39,Odara,minor,63,4,x
CAETANO,39,Odara,minor,64,3,3
CAETANO,40,O leaozinho,major,1,3,3
CAETANO,40,O leaozinho,major,2,5,5
CAETANO,40,O leaozinho,major,3,5,1
CAETANO,40,O leaozinho,major,4,4,7
CAETANO,40,O leaozinho,major,5,3,x
CAETANO,40,O leaozinho,major,6,2,5
CAETANO,40,O leaozinho,major,7,1,3
CAETANO,40,O leaozinho,major,8,3,5
CAETANO,40,O leaozinho,major,9,5,7
CAETANO,40,O leaozinho,major,10,5,3
CAETANO,40,O leaozinho,major,11,3,7
CAETANO,40,O leaozinho,major,12,5,9
CAETANO,40,O leaozinho,major,13,5,6
CAETANO,40,O leaozinho,major,14,4,5
CAETANO,40,O leaozinho,major,15,3,x
CAETANO,40,O leaozinho,major,16,2,3
CAETANO,40,O leaozinho,major,17,1,1
CAETANO,41,O quereres,major,1,1,1
CAETANO,41,O quereres,major,2,2,x
CAETANO,41,O quereres,major,3,1,1
CAETANO,41,O quereres,major,4,2,x
CAETANO,41,O quereres,major,5,1,1
CAETANO,41,O quereres,major,6,2,1
CAETANO,41,O quereres,major,7,1,7
CAETANO,41,O quereres,major,8,2,x
CAETANO,41,O quereres,major,9,1,7
CAETANO,41,O quereres,major,10,2,x
CAETANO,41,O quereres,major,11,1,7
CAETANO,41,O quereres,major,12,3,3
CAETANO,41,O quereres,major,13,1,1
CAETANO,41,O quereres,major,14,2,x
CAETANO,41,O quereres,major,15,1,1
CAETANO,41,O quereres,major,16,2,x
CAETANO,41,O quereres,major,17,1,7
CAETANO,41,O quereres,major,18,2,x
CAETANO,41,O quereres,major,19,1,7
CAETANO,41,O quereres,major,20,2,x
CAETANO,41,O quereres,major,21,1,7
CAETANO,41,O quereres,major,22,2,11
CAETANO,41,O quereres,major,23,6,1
CAETANO,41,O quereres,major,24,1,3
CAETANO,41,O quereres,major,25,6,1
CAETANO,41,O quereres,major,26,1,3
CAETANO,41,O quereres,major,27,3,5
CAETANO,41,O quereres,major,28,#2/b3,5
CAETANO,41,O quereres,major,29,1,3
CAETANO,41,O quereres,major,30,#2/b3,5
CAETANO,41,O quereres,major,31,1,3
CAETANO,41,O quereres,major,32,#2/b3,5
CAETANO,41,O quereres,major,33,1,3
CAETANO,41,O quereres,major,34,2,11
CAETANO,41,O quereres,major,35,6,1
CAETANO,41,O quereres,major,36,1,3
CAETANO,41,O quereres,major,37,6,1
CAETANO,41,O quereres,major,38,1,3
CAETANO,41,O quereres,major,39,6,1
CAETANO,41,O quereres,major,40,1,1
CAETANO,41,O quereres,major,41,6,x
CAETANO,41,O quereres,major,42,4,5
CAETANO,41,O quereres,major,43,2,3
CAETANO,41,O quereres,major,44,1,1
CAETANO,41,O quereres,major,45,6,5
CAETANO,41,O quereres,major,46,4,1
CAETANO,41,O quereres,major,47,1,5
CAETANO,41,O quereres,major,48,2,6
CAETANO,41,O quereres,major,49,1,1
CAETANO,41,O quereres,major,50,3,5
CAETANO,41,O quereres,major,51,2,x
CAETANO,41,O quereres,major,52,1,3
CAETANO,41,O quereres,major,53,6,1
CAETANO,41,O quereres,major,54,1,3
CAETANO,41,O quereres,major,55,3,5
CAETANO,41,O quereres,major,56,5,3
CAETANO,41,O quereres,major,57,3,5
CAETANO,41,O quereres,major,58,2,x
CAETANO,41,O quereres,major,59,1,3
CAETANO,41,O quereres,major,60,6,1
CAETANO,41,O quereres,major,61,1,3
CAETANO,41,O quereres,major,62,6,5
CAETANO,41,O quereres,major,63,6,3
CAETANO,42,Os argonautas,minor,1,6,x
CAETANO,42,Os argonautas,minor,2,5,5
CAETANO,42,Os argonautas,minor,3,3,3
CAETANO,42,Os argonautas,minor,4,2,5
CAETANO,42,Os argonautas,minor,5,1,x
CAETANO,42,Os argonautas,minor,6,7,3
CAETANO,42,Os argonautas,minor,7,1,1
CAETANO,42,Os argonautas,minor,8,2,x
CAETANO,42,Os argonautas,minor,9,3,1
CAETANO,42,Os argonautas,minor,10,2,1
CAETANO,42,Os argonautas,minor,11,7,3
CAETANO,42,Os argonautas,minor,12,6,b9/#9
CAETANO,42,Os argonautas,minor,13,5,x
CAETANO,42,Os argonautas,minor,14,4,7
CAETANO,42,Os argonautas,minor,15,5,1
CAETANO,42,Os argonautas,minor,16,3,x
CAETANO,42,Os argonautas,minor,17,2,x
CAETANO,42,Os argonautas,minor,18,1,3
CAETANO,42,Os argonautas,minor,19,1,9
CAETANO,42,Os argonautas,minor,20,b7,x
CAETANO,42,Os argonautas,minor,21,6,x
CAETANO,42,Os argonautas,minor,22,5,13
CAETANO,42,Os argonautas,minor,23,6,7
CAETANO,42,Os argonautas,minor,24,b7,x
CAETANO,42,Os argonautas,minor,25,6,x
CAETANO,42,Os argonautas,minor,26,5,3
CAETANO,42,Os argonautas,minor,27,6,x
CAETANO,42,Os argonautas,minor,28,5,11
CAETANO,42,Os argonautas,minor,29,4,3
CAETANO,42,Os argonautas,minor,30,3,x
CAETANO,42,Os argonautas,minor,31,2,5
CAETANO,42,Os argonautas,minor,32,6,b9/#9
CAETANO,42,Os argonautas,minor,33,5,5
CAETANO,42,Os argonautas,minor,34,3,1
CAETANO,42,Os argonautas,minor,35,2,5
CAETANO,42,Os argonautas,minor,36,1,x
CAETANO,42,Os argonautas,minor,37,7,3
CAETANO,42,Os argonautas,minor,38,1,1
CAETANO,42,Os argonautas,minor,39,3,3
CAETANO,42,Os argonautas,minor,40,2,x
CAETANO,42,Os argonautas,minor,41,1,3
CAETANO,43,Quero ir a Cuba,major,1,5,5
CAETANO,43,Quero ir a Cuba,major,2,1,1
CAETANO,43,Quero ir a Cuba,major,3,6,6
CAETANO,43,Quero ir a Cuba,major,4,7,5
CAETANO,43,Quero ir a Cuba,major,5,5,3
CAETANO,43,Quero ir a Cuba,major,6,6,5
CAETANO,43,Quero ir a Cuba,major,7,4,3
CAETANO,43,Quero ir a Cuba,major,8,5,1
CAETANO,43,Quero ir a Cuba,major,9,4,x
CAETANO,43,Quero ir a Cuba,major,10,3,x
CAETANO,43,Quero ir a Cuba,major,11,2,5
CAETANO,43,Quero ir a Cuba,major,12,1,1
CAETANO,43,Quero ir a Cuba,major,13,2,x
CAETANO,43,Quero ir a Cuba,major,14,3,1
CAETANO,43,Quero ir a Cuba,major,15,5,3
CAETANO,43,Quero ir a Cuba,major,16,4,3
CAETANO,43,Quero ir a Cuba,major,17,5,1
CAETANO,43,Quero ir a Cuba,major,18,1,1
CAETANO,43,Quero ir a Cuba,major,19,6,6
CAETANO,43,Quero ir a Cuba,major,20,7,5
CAETANO,43,Quero ir a Cuba,major,21,5,3
CAETANO,43,Quero ir a Cuba,major,22,6,5
CAETANO,43,Quero ir a Cuba,major,23,4,3
CAETANO,43,Quero ir a Cuba,major,24,5,1
CAETANO,43,Quero ir a Cuba,major,25,4,x
CAETANO,43,Quero ir a Cuba,major,26,3,x
CAETANO,43,Quero ir a Cuba,major,27,2,5
CAETANO,43,Quero ir a Cuba,major,28,1,1
CAETANO,43,Quero ir a Cuba,major,29,3,1
CAETANO,43,Quero ir a Cuba,major,30,4,x
CAETANO,43,Quero ir a Cuba,major,31,5,7
CAETANO,43,Quero ir a Cuba,major,32,6,1
CAETANO,43,Quero ir a Cuba,major,33,4,1
CAETANO,43,Quero ir a Cuba,major,34,5,x
CAETANO,43,Quero ir a Cuba,major,35,#5/b6,7
CAETANO,43,Quero ir a Cuba,major,36,1,9
CAETANO,43,Quero ir a Cuba,major,37,7,5
CAETANO,44,Outras palavras,major,1,3,x
CAETANO,44,Outras palavras,major,2,2,x
CAETANO,44,Outras palavras,major,3,1,7
CAETANO,44,Outras palavras,major,4,6,5
CAETANO,44,Outras palavras,major,5,7,3
CAETANO,44,Outras palavras,major,6,6,x
CAETANO,44,Outras palavras,major,7,5,1
CAETANO,44,Outras palavras,major,8,4,7
CAETANO,44,Outras palavras,major,9,5,x
CAETANO,44,Outras palavras,major,10,6,9
CAETANO,44,Outras palavras,major,11,3,9
CAETANO,44,Outras palavras,major,12,2,x
CAETANO,44,Outras palavras,major,13,1,7
CAETANO,44,Outras palavras,major,14,6,5
CAETANO,44,Outras palavras,major,15,7,3
CAETANO,44,Outras palavras,major,16,3,9
CAETANO,44,Outras palavras,major,17,2,x
CAETANO,44,Outras palavras,major,18,1,7
CAETANO,44,Outras palavras,major,19,6,5
CAETANO,44,Outras palavras,major,20,7,3
CAETANO,44,Outras palavras,major,21,6,x
CAETANO,44,Outras palavras,major,22,5,1
CAETANO,44,Outras palavras,major,23,4,7
CAETANO,44,Outras palavras,major,24,5,x
CAETANO,44,Outras palavras,major,25,6,9
CAETANO,44,Outras palavras,major,26,3,9
CAETANO,44,Outras palavras,major,27,2,x
CAETANO,44,Outras palavras,major,28,1,7
CAETANO,44,Outras palavras,major,29,6,5
CAETANO,44,Outras palavras,major,30,7,9
CAETANO,44,Outras palavras,major,31,3,9
CAETANO,44,Outras palavras,major,32,2,x
CAETANO,44,Outras palavras,major,33,1,7
CAETANO,44,Outras palavras,major,34,6,5
CAETANO,44,Outras palavras,major,35,7,9
CAETANO,44,Outras palavras,major,36,6,x
CAETANO,44,Outras palavras,major,37,5,7
CAETANO,44,Outras palavras,major,38,3,5
CAETANO,44,Outras palavras,major,39,5,7
CAETANO,44,Outras palavras,major,40,6,x
CAETANO,44,Outras palavras,major,41,7,6
CAETANO,44,Outras palavras,major,42,2,1
CAETANO,44,Outras palavras,major,43,3,9
CAETANO,44,Outras palavras,major,44,5,11
CAETANO,44,Outras palavras,major,45,6,9
CAETANO,44,Outras palavras,major,46,5,5
CAETANO,44,Outras palavras,major,47,#2/b3,5
CAETANO,44,Outras palavras,major,48,4,11
CAETANO,44,Outras palavras,major,49,3,13
CAETANO,44,Outras palavras,major,50,5,5
CAETANO,44,Outras palavras,major,51,3,3
CAETANO,44,Outras palavras,major,52,#2/b3,5
CAETANO,44,Outras palavras,major,53,4,11
CAETANO,44,Outras palavras,major,54,4,7
CAETANO,44,Outras palavras,major,55,3,3
CAETANO,44,Outras palavras,major,56,1,1
CAETANO,44,Outras palavras,major,57,#2/b3,5
CAETANO,44,Outras palavras,major,58,4,11
CAETANO,44,Outras palavras,major,59,3,13
CAETANO,44,Outras palavras,major,60,5,5
CAETANO,44,Outras palavras,major,61,3,3
CAETANO,44,Outras palavras,major,62,#2/b3,5
CAETANO,44,Outras palavras,major,63,4,11
CAETANO,44,Outras palavras,major,64,4,7
CAETANO,44,Outras palavras,major,65,3,7
CAETANO,44,Outras palavras,major,66,1,5
CAETANO,45,Pecado original,major,1,1,11
CAETANO,45,Pecado original,major,2,2,x
CAETANO,45,Pecado original,major,3,1,11
CAETANO,45,Pecado original,major,4,2,x
CAETANO,45,Pecado original,major,5,1,#11
CAETANO,45,Pecado original,major,6,1,x
CAETANO,45,Pecado original,major,7,2,#11
CAETANO,45,Pecado original,major,8,1,x
CAETANO,45,Pecado original,major,9,2,7
CAETANO,45,Pecado original,major,10,1,x
CAETANO,45,Pecado original,major,11,2,7
CAETANO,45,Pecado original,major,12,1,x
CAETANO,45,Pecado original,major,13,1,5
CAETANO,45,Pecado original,major,14,7,x
CAETANO,45,Pecado original,major,15,#6/b7,x
CAETANO,45,Pecado original,major,16,6,3
CAETANO,45,Pecado original,major,17,#4/b5,3
CAETANO,45,Pecado original,major,18,5,3
CAETANO,45,Pecado original,major,19,6,x
CAETANO,45,Pecado original,major,20,5,3
CAETANO,45,Pecado original,major,21,6,x
CAETANO,45,Pecado original,major,22,5,3
CAETANO,45,Pecado original,major,23,5,3
CAETANO,45,Pecado original,major,24,5,11
CAETANO,45,Pecado original,major,25,6,x
CAETANO,45,Pecado original,major,26,5,11
CAETANO,45,Pecado original,major,27,6,x
CAETANO,45,Pecado original,major,28,5,x
CAETANO,45,Pecado original,major,29,5,1
CAETANO,45,Pecado original,major,30,7,7
CAETANO,45,Pecado original,major,31,1,x
CAETANO,45,Pecado original,major,32,7,7
CAETANO,45,Pecado original,major,33,1,x
CAETANO,45,Pecado original,major,34,7,7
CAETANO,45,Pecado original,major,35,7,11
CAETANO,45,Pecado original,major,36,1,x
CAETANO,45,Pecado original,major,37,7,11
CAETANO,45,Pecado original,major,38,2,b9/#9
CAETANO,45,Pecado original,major,39,#1/b2,x
CAETANO,45,Pecado original,major,40,1,b9/#9
CAETANO,45,Pecado original,major,41,7,x
CAETANO,45,Pecado original,major,42,3,3
CAETANO,45,Pecado original,major,43,5,5
CAETANO,45,Pecado original,major,44,3,3
CAETANO,45,Pecado original,major,45,1,1
CAETANO,45,Pecado original,major,46,6,x
CAETANO,45,Pecado original,major,47,5,5
CAETANO,45,Pecado original,major,48,3,3
CAETANO,45,Pecado original,major,49,4,3
CAETANO,45,Pecado original,major,50,#5/b6,5
CAETANO,45,Pecado original,major,51,4,3
CAETANO,45,Pecado original,major,52,#1/b2,1
CAETANO,45,Pecado original,major,53,#6/b7,x
CAETANO,45,Pecado original,major,54,#5/b6,5
CAETANO,45,Pecado original,major,55,4,3
CAETANO,45,Pecado original,major,56,4,3
CAETANO,45,Pecado original,major,57,5,x
CAETANO,45,Pecado original,major,58,6,5
CAETANO,45,Pecado original,major,59,1,7
CAETANO,45,Pecado original,major,60,3,9
CAETANO,45,Pecado original,major,61,5,x
CAETANO,45,Pecado original,major,62,4,3
CAETANO,45,Pecado original,major,63,2,1
CAETANO,45,Pecado original,major,64,4,7
CAETANO,45,Pecado original,major,65,5,1
CAETANO,45,Pecado original,major,66,7,3
CAETANO,45,Pecado original,major,67,2,5
CAETANO,45,Pecado original,major,68,4,7
CAETANO,45,Pecado original,major,69,6,9
CAETANO,45,Pecado original,major,70,5,1
CAETANO,45,Pecado original,major,71,3,13
CAETANO,46,Rapte-me camaleoa,major,1,3,3
CAETANO,46,Rapte-me camaleoa,major,2,1,1
CAETANO,46,Rapte-me camaleoa,major,3,7,7
CAETANO,46,Rapte-me camaleoa,major,4,3,3
CAETANO,46,Rapte-me camaleoa,major,5,4,x
CAETANO,46,Rapte-me camaleoa,major,6,3,3
CAETANO,46,Rapte-me camaleoa,major,7,1,1
CAETANO,46,Rapte-me camaleoa,major,8,2,9
CAETANO,46,Rapte-me camaleoa,major,9,4,5
CAETANO,46,Rapte-me camaleoa,major,10,2,3
CAETANO,46,Rapte-me camaleoa,major,11,3,x
CAETANO,46,Rapte-me camaleoa,major,12,4,5
CAETANO,46,Rapte-me camaleoa,major,13,5,x
CAETANO,46,Rapte-me camaleoa,major,14,4,5
CAETANO,46,Rapte-me camaleoa,major,15,3,x
CAETANO,46,Rapte-me camaleoa,major,16,4,5
CAETANO,46,Rapte-me camaleoa,major,17,3,#11
CAETANO,46,Rapte-me camaleoa,major,18,5,7
CAETANO,46,Rapte-me camaleoa,major,19,3,5
CAETANO,46,Rapte-me camaleoa,major,20,4,x
CAETANO,46,Rapte-me camaleoa,major,21,5,7
CAETANO,46,Rapte-me camaleoa,major,22,6,x
CAETANO,46,Rapte-me camaleoa,major,23,5,7
CAETANO,46,Rapte-me camaleoa,major,24,#4/b5,x
CAETANO,46,Rapte-me camaleoa,major,25,5,7
CAETANO,46,Rapte-me camaleoa,major,26,6,5
CAETANO,46,Rapte-me camaleoa,major,27,5,7
CAETANO,46,Rapte-me camaleoa,major,28,#4/b5,x
CAETANO,46,Rapte-me camaleoa,major,29,5,7
CAETANO,46,Rapte-me camaleoa,major,30,6,x
CAETANO,46,Rapte-me camaleoa,major,31,5,7
CAETANO,46,Rapte-me camaleoa,major,32,#4/b5,6
CAETANO,46,Rapte-me camaleoa,major,33,6,5
CAETANO,46,Rapte-me camaleoa,major,34,5,7
CAETANO,46,Rapte-me camaleoa,major,35,#4/b5,x
CAETANO,46,Rapte-me camaleoa,major,36,5,7
CAETANO,46,Rapte-me camaleoa,major,37,6,x
CAETANO,46,Rapte-me camaleoa,major,38,5,7
CAETANO,46,Rapte-me camaleoa,major,39,#4/b5,x
CAETANO,46,Rapte-me camaleoa,major,40,5,7
CAETANO,46,Rapte-me camaleoa,major,41,6,5
CAETANO,46,Rapte-me camaleoa,major,42,1,x
CAETANO,46,Rapte-me camaleoa,major,43,7,3
CAETANO,46,Rapte-me camaleoa,major,44,5,1
CAETANO,46,Rapte-me camaleoa,major,45,1,x
CAETANO,46,Rapte-me camaleoa,major,46,7,3
CAETANO,46,Rapte-me camaleoa,major,47,5,1
CAETANO,46,Rapte-me camaleoa,major,48,1,x
CAETANO,46,Rapte-me camaleoa,major,49,7,3
CAETANO,46,Rapte-me camaleoa,major,50,5,1
CAETANO,46,Rapte-me camaleoa,major,51,1,x
CAETANO,46,Rapte-me camaleoa,major,52,7,3
CAETANO,46,Rapte-me camaleoa,major,53,5,1
CAETANO,46,Rapte-me camaleoa,major,54,6,3
CAETANO,46,Rapte-me camaleoa,major,55,5,x
CAETANO,46,Rapte-me camaleoa,major,56,4,1
CAETANO,47,Podres poderes,major,1,5,5
CAETANO,47,Podres poderes,major,2,3,3
CAETANO,47,Podres poderes,major,3,2,x
CAETANO,47,Podres poderes,major,4,3,3
CAETANO,47,Podres poderes,major,5,2,x
CAETANO,47,Podres poderes,major,6,1,1
CAETANO,47,Podres poderes,major,7,2,x
CAETANO,47,Podres poderes,major,8,1,1
CAETANO,47,Podres poderes,major,9,6,6
CAETANO,47,Podres poderes,major,10,1,1
CAETANO,47,Podres poderes,major,11,6,6
CAETANO,47,Podres poderes,major,12,1,1
CAETANO,47,Podres poderes,major,13,2,9
CAETANO,47,Podres poderes,major,14,6,5
CAETANO,47,Podres poderes,major,15,3,9
CAETANO,47,Podres poderes,major,16,2,x
CAETANO,47,Podres poderes,major,17,3,9
CAETANO,47,Podres poderes,major,18,2,x
CAETANO,47,Podres poderes,major,19,1,7
CAETANO,47,Podres poderes,major,20,2,x
CAETANO,47,Podres poderes,major,21,1,7
CAETANO,47,Podres poderes,major,22,6,5
CAETANO,47,Podres poderes,major,23,1,7
CAETANO,47,Podres poderes,major,24,6,5
CAETANO,47,Podres poderes,major,25,1,x
CAETANO,47,Podres poderes,major,26,2,1
CAETANO,47,Podres poderes,major,27,6,3
CAETANO,47,Podres poderes,major,28,3,7
CAETANO,47,Podres poderes,major,29,2,x
CAETANO,47,Podres poderes,major,30,1,5
CAETANO,47,Podres poderes,major,31,6,3
CAETANO,47,Podres poderes,major,32,5,1
CAETANO,47,Podres poderes,major,33,4,3
CAETANO,47,Podres poderes,major,34,#2/b3,5
CAETANO,47,Podres poderes,major,35,1,3
CAETANO,47,Podres poderes,major,36,3,3
CAETANO,47,Podres poderes,major,37,2,9
CAETANO,47,Podres poderes,major,38,1,1
CAETANO,47,Podres poderes,major,39,6,6
CAETANO,47,Podres poderes,major,40,1,1
CAETANO,47,Podres poderes,major,41,3,3
CAETANO,47,Podres poderes,major,42,3,1
CAETANO,47,Podres poderes,major,43,2,7
CAETANO,47,Podres poderes,major,44,1,b13
CAETANO,47,Podres poderes,major,45,6,3
CAETANO,47,Podres poderes,major,46,1,5
CAETANO,47,Podres poderes,major,47,3,7
CAETANO,47,Podres poderes,major,48,2,6
CAETANO,47,Podres poderes,major,49,1,5
CAETANO,47,Podres poderes,major,50,6,3
CAETANO,47,Podres poderes,major,51,1,5
CAETANO,47,Podres poderes,major,52,3,#11
CAETANO,47,Podres poderes,major,53,4,5
CAETANO,47,Podres poderes,major,54,2,3
CAETANO,48,Sim nao,major,1,5,5
CAETANO,48,Sim nao,major,2,5,9
CAETANO,48,Sim nao,major,3,5,1
CAETANO,48,Sim nao,major,4,5,5
CAETANO,48,Sim nao,major,5,3,3
CAETANO,48,Sim nao,major,6,1,1
CAETANO,48,Sim nao,major,7,3,3
CAETANO,48,Sim nao,major,8,6,6
CAETANO,48,Sim nao,major,9,5,1
CAETANO,48,Sim nao,major,10,5,5
CAETANO,48,Sim nao,major,11,3,3
CAETANO,48,Sim nao,major,12,1,1
CAETANO,48,Sim nao,major,13,1,5
CAETANO,48,Sim nao,major,14,3,13
CAETANO,48,Sim nao,major,15,2,5
CAETANO,48,Sim nao,major,16,1,1
CAETANO,48,Sim nao,major,17,5,5
CAETANO,48,Sim nao,major,18,6,6
CAETANO,48,Sim nao,major,19,1,5
CAETANO,48,Sim nao,major,20,2,x
CAETANO,48,Sim nao,major,21,3,13
CAETANO,48,Sim nao,major,22,6,9
CAETANO,48,Sim nao,major,23,5,5
CAETANO,48,Sim nao,major,24,3,3
CAETANO,48,Sim nao,major,25,1,1
CAETANO,48,Sim nao,major,26,2,6
CAETANO,48,Sim nao,major,27,4,1
CAETANO,48,Sim nao,major,28,3,13
CAETANO,48,Sim nao,major,29,2,5
CAETANO,48,Sim nao,major,30,1,1
CAETANO,49,Sampa,major,1,3,3
CAETANO,49,Sampa,major,2,5,5
CAETANO,49,Sampa,major,3,3,11
CAETANO,49,Sampa,major,4,#5/b6,3
CAETANO,49,Sampa,major,5,5,x
CAETANO,49,Sampa,major,6,#5/b6,3
CAETANO,49,Sampa,major,7,3,5
CAETANO,49,Sampa,major,8,6,b9/#9
CAETANO,49,Sampa,major,9,6,3
CAETANO,49,Sampa,major,10,#5/b6,x
CAETANO,49,Sampa,major,11,6,3
CAETANO,49,Sampa,major,12,1,5
CAETANO,49,Sampa,major,13,6,1
CAETANO,49,Sampa,major,14,#5/b6,x
CAETANO,49,Sampa,major,15,6,1
CAETANO,49,Sampa,major,16,#1/b2,3
CAETANO,49,Sampa,major,17,1,x
CAETANO,49,Sampa,major,18,#1/b2,3
CAETANO,49,Sampa,major,19,6,5
CAETANO,49,Sampa,major,20,#5/b6,x
CAETANO,49,Sampa,major,21,5,1
CAETANO,49,Sampa,major,22,#4/b5,x
CAETANO,49,Sampa,major,23,5,1
CAETANO,49,Sampa,major,24,7,3
CAETANO,49,Sampa,major,25,#6/b7,x
CAETANO,49,Sampa,major,26,7,3
CAETANO,49,Sampa,major,27,2,5
CAETANO,49,Sampa,major,28,5,x
CAETANO,49,Sampa,major,29,4,7
CAETANO,49,Sampa,major,30,5,x
CAETANO,49,Sampa,major,31,4,7
CAETANO,49,Sampa,major,32,3,5
CAETANO,49,Sampa,major,33,2,1
CAETANO,49,Sampa,major,34,#4/b5,3
CAETANO,49,Sampa,major,35,6,5
CAETANO,49,Sampa,major,36,1,7
CAETANO,49,Sampa,major,37,6,5
CAETANO,49,Sampa,major,38,2,1
CAETANO,49,Sampa,major,39,#4/b5,3
CAETANO,49,Sampa,major,40,6,5
CAETANO,49,Sampa,major,41,1,7
CAETANO,49,Sampa,major,42,6,5
CAETANO,49,Sampa,major,43,5,1
CAETANO,49,Sampa,major,44,1,11
CAETANO,49,Sampa,major,45,1,1
CAETANO,49,Sampa,major,46,1,5
CAETANO,49,Sampa,major,47,1,5
CAETANO,49,Sampa,major,48,5,5
CAETANO,49,Sampa,major,49,6,1
CAETANO,49,Sampa,major,50,4,3
CAETANO,49,Sampa,major,51,5,1
CAETANO,49,Sampa,major,52,#4/b5,x
CAETANO,49,Sampa,major,53,5,1
CAETANO,49,Sampa,major,54,3,1
CAETANO,49,Sampa,major,55,3,5
CAETANO,49,Sampa,major,56,3,9
CAETANO,49,Sampa,major,57,6,5
CAETANO,49,Sampa,major,58,#2/b3,5
CAETANO,49,Sampa,major,59,2,5
CAETANO,49,Sampa,major,60,1,1
CAETANO,50,Superbacana,major,1,5,5
CAETANO,50,Superbacana,major,2,3,3
CAETANO,50,Superbacana,major,3,6,x
CAETANO,50,Superbacana,major,4,5,1
CAETANO,50,Superbacana,major,5,3,13
CAETANO,50,Superbacana,major,6,6,x
CAETANO,50,Superbacana,major,7,5,7
CAETANO,50,Superbacana,major,8,3,5
CAETANO,50,Superbacana,major,9,1,3
CAETANO,50,Superbacana,major,10,7,x
CAETANO,50,Superbacana,major,11,6,13
CAETANO,50,Superbacana,major,12,5,5
CAETANO,50,Superbacana,major,13,3,3
CAETANO,50,Superbacana,major,14,4,1
CAETANO,50,Superbacana,major,15,2,6
CAETANO,50,Superbacana,major,16,7,#11
CAETANO,50,Superbacana,major,17,6,x
CAETANO,50,Superbacana,major,18,5,13
CAETANO,50,Superbacana,major,19,4,3
CAETANO,50,Superbacana,major,20,2,3
CAETANO,50,Superbacana,major,21,5,5
CAETANO,50,Superbacana,major,22,3,3
CAETANO,50,Superbacana,major,23,6,x
CAETANO,50,Superbacana,major,24,5,7
CAETANO,50,Superbacana,major,25,3,5
CAETANO,50,Superbacana,major,26,4,3
CAETANO,50,Superbacana,major,27,5,x
CAETANO,50,Superbacana,major,28,6,9
CAETANO,50,Superbacana,major,29,7,3
CAETANO,50,Superbacana,major,30,1,x
CAETANO,50,Superbacana,major,31,2,5
CAETANO,50,Superbacana,major,32,3,1
CAETANO,50,Superbacana,major,33,7,5
CAETANO,50,Superbacana,major,34,4,b9/#9
CAETANO,50,Superbacana,major,35,3,1
CAETANO,50,Superbacana,major,36,7,5
CAETANO,50,Superbacana,major,37,3,5
CAETANO,50,Superbacana,major,38,7,9
CAETANO,50,Superbacana,major,39,4,b13
CAETANO,50,Superbacana,major,40,3,5
CAETANO,50,Superbacana,major,41,7,9
CAETANO,50,Superbacana,major,42,3,9
CAETANO,50,Superbacana,major,43,7,13
CAETANO,50,Superbacana,major,44,4,x
CAETANO,50,Superbacana,major,45,3,9
CAETANO,50,Superbacana,major,46,7,13
CAETANO,50,Superbacana,major,47,3,13
CAETANO,50,Superbacana,major,48,7,3
CAETANO,50,Superbacana,major,49,4,x
CAETANO,50,Superbacana,major,50,3,13
CAETANO,50,Superbacana,major,51,7,3
CAETANO,50,Superbacana,major,52,2,9
CAETANO,50,Superbacana,major,53,1,x
CAETANO,50,Superbacana,major,54,2,11
CAETANO,50,Superbacana,major,55,1,x
CAETANO,50,Superbacana,major,56,2,x
CAETANO,50,Superbacana,major,57,1,1
CAETANO,50,Superbacana,major,58,2,5
CHICO,1,A banda,major,1,1,1
CHICO,1,A banda,major,2,7,x
CHICO,1,A banda,major,3,6,x
CHICO,1,A banda,major,4,5,1
CHICO,1,A banda,major,5,7,3
CHICO,1,A banda,major,6,6,x
CHICO,1,A banda,major,7,5,1
CHICO,1,A banda,major,8,5,3
CHICO,1,A banda,major,9,3,1
CHICO,1,A banda,major,10,2,x
CHICO,1,A banda,major,11,#1/b2,3
CHICO,1,A banda,major,12,2,x
CHICO,1,A banda,major,13,3,5
CHICO,1,A banda,major,14,2,1
CHICO,1,A banda,major,15,1,x
CHICO,1,A banda,major,16,7,3
CHICO,1,A banda,major,17,1,x
CHICO,1,A banda,major,18,2,5
CHICO,1,A banda,major,19,1,1
CHICO,1,A banda,major,20,7,x
CHICO,1,A banda,major,21,6,x
CHICO,1,A banda,major,22,5,5
CHICO,1,A banda,major,23,7,3
CHICO,1,A banda,major,24,6,x
CHICO,1,A banda,major,25,5,1
CHICO,1,A banda,major,26,5,3
CHICO,1,A banda,major,27,3,1
CHICO,1,A banda,major,28,2,x
CHICO,1,A banda,major,29,#1/b2,3
CHICO,1,A banda,major,30,2,x
CHICO,1,A banda,major,31,3,5
CHICO,1,A banda,major,32,2,1
CHICO,1,A banda,major,33,1,x
CHICO,1,A banda,major,34,7,3
CHICO,1,A banda,major,35,1,x
CHICO,1,A banda,major,36,2,5
CHICO,1,A banda,major,37,1,1
CHICO,1,A banda,major,38,5,5
CHICO,1,A banda,major,39,1,1
CHICO,1,A banda,major,40,2,x
CHICO,1,A banda,major,41,3,3
CHICO,1,A banda,major,42,2,x
CHICO,1,A banda,major,43,1,1
CHICO,1,A banda,major,44,3,13
CHICO,1,A banda,major,45,2,5
CHICO,1,A banda,major,46,3,x
CHICO,1,A banda,major,47,4,x
CHICO,1,A banda,major,48,5,1
CHICO,1,A banda,major,49,5,7
CHICO,1,A banda,major,50,4,x
CHICO,1,A banda,major,51,3,5
CHICO,1,A banda,major,52,5,11
CHICO,1,A banda,major,53,4,3
CHICO,1,A banda,major,54,5,x
CHICO,1,A banda,major,55,4,3
CHICO,1,A banda,major,56,3,11
CHICO,1,A banda,major,57,#4/b5,x
CHICO,1,A banda,major,58,#5/b6,3
CHICO,1,A banda,major,59,4,b9/#9
CHICO,1,A banda,major,60,3,1
CHICO,1,A banda,major,61,6,11
CHICO,1,A banda,major,62,5,1
CHICO,1,A banda,major,63,5,7
CHICO,1,A banda,major,64,4,x
CHICO,1,A banda,major,65,3,5
CHICO,2,A Rita,major,1,3,13
CHICO,2,A Rita,major,2,4,7
CHICO,2,A Rita,major,3,3,13
CHICO,2,A Rita,major,4,5,11
CHICO,2,A Rita,major,5,4,3
CHICO,2,A Rita,major,6,2,1
CHICO,2,A Rita,major,7,5,11
CHICO,2,A Rita,major,8,2,5
CHICO,2,A Rita,major,9,3,x
CHICO,2,A Rita,major,10,4,7
CHICO,2,A Rita,major,11,3,13
CHICO,2,A Rita,major,12,5,5
CHICO,2,A Rita,major,13,3,3
CHICO,2,A Rita,major,14,1,1
CHICO,2,A Rita,major,15,5,5
CHICO,2,A Rita,major,16,1,1
CHICO,2,A Rita,major,17,3,3
CHICO,2,A Rita,major,18,5,5
CHICO,2,A Rita,major,19,#6/b7,3
CHICO,2,A Rita,major,20,6,x
CHICO,2,A Rita,major,21,5,1
CHICO,2,A Rita,major,22,#6/b7,3
CHICO,2,A Rita,major,23,6,x
CHICO,2,A Rita,major,24,4,1
CHICO,2,A Rita,major,25,#6/b7,3
CHICO,2,A Rita,major,26,#6/b7,7
CHICO,2,A Rita,major,27,6,x
CHICO,2,A Rita,major,28,5,5
CHICO,2,A Rita,major,29,1,5
CHICO,2,A Rita,major,30,6,3
CHICO,2,A Rita,major,31,4,1
CHICO,2,A Rita,major,32,1,5
CHICO,2,A Rita,major,33,5,5
CHICO,2,A Rita,major,34,#6/b7,x
CHICO,2,A Rita,major,35,#5/b6,3
CHICO,2,A Rita,major,36,1,5
CHICO,2,A Rita,major,37,#6/b7,x
CHICO,2,A Rita,major,38,#5/b6,3
CHICO,2,A Rita,major,39,1,5
CHICO,2,A Rita,major,40,#6/b7,x
CHICO,2,A Rita,major,41,#5/b6,3
CHICO,2,A Rita,major,42,1,5
CHICO,2,A Rita,major,43,#5/b6,3
CHICO,2,A Rita,major,44,1,5
CHICO,2,A Rita,major,45,7,5
CHICO,2,A Rita,major,46,5,3
CHICO,2,A Rita,major,47,3,1
CHICO,2,A Rita,major,48,5,7
CHICO,2,A Rita,major,49,6,1
CHICO,2,A Rita,major,50,1,7
CHICO,2,A Rita,major,51,6,5
CHICO,2,A Rita,major,52,1,7
CHICO,2,A Rita,major,53,6,5
CHICO,2,A Rita,major,54,1,7
CHICO,2,A Rita,major,55,7,13
CHICO,2,A Rita,major,56,2,5
CHICO,3,Acorda amor,major,1,5,1
CHICO,3,Acorda amor,major,2,1,1
CHICO,3,Acorda amor,major,3,1,5
CHICO,3,Acorda amor,major,4,7,1
CHICO,3,Acorda amor,major,5,6,x
CHICO,3,Acorda amor,major,6,5,x
CHICO,3,Acorda amor,major,7,#4/b5,5
CHICO,3,Acorda amor,major,8,#5/b6,x
CHICO,3,Acorda amor,major,9,3,1
CHICO,3,Acorda amor,major,10,7,5
CHICO,3,Acorda amor,major,11,#6/b7,3
CHICO,3,Acorda amor,major,12,6,1
CHICO,3,Acorda amor,major,13,5,x
CHICO,3,Acorda amor,major,14,4,b13
CHICO,3,Acorda amor,major,15,3,5
CHICO,3,Acorda amor,major,16,3,x
CHICO,3,Acorda amor,major,17,2,1
CHICO,3,Acorda amor,major,18,6,5
CHICO,3,Acorda amor,major,19,6,9
CHICO,3,Acorda amor,major,20,5,x
CHICO,3,Acorda amor,major,21,4,7
CHICO,3,Acorda amor,major,22,3,x
CHICO,3,Acorda amor,major,23,4,7
CHICO,3,Acorda amor,major,24,5,1
CHICO,3,Acorda amor,major,25,#4/b5,x
CHICO,3,Acorda amor,major,26,5,1
CHICO,3,Acorda amor,major,27,#5/b6,b13
CHICO,3,Acorda amor,major,28,4,1
CHICO,3,Acorda amor,major,29,4,1
CHICO,3,Acorda amor,major,30,5,x
CHICO,3,Acorda amor,major,31,#5/b6,3
CHICO,3,Acorda amor,major,32,1,5
CHICO,3,Acorda amor,major,33,#5/b6,3
CHICO,3,Acorda amor,major,34,4,1
CHICO,3,Acorda amor,major,35,4,x
CHICO,3,Acorda amor,major,36,3,1
CHICO,3,Acorda amor,major,37,6,11
CHICO,3,Acorda amor,major,38,3,5
CHICO,3,Acorda amor,major,39,4,x
CHICO,3,Acorda amor,major,40,5,7
CHICO,3,Acorda amor,major,41,6,1
CHICO,3,Acorda amor,major,42,4,b13
CHICO,3,Acorda amor,major,43,3,9
CHICO,3,Acorda amor,major,44,2,1
CHICO,3,Acorda amor,major,45,6,5
CHICO,3,Acorda amor,major,46,5,1
CHICO,3,Acorda amor,major,47,1,1
CHICO,3,Acorda amor,major,48,3,3
CHICO,3,Acorda amor,major,49,1,1
CHICO,3,Acorda amor,major,50,5,5
CHICO,3,Acorda amor,major,51,1,5
CHICO,3,Acorda amor,major,52,2,x
CHICO,3,Acorda amor,major,53,1,5
CHICO,3,Acorda amor,major,54,7,1
CHICO,3,Acorda amor,major,55,6,7
CHICO,3,Acorda amor,major,56,7,5
CHICO,3,Acorda amor,major,57,1,6
CHICO,3,Acorda amor,major,58,#6/b7,3
CHICO,3,Acorda amor,major,59,6,1
CHICO,3,Acorda amor,major,60,5,x
CHICO,3,Acorda amor,major,61,6,5
CHICO,3,Acorda amor,major,62,7,6
CHICO,3,Acorda amor,major,63,6,x
CHICO,3,Acorda amor,major,64,5,1
CHICO,3,Acorda amor,major,65,4,x
CHICO,3,Acorda amor,major,66,5,1
CHICO,3,Acorda amor,major,67,1,5
CHICO,3,Acorda amor,major,68,4,1
CHICO,3,Acorda amor,major,69,5,x
CHICO,3,Acorda amor,major,70,#5/b6,3
CHICO,3,Acorda amor,major,71,1,5
CHICO,3,Acorda amor,major,72,#5/b6,3
CHICO,3,Acorda amor,major,73,4,1
CHICO,3,Acorda amor,major,74,3,1
CHICO,3,Acorda amor,major,75,6,11
CHICO,3,Acorda amor,major,76,7,x
CHICO,3,Acorda amor,major,77,1,3
CHICO,3,Acorda amor,major,78,3,5
CHICO,3,Acorda amor,major,79,1,3
CHICO,3,Acorda amor,major,80,6,1
CHICO,3,Acorda amor,major,81,6,5
CHICO,3,Acorda amor,major,82,5,x
CHICO,3,Acorda amor,major,83,#4/b5,3
CHICO,3,Acorda amor,major,84,5,x
CHICO,3,Acorda amor,major,85,2,1
CHICO,3,Acorda amor,major,86,6,5
CHICO,3,Acorda amor,major,87,2,1
CHICO,4,Agora falando serio,minor,1,5,5
CHICO,4,Agora falando serio,minor,2,1,5
CHICO,4,Agora falando serio,minor,3,1,1
CHICO,4,Agora falando serio,minor,4,5,5
CHICO,4,Agora falando serio,minor,5,4,1
CHICO,4,Agora falando serio,minor,6,5,x
CHICO,4,Agora falando serio,minor,7,6,3
CHICO,4,Agora falando serio,minor,8,b7,11
CHICO,4,Agora falando serio,minor,9,5,1
CHICO,4,Agora falando serio,minor,10,#6,x
CHICO,4,Agora falando serio,minor,11,7,3
CHICO,4,Agora falando serio,minor,12,1,1
CHICO,4,Agora falando serio,minor,13,2,x
CHICO,4,Agora falando serio,minor,14,#3,3
CHICO,4,Agora falando serio,minor,15,4,x
CHICO,4,Agora falando serio,minor,16,#3,3
CHICO,4,Agora falando serio,minor,17,2,x
CHICO,4,Agora falando serio,minor,18,1,1
CHICO,4,Agora falando serio,minor,19,2,x
CHICO,4,Agora falando serio,minor,20,#3,3
CHICO,4,Agora falando serio,minor,21,2,x
CHICO,4,Agora falando serio,minor,22,1,1
CHICO,4,Agora falando serio,minor,23,b7,1
CHICO,4,Agora falando serio,minor,24,1,x
CHICO,4,Agora falando serio,minor,25,2,3
CHICO,4,Agora falando serio,minor,26,3,1
CHICO,4,Agora falando serio,minor,27,5,3
CHICO,4,Agora falando serio,minor,28,b7,5
CHICO,4,Agora falando serio,minor,29,1,x
CHICO,4,Agora falando serio,minor,30,2,1
CHICO,4,Agora falando serio,minor,31,1,7
CHICO,4,Agora falando serio,minor,32,7,3
CHICO,4,Agora falando serio,minor,33,#6,x
CHICO,4,Agora falando serio,minor,34,5,1
CHICO,5,Atras da porta,minor,1,3,3
CHICO,5,Atras da porta,minor,2,2,9
CHICO,5,Atras da porta,minor,3,4,11
CHICO,5,Atras da porta,minor,4,3,3
CHICO,5,Atras da porta,minor,5,2,9
CHICO,5,Atras da porta,minor,6,4,11
CHICO,5,Atras da porta,minor,7,3,3
CHICO,5,Atras da porta,minor,8,1,3
CHICO,5,Atras da porta,minor,9,7,9
CHICO,5,Atras da porta,minor,10,2,11
CHICO,5,Atras da porta,minor,11,1,3
CHICO,5,Atras da porta,minor,12,1,7
CHICO,5,Atras da porta,minor,13,7,13
CHICO,5,Atras da porta,minor,14,2,1
CHICO,5,Atras da porta,minor,15,1,7
CHICO,5,Atras da porta,minor,16,#6,#11
CHICO,5,Atras da porta,minor,17,5,3
CHICO,5,Atras da porta,minor,18,b7,5
CHICO,5,Atras da porta,minor,19,#6,#11
CHICO,5,Atras da porta,minor,20,5,3
CHICO,5,Atras da porta,minor,21,b7,5
CHICO,5,Atras da porta,minor,22,#6,#11
CHICO,5,Atras da porta,minor,23,#6,5
CHICO,5,Atras da porta,minor,24,#3,9
CHICO,5,Atras da porta,minor,25,b7,b13
CHICO,5,Atras da porta,minor,26,#6,5
CHICO,5,Atras da porta,minor,27,1,7
CHICO,5,Atras da porta,minor,28,7,x
CHICO,5,Atras da porta,minor,29,b7,x
CHICO,5,Atras da porta,minor,30,#6,5
CHICO,5,Atras da porta,minor,31,5,5
CHICO,5,Atras da porta,minor,32,4,7
CHICO,5,Atras da porta,minor,33,6,b9/#9
CHICO,5,Atras da porta,minor,34,5,5
CHICO,5,Atras da porta,minor,35,4,7
CHICO,5,Atras da porta,minor,36,6,b9/#9
CHICO,5,Atras da porta,minor,37,5,1
CHICO,5,Atras da porta,minor,38,5,5
CHICO,5,Atras da porta,minor,39,#6,1
CHICO,5,Atras da porta,minor,40,5,7
CHICO,5,Atras da porta,minor,41,b7,x
CHICO,5,Atras da porta,minor,42,#6,1
CHICO,5,Atras da porta,minor,43,#6,#11
CHICO,5,Atras da porta,minor,44,5,3
CHICO,5,Atras da porta,minor,45,b7,5
CHICO,5,Atras da porta,minor,46,#6,#11
CHICO,5,Atras da porta,minor,47,#6,5
CHICO,5,Atras da porta,minor,48,#3,9
CHICO,5,Atras da porta,minor,49,b7,b13
CHICO,5,Atras da porta,minor,50,#6,5
CHICO,5,Atras da porta,minor,51,1,7
CHICO,5,Atras da porta,minor,52,#6,5
CHICO,5,Atras da porta,minor,53,2,1
CHICO,5,Atras da porta,minor,54,1,7
CHICO,5,Atras da porta,minor,55,3,x
CHICO,5,Atras da porta,minor,56,2,3
CHICO,5,Atras da porta,minor,57,4,5
CHICO,5,Atras da porta,minor,58,3,1
CHICO,5,Atras da porta,minor,59,2,3
CHICO,5,Atras da porta,minor,60,4,5
CHICO,5,Atras da porta,minor,61,3,5
CHICO,5,Atras da porta,minor,62,2,11
CHICO,5,Atras da porta,minor,63,4,b13
CHICO,5,Atras da porta,minor,64,#3,x
CHICO,5,Atras da porta,minor,65,3,b9/#9
CHICO,5,Atras da porta,minor,66,2,1
CHICO,5,Atras da porta,minor,67,1,1
CHICO,5,Atras da porta,minor,68,7,3
CHICO,5,Atras da porta,minor,69,#3,6
CHICO,5,Atras da porta,minor,70,2,5
CHICO,5,Atras da porta,minor,71,1,1
CHICO,5,Atras da porta,minor,72,7,7
CHICO,5,Atras da porta,minor,73,1,1
CHICO,5,Atras da porta,minor,74,7,11
CHICO,5,Atras da porta,minor,75,#6,3
CHICO,5,Atras da porta,minor,76,6,x
CHICO,5,Atras da porta,minor,77,#6,3
CHICO,5,Atras da porta,minor,78,1,b9/#9
CHICO,5,Atras da porta,minor,79,7,x
CHICO,5,Atras da porta,minor,80,#6,7
CHICO,5,Atras da porta,minor,81,7,x
CHICO,5,Atras da porta,minor,82,#6,7
CHICO,5,Atras da porta,minor,83,#6,11
CHICO,5,Atras da porta,minor,84,5,3
CHICO,5,Atras da porta,minor,85,#4/b5,x
CHICO,5,Atras da porta,minor,86,5,3
CHICO,5,Atras da porta,minor,87,#4/b5,13
CHICO,5,Atras da porta,minor,88,5,x
CHICO,5,Atras da porta,minor,89,#4/b5,13
CHICO,5,Atras da porta,minor,90,5,7
CHICO,5,Atras da porta,minor,91,5,5
CHICO,5,Atras da porta,minor,92,#4/b5,3
CHICO,6,Biscate,minor,1,3,3
CHICO,6,Biscate,minor,2,2,x
CHICO,6,Biscate,minor,3,1,x
CHICO,6,Biscate,minor,4,7,3
CHICO,6,Biscate,minor,5,2,5
CHICO,6,Biscate,minor,6,1,1
CHICO,6,Biscate,minor,7,5,5
CHICO,6,Biscate,minor,8,1,1
CHICO,6,Biscate,minor,9,b7,7
CHICO,6,Biscate,minor,10,b7,11
CHICO,6,Biscate,minor,11,4,1
CHICO,6,Biscate,minor,12,2,6
CHICO,6,Biscate,minor,13,6,3
CHICO,6,Biscate,minor,14,6,5
CHICO,6,Biscate,minor,15,5,3
CHICO,6,Biscate,minor,16,1,3
CHICO,6,Biscate,minor,17,3,5
CHICO,6,Biscate,minor,18,b7,5
CHICO,6,Biscate,minor,19,6,x
CHICO,6,Biscate,minor,20,5,5
CHICO,6,Biscate,minor,21,1,1
CHICO,6,Biscate,minor,22,5,9
CHICO,6,Biscate,minor,23,1,5
CHICO,6,Biscate,minor,24,5,9
CHICO,6,Biscate,minor,25,1,5
CHICO,6,Biscate,minor,26,#4/b5,b9/#9
CHICO,6,Biscate,minor,27,4,x
CHICO,6,Biscate,minor,28,3,1
CHICO,6,Biscate,minor,29,4,x
CHICO,6,Biscate,minor,30,#4/b5,x
CHICO,6,Biscate,minor,31,5,3
CHICO,6,Biscate,minor,32,5,11
CHICO,6,Biscate,minor,33,#4/b5,x
CHICO,6,Biscate,minor,34,5,11
CHICO,6,Biscate,minor,35,7,3
CHICO,6,Biscate,minor,36,2,5
CHICO,6,Biscate,minor,37,1,3
CHICO,6,Biscate,minor,38,6,1
CHICO,6,Biscate,minor,39,1,5
CHICO,6,Biscate,minor,40,3,7
CHICO,6,Biscate,minor,41,b7,11
CHICO,6,Biscate,minor,42,2,5
CHICO,6,Biscate,minor,43,3,3
CHICO,6,Biscate,minor,44,5,5
CHICO,6,Biscate,minor,45,#4/b5,x
CHICO,6,Biscate,minor,46,4,7
CHICO,6,Biscate,minor,47,3,b13
CHICO,6,Biscate,minor,48,4,9
CHICO,6,Biscate,minor,49,3,1
CHICO,6,Biscate,minor,50,1,5
CHICO,6,Biscate,minor,51,5,9
CHICO,6,Biscate,minor,52,5,5
CHICO,6,Biscate,minor,53,#4/b5,x
CHICO,6,Biscate,minor,54,4,7
CHICO,6,Biscate,minor,55,3,b13
CHICO,6,Biscate,minor,56,4,9
CHICO,6,Biscate,minor,57,3,1
CHICO,6,Biscate,minor,58,1,5
CHICO,6,Biscate,minor,59,5,5
CHICO,6,Biscate,minor,60,1,1
CHICO,6,Biscate,minor,61,5,5
CHICO,6,Biscate,minor,62,4,7
CHICO,6,Biscate,minor,63,3,b13
CHICO,6,Biscate,minor,64,4,9
CHICO,6,Biscate,minor,65,3,1
CHICO,6,Biscate,minor,66,1,5
CHICO,6,Biscate,minor,67,3,7
CHICO,6,Biscate,minor,68,1,5
CHICO,6,Biscate,minor,69,3,7
CHICO,6,Biscate,minor,70,1,5
CHICO,6,Biscate,minor,71,3,7
CHICO,6,Biscate,minor,72,1,1
CHICO,6,Biscate,minor,73,3,3
CHICO,6,Biscate,minor,74,1,1
CHICO,6,Biscate,minor,75,3,3
CHICO,6,Biscate,minor,76,1,7
CHICO,6,Biscate,minor,77,3,b9/#9
CHICO,6,Biscate,minor,78,1,7
CHICO,6,Biscate,minor,79,3,b9/#9
CHICO,6,Biscate,minor,80,1,7
CHICO,6,Biscate,minor,81,3,1
CHICO,7,Apesar de voce,major,1,1,1
CHICO,7,Apesar de voce,major,2,7,x
CHICO,7,Apesar de voce,major,3,6,6
CHICO,7,Apesar de voce,major,4,7,7
CHICO,7,Apesar de voce,major,5,5,5
CHICO,7,Apesar de voce,major,6,1,1
CHICO,7,Apesar de voce,major,7,7,x
CHICO,7,Apesar de voce,major,8,6,6
CHICO,7,Apesar de voce,major,9,7,7
CHICO,7,Apesar de voce,major,10,5,5
CHICO,7,Apesar de voce,major,11,6,6
CHICO,7,Apesar de voce,major,12,#6/b7,b9/#9
CHICO,7,Apesar de voce,major,13,5,7
CHICO,7,Apesar de voce,major,14,4,3
CHICO,7,Apesar de voce,major,15,2,1
CHICO,7,Apesar de voce,major,16,7,3
CHICO,7,Apesar de voce,major,17,1,x
CHICO,7,Apesar de voce,major,18,2,5
CHICO,7,Apesar de voce,major,19,1,x
CHICO,7,Apesar de voce,major,20,7,3
CHICO,7,Apesar de voce,major,21,2,1
CHICO,7,Apesar de voce,major,22,7,x
CHICO,7,Apesar de voce,major,23,1,x
CHICO,7,Apesar de voce,major,24,2,1
CHICO,7,Apesar de voce,major,25,1,7
CHICO,7,Apesar de voce,major,26,7,3
CHICO,7,Apesar de voce,major,27,2,5
CHICO,7,Apesar de voce,major,28,7,3
CHICO,7,Apesar de voce,major,29,1,x
CHICO,7,Apesar de voce,major,30,2,5
CHICO,7,Apesar de voce,major,31,1,x
CHICO,7,Apesar de voce,major,32,7,3
CHICO,7,Apesar de voce,major,33,2,3
CHICO,7,Apesar de voce,major,34,3,1
CHICO,7,Apesar de voce,major,35,#6/b7,b9/#9
CHICO,7,Apesar de voce,major,36,5,1
CHICO,7,Apesar de voce,major,37,#1/b2,3
CHICO,7,Apesar de voce,major,38,#6/b7,b9/#9
CHICO,7,Apesar de voce,major,39,6,1
CHICO,7,Apesar de voce,major,40,#1/b2,3
CHICO,7,Apesar de voce,major,41,#6/b7,b9/#9
CHICO,7,Apesar de voce,major,42,6,1
CHICO,7,Apesar de voce,major,43,#1/b2,3
CHICO,7,Apesar de voce,major,44,#6/b7,b9/#9
CHICO,7,Apesar de voce,major,45,6,1
CHICO,7,Apesar de voce,major,46,#1/b2,3
CHICO,7,Apesar de voce,major,47,5,6
CHICO,7,Apesar de voce,major,48,#4/b5,x
CHICO,7,Apesar de voce,major,49,4,1
CHICO,7,Apesar de voce,major,50,2,6
CHICO,7,Apesar de voce,major,51,1,5
CHICO,7,Apesar de voce,major,52,#5/b6,3
CHICO,7,Apesar de voce,major,53,2,6
CHICO,7,Apesar de voce,major,54,1,5
CHICO,7,Apesar de voce,major,55,3,5
CHICO,7,Apesar de voce,major,56,4,x
CHICO,7,Apesar de voce,major,57,5,7
CHICO,7,Apesar de voce,major,58,6,x
CHICO,7,Apesar de voce,major,59,5,7
CHICO,7,Apesar de voce,major,60,1,7
CHICO,7,Apesar de voce,major,61,5,1
CHICO,7,Apesar de voce,major,62,3,13
CHICO,7,Apesar de voce,major,63,1,1
CHICO,8,Bye bye Brasil,major,1,4,3
CHICO,8,Bye bye Brasil,major,2,6,5
CHICO,8,Bye bye Brasil,major,3,1,7
CHICO,8,Bye bye Brasil,major,4,3,9
CHICO,8,Bye bye Brasil,major,5,4,3
CHICO,8,Bye bye Brasil,major,6,2,1
CHICO,8,Bye bye Brasil,major,7,1,7
CHICO,8,Bye bye Brasil,major,8,6,5
CHICO,8,Bye bye Brasil,major,9,4,7
CHICO,8,Bye bye Brasil,major,10,6,9
CHICO,8,Bye bye Brasil,major,11,1,3
CHICO,8,Bye bye Brasil,major,12,3,13
CHICO,8,Bye bye Brasil,major,13,4,7
CHICO,8,Bye bye Brasil,major,14,2,5
CHICO,8,Bye bye Brasil,major,15,1,3
CHICO,8,Bye bye Brasil,major,16,6,9
CHICO,8,Bye bye Brasil,major,17,7,7
CHICO,8,Bye bye Brasil,major,18,2,9
CHICO,8,Bye bye Brasil,major,19,#4/b5,#11
CHICO,8,Bye bye Brasil,major,20,6,6
CHICO,8,Bye bye Brasil,major,21,7,7
CHICO,8,Bye bye Brasil,major,22,6,6
CHICO,8,Bye bye Brasil,major,23,5,5
CHICO,8,Bye bye Brasil,major,24,2,9
CHICO,8,Bye bye Brasil,major,25,7,5
CHICO,8,Bye bye Brasil,major,26,2,7
CHICO,8,Bye bye Brasil,major,27,#4/b5,9
CHICO,8,Bye bye Brasil,major,28,6,11
CHICO,8,Bye bye Brasil,major,29,#6/b7,b9/#9
CHICO,8,Bye bye Brasil,major,30,6,x
CHICO,8,Bye bye Brasil,major,31,5,7
CHICO,8,Bye bye Brasil,major,32,4,b13
CHICO,8,Bye bye Brasil,major,33,4,3
CHICO,8,Bye bye Brasil,major,34,6,5
CHICO,8,Bye bye Brasil,major,35,1,7
CHICO,8,Bye bye Brasil,major,36,3,9
CHICO,8,Bye bye Brasil,major,37,4,3
CHICO,8,Bye bye Brasil,major,38,2,1
CHICO,8,Bye bye Brasil,major,39,1,7
CHICO,8,Bye bye Brasil,major,40,6,5
CHICO,8,Bye bye Brasil,major,41,4,7
CHICO,8,Bye bye Brasil,major,42,6,9
CHICO,8,Bye bye Brasil,major,43,1,3
CHICO,8,Bye bye Brasil,major,44,3,13
CHICO,8,Bye bye Brasil,major,45,4,7
CHICO,8,Bye bye Brasil,major,46,2,5
CHICO,8,Bye bye Brasil,major,47,1,3
CHICO,8,Bye bye Brasil,major,48,6,9
CHICO,8,Bye bye Brasil,major,49,#6/b7,3
CHICO,8,Bye bye Brasil,major,50,2,5
CHICO,8,Bye bye Brasil,major,51,4,7
CHICO,8,Bye bye Brasil,major,52,6,9
CHICO,8,Bye bye Brasil,major,53,#6/b7,3
CHICO,8,Bye bye Brasil,major,54,5,1
CHICO,8,Bye bye Brasil,major,55,4,7
CHICO,8,Bye bye Brasil,major,56,2,5
CHICO,8,Bye bye Brasil,major,57,#6/b7,7
CHICO,8,Bye bye Brasil,major,58,2,9
CHICO,8,Bye bye Brasil,major,59,4,3
CHICO,8,Bye bye Brasil,major,60,6,13
CHICO,8,Bye bye Brasil,major,61,#6/b7,7
CHICO,8,Bye bye Brasil,major,62,5,5
CHICO,8,Bye bye Brasil,major,63,4,x
CHICO,8,Bye bye Brasil,major,64,3,3
CHICO,8,Bye bye Brasil,major,65,2,9
CHICO,8,Bye bye Brasil,major,66,3,7
CHICO,8,Bye bye Brasil,major,67,4,b9/#9
CHICO,8,Bye bye Brasil,major,68,7,7
CHICO,8,Bye bye Brasil,major,69,5,5
CHICO,8,Bye bye Brasil,major,70,6,x
CHICO,8,Bye bye Brasil,major,71,7,9
CHICO,8,Bye bye Brasil,major,72,6,1
CHICO,8,Bye bye Brasil,major,73,6,9
CHICO,8,Bye bye Brasil,major,74,4,7
CHICO,8,Bye bye Brasil,major,75,5,x
CHICO,8,Bye bye Brasil,major,76,6,13
CHICO,8,Bye bye Brasil,major,77,4,x
CHICO,8,Bye bye Brasil,major,78,5,5
CHICO,8,Bye bye Brasil,major,79,6,11
CHICO,8,Bye bye Brasil,major,80,6,1
CHICO,9,Calice,major,1,3,3
CHICO,9,Calice,major,2,5,5
CHICO,9,Calice,major,3,5,5
CHICO,9,Calice,major,4,4,x
CHICO,9,Calice,major,5,3,3
CHICO,9,Calice,major,6,2,x
CHICO,9,Calice,major,7,1,1
CHICO,9,Calice,major,8,3,3
CHICO,9,Calice,major,9,3,1
CHICO,9,Calice,major,10,#5/b6,3
CHICO,9,Calice,major,11,4,x
CHICO,9,Calice,major,12,3,1
CHICO,9,Calice,major,13,2,7
CHICO,9,Calice,major,14,3,1
CHICO,9,Calice,major,15,4,b9/#9
CHICO,9,Calice,major,16,4,1
CHICO,9,Calice,major,17,6,3
CHICO,9,Calice,major,18,6,5
CHICO,9,Calice,major,19,5,x
CHICO,9,Calice,major,20,#4/b5,3
CHICO,9,Calice,major,21,3,9
CHICO,9,Calice,major,22,#4/b5,3
CHICO,9,Calice,major,23,5,5
CHICO,9,Calice,major,24,4,7
CHICO,9,Calice,major,25,3,x
CHICO,9,Calice,major,26,2,5
CHICO,9,Calice,major,27,1,x
CHICO,9,Calice,major,28,7,3
CHICO,9,Calice,major,29,1,1
CHICO,9,Calice,major,30,3,3
CHICO,9,Calice,major,31,3,5
CHICO,9,Calice,major,32,6,1
CHICO,9,Calice,major,33,1,3
CHICO,9,Calice,major,34,4,x
CHICO,9,Calice,major,35,3,5
CHICO,9,Calice,major,36,2,x
CHICO,9,Calice,major,37,3,5
CHICO,9,Calice,major,38,6,1
CHICO,9,Calice,major,39,1,3
CHICO,9,Calice,major,40,4,x
CHICO,9,Calice,major,41,3,5
CHICO,9,Calice,major,42,2,11
CHICO,9,Calice,major,43,4,6
CHICO,9,Calice,major,44,6,1
CHICO,9,Calice,major,45,3,5
CHICO,9,Calice,major,46,2,11
CHICO,9,Calice,major,47,1,x
CHICO,9,Calice,major,48,2,11
CHICO,9,Calice,major,49,2,5
CHICO,9,Calice,major,50,5,1
CHICO,9,Calice,major,51,7,3
CHICO,9,Calice,major,52,3,13
CHICO,9,Calice,major,53,2,5
CHICO,9,Calice,major,54,1,1
CHICO,14,Desalento,minor,1,5,5
CHICO,14,Desalento,minor,2,6,5
CHICO,14,Desalento,minor,3,4,3
CHICO,14,Desalento,minor,4,5,5
CHICO,14,Desalento,minor,5,6,5
CHICO,14,Desalento,minor,6,5,x
CHICO,14,Desalento,minor,7,6,3
CHICO,14,Desalento,minor,8,b7,11
CHICO,14,Desalento,minor,9,5,9
CHICO,14,Desalento,minor,10,6,3
CHICO,14,Desalento,minor,11,#1/b2,6
CHICO,14,Desalento,minor,12,6,3
CHICO,14,Desalento,minor,13,5,1
CHICO,14,Desalento,minor,14,7,3
CHICO,14,Desalento,minor,15,2,5
CHICO,14,Desalento,minor,16,4,7
CHICO,14,Desalento,minor,17,5,1
CHICO,14,Desalento,minor,18,6,b13
CHICO,14,Desalento,minor,19,5,5
CHICO,14,Desalento,minor,20,#3,3
CHICO,14,Desalento,minor,21,1,1
CHICO,14,Desalento,minor,22,b7,7
CHICO,14,Desalento,minor,23,b7,b13
CHICO,14,Desalento,minor,24,6,5
CHICO,14,Desalento,minor,25,5,1
CHICO,14,Desalento,minor,26,6,b9/#9
CHICO,14,Desalento,minor,27,3,b13
CHICO,14,Desalento,minor,28,2,x
CHICO,14,Desalento,minor,29,1,1
CHICO,15,Desencontro,major,1,3,3
CHICO,15,Desencontro,major,2,#2/b3,x
CHICO,15,Desencontro,major,3,3,3
CHICO,15,Desencontro,major,4,4,b13
CHICO,15,Desencontro,major,5,3,x
CHICO,15,Desencontro,major,6,4,b13
CHICO,15,Desencontro,major,7,5,7
CHICO,15,Desencontro,major,8,5,11
CHICO,15,Desencontro,major,9,2,5
CHICO,15,Desencontro,major,10,5,1
CHICO,15,Desencontro,major,11,5,1
CHICO,15,Desencontro,major,12,2,5
CHICO,15,Desencontro,major,13,2,9
CHICO,15,Desencontro,major,14,4,5
CHICO,15,Desencontro,major,15,3,11
CHICO,15,Desencontro,major,16,#2/b3,x
CHICO,15,Desencontro,major,17,3,1
CHICO,15,Desencontro,major,18,1,3
CHICO,15,Desencontro,major,19,3,9
CHICO,15,Desencontro,major,20,1,11
CHICO,15,Desencontro,major,21,7,x
CHICO,15,Desencontro,major,22,#6/b7,7
CHICO,15,Desencontro,major,23,5,9
CHICO,15,Desencontro,major,24,4,x
CHICO,15,Desencontro,major,25,3,x
CHICO,15,Desencontro,major,26,4,1
CHICO,15,Desencontro,major,27,5,9
CHICO,15,Desencontro,major,28,4,x
CHICO,15,Desencontro,major,29,3,x
CHICO,15,Desencontro,major,30,4,1
CHICO,15,Desencontro,major,31,4,5
CHICO,15,Desencontro,major,32,3,x
CHICO,15,Desencontro,major,33,#2/b3,x
CHICO,15,Desencontro,major,34,3,1
CHICO,15,Desencontro,major,35,3,5
CHICO,15,Desencontro,major,36,#2/b3,x
CHICO,15,Desencontro,major,37,3,5
CHICO,15,Desencontro,major,38,4,b13
CHICO,15,Desencontro,major,39,3,x
CHICO,15,Desencontro,major,40,4,b13
CHICO,15,Desencontro,major,41,5,11
CHICO,15,Desencontro,major,42,2,5
CHICO,15,Desencontro,major,43,5,1
CHICO,15,Desencontro,major,44,5,1
CHICO,15,Desencontro,major,45,2,9
CHICO,15,Desencontro,major,46,2,9
CHICO,15,Desencontro,major,47,5,5
CHICO,15,Desencontro,major,48,#5/b6,3
CHICO,15,Desencontro,major,49,3,1
CHICO,15,Desencontro,major,50,1,3
CHICO,15,Desencontro,major,51,7,x
CHICO,15,Desencontro,major,52,6,1
CHICO,15,Desencontro,major,53,1,3
CHICO,15,Desencontro,major,54,7,5
CHICO,15,Desencontro,major,55,6,x
CHICO,15,Desencontro,major,56,5,11
CHICO,15,Desencontro,major,57,1,7
CHICO,15,Desencontro,major,58,7,x
CHICO,15,Desencontro,major,59,1,7
CHICO,15,Desencontro,major,60,5,1
CHICO,15,Desencontro,major,61,4,x
CHICO,15,Desencontro,major,62,3,3
CHICO,15,Desencontro,major,63,4,x
CHICO,15,Desencontro,major,64,#4/b5,x
CHICO,15,Desencontro,major,65,5,5
CHICO,15,Desencontro,major,66,6,1
CHICO,15,Desencontro,major,67,1,b9/#9
CHICO,15,Desencontro,major,68,2,1
CHICO,15,Desencontro,major,69,1,7
CHICO,15,Desencontro,major,70,7,x
CHICO,15,Desencontro,major,71,1,7
CHICO,15,Desencontro,major,72,4,7
CHICO,15,Desencontro,major,73,7,3
CHICO,15,Desencontro,major,74,1,x
CHICO,15,Desencontro,major,75,2,5
CHICO,15,Desencontro,major,76,1,1
CHICO,16,Bastidores,minor,1,1,1
CHICO,16,Bastidores,minor,2,4,11
CHICO,16,Bastidores,minor,3,1,1
CHICO,16,Bastidores,minor,4,5,11
CHICO,16,Bastidores,minor,5,4,3
CHICO,16,Bastidores,minor,6,#3,3
CHICO,16,Bastidores,minor,7,4,x
CHICO,16,Bastidores,minor,8,#4/b5,x
CHICO,16,Bastidores,minor,9,5,5
CHICO,16,Bastidores,minor,10,1,1
CHICO,16,Bastidores,minor,11,b7,x
CHICO,16,Bastidores,minor,12,1,6
CHICO,16,Bastidores,minor,13,4,5
CHICO,16,Bastidores,minor,14,b7,1
CHICO,16,Bastidores,minor,15,1,x
CHICO,16,Bastidores,minor,16,#1/b2,7
CHICO,16,Bastidores,minor,17,4,9
CHICO,16,Bastidores,minor,18,3,1
CHICO,16,Bastidores,minor,19,b7,5
CHICO,16,Bastidores,minor,20,1,3
CHICO,16,Bastidores,minor,21,b7,1
CHICO,16,Bastidores,minor,22,1,x
CHICO,16,Bastidores,minor,23,2,3
CHICO,16,Bastidores,minor,24,b7,1
CHICO,16,Bastidores,minor,25,1,6
CHICO,16,Bastidores,minor,26,5,3
CHICO,16,Bastidores,minor,27,b7,5
CHICO,16,Bastidores,minor,28,1,1
CHICO,16,Bastidores,minor,29,5,9
CHICO,16,Bastidores,minor,30,b7,x
CHICO,16,Bastidores,minor,31,1,5
CHICO,16,Bastidores,minor,32,5,9
CHICO,16,Bastidores,minor,33,b7,11
CHICO,16,Bastidores,minor,34,1,9
CHICO,16,Bastidores,minor,35,b7,1
CHICO,16,Bastidores,minor,36,3,1
CHICO,16,Bastidores,minor,37,5,3
CHICO,16,Bastidores,minor,38,2,5
CHICO,16,Bastidores,minor,39,5,5
CHICO,16,Bastidores,minor,40,1,1
CHICO,16,Bastidores,minor,41,2,x
CHICO,16,Bastidores,minor,42,1,1
CHICO,16,Bastidores,minor,43,2,x
CHICO,16,Bastidores,minor,44,1,1
CHICO,16,Bastidores,minor,45,5,5
CHICO,16,Bastidores,minor,46,b7,1
CHICO,16,Bastidores,minor,47,3,5
CHICO,16,Bastidores,minor,48,6,1
CHICO,16,Bastidores,minor,49,b7,x
CHICO,16,Bastidores,minor,50,6,5
CHICO,16,Bastidores,minor,51,b7,b13
CHICO,16,Bastidores,minor,52,5,11
CHICO,16,Bastidores,minor,53,4,x
CHICO,16,Bastidores,minor,54,3,3
CHICO,16,Bastidores,minor,55,4,x
CHICO,16,Bastidores,minor,56,#4/b5,3
CHICO,16,Bastidores,minor,57,#6,5
CHICO,16,Bastidores,minor,58,1,7
CHICO,16,Bastidores,minor,59,7,13
CHICO,16,Bastidores,minor,60,2,5
CHICO,17,Ela desatinou,minor,1,1,1
CHICO,17,Ela desatinou,minor,2,2,9
CHICO,17,Ela desatinou,minor,3,1,1
CHICO,17,Ela desatinou,minor,4,5,5
CHICO,17,Ela desatinou,minor,5,3,3
CHICO,17,Ela desatinou,minor,6,b7,3
CHICO,17,Ela desatinou,minor,7,1,x
CHICO,17,Ela desatinou,minor,8,b7,b9/#9
CHICO,17,Ela desatinou,minor,9,6,3
CHICO,17,Ela desatinou,minor,10,6,5
CHICO,17,Ela desatinou,minor,11,5,x
CHICO,17,Ela desatinou,minor,12,4,3
CHICO,17,Ela desatinou,minor,13,1,x
CHICO,17,Ela desatinou,minor,14,b7,6
CHICO,17,Ela desatinou,minor,15,5,5
CHICO,17,Ela desatinou,minor,16,6,x
CHICO,17,Ela desatinou,minor,17,b7,7
CHICO,17,Ela desatinou,minor,18,5,5
CHICO,17,Ela desatinou,minor,19,1,5
CHICO,17,Ela desatinou,minor,20,4,3
CHICO,17,Ela desatinou,minor,21,3,x
CHICO,17,Ela desatinou,minor,22,4,3
CHICO,17,Ela desatinou,minor,23,3,b13
CHICO,17,Ela desatinou,minor,24,2,5
CHICO,17,Ela desatinou,minor,25,2,9
CHICO,17,Ela desatinou,minor,26,1,1
CHICO,17,Ela desatinou,minor,27,5,5
CHICO,17,Ela desatinou,minor,28,6,5
CHICO,17,Ela desatinou,minor,29,5,5
CHICO,17,Ela desatinou,minor,30,4,11
CHICO,17,Ela desatinou,minor,31,#3,x
CHICO,17,Ela desatinou,minor,32,4,11
CHICO,17,Ela desatinou,minor,33,b7,1
CHICO,17,Ela desatinou,minor,34,5,13
CHICO,17,Ela desatinou,minor,35,4,3
CHICO,17,Ela desatinou,minor,36,5,11
CHICO,17,Ela desatinou,minor,37,4,3
CHICO,17,Ela desatinou,minor,38,4,x
CHICO,17,Ela desatinou,minor,39,#3,3
CHICO,17,Ela desatinou,minor,40,3,x
CHICO,17,Ela desatinou,minor,41,#3,3
CHICO,17,Ela desatinou,minor,42,1,1
CHICO,17,Ela desatinou,minor,43,b7,7
CHICO,17,Ela desatinou,minor,44,6,3
CHICO,17,Ela desatinou,minor,45,b7,x
CHICO,17,Ela desatinou,minor,46,6,3
CHICO,17,Ela desatinou,minor,47,b7,x
CHICO,17,Ela desatinou,minor,48,6,11
CHICO,17,Ela desatinou,minor,49,b7,x
CHICO,17,Ela desatinou,minor,50,6,11
CHICO,17,Ela desatinou,minor,51,b7,x
CHICO,17,Ela desatinou,minor,52,6,11
CHICO,17,Ela desatinou,minor,53,6,5
CHICO,17,Ela desatinou,minor,54,b7,x
CHICO,17,Ela desatinou,minor,55,6,5
CHICO,17,Ela desatinou,minor,56,b7,x
CHICO,17,Ela desatinou,minor,57,6,5
CHICO,17,Ela desatinou,minor,58,2,6
CHICO,17,Ela desatinou,minor,59,3,7
CHICO,17,Ela desatinou,minor,60,2,6
CHICO,17,Ela desatinou,minor,61,2,5
CHICO,17,Ela desatinou,minor,62,3,b13
CHICO,19,Feijoada completa,major,1,#5/b6,3
CHICO,19,Feijoada completa,major,2,6,1
CHICO,19,Feijoada completa,major,3,5,7
CHICO,19,Feijoada completa,major,4,3,9
CHICO,19,Feijoada completa,major,5,6,5
CHICO,19,Feijoada completa,major,6,4,1
CHICO,19,Feijoada completa,major,7,5,9
CHICO,19,Feijoada completa,major,8,5,1
CHICO,19,Feijoada completa,major,9,3,x
CHICO,19,Feijoada completa,major,10,2,9
CHICO,19,Feijoada completa,major,11,1,1
CHICO,19,Feijoada completa,major,12,3,3
CHICO,19,Feijoada completa,major,13,#6/b7,7
CHICO,19,Feijoada completa,major,14,1,1
CHICO,19,Feijoada completa,major,15,7,x
CHICO,19,Feijoada completa,major,16,#6/b7,7
CHICO,19,Feijoada completa,major,17,6,3
CHICO,19,Feijoada completa,major,18,1,5
CHICO,19,Feijoada completa,major,19,6,3
CHICO,19,Feijoada completa,major,20,5,7
CHICO,19,Feijoada completa,major,21,6,1
CHICO,19,Feijoada completa,major,22,4,b13
CHICO,19,Feijoada completa,major,23,3,9
CHICO,19,Feijoada completa,major,24,2,x
CHICO,19,Feijoada completa,major,25,3,9
CHICO,19,Feijoada completa,major,26,2,5
CHICO,19,Feijoada completa,major,27,1,1
CHICO,19,Feijoada completa,major,28,5,5
CHICO,19,Feijoada completa,major,29,1,1
CHICO,19,Feijoada completa,major,30,1,1
CHICO,19,Feijoada completa,major,31,1,5
CHICO,19,Feijoada completa,major,32,6,3
CHICO,19,Feijoada completa,major,33,1,5
CHICO,19,Feijoada completa,major,34,6,3
CHICO,19,Feijoada completa,major,35,1,5
CHICO,19,Feijoada completa,major,36,#6/b7,7
CHICO,19,Feijoada completa,major,37,1,5
CHICO,19,Feijoada completa,major,38,1,1
CHICO,19,Feijoada completa,major,39,1,9
CHICO,19,Feijoada completa,major,40,1,5
CHICO,19,Feijoada completa,major,41,1,5
CHICO,19,Feijoada completa,major,42,1,1
CHICO,20,Futuros amantes,major,1,5,5
CHICO,20,Futuros amantes,major,2,2,9
CHICO,20,Futuros amantes,major,3,1,x
CHICO,20,Futuros amantes,major,4,2,9
CHICO,20,Futuros amantes,major,5,1,x
CHICO,20,Futuros amantes,major,6,7,1
CHICO,20,Futuros amantes,major,7,6,x
CHICO,20,Futuros amantes,major,8,7,1
CHICO,20,Futuros amantes,major,9,5,5
CHICO,20,Futuros amantes,major,10,2,9
CHICO,20,Futuros amantes,major,11,1,x
CHICO,20,Futuros amantes,major,12,2,9
CHICO,20,Futuros amantes,major,13,1,x
CHICO,20,Futuros amantes,major,14,7,5
CHICO,20,Futuros amantes,major,15,6,x
CHICO,20,Futuros amantes,major,16,7,5
CHICO,20,Futuros amantes,major,17,6,11
CHICO,20,Futuros amantes,major,18,3,1
CHICO,20,Futuros amantes,major,19,5,3
CHICO,20,Futuros amantes,major,20,5,11
CHICO,20,Futuros amantes,major,21,4,x
CHICO,20,Futuros amantes,major,22,5,11
CHICO,20,Futuros amantes,major,23,4,3
CHICO,20,Futuros amantes,major,24,4,5
CHICO,20,Futuros amantes,major,25,3,x
CHICO,20,Futuros amantes,major,26,4,5
CHICO,20,Futuros amantes,major,27,3,7
CHICO,20,Futuros amantes,major,28,2,x
CHICO,20,Futuros amantes,major,29,3,7
CHICO,20,Futuros amantes,major,30,2,x
CHICO,20,Futuros amantes,major,31,3,11
CHICO,20,Futuros amantes,major,32,2,x
CHICO,20,Futuros amantes,major,33,3,11
CHICO,20,Futuros amantes,major,34,7,7
CHICO,20,Futuros amantes,major,35,6,x
CHICO,20,Futuros amantes,major,36,7,7
CHICO,20,Futuros amantes,major,37,6,x
CHICO,20,Futuros amantes,major,38,7,1
CHICO,20,Futuros amantes,major,39,6,x
CHICO,20,Futuros amantes,major,40,7,1
CHICO,20,Futuros amantes,major,41,#6/b7,x
CHICO,20,Futuros amantes,major,42,6,7
CHICO,20,Futuros amantes,major,43,5,x
CHICO,20,Futuros amantes,major,44,6,7
CHICO,20,Futuros amantes,major,45,5,x
CHICO,20,Futuros amantes,major,46,6,1
CHICO,20,Futuros amantes,major,47,5,7
CHICO,20,Futuros amantes,major,48,6,1
CHICO,20,Futuros amantes,major,49,3,5
CHICO,20,Futuros amantes,major,50,4,x
CHICO,20,Futuros amantes,major,51,5,6
CHICO,20,Futuros amantes,major,52,4,x
CHICO,20,Futuros amantes,major,53,5,6
CHICO,20,Futuros amantes,major,54,#4/b5,x
CHICO,20,Futuros amantes,major,55,4,5
CHICO,20,Futuros amantes,major,56,3,x
CHICO,20,Futuros amantes,major,57,4,5
CHICO,20,Futuros amantes,major,58,3,7
CHICO,20,Futuros amantes,major,59,2,x
CHICO,20,Futuros amantes,major,60,3,7
CHICO,20,Futuros amantes,major,61,2,x
CHICO,20,Futuros amantes,major,62,3,1
CHICO,20,Futuros amantes,major,63,2,x
CHICO,20,Futuros amantes,major,64,3,1
CHICO,22,Folhetim,major,1,3,3
CHICO,22,Folhetim,major,2,4,x
CHICO,22,Folhetim,major,3,5,5
CHICO,22,Folhetim,major,4,4,x
CHICO,22,Folhetim,major,5,3,3
CHICO,22,Folhetim,major,6,5,1
CHICO,22,Folhetim,major,7,3,6
CHICO,22,Folhetim,major,8,5,b9/#9
CHICO,22,Folhetim,major,9,4,x
CHICO,22,Folhetim,major,10,3,1
CHICO,22,Folhetim,major,11,2,7
CHICO,22,Folhetim,major,12,1,5
CHICO,22,Folhetim,major,13,2,x
CHICO,22,Folhetim,major,14,1,5
CHICO,22,Folhetim,major,15,2,1
CHICO,22,Folhetim,major,16,1,x
CHICO,22,Folhetim,major,17,2,1
CHICO,22,Folhetim,major,18,3,3
CHICO,22,Folhetim,major,19,1,3
CHICO,22,Folhetim,major,20,7,x
CHICO,22,Folhetim,major,21,1,1
CHICO,22,Folhetim,major,22,3,3
CHICO,22,Folhetim,major,23,#2/b3,x
CHICO,22,Folhetim,major,24,2,6
CHICO,22,Folhetim,major,25,1,x
CHICO,22,Folhetim,major,26,7,#11
CHICO,22,Folhetim,major,27,2,1
CHICO,22,Folhetim,major,28,1,7
CHICO,22,Folhetim,major,29,7,x
CHICO,22,Folhetim,major,30,6,11
CHICO,22,Folhetim,major,31,5,3
CHICO,22,Folhetim,major,32,6,1
CHICO,22,Folhetim,major,33,3,5
CHICO,22,Folhetim,major,34,5,x
CHICO,22,Folhetim,major,35,4,3
CHICO,22,Folhetim,major,36,3,x
CHICO,22,Folhetim,major,37,4,3
CHICO,22,Folhetim,major,38,2,5
CHICO,22,Folhetim,major,39,3,11
CHICO,22,Folhetim,major,40,4,x
CHICO,22,Folhetim,major,41,3,11
CHICO,22,Folhetim,major,42,2,7
CHICO,22,Folhetim,major,43,3,x
CHICO,22,Folhetim,major,44,2,7
CHICO,22,Folhetim,major,45,6,1
CHICO,22,Folhetim,major,46,1,3
CHICO,22,Folhetim,major,47,3,5
CHICO,22,Folhetim,major,48,5,x
CHICO,22,Folhetim,major,49,6,5
CHICO,22,Folhetim,major,50,5,1
CHICO,22,Folhetim,major,51,4,7
CHICO,22,Folhetim,major,52,5,1
CHICO,22,Folhetim,major,53,4,x
CHICO,22,Folhetim,major,54,3,3
CHICO,22,Folhetim,major,55,3,1
CHICO,22,Folhetim,major,56,#5/b6,3
CHICO,22,Folhetim,major,57,7,5
CHICO,22,Folhetim,major,58,2,7
CHICO,22,Folhetim,major,59,1,x
CHICO,22,Folhetim,major,60,7,9
CHICO,22,Folhetim,major,61,6,1
CHICO,22,Folhetim,major,62,7,9
CHICO,22,Folhetim,major,63,6,1
CHICO,22,Folhetim,major,64,7,1
CHICO,22,Folhetim,major,65,#2/b3,3
CHICO,22,Folhetim,major,66,#4/b5,5
CHICO,22,Folhetim,major,67,7,1
CHICO,22,Folhetim,major,68,6,x
CHICO,22,Folhetim,major,69,#5/b6,3
CHICO,22,Folhetim,major,70,6,x
CHICO,22,Folhetim,major,71,#6/b7,x
CHICO,22,Folhetim,major,72,7,3
CHICO,23,Homenagem ao malandro,major,1,3,7
CHICO,23,Homenagem ao malandro,major,2,4,x
CHICO,23,Homenagem ao malandro,major,3,#4/b5,x
CHICO,23,Homenagem ao malandro,major,4,5,1
CHICO,23,Homenagem ao malandro,major,5,6,x
CHICO,23,Homenagem ao malandro,major,6,5,1
CHICO,23,Homenagem ao malandro,major,7,6,x
CHICO,23,Homenagem ao malandro,major,8,5,7
CHICO,23,Homenagem ao malandro,major,9,6,1
CHICO,23,Homenagem ao malandro,major,10,2,11
CHICO,23,Homenagem ao malandro,major,11,3,5
CHICO,23,Homenagem ao malandro,major,12,2,x
CHICO,23,Homenagem ao malandro,major,13,3,5
CHICO,23,Homenagem ao malandro,major,14,2,11
CHICO,23,Homenagem ao malandro,major,15,3,x
CHICO,23,Homenagem ao malandro,major,16,2,11
CHICO,23,Homenagem ao malandro,major,17,6,1
CHICO,23,Homenagem ao malandro,major,18,2,1
CHICO,23,Homenagem ao malandro,major,19,3,9
CHICO,23,Homenagem ao malandro,major,20,2,5
CHICO,23,Homenagem ao malandro,major,21,3,x
CHICO,23,Homenagem ao malandro,major,22,2,5
CHICO,23,Homenagem ao malandro,major,23,7,3
CHICO,23,Homenagem ao malandro,major,24,6,6
CHICO,23,Homenagem ao malandro,major,25,1,1
CHICO,23,Homenagem ao malandro,major,26,6,6
CHICO,23,Homenagem ao malandro,major,27,1,1
CHICO,23,Homenagem ao malandro,major,28,6,6
CHICO,23,Homenagem ao malandro,major,29,3,7
CHICO,23,Homenagem ao malandro,major,30,4,x
CHICO,23,Homenagem ao malandro,major,31,#4/b5,x
CHICO,23,Homenagem ao malandro,major,32,5,3
CHICO,23,Homenagem ao malandro,major,33,6,x
CHICO,23,Homenagem ao malandro,major,34,5,3
CHICO,23,Homenagem ao malandro,major,35,5,7
CHICO,23,Homenagem ao malandro,major,36,6,1
CHICO,23,Homenagem ao malandro,major,37,2,11
CHICO,23,Homenagem ao malandro,major,38,3,x
CHICO,23,Homenagem ao malandro,major,39,2,11
CHICO,23,Homenagem ao malandro,major,40,3,x
CHICO,23,Homenagem ao malandro,major,41,2,11
CHICO,23,Homenagem ao malandro,major,42,3,5
CHICO,23,Homenagem ao malandro,major,43,2,11
CHICO,23,Homenagem ao malandro,major,44,6,1
CHICO,23,Homenagem ao malandro,major,45,2,1
CHICO,23,Homenagem ao malandro,major,46,3,9
CHICO,23,Homenagem ao malandro,major,47,2,5
CHICO,23,Homenagem ao malandro,major,48,3,13
CHICO,23,Homenagem ao malandro,major,49,5,1
CHICO,23,Homenagem ao malandro,major,50,3,13
CHICO,23,Homenagem ao malandro,major,51,1,1
CHICO,23,Homenagem ao malandro,major,52,1,1
CHICO,23,Homenagem ao malandro,major,53,7,1
CHICO,23,Homenagem ao malandro,major,54,#6/b7,1
CHICO,23,Homenagem ao malandro,major,55,6,1
CHICO,23,Homenagem ao malandro,major,56,7,x
CHICO,23,Homenagem ao malandro,major,57,#1/b2,3
CHICO,23,Homenagem ao malandro,major,58,3,5
CHICO,23,Homenagem ao malandro,major,59,6,1
CHICO,23,Homenagem ao malandro,major,60,3,5
CHICO,23,Homenagem ao malandro,major,61,2,11
CHICO,23,Homenagem ao malandro,major,62,3,x
CHICO,23,Homenagem ao malandro,major,63,2,11
CHICO,23,Homenagem ao malandro,major,64,3,x
CHICO,23,Homenagem ao malandro,major,65,2,11
CHICO,23,Homenagem ao malandro,major,66,1,3
CHICO,23,Homenagem ao malandro,major,67,7,x
CHICO,23,Homenagem ao malandro,major,68,6,1
CHICO,23,Homenagem ao malandro,major,69,5,1
CHICO,23,Homenagem ao malandro,major,70,6,x
CHICO,23,Homenagem ao malandro,major,71,7,3
CHICO,23,Homenagem ao malandro,major,72,2,5
CHICO,23,Homenagem ao malandro,major,73,5,1
CHICO,23,Homenagem ao malandro,major,74,2,5
CHICO,23,Homenagem ao malandro,major,75,1,1
CHICO,23,Homenagem ao malandro,major,76,2,x
CHICO,23,Homenagem ao malandro,major,77,1,1
CHICO,23,Homenagem ao malandro,major,78,2,x
CHICO,23,Homenagem ao malandro,major,79,1,1
CHICO,23,Homenagem ao malandro,major,80,2,x
CHICO,23,Homenagem ao malandro,major,81,1,1
CHICO,23,Homenagem ao malandro,major,82,7,x
CHICO,23,Homenagem ao malandro,major,83,6,1
CHICO,26,Mambembe,major,1,5,5
CHICO,26,Mambembe,major,2,5,6
CHICO,26,Mambembe,major,3,5,7
CHICO,26,Mambembe,major,4,4,6
CHICO,26,Mambembe,major,5,#2/b3,5
CHICO,26,Mambembe,major,6,4,6
CHICO,26,Mambembe,major,7,5,1
CHICO,26,Mambembe,major,8,3,3
CHICO,26,Mambembe,major,9,3,1
CHICO,26,Mambembe,major,10,3,9
CHICO,26,Mambembe,major,11,2,1
CHICO,26,Mambembe,major,12,1,x
CHICO,26,Mambembe,major,13,7,5
CHICO,26,Mambembe,major,14,2,x
CHICO,26,Mambembe,major,15,1,b13
CHICO,26,Mambembe,major,16,7,5
CHICO,26,Mambembe,major,17,7,#11
CHICO,26,Mambembe,major,18,6,3
CHICO,26,Mambembe,major,19,1,5
CHICO,26,Mambembe,major,20,7,3
CHICO,26,Mambembe,major,21,6,9
CHICO,26,Mambembe,major,22,5,3
CHICO,26,Mambembe,major,23,3,5
CHICO,26,Mambembe,major,24,4,x
CHICO,26,Mambembe,major,25,5,7
CHICO,26,Mambembe,major,26,6,1
CHICO,26,Mambembe,major,27,3,9
CHICO,26,Mambembe,major,28,2,3
CHICO,26,Mambembe,major,29,3,1
CHICO,26,Mambembe,major,30,5,3
CHICO,26,Mambembe,major,31,1,6
CHICO,26,Mambembe,major,32,5,3
CHICO,26,Mambembe,major,33,4,x
CHICO,26,Mambembe,major,34,5,7
CHICO,26,Mambembe,major,35,5,1
CHICO,26,Mambembe,major,36,4,7
CHICO,26,Mambembe,major,37,3,3
CHICO,26,Mambembe,major,38,3,11
CHICO,26,Mambembe,major,39,6,7
CHICO,26,Mambembe,major,40,3,11
CHICO,26,Mambembe,major,41,2,3
CHICO,26,Mambembe,major,42,6,1
CHICO,26,Mambembe,major,43,#2/b3,b13
CHICO,26,Mambembe,major,44,1,9
CHICO,28,Meu caro amigo,major,1,1,1
CHICO,28,Meu caro amigo,major,2,5,5
CHICO,28,Meu caro amigo,major,3,1,x
CHICO,28,Meu caro amigo,major,4,7,b13
CHICO,28,Meu caro amigo,major,5,#4/b5,3
CHICO,28,Meu caro amigo,major,6,1,7
CHICO,28,Meu caro amigo,major,7,7,x
CHICO,28,Meu caro amigo,major,8,6,5
CHICO,28,Meu caro amigo,major,9,1,7
CHICO,28,Meu caro amigo,major,10,4,3
CHICO,28,Meu caro amigo,major,11,6,x
CHICO,28,Meu caro amigo,major,12,5,1
CHICO,28,Meu caro amigo,major,13,5,5
CHICO,28,Meu caro amigo,major,14,1,1
CHICO,28,Meu caro amigo,major,15,5,5
CHICO,28,Meu caro amigo,major,16,1,1
CHICO,28,Meu caro amigo,major,17,5,5
CHICO,28,Meu caro amigo,major,18,#4/b5,x
CHICO,28,Meu caro amigo,major,19,4,3
CHICO,28,Meu caro amigo,major,20,5,1
CHICO,28,Meu caro amigo,major,21,1,1
CHICO,28,Meu caro amigo,major,22,5,5
CHICO,28,Meu caro amigo,major,23,1,x
CHICO,28,Meu caro amigo,major,24,7,b13
CHICO,28,Meu caro amigo,major,25,#4/b5,3
CHICO,28,Meu caro amigo,major,26,1,7
CHICO,28,Meu caro amigo,major,27,7,x
CHICO,28,Meu caro amigo,major,28,6,5
CHICO,28,Meu caro amigo,major,29,1,7
CHICO,28,Meu caro amigo,major,30,4,3
CHICO,28,Meu caro amigo,major,31,6,x
CHICO,28,Meu caro amigo,major,32,5,1
CHICO,28,Meu caro amigo,major,33,5,5
CHICO,28,Meu caro amigo,major,34,1,1
CHICO,28,Meu caro amigo,major,35,5,5
CHICO,28,Meu caro amigo,major,36,5,5
CHICO,28,Meu caro amigo,major,37,1,1
CHICO,28,Meu caro amigo,major,38,5,5
CHICO,28,Meu caro amigo,major,39,#4/b5,x
CHICO,28,Meu caro amigo,major,40,4,5
CHICO,28,Meu caro amigo,major,41,3,1
CHICO,28,Meu caro amigo,major,42,3,5
CHICO,28,Meu caro amigo,major,43,5,1
CHICO,28,Meu caro amigo,major,44,2,x
CHICO,28,Meu caro amigo,major,45,1,3
CHICO,28,Meu caro amigo,major,46,6,1
CHICO,28,Meu caro amigo,major,47,3,5
CHICO,28,Meu caro amigo,major,48,2,x
CHICO,28,Meu caro amigo,major,49,1,5
CHICO,28,Meu caro amigo,major,50,3,7
CHICO,28,Meu caro amigo,major,51,6,3
CHICO,28,Meu caro amigo,major,52,1,x
CHICO,28,Meu caro amigo,major,53,7,1
CHICO,28,Meu caro amigo,major,54,3,1
CHICO,28,Meu caro amigo,major,55,5,3
CHICO,28,Meu caro amigo,major,56,#6/b7,x
CHICO,28,Meu caro amigo,major,57,6,1
CHICO,28,Meu caro amigo,major,58,5,7
CHICO,28,Meu caro amigo,major,59,3,5
CHICO,28,Meu caro amigo,major,60,6,1
CHICO,28,Meu caro amigo,major,61,#4/b5,3
CHICO,28,Meu caro amigo,major,62,1,1
CHICO,28,Meu caro amigo,major,63,3,9
CHICO,28,Meu caro amigo,major,64,6,x
CHICO,28,Meu caro amigo,major,65,5,1
CHICO,28,Meu caro amigo,major,66,1,1
CHICO,28,Meu caro amigo,major,67,5,5
CHICO,28,Meu caro amigo,major,68,1,x
CHICO,28,Meu caro amigo,major,69,7,b13
CHICO,28,Meu caro amigo,major,70,#4/b5,3
CHICO,28,Meu caro amigo,major,71,1,7
CHICO,28,Meu caro amigo,major,72,7,x
CHICO,28,Meu caro amigo,major,73,6,5
CHICO,28,Meu caro amigo,major,74,1,7
CHICO,28,Meu caro amigo,major,75,4,3
CHICO,28,Meu caro amigo,major,76,6,x
CHICO,28,Meu caro amigo,major,77,5,1
CHICO,28,Meu caro amigo,major,78,5,3
CHICO,28,Meu caro amigo,major,79,2,7
CHICO,28,Meu caro amigo,major,80,5,3
CHICO,28,Meu caro amigo,major,81,#4/b5,x
CHICO,28,Meu caro amigo,major,82,4,x
CHICO,28,Meu caro amigo,major,83,3,1
CHICO,28,Meu caro amigo,major,84,#6/b7,b9/#9
CHICO,28,Meu caro amigo,major,85,6,x
CHICO,28,Meu caro amigo,major,86,5,7
CHICO,28,Meu caro amigo,major,87,4,x
CHICO,28,Meu caro amigo,major,88,3,5
CHICO,28,Meu caro amigo,major,89,4,x
CHICO,28,Meu caro amigo,major,90,3,9
CHICO,28,Meu caro amigo,major,91,2,1
CHICO,28,Meu caro amigo,major,92,2,6
CHICO,28,Meu caro amigo,major,93,#5/b6,3
CHICO,28,Meu caro amigo,major,94,2,x
CHICO,28,Meu caro amigo,major,95,1,5
CHICO,28,Meu caro amigo,major,96,6,3
CHICO,28,Meu caro amigo,major,97,5,x
CHICO,28,Meu caro amigo,major,98,4,1
CHICO,28,Meu caro amigo,major,99,3,3
CHICO,28,Meu caro amigo,major,100,4,x
CHICO,28,Meu caro amigo,major,101,5,5
CHICO,28,Meu caro amigo,major,102,#5/b6,x
CHICO,28,Meu caro amigo,major,103,6,1
CHICO,28,Meu caro amigo,major,104,5,7
CHICO,28,Meu caro amigo,major,105,3,9
CHICO,28,Meu caro amigo,major,106,#4/b5,3
CHICO,28,Meu caro amigo,major,107,1,7
CHICO,28,Meu caro amigo,major,108,3,9
CHICO,28,Meu caro amigo,major,109,3,13
CHICO,28,Meu caro amigo,major,110,4,7
CHICO,28,Meu caro amigo,major,111,7,3
CHICO,28,Meu caro amigo,major,112,3,13
CHICO,28,Meu caro amigo,major,113,3,6
CHICO,28,Meu caro amigo,major,114,5,1
CHICO,28,Meu caro amigo,major,115,2,5
CHICO,28,Meu caro amigo,major,116,3,6
CHICO,28,Meu caro amigo,major,117,3,5
CHICO,28,Meu caro amigo,major,118,6,1
CHICO,28,Meu caro amigo,major,119,5,7
CHICO,28,Meu caro amigo,major,120,3,9
CHICO,28,Meu caro amigo,major,121,#4/b5,3
CHICO,28,Meu caro amigo,major,122,1,7
CHICO,28,Meu caro amigo,major,123,3,9
CHICO,28,Meu caro amigo,major,124,3,13
CHICO,28,Meu caro amigo,major,125,4,7
CHICO,28,Meu caro amigo,major,126,7,3
CHICO,28,Meu caro amigo,major,127,3,13
CHICO,28,Meu caro amigo,major,128,3,6
CHICO,28,Meu caro amigo,major,129,5,1
CHICO,28,Meu caro amigo,major,130,2,5
CHICO,28,Meu caro amigo,major,131,3,6
CHICO,28,Meu caro amigo,major,132,3,5
CHICO,28,Meu caro amigo,major,133,#6/b7,b9/#9
CHICO,28,Meu caro amigo,major,134,6,1
CHICO,28,Meu caro amigo,major,135,3,9
CHICO,28,Meu caro amigo,major,136,#4/b5,3
CHICO,28,Meu caro amigo,major,137,1,7
CHICO,28,Meu caro amigo,major,138,3,9
CHICO,28,Meu caro amigo,major,139,3,13
CHICO,28,Meu caro amigo,major,140,2,x
CHICO,28,Meu caro amigo,major,141,1,1
CHICO,29,Morena dos olhos dagua,major,1,5,5
CHICO,29,Morena dos olhos dagua,major,2,6,6
CHICO,29,Morena dos olhos dagua,major,3,3,3
CHICO,29,Morena dos olhos dagua,major,4,6,6
CHICO,29,Morena dos olhos dagua,major,5,5,x
CHICO,29,Morena dos olhos dagua,major,6,4,x
CHICO,29,Morena dos olhos dagua,major,7,3,9
CHICO,29,Morena dos olhos dagua,major,8,2,1
CHICO,29,Morena dos olhos dagua,major,9,#2/b3,1
CHICO,29,Morena dos olhos dagua,major,10,5,3
CHICO,29,Morena dos olhos dagua,major,11,#6/b7,5
CHICO,29,Morena dos olhos dagua,major,12,#2/b3,1
CHICO,29,Morena dos olhos dagua,major,13,1,13
CHICO,29,Morena dos olhos dagua,major,14,#6/b7,x
CHICO,29,Morena dos olhos dagua,major,15,1,3
CHICO,29,Morena dos olhos dagua,major,16,2,5
CHICO,29,Morena dos olhos dagua,major,17,3,3
CHICO,29,Morena dos olhos dagua,major,18,1,1
CHICO,29,Morena dos olhos dagua,major,19,3,3
CHICO,29,Morena dos olhos dagua,major,20,2,x
CHICO,29,Morena dos olhos dagua,major,21,1,1
CHICO,29,Morena dos olhos dagua,major,22,#4/b5,3
CHICO,29,Morena dos olhos dagua,major,23,6,5
CHICO,29,Morena dos olhos dagua,major,24,1,7
CHICO,29,Morena dos olhos dagua,major,25,3,9
CHICO,29,Morena dos olhos dagua,major,26,2,x
CHICO,29,Morena dos olhos dagua,major,27,1,7
CHICO,29,Morena dos olhos dagua,major,28,4,6
CHICO,29,Morena dos olhos dagua,major,29,#5/b6,1
CHICO,29,Morena dos olhos dagua,major,30,#2/b3,5
CHICO,29,Morena dos olhos dagua,major,31,2,x
CHICO,29,Morena dos olhos dagua,major,32,1,1
CHICO,29,Morena dos olhos dagua,major,33,5,1
CHICO,29,Morena dos olhos dagua,major,34,3,3
CHICO,29,Morena dos olhos dagua,major,35,5,5
CHICO,29,Morena dos olhos dagua,major,36,3,3
CHICO,29,Morena dos olhos dagua,major,37,2,x
CHICO,29,Morena dos olhos dagua,major,38,1,1
CHICO,29,Morena dos olhos dagua,major,39,4,1
CHICO,29,Morena dos olhos dagua,major,40,3,x
CHICO,29,Morena dos olhos dagua,major,41,4,1
CHICO,29,Morena dos olhos dagua,major,42,#4/b5,3
CHICO,29,Morena dos olhos dagua,major,43,6,5
CHICO,29,Morena dos olhos dagua,major,44,3,9
CHICO,29,Morena dos olhos dagua,major,45,1,7
CHICO,29,Morena dos olhos dagua,major,46,2,5
CHICO,29,Morena dos olhos dagua,major,47,1,x
CHICO,29,Morena dos olhos dagua,major,48,2,5
CHICO,29,Morena dos olhos dagua,major,49,#2/b3,3
CHICO,29,Morena dos olhos dagua,major,50,#2/b3,5
CHICO,29,Morena dos olhos dagua,major,51,1,3
CHICO,29,Morena dos olhos dagua,major,52,#2/b3,5
CHICO,29,Morena dos olhos dagua,major,53,#2/b3,7
CHICO,29,Morena dos olhos dagua,major,54,1,5
CHICO,29,Morena dos olhos dagua,major,55,1,6
CHICO,29,Morena dos olhos dagua,major,56,#2/b3,1
CHICO,29,Morena dos olhos dagua,major,57,5,11
CHICO,30,Mulheres de Atenas,major,1,3,3
CHICO,30,Mulheres de Atenas,major,2,2,1
CHICO,30,Mulheres de Atenas,major,3,1,x
CHICO,30,Mulheres de Atenas,major,4,2,6
CHICO,30,Mulheres de Atenas,major,5,3,x
CHICO,30,Mulheres de Atenas,major,6,4,7
CHICO,30,Mulheres de Atenas,major,7,2,5
CHICO,30,Mulheres de Atenas,major,8,3,3
CHICO,30,Mulheres de Atenas,major,9,2,1
CHICO,30,Mulheres de Atenas,major,10,1,x
CHICO,30,Mulheres de Atenas,major,11,2,6
CHICO,30,Mulheres de Atenas,major,12,3,x
CHICO,30,Mulheres de Atenas,major,13,4,3
CHICO,30,Mulheres de Atenas,major,14,1,1
CHICO,30,Mulheres de Atenas,major,15,6,3
CHICO,30,Mulheres de Atenas,major,16,6,9
CHICO,30,Mulheres de Atenas,major,17,5,1
CHICO,30,Mulheres de Atenas,major,18,4,7
CHICO,30,Mulheres de Atenas,major,19,3,b13
CHICO,30,Mulheres de Atenas,major,20,2,11
CHICO,30,Mulheres de Atenas,major,21,2,11
CHICO,30,Mulheres de Atenas,major,22,1,3
CHICO,30,Mulheres de Atenas,major,23,7,3
CHICO,30,Mulheres de Atenas,major,24,1,x
CHICO,30,Mulheres de Atenas,major,25,2,5
CHICO,30,Mulheres de Atenas,major,26,4,7
CHICO,30,Mulheres de Atenas,major,27,1,1
CHICO,30,Mulheres de Atenas,major,28,6,3
CHICO,30,Mulheres de Atenas,major,29,6,9
CHICO,30,Mulheres de Atenas,major,30,5,1
CHICO,30,Mulheres de Atenas,major,31,4,7
CHICO,30,Mulheres de Atenas,major,32,3,9
CHICO,30,Mulheres de Atenas,major,33,3,1
CHICO,30,Mulheres de Atenas,major,34,2,7
CHICO,30,Mulheres de Atenas,major,35,2,11
CHICO,30,Mulheres de Atenas,major,36,1,3
CHICO,30,Mulheres de Atenas,major,37,7,3
CHICO,30,Mulheres de Atenas,major,38,1,x
CHICO,30,Mulheres de Atenas,major,39,2,5
CHICO,30,Mulheres de Atenas,major,40,4,7
CHICO,30,Mulheres de Atenas,major,41,1,1
CHICO,30,Mulheres de Atenas,major,42,4,x
CHICO,30,Mulheres de Atenas,major,43,3,3
CHICO,30,Mulheres de Atenas,major,44,1,1
CHICO,31,Nao existe pecado ao sul do equador,major,1,3,3
CHICO,31,Nao existe pecado ao sul do equador,major,2,4,x
CHICO,31,Nao existe pecado ao sul do equador,major,3,5,5
CHICO,31,Nao existe pecado ao sul do equador,major,4,4,x
CHICO,31,Nao existe pecado ao sul do equador,major,5,3,3
CHICO,31,Nao existe pecado ao sul do equador,major,6,5,5
CHICO,31,Nao existe pecado ao sul do equador,major,7,4,x
CHICO,31,Nao existe pecado ao sul do equador,major,8,3,3
CHICO,31,Nao existe pecado ao sul do equador,major,9,5,5
CHICO,31,Nao existe pecado ao sul do equador,major,10,4,x
CHICO,31,Nao existe pecado ao sul do equador,major,11,3,3
CHICO,31,Nao existe pecado ao sul do equador,major,12,5,5
CHICO,31,Nao existe pecado ao sul do equador,major,13,3,3
CHICO,31,Nao existe pecado ao sul do equador,major,14,6,7
CHICO,31,Nao existe pecado ao sul do equador,major,15,3,x
CHICO,31,Nao existe pecado ao sul do equador,major,16,4,5
CHICO,31,Nao existe pecado ao sul do equador,major,17,2,1
CHICO,31,Nao existe pecado ao sul do equador,major,18,4,5
CHICO,31,Nao existe pecado ao sul do equador,major,19,5,x
CHICO,31,Nao existe pecado ao sul do equador,major,20,6,7
CHICO,31,Nao existe pecado ao sul do equador,major,21,5,x
CHICO,31,Nao existe pecado ao sul do equador,major,22,4,5
CHICO,31,Nao existe pecado ao sul do equador,major,23,6,5
CHICO,31,Nao existe pecado ao sul do equador,major,24,5,x
CHICO,31,Nao existe pecado ao sul do equador,major,25,4,3
CHICO,31,Nao existe pecado ao sul do equador,major,26,6,5
CHICO,31,Nao existe pecado ao sul do equador,major,27,5,x
CHICO,31,Nao existe pecado ao sul do equador,major,28,4,3
CHICO,31,Nao existe pecado ao sul do equador,major,29,6,9
CHICO,31,Nao existe pecado ao sul do equador,major,30,4,7
CHICO,31,Nao existe pecado ao sul do equador,major,31,7,3
CHICO,31,Nao existe pecado ao sul do equador,major,32,5,14
CHICO,31,Nao existe pecado ao sul do equador,major,33,4,7
CHICO,31,Nao existe pecado ao sul do equador,major,34,5,5
CHICO,31,Nao existe pecado ao sul do equador,major,35,1,1
CHICO,31,Nao existe pecado ao sul do equador,major,36,6,6
CHICO,31,Nao existe pecado ao sul do equador,major,37,5,5
CHICO,31,Nao existe pecado ao sul do equador,major,38,1,11
CHICO,31,Nao existe pecado ao sul do equador,major,39,6,9
CHICO,31,Nao existe pecado ao sul do equador,major,40,5,1
CHICO,31,Nao existe pecado ao sul do equador,major,41,1,11
CHICO,31,Nao existe pecado ao sul do equador,major,42,6,9
CHICO,31,Nao existe pecado ao sul do equador,major,43,5,1
CHICO,31,Nao existe pecado ao sul do equador,major,44,1,1
CHICO,31,Nao existe pecado ao sul do equador,major,45,6,6
CHICO,31,Nao existe pecado ao sul do equador,major,46,5,5
CHICO,31,Nao existe pecado ao sul do equador,major,47,3,3
CHICO,31,Nao existe pecado ao sul do equador,major,48,2,x
CHICO,31,Nao existe pecado ao sul do equador,major,49,1,1
CHICO,31,Nao existe pecado ao sul do equador,major,50,6,3
CHICO,31,Nao existe pecado ao sul do equador,major,51,1,5
CHICO,31,Nao existe pecado ao sul do equador,major,52,#6/b7,x
CHICO,31,Nao existe pecado ao sul do equador,major,53,#5/b6,3
CHICO,31,Nao existe pecado ao sul do equador,major,54,5,3
CHICO,31,Nao existe pecado ao sul do equador,major,55,#5/b6,1
CHICO,31,Nao existe pecado ao sul do equador,major,56,6,5
CHICO,31,Nao existe pecado ao sul do equador,major,57,7,3
CHICO,31,Nao existe pecado ao sul do equador,major,58,6,x
CHICO,31,Nao existe pecado ao sul do equador,major,59,5,1
CHICO,31,Nao existe pecado ao sul do equador,major,60,1,1
CHICO,31,Nao existe pecado ao sul do equador,major,61,3,3
CHICO,31,Nao existe pecado ao sul do equador,major,62,7,7
CHICO,31,Nao existe pecado ao sul do equador,major,63,2,x
CHICO,31,Nao existe pecado ao sul do equador,major,64,1,1
CHICO,31,Nao existe pecado ao sul do equador,major,65,3,3
CHICO,31,Nao existe pecado ao sul do equador,major,66,6,x
CHICO,31,Nao existe pecado ao sul do equador,major,67,5,11
CHICO,31,Nao existe pecado ao sul do equador,major,68,2,1
CHICO,31,Nao existe pecado ao sul do equador,major,69,6,5
CHICO,31,Nao existe pecado ao sul do equador,major,70,5,1
CHICO,31,Nao existe pecado ao sul do equador,major,71,2,1
CHICO,31,Nao existe pecado ao sul do equador,major,72,6,9
CHICO,31,Nao existe pecado ao sul do equador,major,73,5,1
CHICO,31,Nao existe pecado ao sul do equador,major,74,3,3
CHICO,31,Nao existe pecado ao sul do equador,major,75,7,7
CHICO,31,Nao existe pecado ao sul do equador,major,76,2,x
CHICO,31,Nao existe pecado ao sul do equador,major,77,1,1
CHICO,31,Nao existe pecado ao sul do equador,major,78,3,3
CHICO,31,Nao existe pecado ao sul do equador,major,79,6,x
CHICO,31,Nao existe pecado ao sul do equador,major,80,5,11
CHICO,31,Nao existe pecado ao sul do equador,major,81,2,1
CHICO,31,Nao existe pecado ao sul do equador,major,82,6,x
CHICO,31,Nao existe pecado ao sul do equador,major,83,5,1
CHICO,31,Nao existe pecado ao sul do equador,major,84,2,5
CHICO,31,Nao existe pecado ao sul do equador,major,85,6,9
CHICO,31,Nao existe pecado ao sul do equador,major,86,5,1
CHICO,31,Nao existe pecado ao sul do equador,major,87,4,3
CHICO,31,Nao existe pecado ao sul do equador,major,88,3,3
CHICO,31,Nao existe pecado ao sul do equador,major,89,2,9
CHICO,31,Nao existe pecado ao sul do equador,major,90,#1/b2,7
CHICO,31,Nao existe pecado ao sul do equador,major,91,3,1
CHICO,31,Nao existe pecado ao sul do equador,major,92,5,3
CHICO,31,Nao existe pecado ao sul do equador,major,93,#6/b7,b9/#9
CHICO,31,Nao existe pecado ao sul do equador,major,94,6,1
CHICO,31,Nao existe pecado ao sul do equador,major,95,3,9
CHICO,31,Nao existe pecado ao sul do equador,major,96,2,1
CHICO,31,Nao existe pecado ao sul do equador,major,97,6,5
CHICO,31,Nao existe pecado ao sul do equador,major,98,3,9
CHICO,31,Nao existe pecado ao sul do equador,major,99,6,5
CHICO,31,Nao existe pecado ao sul do equador,major,100,5,3
CHICO,31,Nao existe pecado ao sul do equador,major,101,3,1
CHICO,31,Nao existe pecado ao sul do equador,major,102,5,3
CHICO,31,Nao existe pecado ao sul do equador,major,103,4,3
CHICO,31,Nao existe pecado ao sul do equador,major,104,2,1
CHICO,31,Nao existe pecado ao sul do equador,major,105,4,7
CHICO,31,Nao existe pecado ao sul do equador,major,106,1,1
CHICO,32,Noite dos mascarados,minor,1,3,1
CHICO,32,Noite dos mascarados,minor,2,2,1
CHICO,32,Noite dos mascarados,minor,3,1,7
CHICO,32,Noite dos mascarados,minor,4,7,3
CHICO,32,Noite dos mascarados,minor,5,6,b9/#9
CHICO,32,Noite dos mascarados,minor,6,5,x
CHICO,32,Noite dos mascarados,minor,7,4,7
CHICO,32,Noite dos mascarados,minor,8,3,x
CHICO,32,Noite dos mascarados,minor,9,2,5
CHICO,32,Noite dos mascarados,minor,10,6,5
CHICO,32,Noite dos mascarados,minor,11,5,1
CHICO,32,Noite dos mascarados,minor,12,4,x
CHICO,32,Noite dos mascarados,minor,13,3,3
CHICO,32,Noite dos mascarados,minor,14,2,x
CHICO,32,Noite dos mascarados,minor,15,1,1
CHICO,32,Noite dos mascarados,minor,16,3,3
CHICO,32,Noite dos mascarados,minor,17,5,5
CHICO,32,Noite dos mascarados,minor,18,4,3
CHICO,32,Noite dos mascarados,minor,19,3,b13
CHICO,32,Noite dos mascarados,minor,20,2,5
CHICO,32,Noite dos mascarados,minor,21,4,11
CHICO,32,Noite dos mascarados,minor,22,3,3
CHICO,32,Noite dos mascarados,minor,23,1,1
CHICO,32,Noite dos mascarados,minor,24,5,5
CHICO,32,Noite dos mascarados,minor,25,1,1
CHICO,32,Noite dos mascarados,minor,26,2,x
CHICO,32,Noite dos mascarados,minor,27,3,5
CHICO,32,Noite dos mascarados,minor,28,2,5
CHICO,32,Noite dos mascarados,minor,29,4,11
CHICO,32,Noite dos mascarados,minor,30,3,x
CHICO,32,Noite dos mascarados,minor,31,4,1
CHICO,32,Noite dos mascarados,minor,32,5,6
CHICO,32,Noite dos mascarados,minor,33,4,x
CHICO,32,Noite dos mascarados,minor,34,3,1
CHICO,35,Olhos nos olhos,major,1,3,3
CHICO,35,Olhos nos olhos,major,2,#2/b3,x
CHICO,35,Olhos nos olhos,major,3,3,3
CHICO,35,Olhos nos olhos,major,4,4,3
CHICO,35,Olhos nos olhos,major,5,3,x
CHICO,35,Olhos nos olhos,major,6,4,3
CHICO,35,Olhos nos olhos,major,7,#4/b5,3
CHICO,35,Olhos nos olhos,major,8,6,5
CHICO,35,Olhos nos olhos,major,9,5,5
CHICO,35,Olhos nos olhos,major,10,5,5
CHICO,35,Olhos nos olhos,major,11,6,x
CHICO,35,Olhos nos olhos,major,12,5,5
CHICO,35,Olhos nos olhos,major,13,6,6
CHICO,35,Olhos nos olhos,major,14,1,1
CHICO,35,Olhos nos olhos,major,15,1,5
CHICO,35,Olhos nos olhos,major,16,2,x
CHICO,35,Olhos nos olhos,major,17,1,5
CHICO,35,Olhos nos olhos,major,18,2,6
CHICO,35,Olhos nos olhos,major,19,3,11
CHICO,35,Olhos nos olhos,major,20,2,x
CHICO,35,Olhos nos olhos,major,21,3,11
CHICO,35,Olhos nos olhos,major,22,2,x
CHICO,35,Olhos nos olhos,major,23,3,1
CHICO,35,Olhos nos olhos,major,24,3,5
CHICO,35,Olhos nos olhos,major,25,2,x
CHICO,35,Olhos nos olhos,major,26,3,5
CHICO,35,Olhos nos olhos,major,27,2,x
CHICO,35,Olhos nos olhos,major,28,3,5
CHICO,35,Olhos nos olhos,major,29,6,5
CHICO,35,Olhos nos olhos,major,30,7,x
CHICO,35,Olhos nos olhos,major,31,6,5
CHICO,35,Olhos nos olhos,major,32,7,x
CHICO,35,Olhos nos olhos,major,33,6,5
CHICO,35,Olhos nos olhos,major,34,7,x
CHICO,35,Olhos nos olhos,major,35,6,5
CHICO,35,Olhos nos olhos,major,36,7,13
CHICO,35,Olhos nos olhos,major,37,2,1
CHICO,35,Olhos nos olhos,major,38,2,5
CHICO,35,Olhos nos olhos,major,39,3,13
CHICO,35,Olhos nos olhos,major,40,2,x
CHICO,35,Olhos nos olhos,major,41,3,13
CHICO,35,Olhos nos olhos,major,42,4,7
CHICO,36,Pedro pedreiro,minor,1,1,5
CHICO,36,Pedro pedreiro,minor,2,2,6
CHICO,36,Pedro pedreiro,minor,3,7,x
CHICO,36,Pedro pedreiro,minor,4,1,5
CHICO,36,Pedro pedreiro,minor,5,2,6
CHICO,36,Pedro pedreiro,minor,6,7,x
CHICO,36,Pedro pedreiro,minor,7,1,5
CHICO,36,Pedro pedreiro,minor,8,2,5
CHICO,36,Pedro pedreiro,minor,9,7,3
CHICO,36,Pedro pedreiro,minor,10,1,x
CHICO,36,Pedro pedreiro,minor,11,2,5
CHICO,36,Pedro pedreiro,minor,12,3,b13
CHICO,36,Pedro pedreiro,minor,13,4,x
CHICO,36,Pedro pedreiro,minor,14,5,5
CHICO,36,Pedro pedreiro,minor,15,1,1
CHICO,36,Pedro pedreiro,minor,16,1,5
CHICO,36,Pedro pedreiro,minor,17,2,x
CHICO,36,Pedro pedreiro,minor,18,3,7
CHICO,36,Pedro pedreiro,minor,19,4,x
CHICO,36,Pedro pedreiro,minor,20,5,5
CHICO,36,Pedro pedreiro,minor,21,4,x
CHICO,36,Pedro pedreiro,minor,22,3,3
CHICO,36,Pedro pedreiro,minor,23,2,x
CHICO,36,Pedro pedreiro,minor,24,3,3
CHICO,36,Pedro pedreiro,minor,25,2,x
CHICO,36,Pedro pedreiro,minor,26,1,1
CHICO,36,Pedro pedreiro,minor,27,b7,7
CHICO,36,Pedro pedreiro,minor,28,1,5
CHICO,36,Pedro pedreiro,minor,29,2,x
CHICO,36,Pedro pedreiro,minor,30,3,7
CHICO,36,Pedro pedreiro,minor,31,4,x
CHICO,36,Pedro pedreiro,minor,32,5,9
CHICO,36,Pedro pedreiro,minor,33,4,1
CHICO,36,Pedro pedreiro,minor,34,5,9
CHICO,36,Pedro pedreiro,minor,35,5,1
CHICO,36,Pedro pedreiro,minor,36,7,3
CHICO,36,Pedro pedreiro,minor,37,2,5
CHICO,36,Pedro pedreiro,minor,38,4,7
CHICO,36,Pedro pedreiro,minor,39,3,x
CHICO,36,Pedro pedreiro,minor,40,2,5
CHICO,36,Pedro pedreiro,minor,41,1,5
CHICO,36,Pedro pedreiro,minor,42,4,1
CHICO,36,Pedro pedreiro,minor,43,3,x
CHICO,36,Pedro pedreiro,minor,44,2,x
CHICO,36,Pedro pedreiro,minor,45,1,1
CHICO,36,Pedro pedreiro,minor,46,4,11
CHICO,36,Pedro pedreiro,minor,47,3,3
CHICO,36,Pedro pedreiro,minor,48,2,x
CHICO,36,Pedro pedreiro,minor,49,1,1
CHICO,36,Pedro pedreiro,minor,50,1,5
CHICO,36,Pedro pedreiro,minor,51,4,1
CHICO,36,Pedro pedreiro,minor,52,3,x
CHICO,36,Pedro pedreiro,minor,53,2,x
CHICO,36,Pedro pedreiro,minor,54,1,1
CHICO,36,Pedro pedreiro,minor,55,4,11
CHICO,36,Pedro pedreiro,minor,56,3,3
CHICO,36,Pedro pedreiro,minor,57,2,x
CHICO,36,Pedro pedreiro,minor,58,1,1
CHICO,36,Pedro pedreiro,minor,59,4,1
CHICO,36,Pedro pedreiro,minor,60,3,x
CHICO,36,Pedro pedreiro,minor,61,2,x
CHICO,36,Pedro pedreiro,minor,62,1,1
CHICO,36,Pedro pedreiro,minor,63,4,x
CHICO,36,Pedro pedreiro,minor,64,3,3
CHICO,36,Pedro pedreiro,minor,65,5,11
CHICO,36,Pedro pedreiro,minor,66,2,1
CHICO,36,Pedro pedreiro,minor,67,2,5
CHICO,36,Pedro pedreiro,minor,68,7,3
CHICO,36,Pedro pedreiro,minor,69,1,1
CHICO,37,Quem te viu quem te ve,minor,1,5,5
CHICO,37,Quem te viu quem te ve,minor,2,5,9
CHICO,37,Quem te viu quem te ve,minor,3,4,1
CHICO,37,Quem te viu quem te ve,minor,4,5,9
CHICO,37,Quem te viu quem te ve,minor,5,5,b13
CHICO,37,Quem te viu quem te ve,minor,6,4,5
CHICO,37,Quem te viu quem te ve,minor,7,6,7
CHICO,37,Quem te viu quem te ve,minor,8,5,x
CHICO,37,Quem te viu quem te ve,minor,9,4,11
CHICO,37,Quem te viu quem te ve,minor,10,3,3
CHICO,37,Quem te viu quem te ve,minor,11,1,1
CHICO,37,Quem te viu quem te ve,minor,12,1,5
CHICO,37,Quem te viu quem te ve,minor,13,2,x
CHICO,37,Quem te viu quem te ve,minor,14,3,7
CHICO,37,Quem te viu quem te ve,minor,15,1,5
CHICO,37,Quem te viu quem te ve,minor,16,1,9
CHICO,37,Quem te viu quem te ve,minor,17,b7,1
CHICO,37,Quem te viu quem te ve,minor,18,4,5
CHICO,37,Quem te viu quem te ve,minor,19,5,x
CHICO,37,Quem te viu quem te ve,minor,20,6,7
CHICO,37,Quem te viu quem te ve,minor,21,5,x
CHICO,37,Quem te viu quem te ve,minor,22,6,7
CHICO,37,Quem te viu quem te ve,minor,23,b7,1
CHICO,37,Quem te viu quem te ve,minor,24,6,x
CHICO,37,Quem te viu quem te ve,minor,25,5,3
CHICO,37,Quem te viu quem te ve,minor,26,3,1
CHICO,37,Quem te viu quem te ve,minor,27,4,x
CHICO,37,Quem te viu quem te ve,minor,28,5,3
CHICO,37,Quem te viu quem te ve,minor,29,#4/b5,x
CHICO,37,Quem te viu quem te ve,minor,30,5,3
CHICO,37,Quem te viu quem te ve,minor,31,1,6
CHICO,37,Quem te viu quem te ve,minor,32,1,3
CHICO,37,Quem te viu quem te ve,minor,33,#6,1
CHICO,37,Quem te viu quem te ve,minor,34,7,3
CHICO,37,Quem te viu quem te ve,minor,35,6,1
CHICO,37,Quem te viu quem te ve,minor,36,5,1
CHICO,37,Quem te viu quem te ve,minor,37,4,7
CHICO,37,Quem te viu quem te ve,minor,38,3,7
CHICO,37,Quem te viu quem te ve,minor,39,#4/b5,1
CHICO,37,Quem te viu quem te ve,minor,40,4,14
CHICO,37,Quem te viu quem te ve,minor,41,3,7
CHICO,37,Quem te viu quem te ve,minor,42,2,5
CHICO,37,Quem te viu quem te ve,minor,43,1,3
CHICO,37,Quem te viu quem te ve,minor,44,7,3
CHICO,37,Quem te viu quem te ve,minor,45,1,x
CHICO,37,Quem te viu quem te ve,minor,46,2,5
CHICO,38,Roda viva,minor,1,1,1
CHICO,38,Roda viva,minor,2,3,5
CHICO,38,Roda viva,minor,3,1,3
CHICO,38,Roda viva,minor,4,5,1
CHICO,38,Roda viva,minor,5,1,5
CHICO,38,Roda viva,minor,6,b7,1
CHICO,38,Roda viva,minor,7,5,3
CHICO,38,Roda viva,minor,8,2,14
CHICO,38,Roda viva,minor,9,2,1
CHICO,38,Roda viva,minor,10,1,7
CHICO,38,Roda viva,minor,11,5,1
CHICO,38,Roda viva,minor,12,1,1
CHICO,38,Roda viva,minor,13,b7,x
CHICO,38,Roda viva,minor,14,6,3
CHICO,38,Roda viva,minor,15,4,1
CHICO,38,Roda viva,minor,16,6,3
CHICO,38,Roda viva,minor,17,b7,1
CHICO,38,Roda viva,minor,18,6,x
CHICO,38,Roda viva,minor,19,5,3
CHICO,38,Roda viva,minor,20,#4/b5,3
CHICO,38,Roda viva,minor,21,5,1
CHICO,38,Roda viva,minor,22,4,x
CHICO,38,Roda viva,minor,23,3,3
CHICO,38,Roda viva,minor,24,1,1
CHICO,38,Roda viva,minor,25,3,5
CHICO,38,Roda viva,minor,26,4,x
CHICO,38,Roda viva,minor,27,5,1
CHICO,38,Roda viva,minor,28,1,1
CHICO,38,Roda viva,minor,29,5,1
CHICO,38,Roda viva,minor,30,4,1
CHICO,38,Roda viva,minor,31,2,3
CHICO,38,Roda viva,minor,32,#1/b2,3
CHICO,38,Roda viva,minor,33,1,13
CHICO,38,Roda viva,minor,34,6,1
CHICO,38,Roda viva,minor,35,5,1
CHICO,38,Roda viva,minor,36,4,7
CHICO,38,Roda viva,minor,37,1,1
CHICO,39,Samba de Orly,major,1,3,3
CHICO,39,Samba de Orly,major,2,5,5
CHICO,39,Samba de Orly,major,3,6,6
CHICO,39,Samba de Orly,major,4,6,3
CHICO,39,Samba de Orly,major,5,7,1
CHICO,39,Samba de Orly,major,6,1,b9/#9
CHICO,39,Samba de Orly,major,7,7,1
CHICO,39,Samba de Orly,major,8,6,7
CHICO,39,Samba de Orly,major,9,5,3
CHICO,39,Samba de Orly,major,10,6,1
CHICO,39,Samba de Orly,major,11,#6/b7,b9/#9
CHICO,39,Samba de Orly,major,12,6,1
CHICO,39,Samba de Orly,major,13,5,7
CHICO,39,Samba de Orly,major,14,4,7
CHICO,39,Samba de Orly,major,15,3,3
CHICO,39,Samba de Orly,major,16,4,x
CHICO,39,Samba de Orly,major,17,3,3
CHICO,39,Samba de Orly,major,18,2,x
CHICO,39,Samba de Orly,major,19,1,5
CHICO,39,Samba de Orly,major,20,6,3
CHICO,39,Samba de Orly,major,21,1,5
CHICO,39,Samba de Orly,major,22,5,9
CHICO,39,Samba de Orly,major,23,3,7
CHICO,39,Samba de Orly,major,24,2,x
CHICO,39,Samba de Orly,major,25,1,1
CHICO,39,Samba de Orly,major,26,6,6
CHICO,39,Samba de Orly,major,27,1,1
CHICO,39,Samba de Orly,major,28,1,3
CHICO,39,Samba de Orly,major,29,7,x
CHICO,39,Samba de Orly,major,30,6,1
CHICO,39,Samba de Orly,major,31,5,x
CHICO,39,Samba de Orly,major,32,#4/b5,3
CHICO,39,Samba de Orly,major,33,2,1
CHICO,39,Samba de Orly,major,34,1,7
CHICO,39,Samba de Orly,major,35,7,x
CHICO,39,Samba de Orly,major,36,6,5
CHICO,39,Samba de Orly,major,37,5,x
CHICO,39,Samba de Orly,major,38,4,3
CHICO,39,Samba de Orly,major,39,5,11
CHICO,39,Samba de Orly,major,40,6,5
CHICO,39,Samba de Orly,major,41,1,7
CHICO,39,Samba de Orly,major,42,3,13
CHICO,41,Samba e amor,minor,1,5,1
CHICO,41,Samba e amor,minor,2,#4/b5,x
CHICO,41,Samba e amor,minor,3,5,5
CHICO,41,Samba e amor,minor,4,1,1
CHICO,41,Samba e amor,minor,5,5,5
CHICO,41,Samba e amor,minor,6,4,1
CHICO,41,Samba e amor,minor,7,3,7
CHICO,41,Samba e amor,minor,8,1,5
CHICO,41,Samba e amor,minor,9,3,7
CHICO,41,Samba e amor,minor,10,4,6
CHICO,41,Samba e amor,minor,11,5,1
CHICO,41,Samba e amor,minor,12,#4/b5,x
CHICO,41,Samba e amor,minor,13,5,5
CHICO,41,Samba e amor,minor,14,1,1
CHICO,41,Samba e amor,minor,15,5,5
CHICO,41,Samba e amor,minor,16,4,1
CHICO,41,Samba e amor,minor,17,3,7
CHICO,41,Samba e amor,minor,18,1,5
CHICO,41,Samba e amor,minor,19,3,7
CHICO,41,Samba e amor,minor,20,1,1
CHICO,41,Samba e amor,minor,21,5,9
CHICO,41,Samba e amor,minor,22,1,5
CHICO,41,Samba e amor,minor,23,5,7
CHICO,41,Samba e amor,minor,24,7,3
CHICO,41,Samba e amor,minor,25,5,3
CHICO,41,Samba e amor,minor,26,b7,5
CHICO,41,Samba e amor,minor,27,5,7
CHICO,41,Samba e amor,minor,28,4,6
CHICO,41,Samba e amor,minor,29,5,7
CHICO,41,Samba e amor,minor,30,3,5
CHICO,41,Samba e amor,minor,31,4,x
CHICO,41,Samba e amor,minor,32,5,7
CHICO,41,Samba e amor,minor,33,1,3
CHICO,41,Samba e amor,minor,34,b7,b13
CHICO,41,Samba e amor,minor,35,#6,5
CHICO,41,Samba e amor,minor,36,5,11
CHICO,41,Samba e amor,minor,37,5,7
CHICO,41,Samba e amor,minor,38,1,1
CHICO,41,Samba e amor,minor,39,5,5
CHICO,41,Samba e amor,minor,40,3,3
CHICO,41,Samba e amor,minor,41,1,1
CHICO,41,Samba e amor,minor,42,b7,7
CHICO,41,Samba e amor,minor,43,5,5
CHICO,41,Samba e amor,minor,44,#3,3
CHICO,41,Samba e amor,minor,45,b7,7
CHICO,41,Samba e amor,minor,46,b7,11
CHICO,41,Samba e amor,minor,47,6,3
CHICO,41,Samba e amor,minor,48,6,7
CHICO,41,Samba e amor,minor,49,5,3
CHICO,41,Samba e amor,minor,50,6,x
CHICO,41,Samba e amor,minor,51,#6,x
CHICO,41,Samba e amor,minor,52,b7,5
CHICO,41,Samba e amor,minor,53,5,3
CHICO,41,Samba e amor,minor,54,6,x
CHICO,41,Samba e amor,minor,55,#6,x
CHICO,41,Samba e amor,minor,56,b7,13
CHICO,41,Samba e amor,minor,57,5,5
CHICO,41,Samba e amor,minor,58,3,3
CHICO,41,Samba e amor,minor,59,5,1
CHICO,41,Samba e amor,minor,60,1,1
CHICO,41,Samba e amor,minor,61,1,5
CHICO,41,Samba e amor,minor,62,6,1
CHICO,41,Samba e amor,minor,63,1,9
CHICO,41,Samba e amor,minor,64,3,5
CHICO,41,Samba e amor,minor,65,6,1
CHICO,41,Samba e amor,minor,66,5,1
CHICO,41,Samba e amor,minor,67,4,7
CHICO,41,Samba e amor,minor,68,2,5
CHICO,41,Samba e amor,minor,69,3,b13
CHICO,41,Samba e amor,minor,70,1,1
CHICO,43,Tatuagem,major,1,3,5
CHICO,43,Tatuagem,major,2,2,11
CHICO,43,Tatuagem,major,3,4,6
CHICO,43,Tatuagem,major,4,4,1
CHICO,43,Tatuagem,major,5,3,7
CHICO,43,Tatuagem,major,6,6,1
CHICO,43,Tatuagem,major,7,#6/b7,5
CHICO,43,Tatuagem,major,8,6,x
CHICO,43,Tatuagem,major,9,5,3
CHICO,43,Tatuagem,major,10,4,b13
CHICO,43,Tatuagem,major,11,3,5
CHICO,43,Tatuagem,major,12,3,b13
CHICO,43,Tatuagem,major,13,6,3
CHICO,43,Tatuagem,major,14,#5/b6,x
CHICO,43,Tatuagem,major,15,6,3
CHICO,43,Tatuagem,major,16,#5/b6,x
CHICO,43,Tatuagem,major,17,6,3
CHICO,43,Tatuagem,major,18,#5/b6,x
CHICO,43,Tatuagem,major,19,6,3
CHICO,43,Tatuagem,major,20,#5/b6,x
CHICO,43,Tatuagem,major,21,6,3
CHICO,43,Tatuagem,major,22,#5/b6,x
CHICO,43,Tatuagem,major,23,6,3
CHICO,43,Tatuagem,major,24,7,x
CHICO,43,Tatuagem,major,25,6,3
CHICO,43,Tatuagem,major,26,5,3
CHICO,43,Tatuagem,major,27,5,7
CHICO,43,Tatuagem,major,28,4,x
CHICO,43,Tatuagem,major,29,3,5
CHICO,43,Tatuagem,major,30,#2/b3,x
CHICO,43,Tatuagem,major,31,3,x
CHICO,43,Tatuagem,major,32,#2/b3,x
CHICO,43,Tatuagem,major,33,3,5
CHICO,43,Tatuagem,major,34,#2/b3,x
CHICO,43,Tatuagem,major,35,3,b13
CHICO,43,Tatuagem,major,36,1,1
CHICO,46,De volta ao samba,major,1,5,5
CHICO,46,De volta ao samba,major,2,3,3
CHICO,46,De volta ao samba,major,3,2,9
CHICO,46,De volta ao samba,major,4,1,x
CHICO,46,De volta ao samba,major,5,7,7
CHICO,46,De volta ao samba,major,6,6,6
CHICO,46,De volta ao samba,major,7,#5/b6,3
CHICO,46,De volta ao samba,major,8,3,x
CHICO,46,De volta ao samba,major,9,2,6
CHICO,46,De volta ao samba,major,10,3,1
CHICO,46,De volta ao samba,major,11,2,7
CHICO,46,De volta ao samba,major,12,1,x
CHICO,46,De volta ao samba,major,13,7,5
CHICO,46,De volta ao samba,major,14,6,x
CHICO,46,De volta ao samba,major,15,7,5
CHICO,46,De volta ao samba,major,16,1,3
CHICO,46,De volta ao samba,major,17,2,11
CHICO,46,De volta ao samba,major,18,3,x
CHICO,46,De volta ao samba,major,19,2,11
CHICO,46,De volta ao samba,major,20,1,3
CHICO,46,De volta ao samba,major,21,1,6
CHICO,46,De volta ao samba,major,22,2,1
CHICO,46,De volta ao samba,major,23,3,x
CHICO,46,De volta ao samba,major,24,2,1
CHICO,46,De volta ao samba,major,25,1,7
CHICO,46,De volta ao samba,major,26,6,6
CHICO,46,De volta ao samba,major,27,5,5
CHICO,46,De volta ao samba,major,28,6,1
CHICO,46,De volta ao samba,major,29,#1/b2,3
CHICO,46,De volta ao samba,major,30,2,1
CHICO,46,De volta ao samba,major,31,3,3
CHICO,46,De volta ao samba,major,32,1,1
CHICO,46,De volta ao samba,major,33,3,1
CHICO,46,De volta ao samba,major,34,6,3
CHICO,46,De volta ao samba,major,35,7,5
CHICO,46,De volta ao samba,major,36,5,11
CHICO,46,De volta ao samba,major,37,6,1
CHICO,46,De volta ao samba,major,38,3,5
CHICO,46,De volta ao samba,major,39,6,1
CHICO,46,De volta ao samba,major,40,2,6
CHICO,46,De volta ao samba,major,41,5,1
CHICO,46,De volta ao samba,major,42,5,7
CHICO,46,De volta ao samba,major,43,5,9
CHICO,46,De volta ao samba,major,44,4,x
CHICO,46,De volta ao samba,major,45,3,x
CHICO,46,De volta ao samba,major,46,2,5
CHICO,46,De volta ao samba,major,47,5,5
CHICO,46,De volta ao samba,major,48,3,3
CHICO,46,De volta ao samba,major,49,4,x
CHICO,46,De volta ao samba,major,50,3,1
CHICO,46,De volta ao samba,major,51,7,5
CHICO,46,De volta ao samba,major,52,1,3
CHICO,46,De volta ao samba,major,53,2,#11
CHICO,46,De volta ao samba,major,54,2,6
CHICO,46,De volta ao samba,major,55,5,5
CHICO,46,De volta ao samba,major,56,5,x
CHICO,46,De volta ao samba,major,57,#4/b5,1
CHICO,46,De volta ao samba,major,58,#2/b3,7
CHICO,46,De volta ao samba,major,59,7,11
CHICO,46,De volta ao samba,major,60,7,5
CHICO,46,De volta ao samba,major,61,4,7
CHICO,46,De volta ao samba,major,62,3,3
CHICO,48,Paratodos,major,1,3,3
CHICO,48,Paratodos,major,2,4,x
CHICO,48,Paratodos,major,3,5,5
CHICO,48,Paratodos,major,4,6,6
CHICO,48,Paratodos,major,5,5,1
CHICO,48,Paratodos,major,6,3,13
CHICO,48,Paratodos,major,7,4,x
CHICO,48,Paratodos,major,8,5,1
CHICO,48,Paratodos,major,9,6,9
CHICO,48,Paratodos,major,10,5,1
CHICO,48,Paratodos,major,11,#6/b7,3
CHICO,48,Paratodos,major,12,6,1
CHICO,48,Paratodos,major,13,5,7
CHICO,48,Paratodos,major,14,4,b13
CHICO,48,Paratodos,major,15,4,3
CHICO,48,Paratodos,major,16,#5/b6,5
CHICO,48,Paratodos,major,17,5,9
CHICO,48,Paratodos,major,18,4,1
CHICO,48,Paratodos,major,19,3,7
CHICO,48,Paratodos,major,20,3,3
CHICO,48,Paratodos,major,21,5,5
CHICO,48,Paratodos,major,22,4,x
CHICO,48,Paratodos,major,23,3,3
CHICO,48,Paratodos,major,24,2,9
CHICO,48,Paratodos,major,25,2,1
CHICO,48,Paratodos,major,26,3,9
CHICO,48,Paratodos,major,27,2,5
CHICO,48,Paratodos,major,28,7,3
CHICO,48,Paratodos,major,29,6,6
CHICO,48,Paratodos,major,30,6,9
DJAVAN,1,Flor de lis,major,1,7,9
DJAVAN,1,Flor de lis,major,2,3,3
DJAVAN,1,Flor de lis,major,3,5,5
DJAVAN,1,Flor de lis,major,4,3,3
DJAVAN,1,Flor de lis,major,5,1,1
DJAVAN,1,Flor de lis,major,6,3,11
DJAVAN,1,Flor de lis,major,7,5,b9/#9
DJAVAN,1,Flor de lis,major,8,3,1
DJAVAN,1,Flor de lis,major,9,1,b13
DJAVAN,1,Flor de lis,major,10,3,5
DJAVAN,1,Flor de lis,major,11,6,5
DJAVAN,1,Flor de lis,major,12,3,9
DJAVAN,1,Flor de lis,major,13,1,7
DJAVAN,1,Flor de lis,major,14,3,11
DJAVAN,1,Flor de lis,major,15,2,5
DJAVAN,1,Flor de lis,major,16,6,9
DJAVAN,1,Flor de lis,major,17,4,7
DJAVAN,1,Flor de lis,major,18,3,3
DJAVAN,1,Flor de lis,major,19,2,x
DJAVAN,1,Flor de lis,major,20,3,3
DJAVAN,1,Flor de lis,major,21,5,5
DJAVAN,1,Flor de lis,major,22,6,3
DJAVAN,1,Flor de lis,major,23,1,b9/#9
DJAVAN,1,Flor de lis,major,24,6,7
DJAVAN,1,Flor de lis,major,25,4,b13
DJAVAN,1,Flor de lis,major,26,6,7
DJAVAN,1,Flor de lis,major,27,5,7
DJAVAN,1,Flor de lis,major,28,3,5
DJAVAN,1,Flor de lis,major,29,5,7
DJAVAN,1,Flor de lis,major,30,1,5
DJAVAN,1,Flor de lis,major,31,6,7
DJAVAN,1,Flor de lis,major,32,7,x
DJAVAN,1,Flor de lis,major,33,1,b9/#9
DJAVAN,1,Flor de lis,major,34,2,7
DJAVAN,1,Flor de lis,major,35,1,b9/#9
DJAVAN,1,Flor de lis,major,36,6,1
DJAVAN,1,Flor de lis,major,37,7,x
DJAVAN,1,Flor de lis,major,38,1,b9/#9
DJAVAN,1,Flor de lis,major,39,7,x
DJAVAN,1,Flor de lis,major,40,6,1
DJAVAN,1,Flor de lis,major,41,5,5
DJAVAN,1,Flor de lis,major,42,1,3
DJAVAN,1,Flor de lis,major,43,2,6
DJAVAN,1,Flor de lis,major,44,#2/b3,x
DJAVAN,1,Flor de lis,major,45,2,6
DJAVAN,1,Flor de lis,major,46,1,5
DJAVAN,1,Flor de lis,major,47,5,5
DJAVAN,1,Flor de lis,major,48,3,3
DJAVAN,1,Flor de lis,major,49,1,1
DJAVAN,1,Flor de lis,major,50,7,5
DJAVAN,1,Flor de lis,major,51,3,1
DJAVAN,1,Flor de lis,major,52,1,3
DJAVAN,1,Flor de lis,major,53,7,x
DJAVAN,1,Flor de lis,major,54,1,3
DJAVAN,1,Flor de lis,major,55,7,x
DJAVAN,1,Flor de lis,major,56,1,3
DJAVAN,1,Flor de lis,major,57,7,x
DJAVAN,1,Flor de lis,major,58,1,b13
DJAVAN,1,Flor de lis,major,59,7,x
DJAVAN,1,Flor de lis,major,60,1,b13
DJAVAN,1,Flor de lis,major,61,2,7
DJAVAN,1,Flor de lis,major,62,1,11
DJAVAN,1,Flor de lis,major,63,5,1
DJAVAN,1,Flor de lis,major,64,1,11
DJAVAN,1,Flor de lis,major,65,6,13
DJAVAN,1,Flor de lis,major,66,1,1
DJAVAN,1,Flor de lis,major,67,3,3
DJAVAN,1,Flor de lis,major,68,4,x
DJAVAN,1,Flor de lis,major,69,3,7
DJAVAN,1,Flor de lis,major,70,1,5
DJAVAN,1,Flor de lis,major,71,2,6
DJAVAN,1,Flor de lis,major,72,4,5
DJAVAN,1,Flor de lis,major,73,3,x
DJAVAN,1,Flor de lis,major,74,2,3
DJAVAN,1,Flor de lis,major,75,4,5
DJAVAN,1,Flor de lis,major,76,3,1
DJAVAN,1,Flor de lis,major,77,3,5
DJAVAN,1,Flor de lis,major,78,2,x
DJAVAN,1,Flor de lis,major,79,1,b9/#9
DJAVAN,1,Flor de lis,major,80,2,11
DJAVAN,1,Flor de lis,major,81,3,5
DJAVAN,1,Flor de lis,major,82,1,7
DJAVAN,1,Flor de lis,major,83,3,9
DJAVAN,1,Flor de lis,major,84,2,5
DJAVAN,1,Flor de lis,major,85,1,3
DJAVAN,1,Flor de lis,major,86,6,x
DJAVAN,1,Flor de lis,major,87,5,1
DJAVAN,1,Flor de lis,major,88,1,11
DJAVAN,2,E que Deus ajude,major,1,5,11
DJAVAN,2,E que Deus ajude,major,2,#5/b6,x
DJAVAN,2,E que Deus ajude,major,3,6,5
DJAVAN,2,E que Deus ajude,major,4,1,7
DJAVAN,2,E que Deus ajude,major,5,6,5
DJAVAN,2,E que Deus ajude,major,6,1,7
DJAVAN,2,E que Deus ajude,major,7,7,6
DJAVAN,2,E que Deus ajude,major,8,5,1
DJAVAN,2,E que Deus ajude,major,9,5,3
DJAVAN,2,E que Deus ajude,major,10,4,x
DJAVAN,2,E que Deus ajude,major,11,3,1
DJAVAN,2,E que Deus ajude,major,12,4,x
DJAVAN,2,E que Deus ajude,major,13,5,7
DJAVAN,2,E que Deus ajude,major,14,6,1
DJAVAN,2,E que Deus ajude,major,15,1,b9/#9
DJAVAN,2,E que Deus ajude,major,16,1,7
DJAVAN,2,E que Deus ajude,major,17,3,9
DJAVAN,2,E que Deus ajude,major,18,2,5
DJAVAN,2,E que Deus ajude,major,19,1,3
DJAVAN,2,E que Deus ajude,major,20,3,3
DJAVAN,2,E que Deus ajude,major,21,1,1
DJAVAN,2,E que Deus ajude,major,22,6,1
DJAVAN,2,E que Deus ajude,major,23,1,3
DJAVAN,2,E que Deus ajude,major,24,6,1
DJAVAN,2,E que Deus ajude,major,25,1,3
DJAVAN,2,E que Deus ajude,major,26,2,1
DJAVAN,2,E que Deus ajude,major,27,1,7
DJAVAN,2,E que Deus ajude,major,28,6,9
DJAVAN,2,E que Deus ajude,major,29,1,3
DJAVAN,2,E que Deus ajude,major,30,6,9
DJAVAN,2,E que Deus ajude,major,31,1,3
DJAVAN,2,E que Deus ajude,major,32,3,1
DJAVAN,2,E que Deus ajude,major,33,1,6
DJAVAN,2,E que Deus ajude,major,34,6,1
DJAVAN,2,E que Deus ajude,major,35,1,7
DJAVAN,2,E que Deus ajude,major,36,6,9
DJAVAN,2,E que Deus ajude,major,37,3,3
DJAVAN,2,E que Deus ajude,major,38,5,7
DJAVAN,2,E que Deus ajude,major,39,3,5
DJAVAN,2,E que Deus ajude,major,40,4,3
DJAVAN,2,E que Deus ajude,major,41,4,7
DJAVAN,2,E que Deus ajude,major,42,5,1
DJAVAN,2,E que Deus ajude,major,43,3,1
DJAVAN,2,E que Deus ajude,major,44,3,5
DJAVAN,2,E que Deus ajude,major,45,1,b9/#9
DJAVAN,2,E que Deus ajude,major,46,6,5
DJAVAN,2,E que Deus ajude,major,47,6,9
DJAVAN,2,E que Deus ajude,major,48,3,3
DJAVAN,2,E que Deus ajude,major,49,5,7
DJAVAN,2,E que Deus ajude,major,50,3,5
DJAVAN,2,E que Deus ajude,major,51,4,3
DJAVAN,2,E que Deus ajude,major,52,4,7
DJAVAN,2,E que Deus ajude,major,53,3,1
DJAVAN,2,E que Deus ajude,major,54,3,5
DJAVAN,2,E que Deus ajude,major,55,2,1
DJAVAN,2,E que Deus ajude,major,56,1,7
DJAVAN,2,E que Deus ajude,major,57,6,9
DJAVAN,2,E que Deus ajude,major,58,1,1
DJAVAN,2,E que Deus ajude,major,59,6,1
DJAVAN,2,E que Deus ajude,major,60,1,7
DJAVAN,2,E que Deus ajude,major,61,6,3
DJAVAN,2,E que Deus ajude,major,62,5,5
DJAVAN,2,E que Deus ajude,major,63,5,7
DJAVAN,2,E que Deus ajude,major,64,5,11
DJAVAN,2,E que Deus ajude,major,65,6,x
DJAVAN,2,E que Deus ajude,major,66,7,3
DJAVAN,2,E que Deus ajude,major,67,1,x
DJAVAN,2,E que Deus ajude,major,68,7,5
DJAVAN,2,E que Deus ajude,major,69,6,x
DJAVAN,2,E que Deus ajude,major,70,5,3
DJAVAN,2,E que Deus ajude,major,71,3,5
DJAVAN,2,E que Deus ajude,major,72,6,9
DJAVAN,2,E que Deus ajude,major,73,5,5
DJAVAN,2,E que Deus ajude,major,74,4,x
DJAVAN,2,E que Deus ajude,major,75,3,3
DJAVAN,2,E que Deus ajude,major,76,1,b9/#9
DJAVAN,2,E que Deus ajude,major,77,3,13
DJAVAN,2,E que Deus ajude,major,78,2,x
DJAVAN,2,E que Deus ajude,major,79,1,6
DJAVAN,2,E que Deus ajude,major,80,3,1
DJAVAN,2,E que Deus ajude,major,81,1,b9/#9
DJAVAN,2,E que Deus ajude,major,82,3,13
DJAVAN,2,E que Deus ajude,major,83,2,x
DJAVAN,2,E que Deus ajude,major,84,1,1
DJAVAN,2,E que Deus ajude,major,85,3,3
DJAVAN,2,E que Deus ajude,major,86,1,b9/#9
DJAVAN,2,E que Deus ajude,major,87,3,13
DJAVAN,2,E que Deus ajude,major,88,2,x
DJAVAN,2,E que Deus ajude,major,89,1,6
DJAVAN,2,E que Deus ajude,major,90,3,1
DJAVAN,2,E que Deus ajude,major,91,1,b9/#9
DJAVAN,3,Lilas,minor,1,3,3
DJAVAN,3,Lilas,minor,2,4,x
DJAVAN,3,Lilas,minor,3,5,5
DJAVAN,3,Lilas,minor,4,4,11
DJAVAN,3,Lilas,minor,5,3,x
DJAVAN,3,Lilas,minor,6,2,x
DJAVAN,3,Lilas,minor,7,1,1
DJAVAN,3,Lilas,minor,8,3,3
DJAVAN,3,Lilas,minor,9,4,x
DJAVAN,3,Lilas,minor,10,5,5
DJAVAN,3,Lilas,minor,11,4,11
DJAVAN,3,Lilas,minor,12,3,x
DJAVAN,3,Lilas,minor,13,2,x
DJAVAN,3,Lilas,minor,14,1,1
DJAVAN,3,Lilas,minor,15,6,1
DJAVAN,3,Lilas,minor,16,b7,9
DJAVAN,3,Lilas,minor,17,1,3
DJAVAN,3,Lilas,minor,18,1,11
DJAVAN,3,Lilas,minor,19,2,5
DJAVAN,3,Lilas,minor,20,3,x
DJAVAN,3,Lilas,minor,21,2,6
DJAVAN,3,Lilas,minor,22,3,x
DJAVAN,3,Lilas,minor,23,2,6
DJAVAN,3,Lilas,minor,24,1,9
DJAVAN,3,Lilas,minor,25,2,x
DJAVAN,3,Lilas,minor,26,1,9
DJAVAN,3,Lilas,minor,27,2,3
DJAVAN,3,Lilas,minor,28,4,5
DJAVAN,3,Lilas,minor,29,5,13
DJAVAN,3,Lilas,minor,30,b7,7
DJAVAN,3,Lilas,minor,31,5,5
DJAVAN,3,Lilas,minor,32,4,11
DJAVAN,3,Lilas,minor,33,2,9
DJAVAN,3,Lilas,minor,34,1,3
DJAVAN,3,Lilas,minor,35,2,x
DJAVAN,3,Lilas,minor,36,b7,3
DJAVAN,3,Lilas,minor,37,b7,7
DJAVAN,3,Lilas,minor,38,5,5
DJAVAN,3,Lilas,minor,39,4,11
DJAVAN,3,Lilas,minor,40,2,9
DJAVAN,3,Lilas,minor,41,1,3
DJAVAN,3,Lilas,minor,42,3,5
DJAVAN,3,Lilas,minor,43,2,5
DJAVAN,3,Lilas,minor,44,4,7
DJAVAN,3,Lilas,minor,45,5,1
DJAVAN,3,Lilas,minor,46,b7,7
DJAVAN,3,Lilas,minor,47,5,5
DJAVAN,3,Lilas,minor,48,b7,5
DJAVAN,3,Lilas,minor,49,5,3
DJAVAN,3,Lilas,minor,50,2,1
DJAVAN,3,Lilas,minor,51,3,b13
DJAVAN,3,Lilas,minor,52,2,x
DJAVAN,3,Lilas,minor,53,1,3
DJAVAN,3,Lilas,minor,54,1,3
DJAVAN,3,Lilas,minor,55,3,3
DJAVAN,3,Lilas,minor,56,2,x
DJAVAN,3,Lilas,minor,57,1,1
DJAVAN,3,Lilas,minor,58,2,x
DJAVAN,3,Lilas,minor,59,3,5
DJAVAN,3,Lilas,minor,60,1,3
DJAVAN,3,Lilas,minor,61,5,5
DJAVAN,3,Lilas,minor,62,3,3
DJAVAN,3,Lilas,minor,63,2,x
DJAVAN,3,Lilas,minor,64,1,7
DJAVAN,3,Lilas,minor,65,1,5
DJAVAN,3,Lilas,minor,66,b7,x
DJAVAN,3,Lilas,minor,67,1,1
DJAVAN,4,Nem um dia,minor,1,5,1
DJAVAN,4,Nem um dia,minor,2,1,3
DJAVAN,4,Nem um dia,minor,3,2,x
DJAVAN,4,Nem um dia,minor,4,3,3
DJAVAN,4,Nem um dia,minor,5,5,5
DJAVAN,4,Nem um dia,minor,6,1,1
DJAVAN,4,Nem um dia,minor,7,2,x
DJAVAN,4,Nem um dia,minor,8,3,3
DJAVAN,4,Nem um dia,minor,9,4,11
DJAVAN,4,Nem um dia,minor,10,3,3
DJAVAN,4,Nem um dia,minor,11,2,x
DJAVAN,4,Nem um dia,minor,12,1,9
DJAVAN,4,Nem um dia,minor,13,b7,1
DJAVAN,4,Nem um dia,minor,14,1,x
DJAVAN,4,Nem um dia,minor,15,2,3
DJAVAN,4,Nem um dia,minor,16,3,x
DJAVAN,4,Nem um dia,minor,17,2,3
DJAVAN,4,Nem um dia,minor,18,3,x
DJAVAN,4,Nem um dia,minor,19,2,3
DJAVAN,4,Nem um dia,minor,20,1,3
DJAVAN,4,Nem um dia,minor,21,6,1
DJAVAN,4,Nem um dia,minor,22,b7,x
DJAVAN,4,Nem um dia,minor,23,1,3
DJAVAN,4,Nem um dia,minor,24,2,#11
DJAVAN,4,Nem um dia,minor,25,1,x
DJAVAN,4,Nem um dia,minor,26,7,3
DJAVAN,4,Nem um dia,minor,27,6,1
DJAVAN,4,Nem um dia,minor,28,5,5
DJAVAN,4,Nem um dia,minor,29,4,x
DJAVAN,4,Nem um dia,minor,30,3,3
DJAVAN,4,Nem um dia,minor,31,4,x
DJAVAN,4,Nem um dia,minor,32,5,5
DJAVAN,4,Nem um dia,minor,33,6,x
DJAVAN,4,Nem um dia,minor,34,b7,9
DJAVAN,4,Nem um dia,minor,35,#4/b5,7
DJAVAN,4,Nem um dia,minor,36,6,1
DJAVAN,4,Nem um dia,minor,37,#4/b5,x
DJAVAN,4,Nem um dia,minor,38,4,13
DJAVAN,4,Nem um dia,minor,39,2,5
DJAVAN,4,Nem um dia,minor,40,3,x
DJAVAN,4,Nem um dia,minor,41,2,1
DJAVAN,4,Nem um dia,minor,42,3,x
DJAVAN,4,Nem um dia,minor,43,2,1
DJAVAN,4,Nem um dia,minor,44,3,x
DJAVAN,4,Nem um dia,minor,45,2,1
DJAVAN,4,Nem um dia,minor,46,3,x
DJAVAN,4,Nem um dia,minor,47,2,1
DJAVAN,4,Nem um dia,minor,48,3,x
DJAVAN,4,Nem um dia,minor,49,4,7
DJAVAN,4,Nem um dia,minor,50,5,1
DJAVAN,4,Nem um dia,minor,51,5,5
DJAVAN,4,Nem um dia,minor,52,4,x
DJAVAN,4,Nem um dia,minor,53,5,5
DJAVAN,4,Nem um dia,minor,54,4,x
DJAVAN,4,Nem um dia,minor,55,5,5
DJAVAN,4,Nem um dia,minor,56,4,x
DJAVAN,4,Nem um dia,minor,57,5,5
DJAVAN,4,Nem um dia,minor,58,4,x
DJAVAN,4,Nem um dia,minor,59,5,5
DJAVAN,4,Nem um dia,minor,60,4,x
DJAVAN,4,Nem um dia,minor,61,5,5
DJAVAN,4,Nem um dia,minor,62,4,x
DJAVAN,4,Nem um dia,minor,63,5,x
DJAVAN,4,Nem um dia,minor,64,4,5
DJAVAN,4,Nem um dia,minor,65,5,x
DJAVAN,4,Nem um dia,minor,66,4,5
DJAVAN,4,Nem um dia,minor,67,5,x
DJAVAN,4,Nem um dia,minor,68,4,5
DJAVAN,4,Nem um dia,minor,69,5,x
DJAVAN,4,Nem um dia,minor,70,4,5
DJAVAN,4,Nem um dia,minor,71,5,x
DJAVAN,4,Nem um dia,minor,72,4,5
DJAVAN,4,Nem um dia,minor,73,5,7
DJAVAN,4,Nem um dia,minor,74,4,x
DJAVAN,4,Nem um dia,minor,75,5,7
DJAVAN,4,Nem um dia,minor,76,4,x
DJAVAN,4,Nem um dia,minor,77,5,7
DJAVAN,4,Nem um dia,minor,78,4,x
DJAVAN,4,Nem um dia,minor,79,5,7
DJAVAN,4,Nem um dia,minor,80,4,x
DJAVAN,4,Nem um dia,minor,81,3,b13
DJAVAN,4,Nem um dia,minor,82,2,x
DJAVAN,4,Nem um dia,minor,83,3,b13
DJAVAN,5,Muito obrigado,major,1,6,9
DJAVAN,5,Muito obrigado,major,2,1,1
DJAVAN,5,Muito obrigado,major,3,6,6
DJAVAN,5,Muito obrigado,major,4,2,3
DJAVAN,5,Muito obrigado,major,5,6,1
DJAVAN,5,Muito obrigado,major,6,1,7
DJAVAN,5,Muito obrigado,major,7,6,5
DJAVAN,5,Muito obrigado,major,8,1,3
DJAVAN,5,Muito obrigado,major,9,2,x
DJAVAN,5,Muito obrigado,major,10,3,1
DJAVAN,5,Muito obrigado,major,11,5,3
DJAVAN,5,Muito obrigado,major,12,6,11
DJAVAN,5,Muito obrigado,major,13,5,7
DJAVAN,5,Muito obrigado,major,14,6,5
DJAVAN,5,Muito obrigado,major,15,5,1
DJAVAN,5,Muito obrigado,major,16,7,3
DJAVAN,5,Muito obrigado,major,17,6,x
DJAVAN,5,Muito obrigado,major,18,5,3
DJAVAN,5,Muito obrigado,major,19,3,1
DJAVAN,5,Muito obrigado,major,20,1,6
DJAVAN,5,Muito obrigado,major,21,6,1
DJAVAN,5,Muito obrigado,major,22,3,9
DJAVAN,5,Muito obrigado,major,23,6,9
DJAVAN,5,Muito obrigado,major,24,3,13
DJAVAN,5,Muito obrigado,major,25,5,3
DJAVAN,5,Muito obrigado,major,26,3,1
DJAVAN,5,Muito obrigado,major,27,6,11
DJAVAN,5,Muito obrigado,major,28,3,5
DJAVAN,5,Muito obrigado,major,29,5,7
DJAVAN,5,Muito obrigado,major,30,6,1
DJAVAN,5,Muito obrigado,major,31,1,b9/#9
DJAVAN,5,Muito obrigado,major,32,6,5
DJAVAN,5,Muito obrigado,major,33,5,x
DJAVAN,5,Muito obrigado,major,34,6,9
DJAVAN,5,Muito obrigado,major,35,5,1
DJAVAN,5,Muito obrigado,major,36,1,1
DJAVAN,5,Muito obrigado,major,37,7,x
DJAVAN,5,Muito obrigado,major,38,6,6
DJAVAN,5,Muito obrigado,major,39,3,3
DJAVAN,5,Muito obrigado,major,40,3,5
DJAVAN,5,Muito obrigado,major,41,5,7
DJAVAN,5,Muito obrigado,major,42,6,1
DJAVAN,5,Muito obrigado,major,43,2,1
DJAVAN,5,Muito obrigado,major,44,6,5
DJAVAN,5,Muito obrigado,major,45,5,x
DJAVAN,5,Muito obrigado,major,46,6,9
DJAVAN,5,Muito obrigado,major,47,5,1
DJAVAN,5,Muito obrigado,major,48,1,x
DJAVAN,5,Muito obrigado,major,49,7,5
DJAVAN,5,Muito obrigado,major,50,6,11
DJAVAN,5,Muito obrigado,major,51,3,1
DJAVAN,5,Muito obrigado,major,52,3,5
DJAVAN,5,Muito obrigado,major,53,5,7
DJAVAN,5,Muito obrigado,major,54,6,1
DJAVAN,5,Muito obrigado,major,55,2,1
DJAVAN,5,Muito obrigado,major,56,1,7
DJAVAN,5,Muito obrigado,major,57,2,3
DJAVAN,5,Muito obrigado,major,58,1,b13
DJAVAN,5,Muito obrigado,major,59,4,x
DJAVAN,5,Muito obrigado,major,60,3,5
DJAVAN,5,Muito obrigado,major,61,2,11
DJAVAN,5,Muito obrigado,major,62,6,5
DJAVAN,5,Muito obrigado,major,63,6,9
DJAVAN,5,Muito obrigado,major,64,1,1
DJAVAN,5,Muito obrigado,major,65,2,x
DJAVAN,5,Muito obrigado,major,66,1,5
DJAVAN,5,Muito obrigado,major,67,6,3
DJAVAN,5,Muito obrigado,major,68,2,6
DJAVAN,5,Muito obrigado,major,69,1,x
DJAVAN,5,Muito obrigado,major,70,2,5
DJAVAN,5,Muito obrigado,major,71,1,3
DJAVAN,5,Muito obrigado,major,72,4,x
DJAVAN,5,Muito obrigado,major,73,3,3
DJAVAN,5,Muito obrigado,major,74,2,x
DJAVAN,5,Muito obrigado,major,75,1,1
DJAVAN,5,Muito obrigado,major,76,6,1
DJAVAN,5,Muito obrigado,major,77,1,b9/#9
DJAVAN,5,Muito obrigado,major,78,2,x
DJAVAN,5,Muito obrigado,major,79,1,7
DJAVAN,5,Muito obrigado,major,80,6,5
DJAVAN,5,Muito obrigado,major,81,6,9
DJAVAN,5,Muito obrigado,major,82,1,3
DJAVAN,5,Muito obrigado,major,83,2,x
DJAVAN,5,Muito obrigado,major,84,3,1
DJAVAN,5,Muito obrigado,major,85,6,11
DJAVAN,5,Muito obrigado,major,86,6,1
DJAVAN,5,Muito obrigado,major,87,1,b9/#9
DJAVAN,5,Muito obrigado,major,88,2,x
DJAVAN,5,Muito obrigado,major,89,1,7
DJAVAN,5,Muito obrigado,major,90,6,5
DJAVAN,5,Muito obrigado,major,91,1,3
DJAVAN,5,Muito obrigado,major,92,6,9
DJAVAN,5,Muito obrigado,major,93,1,3
DJAVAN,5,Muito obrigado,major,94,2,x
DJAVAN,5,Muito obrigado,major,95,3,1
DJAVAN,5,Muito obrigado,major,96,1,6
DJAVAN,5,Muito obrigado,major,97,6,1
DJAVAN,6,Obi,major,1,5,5
DJAVAN,6,Obi,major,2,6,6
DJAVAN,6,Obi,major,3,6,5
DJAVAN,6,Obi,major,4,7,6
DJAVAN,6,Obi,major,5,1,7
DJAVAN,6,Obi,major,6,2,x
DJAVAN,6,Obi,major,7,#2/b3,1
DJAVAN,6,Obi,major,8,3,b9/#9
DJAVAN,6,Obi,major,9,5,7
DJAVAN,6,Obi,major,10,1,3
DJAVAN,6,Obi,major,11,3,5
DJAVAN,6,Obi,major,12,7,9
DJAVAN,6,Obi,major,13,2,1
DJAVAN,6,Obi,major,14,6,5
DJAVAN,6,Obi,major,15,4,3
DJAVAN,6,Obi,major,16,6,5
DJAVAN,6,Obi,major,17,1,7
DJAVAN,6,Obi,major,18,4,3
DJAVAN,6,Obi,major,19,3,3
DJAVAN,6,Obi,major,20,5,5
DJAVAN,6,Obi,major,21,3,3
DJAVAN,6,Obi,major,22,4,3
DJAVAN,6,Obi,major,23,2,1
DJAVAN,6,Obi,major,24,3,x
DJAVAN,6,Obi,major,25,2,6
DJAVAN,6,Obi,major,26,1,5
DJAVAN,6,Obi,major,27,5,5
DJAVAN,6,Obi,major,28,6,6
DJAVAN,6,Obi,major,29,7,6
DJAVAN,6,Obi,major,30,1,7
DJAVAN,6,Obi,major,31,2,x
DJAVAN,6,Obi,major,32,#2/b3,1
DJAVAN,6,Obi,major,33,3,b9/#9
DJAVAN,6,Obi,major,34,5,7
DJAVAN,6,Obi,major,35,1,3
DJAVAN,6,Obi,major,36,3,5
DJAVAN,6,Obi,major,37,7,9
DJAVAN,6,Obi,major,38,2,1
DJAVAN,6,Obi,major,39,6,5
DJAVAN,6,Obi,major,40,4,3
DJAVAN,6,Obi,major,41,5,x
DJAVAN,6,Obi,major,42,6,5
DJAVAN,6,Obi,major,43,5,9
DJAVAN,6,Obi,major,44,4,1
DJAVAN,6,Obi,major,45,3,x
DJAVAN,6,Obi,major,46,2,6
DJAVAN,6,Obi,major,47,1,x
DJAVAN,6,Obi,major,48,7,5
DJAVAN,6,Obi,major,49,2,#11
DJAVAN,6,Obi,major,50,1,7
DJAVAN,6,Obi,major,51,4,3
DJAVAN,6,Obi,major,52,1,7
DJAVAN,6,Obi,major,53,6,9
DJAVAN,6,Obi,major,54,4,7
DJAVAN,6,Obi,major,55,1,x
DJAVAN,6,Obi,major,56,6,9
DJAVAN,6,Obi,major,57,4,7
DJAVAN,6,Obi,major,58,5,1
DJAVAN,6,Obi,major,59,3,3
DJAVAN,6,Obi,major,60,5,1
DJAVAN,6,Obi,major,61,#6/b7,3
DJAVAN,6,Obi,major,62,2,5
DJAVAN,6,Obi,major,63,2,9
DJAVAN,6,Obi,major,64,1,1
DJAVAN,6,Obi,major,65,3,3
DJAVAN,6,Obi,major,66,2,5
DJAVAN,6,Obi,major,67,3,6
DJAVAN,6,Obi,major,68,4,x
DJAVAN,6,Obi,major,69,3,3
DJAVAN,6,Obi,major,70,2,x
DJAVAN,6,Obi,major,71,3,3
DJAVAN,6,Obi,major,72,1,1
DJAVAN,6,Obi,major,73,#6/b7,3
DJAVAN,6,Obi,major,74,1,11
DJAVAN,6,Obi,major,75,2,9
DJAVAN,6,Obi,major,76,1,1
DJAVAN,6,Obi,major,77,2,x
DJAVAN,6,Obi,major,78,1,b9/#9
DJAVAN,6,Obi,major,79,2,b9/#9
DJAVAN,6,Obi,major,80,1,9
DJAVAN,6,Obi,major,81,2,3
DJAVAN,6,Obi,major,82,7,b9/#9
DJAVAN,6,Obi,major,83,2,3
DJAVAN,6,Obi,major,84,7,9
DJAVAN,6,Obi,major,85,2,3
DJAVAN,6,Obi,major,86,7,9
DJAVAN,6,Obi,major,87,2,3
DJAVAN,6,Obi,major,88,6,5
DJAVAN,6,Obi,major,89,2,1
DJAVAN,6,Obi,major,90,6,5
DJAVAN,6,Obi,major,91,2,5
DJAVAN,7,Passou,major,1,3,3
DJAVAN,7,Passou,major,2,4,x
DJAVAN,7,Passou,major,3,6,6
DJAVAN,7,Passou,major,4,1,1
DJAVAN,7,Passou,major,5,2,6
DJAVAN,7,Passou,major,6,1,5
DJAVAN,7,Passou,major,7,#5/b6,3
DJAVAN,7,Passou,major,8,2,6
DJAVAN,7,Passou,major,9,1,6
DJAVAN,7,Passou,major,10,5,3
DJAVAN,7,Passou,major,11,6,11
DJAVAN,7,Passou,major,12,3,x
DJAVAN,7,Passou,major,13,4,9
DJAVAN,7,Passou,major,14,6,b13
DJAVAN,7,Passou,major,15,1,7
DJAVAN,7,Passou,major,16,2,1
DJAVAN,7,Passou,major,17,1,5
DJAVAN,7,Passou,major,18,#5/b6,3
DJAVAN,7,Passou,major,19,2,6
DJAVAN,7,Passou,major,20,1,x
DJAVAN,7,Passou,major,21,7,5
DJAVAN,7,Passou,major,22,2,7
DJAVAN,7,Passou,major,23,3,x
DJAVAN,7,Passou,major,24,4,14
DJAVAN,7,Passou,major,25,6,3
DJAVAN,7,Passou,major,26,1,5
DJAVAN,7,Passou,major,27,2,6
DJAVAN,7,Passou,major,28,1,5
DJAVAN,7,Passou,major,29,#5/b6,3
DJAVAN,7,Passou,major,30,2,6
DJAVAN,7,Passou,major,31,1,6
DJAVAN,7,Passou,major,32,5,3
DJAVAN,7,Passou,major,33,6,11
DJAVAN,7,Passou,major,34,#2/b3,1
DJAVAN,7,Passou,major,35,2,x
DJAVAN,7,Passou,major,36,1,6
DJAVAN,7,Passou,major,37,5,x
DJAVAN,7,Passou,major,38,#5/b6,11
DJAVAN,7,Passou,major,39,#6/b7,6
DJAVAN,7,Passou,major,40,#5/b6,5
DJAVAN,7,Passou,major,41,1,3
DJAVAN,7,Passou,major,42,7,3
DJAVAN,7,Passou,major,43,3,3
DJAVAN,7,Passou,major,44,3,7
DJAVAN,7,Passou,major,45,2,6
DJAVAN,7,Passou,major,46,2,7
DJAVAN,7,Passou,major,47,1,6
DJAVAN,7,Passou,major,48,1,7
DJAVAN,7,Passou,major,49,#6/b7,6
DJAVAN,7,Passou,major,50,1,1
DJAVAN,7,Passou,major,51,6,13
DJAVAN,7,Passou,major,52,6,3
DJAVAN,7,Passou,major,53,3,7
DJAVAN,7,Passou,major,54,2,6
DJAVAN,7,Passou,major,55,2,7
DJAVAN,7,Passou,major,56,1,6
DJAVAN,7,Passou,major,57,1,7
DJAVAN,7,Passou,major,58,#6/b7,6
DJAVAN,7,Passou,major,59,#6/b7,7
DJAVAN,7,Passou,major,60,1,1
DJAVAN,7,Passou,major,61,2,x
DJAVAN,7,Passou,major,62,#2/b3,3
DJAVAN,7,Passou,major,63,4,5
DJAVAN,7,Passou,major,64,#6/b7,1
DJAVAN,7,Passou,major,65,1,x
DJAVAN,7,Passou,major,66,2,3
DJAVAN,7,Passou,major,67,#2/b3,x
DJAVAN,7,Passou,major,68,4,5
DJAVAN,7,Passou,major,69,5,x
DJAVAN,7,Passou,major,70,#5/b6,1
DJAVAN,7,Passou,major,71,#1/b2,x
DJAVAN,7,Passou,major,72,#2/b3,5
DJAVAN,7,Passou,major,73,4,7
DJAVAN,7,Passou,major,74,5,x
DJAVAN,7,Passou,major,75,#5/b6,b13
DJAVAN,7,Passou,major,76,#6/b7,7
DJAVAN,7,Passou,major,77,1,5
DJAVAN,8,Azul,minor,1,6,3
DJAVAN,8,Azul,minor,2,5,x
DJAVAN,8,Azul,minor,3,4,1
DJAVAN,8,Azul,minor,4,2,3
DJAVAN,8,Azul,minor,5,5,5
DJAVAN,8,Azul,minor,6,1,1
DJAVAN,8,Azul,minor,7,3,3
DJAVAN,8,Azul,minor,8,5,7
DJAVAN,8,Azul,minor,9,6,x
DJAVAN,8,Azul,minor,10,b7,9
DJAVAN,8,Azul,minor,11,3,5
DJAVAN,8,Azul,minor,12,4,x
DJAVAN,8,Azul,minor,13,5,11
DJAVAN,8,Azul,minor,14,6,x
DJAVAN,8,Azul,minor,15,5,11
DJAVAN,8,Azul,minor,16,2,1
DJAVAN,8,Azul,minor,17,6,3
DJAVAN,8,Azul,minor,18,5,x
DJAVAN,8,Azul,minor,19,4,1
DJAVAN,8,Azul,minor,20,2,3
DJAVAN,8,Azul,minor,21,5,5
DJAVAN,8,Azul,minor,22,1,1
DJAVAN,8,Azul,minor,23,3,3
DJAVAN,8,Azul,minor,24,6,1
DJAVAN,8,Azul,minor,25,5,x
DJAVAN,8,Azul,minor,26,4,6
DJAVAN,8,Azul,minor,27,2,#11
DJAVAN,8,Azul,minor,28,5,1
DJAVAN,8,Azul,minor,29,5,5
DJAVAN,8,Azul,minor,30,1,3
DJAVAN,8,Azul,minor,31,3,5
DJAVAN,8,Azul,minor,32,6,1
DJAVAN,8,Azul,minor,33,1,3
DJAVAN,8,Azul,minor,34,3,5
DJAVAN,8,Azul,minor,35,4,x
DJAVAN,8,Azul,minor,36,5,1
DJAVAN,8,Azul,minor,37,6,x
DJAVAN,8,Azul,minor,38,5,1
DJAVAN,8,Azul,minor,39,4,x
DJAVAN,8,Azul,minor,40,3,b13
DJAVAN,8,Azul,minor,41,5,1
DJAVAN,8,Azul,minor,42,1,#11
DJAVAN,8,Azul,minor,43,3,13
DJAVAN,8,Azul,minor,44,b7,11
DJAVAN,8,Azul,minor,45,5,9
DJAVAN,8,Azul,minor,46,b7,11
DJAVAN,8,Azul,minor,47,1,5
DJAVAN,8,Azul,minor,48,4,5
DJAVAN,8,Azul,minor,49,1,1
DJAVAN,8,Azul,minor,50,3,3
DJAVAN,8,Azul,minor,51,5,5
DJAVAN,8,Azul,minor,52,1,1
DJAVAN,8,Azul,minor,53,3,3
DJAVAN,8,Azul,minor,54,5,3
DJAVAN,8,Azul,minor,55,3,5
DJAVAN,8,Azul,minor,56,5,7
DJAVAN,8,Azul,minor,57,3,5
DJAVAN,8,Azul,minor,58,4,7
DJAVAN,8,Azul,minor,59,1,1
DJAVAN,9,Beiral,major,1,7,3
DJAVAN,9,Beiral,major,2,6,6
DJAVAN,9,Beiral,major,3,5,5
DJAVAN,9,Beiral,major,4,7,7
DJAVAN,9,Beiral,major,5,5,5
DJAVAN,9,Beiral,major,6,6,6
DJAVAN,9,Beiral,major,7,3,3
DJAVAN,9,Beiral,major,8,5,5
DJAVAN,9,Beiral,major,9,2,9
DJAVAN,9,Beiral,major,10,3,3
DJAVAN,9,Beiral,major,11,7,7
DJAVAN,9,Beiral,major,12,7,5
DJAVAN,9,Beiral,major,13,3,1
DJAVAN,9,Beiral,major,14,7,5
DJAVAN,9,Beiral,major,15,3,5
DJAVAN,9,Beiral,major,16,6,1
DJAVAN,9,Beiral,major,17,4,3
DJAVAN,9,Beiral,major,18,5,x
DJAVAN,9,Beiral,major,19,4,3
DJAVAN,9,Beiral,major,20,3,9
DJAVAN,9,Beiral,major,21,4,3
DJAVAN,9,Beiral,major,22,6,14
DJAVAN,9,Beiral,major,23,5,x
DJAVAN,9,Beiral,major,24,4,x
DJAVAN,9,Beiral,major,25,3,5
DJAVAN,9,Beiral,major,26,4,x
DJAVAN,9,Beiral,major,27,3,9
DJAVAN,9,Beiral,major,28,2,1
DJAVAN,9,Beiral,major,29,2,5
DJAVAN,9,Beiral,major,30,7,3
DJAVAN,9,Beiral,major,31,6,6
DJAVAN,9,Beiral,major,32,5,5
DJAVAN,9,Beiral,major,33,7,7
DJAVAN,9,Beiral,major,34,5,5
DJAVAN,9,Beiral,major,35,6,6
DJAVAN,9,Beiral,major,36,3,3
DJAVAN,9,Beiral,major,37,5,5
DJAVAN,9,Beiral,major,38,2,x
DJAVAN,9,Beiral,major,39,3,3
DJAVAN,9,Beiral,major,40,5,11
DJAVAN,9,Beiral,major,41,6,x
DJAVAN,9,Beiral,major,42,7,6
DJAVAN,9,Beiral,major,43,1,x
DJAVAN,9,Beiral,major,44,7,3
DJAVAN,9,Beiral,major,45,1,x
DJAVAN,9,Beiral,major,46,2,5
DJAVAN,9,Beiral,major,47,3,13
DJAVAN,9,Beiral,major,48,4,x
DJAVAN,9,Beiral,major,49,5,5
DJAVAN,9,Beiral,major,50,5,9
DJAVAN,9,Beiral,major,51,3,3
DJAVAN,9,Beiral,major,52,5,5
DJAVAN,9,Beiral,major,53,6,3
DJAVAN,9,Beiral,major,54,5,x
DJAVAN,9,Beiral,major,55,6,3
DJAVAN,9,Beiral,major,56,4,1
DJAVAN,9,Beiral,major,57,5,x
DJAVAN,9,Beiral,major,58,#5/b6,3
DJAVAN,9,Beiral,major,59,5,x
DJAVAN,9,Beiral,major,60,#5/b6,3
DJAVAN,9,Beiral,major,61,5,3
DJAVAN,9,Beiral,major,62,4,9
DJAVAN,9,Beiral,major,63,2,1
DJAVAN,9,Beiral,major,64,6,5
DJAVAN,9,Beiral,major,65,3,9
DJAVAN,9,Beiral,major,66,3,11
DJAVAN,9,Beiral,major,67,1,b13
DJAVAN,9,Beiral,major,68,7,5
DJAVAN,9,Beiral,major,69,2,7
DJAVAN,9,Beiral,major,70,1,3
DJAVAN,9,Beiral,major,71,3,5
DJAVAN,9,Beiral,major,72,5,7
DJAVAN,9,Beiral,major,73,3,6
DJAVAN,9,Beiral,major,74,5,7
DJAVAN,9,Beiral,major,75,3,6
DJAVAN,9,Beiral,major,76,6,9
DJAVAN,9,Beiral,major,77,5,1
DJAVAN,9,Beiral,major,78,4,3
DJAVAN,9,Beiral,major,79,6,3
DJAVAN,9,Beiral,major,80,5,x
DJAVAN,9,Beiral,major,81,6,3
DJAVAN,9,Beiral,major,82,1,5
DJAVAN,9,Beiral,major,83,4,1
DJAVAN,9,Beiral,major,84,5,x
DJAVAN,9,Beiral,major,85,#5/b6,3
DJAVAN,9,Beiral,major,86,5,x
DJAVAN,9,Beiral,major,87,#5/b6,3
DJAVAN,9,Beiral,major,88,5,x
DJAVAN,9,Beiral,major,89,4,9
DJAVAN,9,Beiral,major,90,2,1
DJAVAN,9,Beiral,major,91,4,3
DJAVAN,9,Beiral,major,92,6,5
DJAVAN,9,Beiral,major,93,2,1
DJAVAN,9,Beiral,major,94,3,x
DJAVAN,9,Beiral,major,95,4,5
DJAVAN,9,Beiral,major,96,5,x
DJAVAN,9,Beiral,major,97,4,5
DJAVAN,9,Beiral,major,98,3,1
DJAVAN,9,Beiral,major,99,6,1
DJAVAN,9,Beiral,major,100,#1/b2,3
DJAVAN,9,Beiral,major,101,3,5
DJAVAN,9,Beiral,major,102,5,7
DJAVAN,9,Beiral,major,103,5,1
DJAVAN,9,Beiral,major,104,4,x
DJAVAN,9,Beiral,major,105,3,6
DJAVAN,9,Beiral,major,106,5,5
DJAVAN,9,Beiral,major,107,6,13
DJAVAN,9,Beiral,major,108,2,6
DJAVAN,9,Beiral,major,109,1,5
DJAVAN,9,Beiral,major,110,5,6
DJAVAN,9,Beiral,major,111,6,7
DJAVAN,9,Beiral,major,112,2,9
DJAVAN,9,Beiral,major,113,1,1
DJAVAN,9,Beiral,major,114,5,1
DJAVAN,9,Beiral,major,115,6,9
DJAVAN,9,Beiral,major,116,2,6
DJAVAN,9,Beiral,major,117,1,5
DJAVAN,9,Beiral,major,118,6,7
DJAVAN,9,Beiral,major,119,5,6
DJAVAN,9,Beiral,major,120,3,#11
DJAVAN,9,Beiral,major,121,3,3
DJAVAN,10,Om,minor,1,5,5
DJAVAN,10,Om,minor,2,6,x
DJAVAN,10,Om,minor,3,5,5
DJAVAN,10,Om,minor,4,6,x
DJAVAN,10,Om,minor,5,5,5
DJAVAN,10,Om,minor,6,6,6
DJAVAN,10,Om,minor,7,6,5
DJAVAN,10,Om,minor,8,7,x
DJAVAN,10,Om,minor,9,6,5
DJAVAN,10,Om,minor,10,7,x
DJAVAN,10,Om,minor,11,6,5
DJAVAN,10,Om,minor,12,7,13
DJAVAN,10,Om,minor,13,7,5
DJAVAN,10,Om,minor,14,1,6
DJAVAN,10,Om,minor,15,5,3
DJAVAN,10,Om,minor,16,7,5
DJAVAN,10,Om,minor,17,1,6
DJAVAN,10,Om,minor,18,5,9
DJAVAN,10,Om,minor,19,3,7
DJAVAN,10,Om,minor,20,5,5
DJAVAN,10,Om,minor,21,6,x
DJAVAN,10,Om,minor,22,5,5
DJAVAN,10,Om,minor,23,6,x
DJAVAN,10,Om,minor,24,5,5
DJAVAN,10,Om,minor,25,6,6
DJAVAN,10,Om,minor,26,6,5
DJAVAN,10,Om,minor,27,7,x
DJAVAN,10,Om,minor,28,6,5
DJAVAN,10,Om,minor,29,7,x
DJAVAN,10,Om,minor,30,6,5
DJAVAN,10,Om,minor,31,7,13
DJAVAN,10,Om,minor,32,7,5
DJAVAN,10,Om,minor,33,1,6
DJAVAN,10,Om,minor,34,5,3
DJAVAN,10,Om,minor,35,7,5
DJAVAN,10,Om,minor,36,1,6
DJAVAN,10,Om,minor,37,5,9
DJAVAN,10,Om,minor,38,5,13
DJAVAN,11,Agua,major,1,3,3
DJAVAN,11,Agua,major,2,4,x
DJAVAN,11,Agua,major,3,3,3
DJAVAN,11,Agua,major,4,2,x
DJAVAN,11,Agua,major,5,1,1
DJAVAN,11,Agua,major,6,2,#11
DJAVAN,11,Agua,major,7,1,3
DJAVAN,11,Agua,major,8,#5/b6,1
DJAVAN,11,Agua,major,9,1,3
DJAVAN,11,Agua,major,10,2,x
DJAVAN,11,Agua,major,11,1,3
DJAVAN,11,Agua,major,12,4,x
DJAVAN,11,Agua,major,13,3,3
DJAVAN,11,Agua,major,14,3,3
DJAVAN,11,Agua,major,15,4,x
DJAVAN,11,Agua,major,16,3,3
DJAVAN,11,Agua,major,17,2,x
DJAVAN,11,Agua,major,18,1,1
DJAVAN,11,Agua,major,19,2,#11
DJAVAN,11,Agua,major,20,1,3
DJAVAN,11,Agua,major,21,#5/b6,1
DJAVAN,11,Agua,major,22,1,9
DJAVAN,11,Agua,major,23,4,5
DJAVAN,11,Agua,major,24,#5/b6,7
DJAVAN,11,Agua,major,25,2,3
DJAVAN,11,Agua,major,26,4,5
DJAVAN,11,Agua,major,27,1,6
DJAVAN,11,Agua,major,28,#6/b7,5
DJAVAN,11,Agua,major,29,5,3
DJAVAN,11,Agua,major,30,1,x
DJAVAN,11,Agua,major,31,7,13
DJAVAN,11,Agua,major,32,6,5
DJAVAN,11,Agua,major,33,7,x
DJAVAN,11,Agua,major,34,1,x
DJAVAN,11,Agua,major,35,2,5
DJAVAN,11,Agua,major,36,3,3
DJAVAN,11,Agua,major,37,2,9
DJAVAN,11,Agua,major,38,1,3
DJAVAN,11,Agua,major,39,1,1
DJAVAN,11,Agua,major,40,1,3
DJAVAN,11,Agua,major,41,1,1
DJAVAN,11,Agua,major,42,2,9
DJAVAN,11,Agua,major,43,5,5
DJAVAN,11,Agua,major,44,3,7
DJAVAN,11,Agua,major,45,2,6
DJAVAN,11,Agua,major,46,2,x
DJAVAN,11,Agua,major,47,1,5
DJAVAN,11,Agua,major,48,4,x
DJAVAN,11,Agua,major,49,3,3
DJAVAN,11,Agua,major,50,3,b13
DJAVAN,11,Agua,major,51,4,x
DJAVAN,11,Agua,major,52,3,5
DJAVAN,11,Agua,major,53,2,11
DJAVAN,11,Agua,major,54,1,x
DJAVAN,11,Agua,major,55,7,9
DJAVAN,11,Agua,major,56,6,1
DJAVAN,11,Agua,major,57,2,x
DJAVAN,11,Agua,major,58,1,5
DJAVAN,11,Agua,major,59,6,3
DJAVAN,11,Agua,major,60,2,6
DJAVAN,11,Agua,major,61,1,1
DJAVAN,11,Agua,major,62,1,7
DJAVAN,12,Alibi,minor,1,6,5
DJAVAN,12,Alibi,minor,2,6,b9/#9
DJAVAN,12,Alibi,minor,3,5,1
DJAVAN,12,Alibi,minor,4,6,x
DJAVAN,12,Alibi,minor,5,5,1
DJAVAN,12,Alibi,minor,6,2,9
DJAVAN,12,Alibi,minor,7,5,5
DJAVAN,12,Alibi,minor,8,3,1
DJAVAN,12,Alibi,minor,9,4,x
DJAVAN,12,Alibi,minor,10,5,11
DJAVAN,12,Alibi,minor,11,3,b9/#9
DJAVAN,12,Alibi,minor,12,4,7
DJAVAN,12,Alibi,minor,13,5,1
DJAVAN,12,Alibi,minor,14,3,9
DJAVAN,12,Alibi,minor,15,4,x
DJAVAN,12,Alibi,minor,16,5,5
DJAVAN,12,Alibi,minor,17,2,9
DJAVAN,12,Alibi,minor,18,6,1
DJAVAN,12,Alibi,minor,19,6,5
DJAVAN,12,Alibi,minor,20,6,b9/#9
DJAVAN,12,Alibi,minor,21,5,1
DJAVAN,12,Alibi,minor,22,6,x
DJAVAN,12,Alibi,minor,23,5,1
DJAVAN,12,Alibi,minor,24,2,9
DJAVAN,12,Alibi,minor,25,5,5
DJAVAN,12,Alibi,minor,26,3,1
DJAVAN,12,Alibi,minor,27,4,x
DJAVAN,12,Alibi,minor,28,5,11
DJAVAN,12,Alibi,minor,29,3,b9/#9
DJAVAN,12,Alibi,minor,30,4,7
DJAVAN,12,Alibi,minor,31,5,1
DJAVAN,12,Alibi,minor,32,3,b13
DJAVAN,12,Alibi,minor,33,4,1
DJAVAN,12,Alibi,minor,34,5,9
DJAVAN,12,Alibi,minor,35,b7,11
DJAVAN,12,Alibi,minor,36,1,5
DJAVAN,12,Alibi,minor,37,b7,x
DJAVAN,12,Alibi,minor,38,1,5
DJAVAN,12,Alibi,minor,39,b7,x
DJAVAN,12,Alibi,minor,40,1,5
DJAVAN,12,Alibi,minor,41,b7,9
DJAVAN,12,Alibi,minor,42,b7,b9/#9
DJAVAN,12,Alibi,minor,43,5,5
DJAVAN,12,Alibi,minor,44,1,1
DJAVAN,12,Alibi,minor,45,3,3
DJAVAN,12,Alibi,minor,46,1,1
DJAVAN,12,Alibi,minor,47,2,x
DJAVAN,12,Alibi,minor,48,3,5
DJAVAN,12,Alibi,minor,49,4,x
DJAVAN,12,Alibi,minor,50,3,5
DJAVAN,12,Alibi,minor,51,5,7
DJAVAN,12,Alibi,minor,52,4,13
DJAVAN,12,Alibi,minor,53,1,3
DJAVAN,12,Alibi,minor,54,3,5
DJAVAN,12,Alibi,minor,55,#1/b2,5
DJAVAN,12,Alibi,minor,56,5,1
DJAVAN,12,Alibi,minor,57,#1/b2,5
DJAVAN,12,Alibi,minor,58,5,1
DJAVAN,12,Alibi,minor,59,#1/b2,5
DJAVAN,12,Alibi,minor,60,1,11
DJAVAN,12,Alibi,minor,61,#1/b2,5
DJAVAN,12,Alibi,minor,62,5,5
DJAVAN,12,Alibi,minor,63,#3,3
DJAVAN,12,Alibi,minor,64,6,b13
DJAVAN,12,Alibi,minor,65,5,5
DJAVAN,12,Alibi,minor,66,4,1
DJAVAN,12,Alibi,minor,67,5,x
DJAVAN,12,Alibi,minor,68,6,7
DJAVAN,12,Alibi,minor,69,5,x
DJAVAN,12,Alibi,minor,70,4,5
DJAVAN,12,Alibi,minor,71,b7,5
DJAVAN,12,Alibi,minor,72,1,x
DJAVAN,12,Alibi,minor,73,b7,5
DJAVAN,12,Alibi,minor,74,1,x
DJAVAN,12,Alibi,minor,75,b7,11
DJAVAN,12,Alibi,minor,76,1,x
DJAVAN,12,Alibi,minor,77,b7,11
DJAVAN,12,Alibi,minor,78,1,11
DJAVAN,12,Alibi,minor,79,b7,x
DJAVAN,12,Alibi,minor,80,1,1
DJAVAN,12,Alibi,minor,81,6,b13
DJAVAN,12,Alibi,minor,82,b7,7
DJAVAN,12,Alibi,minor,83,5,5
DJAVAN,12,Alibi,minor,84,6,b13
DJAVAN,12,Alibi,minor,85,4,3
DJAVAN,12,Alibi,minor,86,5,11
DJAVAN,12,Alibi,minor,87,2,1
DJAVAN,12,Alibi,minor,88,5,1
DJAVAN,12,Alibi,minor,89,2,5
DJAVAN,12,Alibi,minor,90,3,x
DJAVAN,12,Alibi,minor,91,4,7
DJAVAN,12,Alibi,minor,92,3,3
DJAVAN,12,Alibi,minor,93,2,x
DJAVAN,12,Alibi,minor,94,3,3
DJAVAN,13,Asa,minor,1,5,1
DJAVAN,13,Asa,minor,2,1,1
DJAVAN,13,Asa,minor,3,b7,7
DJAVAN,13,Asa,minor,4,2,x
DJAVAN,13,Asa,minor,5,1,1
DJAVAN,13,Asa,minor,6,3,3
DJAVAN,13,Asa,minor,7,1,1
DJAVAN,13,Asa,minor,8,b7,9
DJAVAN,13,Asa,minor,9,#4/b5,7
DJAVAN,13,Asa,minor,10,3,5
DJAVAN,13,Asa,minor,11,#4/b5,7
DJAVAN,13,Asa,minor,12,4,x
DJAVAN,13,Asa,minor,13,3,3
DJAVAN,13,Asa,minor,14,6,x
DJAVAN,13,Asa,minor,15,5,5
DJAVAN,13,Asa,minor,16,1,1
DJAVAN,13,Asa,minor,17,3,1
DJAVAN,13,Asa,minor,18,1,3
DJAVAN,13,Asa,minor,19,#4/b5,7
DJAVAN,13,Asa,minor,20,3,5
DJAVAN,13,Asa,minor,21,5,5
DJAVAN,13,Asa,minor,22,4,11
DJAVAN,13,Asa,minor,23,5,9
DJAVAN,13,Asa,minor,24,6,x
DJAVAN,13,Asa,minor,25,5,b13
DJAVAN,13,Asa,minor,26,4,5
DJAVAN,13,Asa,minor,27,2,3
DJAVAN,13,Asa,minor,28,5,5
DJAVAN,13,Asa,minor,29,4,11
DJAVAN,13,Asa,minor,30,3,x
DJAVAN,13,Asa,minor,31,2,13
DJAVAN,13,Asa,minor,32,4,5
DJAVAN,13,Asa,minor,33,3,3
DJAVAN,13,Asa,minor,34,2,9
DJAVAN,13,Asa,minor,35,2,x
DJAVAN,13,Asa,minor,36,3,3
DJAVAN,13,Asa,minor,37,1,1
DJAVAN,13,Asa,minor,38,2,x
DJAVAN,13,Asa,minor,39,3,3
DJAVAN,13,Asa,minor,40,4,1
DJAVAN,13,Asa,minor,41,5,9
DJAVAN,13,Asa,minor,42,b7,14
DJAVAN,13,Asa,minor,43,5,5
DJAVAN,13,Asa,minor,44,b7,7
DJAVAN,13,Asa,minor,45,5,5
DJAVAN,13,Asa,minor,46,1,5
DJAVAN,13,Asa,minor,47,5,9
DJAVAN,13,Asa,minor,48,b7,7
DJAVAN,13,Asa,minor,49,5,5
DJAVAN,13,Asa,minor,50,#6,6
DJAVAN,13,Asa,minor,51,4,11
DJAVAN,13,Asa,minor,52,5,5
DJAVAN,13,Asa,minor,53,3,7
DJAVAN,13,Asa,minor,54,4,1
DJAVAN,13,Asa,minor,55,2,3
DJAVAN,13,Asa,minor,56,3,x
DJAVAN,13,Asa,minor,57,1,b9/#9
DJAVAN,13,Asa,minor,58,2,x
DJAVAN,13,Asa,minor,59,3,3
DJAVAN,13,Asa,minor,60,5,5
DJAVAN,13,Asa,minor,61,2,9
DJAVAN,13,Asa,minor,62,2,11
DJAVAN,13,Asa,minor,63,5,1
DJAVAN,13,Asa,minor,64,3,b13
DJAVAN,13,Asa,minor,65,2,9
DJAVAN,13,Asa,minor,66,5,5
DJAVAN,13,Asa,minor,67,1,1
DJAVAN,13,Asa,minor,68,b7,9
DJAVAN,13,Asa,minor,69,6,x
DJAVAN,13,Asa,minor,70,b7,9
DJAVAN,13,Asa,minor,71,6,1
DJAVAN,13,Asa,minor,72,2,x
DJAVAN,13,Asa,minor,73,3,3
DJAVAN,13,Asa,minor,74,4,11
DJAVAN,13,Asa,minor,75,2,9
DJAVAN,13,Asa,minor,76,3,3
DJAVAN,13,Asa,minor,77,1,1
DJAVAN,13,Asa,minor,78,1,13
DJAVAN,13,Asa,minor,79,2,x
DJAVAN,13,Asa,minor,80,3,1
DJAVAN,13,Asa,minor,81,4,b9/#9
DJAVAN,13,Asa,minor,82,5,x
DJAVAN,13,Asa,minor,83,6,x
DJAVAN,13,Asa,minor,84,b7,b13
DJAVAN,14,Meu,major,1,5,5
DJAVAN,14,Meu,major,2,6,x
DJAVAN,14,Meu,major,3,7,7
DJAVAN,14,Meu,major,4,1,x
DJAVAN,14,Meu,major,5,7,7
DJAVAN,14,Meu,major,6,1,1
DJAVAN,14,Meu,major,7,7,x
DJAVAN,14,Meu,major,8,1,3
DJAVAN,14,Meu,major,9,7,x
DJAVAN,14,Meu,major,10,1,3
DJAVAN,14,Meu,major,11,7,9
DJAVAN,14,Meu,major,12,5,3
DJAVAN,14,Meu,major,13,6,x
DJAVAN,14,Meu,major,14,7,5
DJAVAN,14,Meu,major,15,1,x
DJAVAN,14,Meu,major,16,7,5
DJAVAN,14,Meu,major,17,1,x
DJAVAN,14,Meu,major,18,7,5
DJAVAN,14,Meu,major,19,1,7
DJAVAN,14,Meu,major,20,7,x
DJAVAN,14,Meu,major,21,1,7
DJAVAN,14,Meu,major,22,7,x
DJAVAN,14,Meu,major,23,1,7
DJAVAN,14,Meu,major,24,6,5
DJAVAN,14,Meu,major,25,7,x
DJAVAN,14,Meu,major,26,1,7
DJAVAN,14,Meu,major,27,3,9
DJAVAN,14,Meu,major,28,2,x
DJAVAN,14,Meu,major,29,3,9
DJAVAN,14,Meu,major,30,2,6
DJAVAN,14,Meu,major,31,#2/b3,x
DJAVAN,14,Meu,major,32,2,6
DJAVAN,14,Meu,major,33,1,5
DJAVAN,14,Meu,major,34,#5/b6,3
DJAVAN,14,Meu,major,35,4,1
DJAVAN,14,Meu,major,36,2,6
DJAVAN,14,Meu,major,37,5,3
DJAVAN,14,Meu,major,38,6,x
DJAVAN,14,Meu,major,39,7,5
DJAVAN,14,Meu,major,40,1,6
DJAVAN,14,Meu,major,41,7,x
DJAVAN,14,Meu,major,42,1,6
DJAVAN,14,Meu,major,43,7,x
DJAVAN,14,Meu,major,44,1,3
DJAVAN,14,Meu,major,45,7,x
DJAVAN,14,Meu,major,46,1,3
DJAVAN,14,Meu,major,47,7,x
DJAVAN,14,Meu,major,48,1,3
DJAVAN,14,Meu,major,49,1,7
DJAVAN,14,Meu,major,50,7,x
DJAVAN,14,Meu,major,51,6,5
DJAVAN,14,Meu,major,52,5,x
DJAVAN,14,Meu,major,53,4,3
DJAVAN,14,Meu,major,54,5,x
DJAVAN,14,Meu,major,55,6,5
DJAVAN,14,Meu,major,56,3,x
DJAVAN,14,Meu,major,57,2,1
DJAVAN,14,Meu,major,58,2,6
DJAVAN,14,Meu,major,59,3,7
DJAVAN,14,Meu,major,60,1,5
DJAVAN,14,Meu,major,61,2,x
DJAVAN,14,Meu,major,62,3,1
DJAVAN,14,Meu,major,63,2,7
DJAVAN,14,Meu,major,64,3,7
DJAVAN,14,Meu,major,65,1,5
DJAVAN,14,Meu,major,66,2,x
DJAVAN,14,Meu,major,67,3,6
DJAVAN,14,Meu,major,68,5,1
DJAVAN,14,Meu,major,69,6,9
DJAVAN,14,Meu,major,70,1,11
DJAVAN,14,Meu,major,71,1,1
DJAVAN,14,Meu,major,72,2,x
DJAVAN,14,Meu,major,73,3,3
DJAVAN,14,Meu,major,74,3,7
DJAVAN,14,Meu,major,75,1,5
DJAVAN,14,Meu,major,76,2,x
DJAVAN,14,Meu,major,77,3,1
DJAVAN,14,Meu,major,78,2,7
DJAVAN,14,Meu,major,79,5,3
DJAVAN,14,Meu,major,80,3,1
DJAVAN,14,Meu,major,81,5,3
DJAVAN,14,Meu,major,82,6,1
DJAVAN,14,Meu,major,83,1,3
DJAVAN,14,Meu,major,84,6,1
DJAVAN,14,Meu,major,85,2,x
DJAVAN,14,Meu,major,86,1,3
DJAVAN,14,Meu,major,87,6,1
DJAVAN,14,Meu,major,88,2,x
DJAVAN,14,Meu,major,89,1,5
DJAVAN,14,Meu,major,90,#5/b6,3
DJAVAN,14,Meu,major,91,2,x
DJAVAN,14,Meu,major,92,1,5
DJAVAN,14,Meu,major,93,#5/b6,3
DJAVAN,14,Meu,major,94,7,x
DJAVAN,14,Meu,major,95,1,1
DJAVAN,15,Numa esquina de Hanoi,major,1,3,3
DJAVAN,15,Numa esquina de Hanoi,major,2,5,5
DJAVAN,15,Numa esquina de Hanoi,major,3,5,11
DJAVAN,15,Numa esquina de Hanoi,major,4,4,3
DJAVAN,15,Numa esquina de Hanoi,major,5,6,5
DJAVAN,15,Numa esquina de Hanoi,major,6,#4/b5,3
DJAVAN,15,Numa esquina de Hanoi,major,7,6,5
DJAVAN,15,Numa esquina de Hanoi,major,8,5,5
DJAVAN,15,Numa esquina de Hanoi,major,9,1,1
DJAVAN,15,Numa esquina de Hanoi,major,10,7,x
DJAVAN,15,Numa esquina de Hanoi,major,11,1,5
DJAVAN,15,Numa esquina de Hanoi,major,12,#5/b6,3
DJAVAN,15,Numa esquina de Hanoi,major,13,1,1
DJAVAN,15,Numa esquina de Hanoi,major,14,5,5
DJAVAN,15,Numa esquina de Hanoi,major,15,1,7
DJAVAN,15,Numa esquina de Hanoi,major,16,4,3
DJAVAN,15,Numa esquina de Hanoi,major,17,5,11
DJAVAN,15,Numa esquina de Hanoi,major,18,3,3
DJAVAN,15,Numa esquina de Hanoi,major,19,5,5
DJAVAN,16,Topazio,major,1,3,9
DJAVAN,16,Topazio,major,2,4,x
DJAVAN,16,Topazio,major,3,3,7
DJAVAN,16,Topazio,major,4,2,7
DJAVAN,16,Topazio,major,5,1,x
DJAVAN,16,Topazio,major,6,2,7
DJAVAN,16,Topazio,major,7,1,7
DJAVAN,16,Topazio,major,8,7,b13
DJAVAN,16,Topazio,major,9,3,9
DJAVAN,16,Topazio,major,10,4,x
DJAVAN,16,Topazio,major,11,3,7
DJAVAN,16,Topazio,major,12,2,7
DJAVAN,16,Topazio,major,13,1,x
DJAVAN,16,Topazio,major,14,2,7
DJAVAN,16,Topazio,major,15,1,7
DJAVAN,16,Topazio,major,16,#2/b3,x
DJAVAN,16,Topazio,major,17,2,14
DJAVAN,16,Topazio,major,18,1,6
DJAVAN,16,Topazio,major,19,3,9
DJAVAN,16,Topazio,major,20,4,x
DJAVAN,16,Topazio,major,21,3,7
DJAVAN,16,Topazio,major,22,2,7
DJAVAN,16,Topazio,major,23,3,x
DJAVAN,16,Topazio,major,24,2,7
DJAVAN,16,Topazio,major,25,3,x
DJAVAN,16,Topazio,major,26,2,7
DJAVAN,16,Topazio,major,27,#2/b3,1
DJAVAN,16,Topazio,major,28,2,14
DJAVAN,16,Topazio,major,29,1,7
DJAVAN,16,Topazio,major,30,7,x
DJAVAN,16,Topazio,major,31,1,6
DJAVAN,16,Topazio,major,32,2,7
DJAVAN,16,Topazio,major,33,7,x
DJAVAN,16,Topazio,major,34,#6/b7,5
DJAVAN,16,Topazio,major,35,6,5
DJAVAN,16,Topazio,major,36,4,3
DJAVAN,16,Topazio,major,37,3,#11
DJAVAN,16,Topazio,major,38,5,13
DJAVAN,16,Topazio,major,39,#5/b6,x
DJAVAN,16,Topazio,major,40,5,13
DJAVAN,16,Topazio,major,41,3,9
DJAVAN,16,Topazio,major,42,2,1
DJAVAN,16,Topazio,major,43,4,1
DJAVAN,16,Topazio,major,44,#2/b3,x
DJAVAN,16,Topazio,major,45,4,5
DJAVAN,16,Topazio,major,46,5,x
DJAVAN,16,Topazio,major,47,4,5
DJAVAN,16,Topazio,major,48,3,3
DJAVAN,16,Topazio,major,49,4,7
DJAVAN,16,Topazio,major,50,5,x
DJAVAN,16,Topazio,major,51,6,9
DJAVAN,16,Topazio,major,52,7,x
DJAVAN,16,Topazio,major,53,1,x
DJAVAN,16,Topazio,major,54,2,5
DJAVAN,16,Topazio,major,55,3,13
DJAVAN,16,Topazio,major,56,2,9
DJAVAN,16,Topazio,major,57,#6/b7,7
DJAVAN,16,Topazio,major,58,4,7
DJAVAN,16,Topazio,major,59,5,x
DJAVAN,16,Topazio,major,60,6,9
DJAVAN,16,Topazio,major,61,7,x
DJAVAN,16,Topazio,major,62,1,3
DJAVAN,16,Topazio,major,63,3,13
DJAVAN,16,Topazio,major,64,3,3
DJAVAN,16,Topazio,major,65,2,9
DJAVAN,16,Topazio,major,66,4,7
DJAVAN,16,Topazio,major,67,5,9
DJAVAN,16,Topazio,major,68,6,x
DJAVAN,16,Topazio,major,69,7,x
DJAVAN,16,Topazio,major,70,1,3
DJAVAN,16,Topazio,major,71,3,13
DJAVAN,16,Topazio,major,72,5,3
DJAVAN,16,Topazio,major,73,6,x
DJAVAN,16,Topazio,major,74,5,7
DJAVAN,17,Nereci,minor,1,3,3
DJAVAN,17,Nereci,minor,2,2,x
DJAVAN,17,Nereci,minor,3,1,1
DJAVAN,17,Nereci,minor,4,b7,7
DJAVAN,17,Nereci,minor,5,5,5
DJAVAN,17,Nereci,minor,6,1,1
DJAVAN,17,Nereci,minor,7,b7,7
DJAVAN,17,Nereci,minor,8,5,1
DJAVAN,17,Nereci,minor,9,b7,3
DJAVAN,17,Nereci,minor,10,5,1
DJAVAN,17,Nereci,minor,11,4,1
DJAVAN,17,Nereci,minor,12,3,7
DJAVAN,17,Nereci,minor,13,1,5
DJAVAN,17,Nereci,minor,14,4,1
DJAVAN,17,Nereci,minor,15,3,3
DJAVAN,17,Nereci,minor,16,1,1
DJAVAN,17,Nereci,minor,17,2,x
DJAVAN,17,Nereci,minor,18,1,1
DJAVAN,17,Nereci,minor,19,b7,7
DJAVAN,17,Nereci,minor,20,5,5
DJAVAN,17,Nereci,minor,21,1,1
DJAVAN,17,Nereci,minor,22,b7,7
DJAVAN,17,Nereci,minor,23,5,1
DJAVAN,17,Nereci,minor,24,b7,3
DJAVAN,17,Nereci,minor,25,5,1
DJAVAN,17,Nereci,minor,26,4,x
DJAVAN,17,Nereci,minor,27,3,7
DJAVAN,17,Nereci,minor,28,4,1
DJAVAN,17,Nereci,minor,29,2,1
DJAVAN,17,Nereci,minor,30,#4/b5,3
DJAVAN,17,Nereci,minor,31,3,b9/#9
DJAVAN,17,Nereci,minor,32,5,5
DJAVAN,17,Nereci,minor,33,b7,7
DJAVAN,17,Nereci,minor,34,5,5
DJAVAN,17,Nereci,minor,35,b7,3
DJAVAN,17,Nereci,minor,36,1,#11
DJAVAN,17,Nereci,minor,37,5,9
DJAVAN,17,Nereci,minor,38,b7,11
DJAVAN,17,Nereci,minor,39,1,5
DJAVAN,17,Nereci,minor,40,#4/b5,x
DJAVAN,17,Nereci,minor,41,4,3
DJAVAN,17,Nereci,minor,42,4,11
DJAVAN,17,Nereci,minor,43,5,5
DJAVAN,17,Nereci,minor,44,b7,9
DJAVAN,17,Nereci,minor,45,2,1
DJAVAN,17,Nereci,minor,46,b7,6
DJAVAN,17,Nereci,minor,47,5,11
DJAVAN,17,Nereci,minor,48,2,5
DJAVAN,17,Nereci,minor,49,3,b13
DJAVAN,18,Samba dobrado,major,1,5,5
DJAVAN,18,Samba dobrado,major,2,1,1
DJAVAN,18,Samba dobrado,major,3,3,3
DJAVAN,18,Samba dobrado,major,4,5,5
DJAVAN,18,Samba dobrado,major,5,3,3
DJAVAN,18,Samba dobrado,major,6,6,3
DJAVAN,18,Samba dobrado,major,7,5,9
DJAVAN,18,Samba dobrado,major,8,5,5
DJAVAN,18,Samba dobrado,major,9,1,1
DJAVAN,18,Samba dobrado,major,10,3,3
DJAVAN,18,Samba dobrado,major,11,5,5
DJAVAN,18,Samba dobrado,major,12,7,7
DJAVAN,18,Samba dobrado,major,13,6,11
DJAVAN,18,Samba dobrado,major,14,6,1
DJAVAN,18,Samba dobrado,major,15,6,3
DJAVAN,18,Samba dobrado,major,16,1,5
DJAVAN,18,Samba dobrado,major,17,2,6
DJAVAN,18,Samba dobrado,major,18,3,x
DJAVAN,18,Samba dobrado,major,19,2,6
DJAVAN,18,Samba dobrado,major,20,1,5
DJAVAN,18,Samba dobrado,major,21,6,3
DJAVAN,18,Samba dobrado,major,22,6,11
DJAVAN,18,Samba dobrado,major,23,6,1
DJAVAN,18,Samba dobrado,major,24,5,7
DJAVAN,18,Samba dobrado,major,25,3,5
DJAVAN,18,Samba dobrado,major,26,2,x
DJAVAN,18,Samba dobrado,major,27,3,9
DJAVAN,18,Samba dobrado,major,28,6,9
DJAVAN,18,Samba dobrado,major,29,5,1
DJAVAN,18,Samba dobrado,major,30,3,13
DJAVAN,18,Samba dobrado,major,31,2,x
DJAVAN,18,Samba dobrado,major,32,3,6
DJAVAN,18,Samba dobrado,major,33,3,3
DJAVAN,18,Samba dobrado,major,34,2,9
DJAVAN,18,Samba dobrado,major,35,3,3
DJAVAN,18,Samba dobrado,major,36,3,7
DJAVAN,18,Samba dobrado,major,37,6,3
DJAVAN,18,Samba dobrado,major,38,1,5
DJAVAN,18,Samba dobrado,major,39,2,6
DJAVAN,18,Samba dobrado,major,40,3,x
DJAVAN,18,Samba dobrado,major,41,2,6
DJAVAN,18,Samba dobrado,major,42,1,5
DJAVAN,18,Samba dobrado,major,43,6,3
DJAVAN,18,Samba dobrado,major,44,6,11
DJAVAN,18,Samba dobrado,major,45,1,b9/#9
DJAVAN,18,Samba dobrado,major,46,6,1
DJAVAN,18,Samba dobrado,major,47,5,7
DJAVAN,18,Samba dobrado,major,48,3,5
DJAVAN,18,Samba dobrado,major,49,2,x
DJAVAN,18,Samba dobrado,major,50,3,9
DJAVAN,18,Samba dobrado,major,51,6,5
DJAVAN,18,Samba dobrado,major,52,1,7
DJAVAN,18,Samba dobrado,major,53,3,13
DJAVAN,18,Samba dobrado,major,54,1,1
DJAVAN,18,Samba dobrado,major,55,6,6
DJAVAN,18,Samba dobrado,major,56,1,3
DJAVAN,18,Samba dobrado,major,57,3,5
DJAVAN,18,Samba dobrado,major,58,6,1
DJAVAN,18,Samba dobrado,major,59,1,3
DJAVAN,18,Samba dobrado,major,60,3,9
DJAVAN,18,Samba dobrado,major,61,6,5
DJAVAN,18,Samba dobrado,major,62,2,9
DJAVAN,18,Samba dobrado,major,63,2,b9/#9
DJAVAN,18,Samba dobrado,major,64,7,1
DJAVAN,18,Samba dobrado,major,65,3,5
DJAVAN,18,Samba dobrado,major,66,6,1
DJAVAN,18,Samba dobrado,major,67,7,x
DJAVAN,18,Samba dobrado,major,68,1,3
DJAVAN,18,Samba dobrado,major,69,3,5
DJAVAN,18,Samba dobrado,major,70,6,1
DJAVAN,18,Samba dobrado,major,71,7,11
DJAVAN,18,Samba dobrado,major,72,1,5
DJAVAN,18,Samba dobrado,major,73,6,7
DJAVAN,18,Samba dobrado,major,74,7,1
DJAVAN,18,Samba dobrado,major,75,6,7
DJAVAN,18,Samba dobrado,major,76,1,b9/#9
DJAVAN,18,Samba dobrado,major,77,7,x
DJAVAN,18,Samba dobrado,major,78,6,7
DJAVAN,18,Samba dobrado,major,79,6,3
DJAVAN,18,Samba dobrado,major,80,#5/b6,7
DJAVAN,18,Samba dobrado,major,81,#6/b7,x
DJAVAN,18,Samba dobrado,major,82,#5/b6,7
DJAVAN,18,Samba dobrado,major,83,#6/b7,1
DJAVAN,18,Samba dobrado,major,84,#5/b6,7
DJAVAN,18,Samba dobrado,major,85,5,3
DJAVAN,18,Samba dobrado,major,86,#4/b5,x
DJAVAN,18,Samba dobrado,major,87,5,1
DJAVAN,18,Samba dobrado,major,88,1,1
DJAVAN,18,Samba dobrado,major,89,#6/b7,7
DJAVAN,18,Samba dobrado,major,90,5,5
DJAVAN,18,Samba dobrado,major,91,#2/b3,3
DJAVAN,18,Samba dobrado,major,92,4,3
DJAVAN,18,Samba dobrado,major,93,5,11
DJAVAN,18,Samba dobrado,major,94,5,1
DJAVAN,19,Maca,major,1,3,3
DJAVAN,19,Maca,major,2,5,5
DJAVAN,19,Maca,major,3,6,6
DJAVAN,19,Maca,major,4,3,3
DJAVAN,19,Maca,major,5,5,5
DJAVAN,19,Maca,major,6,6,x
DJAVAN,19,Maca,major,7,5,5
DJAVAN,19,Maca,major,8,3,3
DJAVAN,19,Maca,major,9,#2/b3,7
DJAVAN,19,Maca,major,10,1,1
DJAVAN,19,Maca,major,11,2,9
DJAVAN,19,Maca,major,12,2,14
DJAVAN,19,Maca,major,13,1,x
DJAVAN,19,Maca,major,14,2,14
DJAVAN,19,Maca,major,15,2,1
DJAVAN,19,Maca,major,16,1,x
DJAVAN,19,Maca,major,17,2,1
DJAVAN,19,Maca,major,18,2,5
DJAVAN,19,Maca,major,19,1,x
DJAVAN,19,Maca,major,20,2,5
DJAVAN,19,Maca,major,21,1,x
DJAVAN,19,Maca,major,22,2,5
DJAVAN,19,Maca,major,23,3,3
DJAVAN,19,Maca,major,24,5,5
DJAVAN,19,Maca,major,25,6,6
DJAVAN,19,Maca,major,26,7,7
DJAVAN,19,Maca,major,27,2,9
DJAVAN,19,Maca,major,28,2,13
DJAVAN,19,Maca,major,29,3,3
DJAVAN,19,Maca,major,30,5,5
DJAVAN,19,Maca,major,31,6,6
DJAVAN,19,Maca,major,32,3,3
DJAVAN,19,Maca,major,33,5,5
DJAVAN,19,Maca,major,34,6,6
DJAVAN,19,Maca,major,35,3,3
DJAVAN,19,Maca,major,36,3,3
DJAVAN,19,Maca,major,37,5,5
DJAVAN,19,Maca,major,38,6,6
DJAVAN,19,Maca,major,39,3,3
DJAVAN,19,Maca,major,40,5,5
DJAVAN,19,Maca,major,41,6,x
DJAVAN,19,Maca,major,42,5,5
DJAVAN,19,Maca,major,43,3,3
DJAVAN,19,Maca,major,44,#2/b3,7
DJAVAN,19,Maca,major,45,2,13
DJAVAN,19,Maca,major,46,1,1
DJAVAN,19,Maca,major,47,2,9
DJAVAN,19,Maca,major,48,2,14
DJAVAN,19,Maca,major,49,1,7
DJAVAN,19,Maca,major,50,2,14
DJAVAN,19,Maca,major,51,2,1
DJAVAN,19,Maca,major,52,1,7
DJAVAN,19,Maca,major,53,2,1
DJAVAN,19,Maca,major,54,1,3
DJAVAN,19,Maca,major,55,2,x
DJAVAN,19,Maca,major,56,3,13
DJAVAN,19,Maca,major,57,1,x
DJAVAN,19,Maca,major,58,2,5
DJAVAN,19,Maca,major,59,1,6
DJAVAN,19,Maca,major,60,2,7
DJAVAN,19,Maca,major,61,2,14
DJAVAN,19,Maca,major,62,1,7
DJAVAN,19,Maca,major,63,2,14
DJAVAN,19,Maca,major,64,2,1
DJAVAN,19,Maca,major,65,6,5
DJAVAN,19,Maca,major,66,1,7
DJAVAN,19,Maca,major,67,2,7
DJAVAN,19,Maca,major,68,3,1
DJAVAN,19,Maca,major,69,5,b9/#9
DJAVAN,19,Maca,major,70,6,x
DJAVAN,19,Maca,major,71,7,#11
DJAVAN,19,Maca,major,72,2,13
DJAVAN,19,Maca,major,73,6,3
DJAVAN,19,Maca,major,74,5,9
DJAVAN,19,Maca,major,75,7,3
DJAVAN,19,Maca,major,76,2,5
DJAVAN,19,Maca,major,77,#1/b2,x
DJAVAN,19,Maca,major,78,1,x
DJAVAN,19,Maca,major,79,7,3
DJAVAN,19,Maca,major,80,6,x
DJAVAN,19,Maca,major,81,5,1
DJAVAN,19,Maca,major,82,3,1
DJAVAN,19,Maca,major,83,6,3
DJAVAN,19,Maca,major,84,6,9
DJAVAN,19,Maca,major,85,5,3
DJAVAN,19,Maca,major,86,6,11
DJAVAN,19,Maca,major,87,5,9
DJAVAN,19,Maca,major,88,#4/b5,x
DJAVAN,19,Maca,major,89,4,1
DJAVAN,19,Maca,major,90,3,1
DJAVAN,19,Maca,major,91,2,x
DJAVAN,19,Maca,major,92,3,1
DJAVAN,20,Dupla traicao,major,1,3,1
DJAVAN,20,Dupla traicao,major,2,7,9
DJAVAN,20,Dupla traicao,major,3,3,5
DJAVAN,20,Dupla traicao,major,4,7,3
DJAVAN,20,Dupla traicao,major,5,1,x
DJAVAN,20,Dupla traicao,major,6,7,3
DJAVAN,20,Dupla traicao,major,7,1,x
DJAVAN,20,Dupla traicao,major,8,7,7
DJAVAN,20,Dupla traicao,major,9,1,1
DJAVAN,20,Dupla traicao,major,10,5,5
DJAVAN,20,Dupla traicao,major,11,1,x
DJAVAN,20,Dupla traicao,major,12,7,#11
DJAVAN,20,Dupla traicao,major,13,6,3
DJAVAN,20,Dupla traicao,major,14,5,x
DJAVAN,20,Dupla traicao,major,15,6,3
DJAVAN,20,Dupla traicao,major,16,6,7
DJAVAN,20,Dupla traicao,major,17,7,1
DJAVAN,20,Dupla traicao,major,18,5,3
DJAVAN,20,Dupla traicao,major,19,#6/b7,b9/#9
DJAVAN,20,Dupla traicao,major,20,6,x
DJAVAN,20,Dupla traicao,major,21,5,7
DJAVAN,20,Dupla traicao,major,22,4,b13
DJAVAN,20,Dupla traicao,major,23,5,11
DJAVAN,20,Dupla traicao,major,24,5,#11
DJAVAN,20,Dupla traicao,major,25,#1/b2,5
DJAVAN,20,Dupla traicao,major,26,#5/b6,9
DJAVAN,20,Dupla traicao,major,27,#1/b2,9
DJAVAN,20,Dupla traicao,major,28,#5/b6,13
DJAVAN,20,Dupla traicao,major,29,6,7
DJAVAN,20,Dupla traicao,major,30,#5/b6,3
DJAVAN,20,Dupla traicao,major,31,#4/b5,x
DJAVAN,20,Dupla traicao,major,32,5,3
DJAVAN,20,Dupla traicao,major,33,#4/b5,9
DJAVAN,20,Dupla traicao,major,34,7,5
DJAVAN,20,Dupla traicao,major,35,#4/b5,9
DJAVAN,20,Dupla traicao,major,36,5,x
DJAVAN,20,Dupla traicao,major,37,#4/b5,13
DJAVAN,20,Dupla traicao,major,38,4,3
DJAVAN,20,Dupla traicao,major,39,3,x
DJAVAN,20,Dupla traicao,major,40,4,3
DJAVAN,20,Dupla traicao,major,41,3,x
DJAVAN,20,Dupla traicao,major,42,4,3
DJAVAN,20,Dupla traicao,major,43,3,9
DJAVAN,20,Dupla traicao,major,44,4,3
DJAVAN,20,Dupla traicao,major,45,3,13
DJAVAN,20,Dupla traicao,major,46,5,5
DJAVAN,20,Dupla traicao,major,47,3,3
DJAVAN,20,Dupla traicao,major,48,3,7
DJAVAN,20,Dupla traicao,major,49,#2/b3,x
DJAVAN,20,Dupla traicao,major,50,3,7
DJAVAN,20,Dupla traicao,major,51,5,9
DJAVAN,20,Dupla traicao,major,52,#4/b5,x
DJAVAN,20,Dupla traicao,major,53,4,5
DJAVAN,20,Dupla traicao,major,54,3,11
DJAVAN,20,Dupla traicao,major,55,4,x
DJAVAN,20,Dupla traicao,major,56,3,11
DJAVAN,20,Dupla traicao,major,57,4,x
DJAVAN,20,Dupla traicao,major,58,3,1
DJAVAN,20,Dupla traicao,major,59,4,b9/#9
DJAVAN,20,Dupla traicao,major,60,5,x
DJAVAN,20,Dupla traicao,major,61,4,b9/#9
DJAVAN,20,Dupla traicao,major,62,3,1
DJAVAN,20,Dupla traicao,major,63,4,1
DJAVAN,20,Dupla traicao,major,64,4,5
DJAVAN,21,Oceano,major,1,5,5
DJAVAN,21,Oceano,major,2,4,1
DJAVAN,21,Oceano,major,3,3,x
DJAVAN,21,Oceano,major,4,4,1
DJAVAN,21,Oceano,major,5,5,x
DJAVAN,21,Oceano,major,6,6,9
DJAVAN,21,Oceano,major,7,5,1
DJAVAN,21,Oceano,major,8,4,x
DJAVAN,21,Oceano,major,9,3,b13
DJAVAN,21,Oceano,major,10,2,x
DJAVAN,21,Oceano,major,11,1,11
DJAVAN,21,Oceano,major,12,7,3
DJAVAN,21,Oceano,major,13,1,3
DJAVAN,21,Oceano,major,14,7,x
DJAVAN,21,Oceano,major,15,1,3
DJAVAN,21,Oceano,major,16,6,1
DJAVAN,21,Oceano,major,17,7,x
DJAVAN,21,Oceano,major,18,1,3
DJAVAN,21,Oceano,major,19,3,5
DJAVAN,21,Oceano,major,20,2,11
DJAVAN,21,Oceano,major,21,1,x
DJAVAN,21,Oceano,major,22,2,5
DJAVAN,21,Oceano,major,23,3,6
DJAVAN,21,Oceano,major,24,1,11
DJAVAN,21,Oceano,major,25,1,5
DJAVAN,21,Oceano,major,26,2,x
DJAVAN,21,Oceano,major,27,#2/b3,7
DJAVAN,21,Oceano,major,28,5,13
DJAVAN,21,Oceano,major,29,4,5
DJAVAN,21,Oceano,major,30,#2/b3,x
DJAVAN,21,Oceano,major,31,4,5
DJAVAN,21,Oceano,major,32,5,3
DJAVAN,21,Oceano,major,33,4,b13
DJAVAN,21,Oceano,major,34,3,x
DJAVAN,21,Oceano,major,35,2,1
DJAVAN,21,Oceano,major,36,6,5
DJAVAN,21,Oceano,major,37,2,5
DJAVAN,22,Alagoas,major,1,6,6
DJAVAN,22,Alagoas,major,2,5,5
DJAVAN,22,Alagoas,major,3,6,6
DJAVAN,22,Alagoas,major,4,5,x
DJAVAN,22,Alagoas,major,5,6,5
DJAVAN,22,Alagoas,major,6,5,11
DJAVAN,22,Alagoas,major,7,6,x
DJAVAN,22,Alagoas,major,8,5,11
DJAVAN,22,Alagoas,major,9,6,11
DJAVAN,22,Alagoas,major,10,5,x
DJAVAN,22,Alagoas,major,11,6,11
DJAVAN,22,Alagoas,major,12,7,6
DJAVAN,22,Alagoas,major,13,5,7
DJAVAN,22,Alagoas,major,14,6,1
DJAVAN,22,Alagoas,major,15,3,5
DJAVAN,22,Alagoas,major,16,3,9
DJAVAN,22,Alagoas,major,17,6,6
DJAVAN,22,Alagoas,major,18,5,x
DJAVAN,22,Alagoas,major,19,6,6
DJAVAN,22,Alagoas,major,20,5,x
DJAVAN,22,Alagoas,major,21,6,5
DJAVAN,22,Alagoas,major,22,5,11
DJAVAN,22,Alagoas,major,23,6,x
DJAVAN,22,Alagoas,major,24,5,11
DJAVAN,22,Alagoas,major,25,6,11
DJAVAN,22,Alagoas,major,26,5,x
DJAVAN,22,Alagoas,major,27,6,11
DJAVAN,22,Alagoas,major,28,7,6
DJAVAN,22,Alagoas,major,29,5,7
DJAVAN,22,Alagoas,major,30,6,1
DJAVAN,22,Alagoas,major,31,3,9
DJAVAN,22,Alagoas,major,32,1,7
DJAVAN,22,Alagoas,major,33,6,5
DJAVAN,22,Alagoas,major,34,1,7
DJAVAN,22,Alagoas,major,35,4,1
DJAVAN,22,Alagoas,major,36,3,13
DJAVAN,22,Alagoas,major,37,1,3
DJAVAN,22,Alagoas,major,38,2,#11
DJAVAN,22,Alagoas,major,39,1,3
DJAVAN,23,Estoria de cantador,major,1,3,3
DJAVAN,23,Estoria de cantador,major,2,5,5
DJAVAN,23,Estoria de cantador,major,3,4,x
DJAVAN,23,Estoria de cantador,major,4,3,3
DJAVAN,23,Estoria de cantador,major,5,2,9
DJAVAN,23,Estoria de cantador,major,6,3,3
DJAVAN,23,Estoria de cantador,major,7,1,1
DJAVAN,23,Estoria de cantador,major,8,5,5
DJAVAN,23,Estoria de cantador,major,9,#6/b7,1
DJAVAN,23,Estoria de cantador,major,10,6,x
DJAVAN,23,Estoria de cantador,major,11,#6/b7,1
DJAVAN,23,Estoria de cantador,major,12,1,9
DJAVAN,23,Estoria de cantador,major,13,5,6
DJAVAN,23,Estoria de cantador,major,14,1,1
DJAVAN,23,Estoria de cantador,major,15,2,x
DJAVAN,23,Estoria de cantador,major,16,3,3
DJAVAN,23,Estoria de cantador,major,17,5,5
DJAVAN,23,Estoria de cantador,major,18,4,x
DJAVAN,23,Estoria de cantador,major,19,3,3
DJAVAN,23,Estoria de cantador,major,20,1,1
DJAVAN,23,Estoria de cantador,major,21,2,x
DJAVAN,23,Estoria de cantador,major,22,3,3
DJAVAN,23,Estoria de cantador,major,23,5,5
DJAVAN,23,Estoria de cantador,major,24,4,x
DJAVAN,23,Estoria de cantador,major,25,3,3
DJAVAN,23,Estoria de cantador,major,26,1,5
DJAVAN,23,Estoria de cantador,major,27,4,1
DJAVAN,23,Estoria de cantador,major,28,4,7
DJAVAN,23,Estoria de cantador,major,29,5,x
DJAVAN,23,Estoria de cantador,major,30,6,9
DJAVAN,23,Estoria de cantador,major,31,5,1
DJAVAN,23,Estoria de cantador,major,32,4,7
DJAVAN,23,Estoria de cantador,major,33,3,b9/#9
DJAVAN,23,Estoria de cantador,major,34,4,x
DJAVAN,23,Estoria de cantador,major,35,3,x
DJAVAN,23,Estoria de cantador,major,36,2,7
DJAVAN,23,Estoria de cantador,major,37,1,x
DJAVAN,23,Estoria de cantador,major,38,2,7
DJAVAN,23,Estoria de cantador,major,39,1,3
DJAVAN,23,Estoria de cantador,major,40,1,7
DJAVAN,23,Estoria de cantador,major,41,2,x
DJAVAN,23,Estoria de cantador,major,42,3,9
DJAVAN,23,Estoria de cantador,major,43,3,7
DJAVAN,23,Estoria de cantador,major,44,5,9
DJAVAN,23,Estoria de cantador,major,45,4,x
DJAVAN,23,Estoria de cantador,major,46,3,13
DJAVAN,23,Estoria de cantador,major,47,5,1
DJAVAN,23,Estoria de cantador,major,48,4,x
DJAVAN,23,Estoria de cantador,major,49,3,x
DJAVAN,23,Estoria de cantador,major,50,2,5
DJAVAN,23,Estoria de cantador,major,51,1,1
DJAVAN,24,Mal de mim,minor,1,4,3
DJAVAN,24,Mal de mim,minor,2,5,1
DJAVAN,24,Mal de mim,minor,3,4,11
DJAVAN,24,Mal de mim,minor,4,3,3
DJAVAN,24,Mal de mim,minor,5,2,9
DJAVAN,24,Mal de mim,minor,6,1,1
DJAVAN,24,Mal de mim,minor,7,b7,7
DJAVAN,24,Mal de mim,minor,8,5,5
DJAVAN,24,Mal de mim,minor,9,b7,9
DJAVAN,24,Mal de mim,minor,10,6,1
DJAVAN,24,Mal de mim,minor,11,b7,b13
DJAVAN,24,Mal de mim,minor,12,1,7
DJAVAN,24,Mal de mim,minor,13,4,x
DJAVAN,24,Mal de mim,minor,14,b7,b9/#9
DJAVAN,24,Mal de mim,minor,15,5,1
DJAVAN,24,Mal de mim,minor,16,4,3
DJAVAN,24,Mal de mim,minor,17,5,5
DJAVAN,24,Mal de mim,minor,18,4,11
DJAVAN,24,Mal de mim,minor,19,3,3
DJAVAN,24,Mal de mim,minor,20,2,9
DJAVAN,24,Mal de mim,minor,21,1,1
DJAVAN,24,Mal de mim,minor,22,b7,7
DJAVAN,24,Mal de mim,minor,23,5,5
DJAVAN,24,Mal de mim,minor,24,2,1
DJAVAN,24,Mal de mim,minor,25,1,3
DJAVAN,24,Mal de mim,minor,26,7,3
DJAVAN,24,Mal de mim,minor,27,2,5
DJAVAN,24,Mal de mim,minor,28,3,3
DJAVAN,24,Mal de mim,minor,29,4,9
DJAVAN,24,Mal de mim,minor,30,3,1
DJAVAN,24,Mal de mim,minor,31,b7,5
DJAVAN,24,Mal de mim,minor,32,3,5
DJAVAN,24,Mal de mim,minor,33,1,3
DJAVAN,24,Mal de mim,minor,34,3,9
DJAVAN,24,Mal de mim,minor,35,4,3
DJAVAN,24,Mal de mim,minor,36,3,9
DJAVAN,24,Mal de mim,minor,37,#4/b5,x
DJAVAN,24,Mal de mim,minor,38,4,3
DJAVAN,24,Mal de mim,minor,39,3,9
DJAVAN,24,Mal de mim,minor,40,7,7
DJAVAN,25,Tem boi na linha,major,1,5,5
DJAVAN,25,Tem boi na linha,major,2,1,1
DJAVAN,25,Tem boi na linha,major,3,5,5
DJAVAN,25,Tem boi na linha,major,4,1,1
DJAVAN,25,Tem boi na linha,major,5,5,5
DJAVAN,25,Tem boi na linha,major,6,1,1
DJAVAN,25,Tem boi na linha,major,7,5,5
DJAVAN,25,Tem boi na linha,major,8,1,1
DJAVAN,25,Tem boi na linha,major,9,3,3
DJAVAN,25,Tem boi na linha,major,10,1,1
DJAVAN,25,Tem boi na linha,major,11,3,3
DJAVAN,25,Tem boi na linha,major,12,1,1
DJAVAN,25,Tem boi na linha,major,13,3,3
DJAVAN,25,Tem boi na linha,major,14,5,9
DJAVAN,25,Tem boi na linha,major,15,1,5
DJAVAN,25,Tem boi na linha,major,16,4,9
DJAVAN,25,Tem boi na linha,major,17,#6/b7,5
DJAVAN,25,Tem boi na linha,major,18,#2/b3,9
DJAVAN,25,Tem boi na linha,major,19,#5/b6,5
DJAVAN,25,Tem boi na linha,major,20,4,3
DJAVAN,25,Tem boi na linha,major,21,4,7
DJAVAN,25,Tem boi na linha,major,22,3,3
DJAVAN,25,Tem boi na linha,major,23,1,1
DJAVAN,25,Tem boi na linha,major,24,3,3
DJAVAN,25,Tem boi na linha,major,25,1,1
DJAVAN,25,Tem boi na linha,major,26,3,3
DJAVAN,25,Tem boi na linha,major,27,1,1
DJAVAN,25,Tem boi na linha,major,28,3,3
DJAVAN,25,Tem boi na linha,major,29,1,1
DJAVAN,25,Tem boi na linha,major,30,3,3
DJAVAN,25,Tem boi na linha,major,31,1,1
DJAVAN,25,Tem boi na linha,major,32,3,3
DJAVAN,25,Tem boi na linha,major,33,5,9
DJAVAN,25,Tem boi na linha,major,34,1,5
DJAVAN,25,Tem boi na linha,major,35,4,9
DJAVAN,25,Tem boi na linha,major,36,#6/b7,5
DJAVAN,25,Tem boi na linha,major,37,4,3
DJAVAN,25,Tem boi na linha,major,38,3,3
DJAVAN,25,Tem boi na linha,major,39,2,9
DJAVAN,25,Tem boi na linha,major,40,5,5
DJAVAN,25,Tem boi na linha,major,41,4,x
DJAVAN,25,Tem boi na linha,major,42,3,3
DJAVAN,25,Tem boi na linha,major,43,1,5
DJAVAN,25,Tem boi na linha,major,44,5,7
DJAVAN,25,Tem boi na linha,major,45,1,3
DJAVAN,25,Tem boi na linha,major,46,3,x
DJAVAN,25,Tem boi na linha,major,47,4,6
DJAVAN,25,Tem boi na linha,major,48,3,3
DJAVAN,25,Tem boi na linha,major,49,5,5
DJAVAN,25,Tem boi na linha,major,50,4,x
DJAVAN,25,Tem boi na linha,major,51,3,3
DJAVAN,25,Tem boi na linha,major,52,2,6
DJAVAN,25,Tem boi na linha,major,53,5,7
DJAVAN,25,Tem boi na linha,major,54,1,3
DJAVAN,25,Tem boi na linha,major,55,2,x
DJAVAN,25,Tem boi na linha,major,56,3,3
DJAVAN,26,Lambada de serpente,major,1,5,5
DJAVAN,26,Lambada de serpente,major,2,4,3
DJAVAN,26,Lambada de serpente,major,3,5,11
DJAVAN,26,Lambada de serpente,major,4,5,5
DJAVAN,26,Lambada de serpente,major,5,3,3
DJAVAN,26,Lambada de serpente,major,6,1,1
DJAVAN,26,Lambada de serpente,major,7,5,5
DJAVAN,26,Lambada de serpente,major,8,4,3
DJAVAN,26,Lambada de serpente,major,9,2,1
DJAVAN,26,Lambada de serpente,major,10,7,6
DJAVAN,26,Lambada de serpente,major,11,5,11
DJAVAN,26,Lambada de serpente,major,12,3,9
DJAVAN,26,Lambada de serpente,major,13,3,3
DJAVAN,26,Lambada de serpente,major,14,5,5
DJAVAN,26,Lambada de serpente,major,15,4,3
DJAVAN,26,Lambada de serpente,major,16,5,11
DJAVAN,26,Lambada de serpente,major,17,5,5
DJAVAN,26,Lambada de serpente,major,18,3,3
DJAVAN,26,Lambada de serpente,major,19,1,1
DJAVAN,26,Lambada de serpente,major,20,5,5
DJAVAN,26,Lambada de serpente,major,21,4,3
DJAVAN,26,Lambada de serpente,major,22,2,1
DJAVAN,26,Lambada de serpente,major,23,7,6
DJAVAN,26,Lambada de serpente,major,24,5,11
DJAVAN,26,Lambada de serpente,major,25,3,9
DJAVAN,26,Lambada de serpente,major,26,3,3
DJAVAN,26,Lambada de serpente,major,27,1,1
DJAVAN,26,Lambada de serpente,major,28,4,1
DJAVAN,26,Lambada de serpente,major,29,1,5
DJAVAN,26,Lambada de serpente,major,30,3,7
DJAVAN,26,Lambada de serpente,major,31,3,3
DJAVAN,26,Lambada de serpente,major,32,1,1
DJAVAN,26,Lambada de serpente,major,33,7,x
DJAVAN,26,Lambada de serpente,major,34,1,1
DJAVAN,26,Lambada de serpente,major,35,2,9
DJAVAN,26,Lambada de serpente,major,36,2,1
DJAVAN,26,Lambada de serpente,major,37,1,7
DJAVAN,26,Lambada de serpente,major,38,1,1
DJAVAN,27,Meu bem querer,major,1,1,1
DJAVAN,27,Meu bem querer,major,2,2,x
DJAVAN,27,Meu bem querer,major,3,3,3
DJAVAN,27,Meu bem querer,major,4,3,7
DJAVAN,27,Meu bem querer,major,5,2,x
DJAVAN,27,Meu bem querer,major,6,3,7
DJAVAN,27,Meu bem querer,major,7,4,1
DJAVAN,27,Meu bem querer,major,8,3,7
DJAVAN,27,Meu bem querer,major,9,2,x
DJAVAN,27,Meu bem querer,major,10,2,9
DJAVAN,27,Meu bem querer,major,11,1,x
DJAVAN,27,Meu bem querer,major,12,7,7
DJAVAN,27,Meu bem querer,major,13,6,x
DJAVAN,27,Meu bem querer,major,14,7,7
DJAVAN,27,Meu bem querer,major,15,1,x
DJAVAN,27,Meu bem querer,major,16,2,6
DJAVAN,27,Meu bem querer,major,17,1,x
DJAVAN,27,Meu bem querer,major,18,7,#11
DJAVAN,27,Meu bem querer,major,19,6,x
DJAVAN,27,Meu bem querer,major,20,7,#11
DJAVAN,27,Meu bem querer,major,21,5,5
DJAVAN,27,Meu bem querer,major,22,1,3
DJAVAN,27,Meu bem querer,major,23,2,x
DJAVAN,27,Meu bem querer,major,24,3,5
DJAVAN,27,Meu bem querer,major,25,7,5
DJAVAN,27,Meu bem querer,major,26,5,3
DJAVAN,27,Meu bem querer,major,27,3,1
DJAVAN,27,Meu bem querer,major,28,1,5
DJAVAN,27,Meu bem querer,major,29,6,3
DJAVAN,27,Meu bem querer,major,30,5,9
DJAVAN,27,Meu bem querer,major,31,2,6
DJAVAN,27,Meu bem querer,major,32,1,5
DJAVAN,27,Meu bem querer,major,33,#5/b6,3
DJAVAN,27,Meu bem querer,major,34,#5/b6,3
DJAVAN,27,Meu bem querer,major,35,5,3
DJAVAN,27,Meu bem querer,major,36,3,1
DJAVAN,27,Meu bem querer,major,37,6,11
DJAVAN,27,Meu bem querer,major,38,2,5
DJAVAN,27,Meu bem querer,major,39,1,11
DJAVAN,27,Meu bem querer,major,40,3,7
DJAVAN,27,Meu bem querer,major,41,3,7
DJAVAN,27,Meu bem querer,major,42,6,3
DJAVAN,27,Meu bem querer,major,43,2,6
DJAVAN,27,Meu bem querer,major,44,1,5
DJAVAN,27,Meu bem querer,major,45,3,3
DJAVAN,27,Meu bem querer,major,46,3,5
DJAVAN,27,Meu bem querer,major,47,3,x
DJAVAN,27,Meu bem querer,major,48,4,7
DJAVAN,27,Meu bem querer,major,49,2,x
DJAVAN,27,Meu bem querer,major,50,3,13
DJAVAN,27,Meu bem querer,major,51,1,3
DJAVAN,27,Meu bem querer,major,52,2,x
DJAVAN,27,Meu bem querer,major,53,1,1
DJAVAN,28,Aquele um,major,1,1,1
DJAVAN,28,Aquele um,major,2,6,6
DJAVAN,28,Aquele um,major,3,1,b9/#9
DJAVAN,28,Aquele um,major,4,6,1
DJAVAN,28,Aquele um,major,5,3,5
DJAVAN,28,Aquele um,major,6,6,5
DJAVAN,28,Aquele um,major,7,1,7
DJAVAN,28,Aquele um,major,8,6,5
DJAVAN,28,Aquele um,major,9,1,7
DJAVAN,28,Aquele um,major,10,2,5
DJAVAN,28,Aquele um,major,11,3,13
DJAVAN,28,Aquele um,major,12,2,5
DJAVAN,28,Aquele um,major,13,1,1
DJAVAN,28,Aquele um,major,14,6,6
DJAVAN,28,Aquele um,major,15,1,b9/#9
DJAVAN,28,Aquele um,major,16,6,1
DJAVAN,28,Aquele um,major,17,1,b9/#9
DJAVAN,28,Aquele um,major,18,6,1
DJAVAN,28,Aquele um,major,19,3,x
DJAVAN,28,Aquele um,major,20,2,1
DJAVAN,28,Aquele um,major,21,1,7
DJAVAN,28,Aquele um,major,22,6,5
DJAVAN,28,Aquele um,major,23,1,7
DJAVAN,28,Aquele um,major,24,6,9
DJAVAN,28,Aquele um,major,25,3,13
DJAVAN,28,Aquele um,major,26,2,5
DJAVAN,28,Aquele um,major,27,3,1
DJAVAN,28,Aquele um,major,28,5,3
DJAVAN,28,Aquele um,major,29,4,b13
DJAVAN,28,Aquele um,major,30,3,5
DJAVAN,28,Aquele um,major,31,2,1
DJAVAN,28,Aquele um,major,32,6,5
DJAVAN,28,Aquele um,major,33,2,1
DJAVAN,28,Aquele um,major,34,3,13
DJAVAN,28,Aquele um,major,35,3,1
DJAVAN,28,Aquele um,major,36,5,3
DJAVAN,28,Aquele um,major,37,3,5
DJAVAN,28,Aquele um,major,38,6,1
DJAVAN,28,Aquele um,major,39,5,7
DJAVAN,28,Aquele um,major,40,3,9
DJAVAN,28,Aquele um,major,41,2,1
DJAVAN,28,Aquele um,major,42,6,5
DJAVAN,28,Aquele um,major,43,6,9
DJAVAN,28,Aquele um,major,44,5,1
DJAVAN,28,Aquele um,major,45,3,1
DJAVAN,28,Aquele um,major,46,5,3
DJAVAN,28,Aquele um,major,47,4,b13
DJAVAN,28,Aquele um,major,48,3,5
DJAVAN,28,Aquele um,major,49,2,1
DJAVAN,28,Aquele um,major,50,6,5
DJAVAN,28,Aquele um,major,51,2,1
DJAVAN,28,Aquele um,major,52,2,5
DJAVAN,28,Aquele um,major,53,3,13
DJAVAN,28,Aquele um,major,54,3,13
DJAVAN,28,Aquele um,major,55,5,3
DJAVAN,28,Aquele um,major,56,3,1
DJAVAN,28,Aquele um,major,57,5,3
DJAVAN,28,Aquele um,major,58,3,5
DJAVAN,28,Aquele um,major,59,5,7
DJAVAN,28,Aquele um,major,60,3,9
DJAVAN,28,Aquele um,major,61,5,11
DJAVAN,28,Aquele um,major,62,3,9
DJAVAN,28,Aquele um,major,63,#5/b6,6
DJAVAN,28,Aquele um,major,64,3,1
DJAVAN,28,Aquele um,major,65,7,5
DJAVAN,28,Aquele um,major,66,7,9
DJAVAN,28,Aquele um,major,67,6,1
DJAVAN,28,Aquele um,major,68,3,9
DJAVAN,28,Aquele um,major,69,1,7
DJAVAN,28,Aquele um,major,70,3,9
DJAVAN,28,Aquele um,major,71,6,5
DJAVAN,28,Aquele um,major,72,1,7
DJAVAN,28,Aquele um,major,73,7,3
DJAVAN,28,Aquele um,major,74,5,1
DJAVAN,28,Aquele um,major,75,3,#11
DJAVAN,28,Aquele um,major,76,5,13
DJAVAN,28,Aquele um,major,77,3,5
DJAVAN,28,Aquele um,major,78,5,7
DJAVAN,28,Aquele um,major,79,6,5
DJAVAN,28,Aquele um,major,80,3,9
DJAVAN,28,Aquele um,major,81,6,9
DJAVAN,28,Aquele um,major,82,1,1
DJAVAN,28,Aquele um,major,83,3,13
DJAVAN,28,Aquele um,major,84,1,9
DJAVAN,28,Aquele um,major,85,3,#11
DJAVAN,28,Aquele um,major,86,3,5
DJAVAN,28,Aquele um,major,87,1,b9/#9
DJAVAN,28,Aquele um,major,88,2,1
DJAVAN,28,Aquele um,major,89,6,5
DJAVAN,29,Sururu de capote,major,1,5,5
DJAVAN,29,Sururu de capote,major,2,3,3
DJAVAN,29,Sururu de capote,major,3,6,6
DJAVAN,29,Sururu de capote,major,4,4,1
DJAVAN,29,Sururu de capote,major,5,1,5
DJAVAN,29,Sururu de capote,major,6,1,9
DJAVAN,29,Sururu de capote,major,7,4,5
DJAVAN,29,Sururu de capote,major,8,5,13
DJAVAN,29,Sururu de capote,major,9,3,3
DJAVAN,29,Sururu de capote,major,10,6,b13
DJAVAN,29,Sururu de capote,major,11,4,11
DJAVAN,29,Sururu de capote,major,12,6,6
DJAVAN,29,Sururu de capote,major,13,4,11
DJAVAN,29,Sururu de capote,major,14,1,1
DJAVAN,29,Sururu de capote,major,15,4,1
DJAVAN,29,Sururu de capote,major,16,1,9
DJAVAN,29,Sururu de capote,major,17,2,x
DJAVAN,29,Sururu de capote,major,18,1,9
DJAVAN,29,Sururu de capote,major,19,4,6
DJAVAN,29,Sururu de capote,major,20,#6/b7,9
DJAVAN,29,Sururu de capote,major,21,#4/b5,3
DJAVAN,29,Sururu de capote,major,22,6,5
DJAVAN,29,Sururu de capote,major,23,4,3
DJAVAN,29,Sururu de capote,major,24,#1/b2,1
DJAVAN,29,Sururu de capote,major,25,5,1
DJAVAN,29,Sururu de capote,major,26,2,5
DJAVAN,29,Sururu de capote,major,27,5,9
DJAVAN,29,Sururu de capote,major,28,4,x
DJAVAN,29,Sururu de capote,major,29,5,9
DJAVAN,29,Sururu de capote,major,30,4,x
DJAVAN,29,Sururu de capote,major,31,#2/b3,7
DJAVAN,29,Sururu de capote,major,32,1,5
DJAVAN,29,Sururu de capote,major,33,5,9
DJAVAN,30,Pedro Brasil,major,1,5,1
DJAVAN,30,Pedro Brasil,major,2,1,1
DJAVAN,30,Pedro Brasil,major,3,1,b13
DJAVAN,30,Pedro Brasil,major,4,1,5
DJAVAN,30,Pedro Brasil,major,5,2,x
DJAVAN,30,Pedro Brasil,major,6,3,#11
DJAVAN,30,Pedro Brasil,major,7,2,3
DJAVAN,30,Pedro Brasil,major,8,1,9
DJAVAN,30,Pedro Brasil,major,9,4,5
DJAVAN,30,Pedro Brasil,major,10,1,1
DJAVAN,30,Pedro Brasil,major,11,1,b13
DJAVAN,30,Pedro Brasil,major,12,1,5
DJAVAN,30,Pedro Brasil,major,13,2,6
DJAVAN,30,Pedro Brasil,major,14,3,x
DJAVAN,30,Pedro Brasil,major,15,2,x
DJAVAN,30,Pedro Brasil,major,16,1,9
DJAVAN,30,Pedro Brasil,major,17,#5/b6,7
DJAVAN,30,Pedro Brasil,major,18,1,1
DJAVAN,30,Pedro Brasil,major,19,1,3
DJAVAN,30,Pedro Brasil,major,20,2,x
DJAVAN,30,Pedro Brasil,major,21,#2/b3,5
DJAVAN,30,Pedro Brasil,major,22,1,3
DJAVAN,30,Pedro Brasil,major,23,7,3
DJAVAN,30,Pedro Brasil,major,24,5,1
DJAVAN,30,Pedro Brasil,major,25,5,7
DJAVAN,30,Pedro Brasil,major,26,3,b13
DJAVAN,30,Pedro Brasil,major,27,1,11
DJAVAN,30,Pedro Brasil,major,28,5,1
DJAVAN,30,Pedro Brasil,major,29,6,x
DJAVAN,30,Pedro Brasil,major,30,#6/b7,3
DJAVAN,30,Pedro Brasil,major,31,1,1
DJAVAN,30,Pedro Brasil,major,32,2,x
DJAVAN,30,Pedro Brasil,major,33,3,3
DJAVAN,30,Pedro Brasil,major,34,2,x
DJAVAN,30,Pedro Brasil,major,35,1,5
DJAVAN,30,Pedro Brasil,major,36,5,9
DJAVAN,30,Pedro Brasil,major,37,4,5
DJAVAN,30,Pedro Brasil,major,38,3,1
DJAVAN,30,Pedro Brasil,major,39,4,x
DJAVAN,30,Pedro Brasil,major,40,5,3
DJAVAN,30,Pedro Brasil,major,41,6,1
DJAVAN,30,Pedro Brasil,major,42,7,x
DJAVAN,30,Pedro Brasil,major,43,1,b9/#9
DJAVAN,30,Pedro Brasil,major,44,7,x
DJAVAN,30,Pedro Brasil,major,45,6,1
DJAVAN,30,Pedro Brasil,major,46,3,9
DJAVAN,30,Pedro Brasil,major,47,2,5
DJAVAN,30,Pedro Brasil,major,48,5,1
DJAVAN,30,Pedro Brasil,major,49,6,x
DJAVAN,30,Pedro Brasil,major,50,#6/b7,3
DJAVAN,30,Pedro Brasil,major,51,1,1
DJAVAN,30,Pedro Brasil,major,52,2,x
DJAVAN,30,Pedro Brasil,major,53,3,3
DJAVAN,30,Pedro Brasil,major,54,2,x
DJAVAN,30,Pedro Brasil,major,55,1,1
DJAVAN,30,Pedro Brasil,major,56,5,9
DJAVAN,30,Pedro Brasil,major,57,1,9
DJAVAN,30,Pedro Brasil,major,58,3,#11
DJAVAN,30,Pedro Brasil,major,59,4,1
DJAVAN,30,Pedro Brasil,major,60,5,x
DJAVAN,30,Pedro Brasil,major,61,6,3
DJAVAN,30,Pedro Brasil,major,62,3,1
DJAVAN,30,Pedro Brasil,major,63,4,x
DJAVAN,30,Pedro Brasil,major,64,5,3
DJAVAN,30,Pedro Brasil,major,65,6,1
DJAVAN,30,Pedro Brasil,major,66,7,x
DJAVAN,30,Pedro Brasil,major,67,1,3
DJAVAN,30,Pedro Brasil,major,68,2,11
DJAVAN,30,Pedro Brasil,major,69,6,5
DJAVAN,30,Pedro Brasil,major,70,7,x
DJAVAN,30,Pedro Brasil,major,71,1,7
DJAVAN,30,Pedro Brasil,major,72,3,9
DJAVAN,30,Pedro Brasil,major,73,#2/b3,x
DJAVAN,30,Pedro Brasil,major,74,2,6
DJAVAN,30,Pedro Brasil,major,75,1,5
DJAVAN,30,Pedro Brasil,major,76,#5/b6,3
DJAVAN,30,Pedro Brasil,major,77,5,9
DJAVAN,30,Pedro Brasil,major,78,2,6
DJAVAN,31,Seduzir,major,1,3,3
DJAVAN,31,Seduzir,major,2,5,5
DJAVAN,31,Seduzir,major,3,5,9
DJAVAN,31,Seduzir,major,4,4,x
DJAVAN,31,Seduzir,major,5,3,7
DJAVAN,31,Seduzir,major,6,1,1
DJAVAN,31,Seduzir,major,7,3,3
DJAVAN,31,Seduzir,major,8,3,x
DJAVAN,31,Seduzir,major,9,2,6
DJAVAN,31,Seduzir,major,10,2,5
DJAVAN,31,Seduzir,major,11,3,5
DJAVAN,31,Seduzir,major,12,6,1
DJAVAN,31,Seduzir,major,13,1,3
DJAVAN,31,Seduzir,major,14,1,7
DJAVAN,31,Seduzir,major,15,1,11
DJAVAN,31,Seduzir,major,16,1,1
DJAVAN,31,Seduzir,major,17,3,7
DJAVAN,31,Seduzir,major,18,6,3
DJAVAN,31,Seduzir,major,19,1,5
DJAVAN,31,Seduzir,major,20,6,3
DJAVAN,31,Seduzir,major,21,3,7
DJAVAN,31,Seduzir,major,22,1,3
DJAVAN,31,Seduzir,major,23,6,9
DJAVAN,31,Seduzir,major,24,4,x
DJAVAN,31,Seduzir,major,25,3,13
DJAVAN,31,Seduzir,major,26,3,3
DJAVAN,31,Seduzir,major,27,5,5
DJAVAN,31,Seduzir,major,28,6,6
DJAVAN,31,Seduzir,major,29,1,7
DJAVAN,31,Seduzir,major,30,2,1
DJAVAN,31,Seduzir,major,31,6,5
DJAVAN,31,Seduzir,major,32,6,3
DJAVAN,31,Seduzir,major,33,1,5
DJAVAN,31,Seduzir,major,34,3,7
DJAVAN,31,Seduzir,major,35,4,x
DJAVAN,31,Seduzir,major,36,3,11
DJAVAN,31,Seduzir,major,37,2,x
DJAVAN,31,Seduzir,major,38,1,3
DJAVAN,32,Faltando um pedaco,major,1,3,3
DJAVAN,32,Faltando um pedaco,major,2,4,x
DJAVAN,32,Faltando um pedaco,major,3,5,5
DJAVAN,32,Faltando um pedaco,major,4,6,x
DJAVAN,32,Faltando um pedaco,major,5,7,7
DJAVAN,32,Faltando um pedaco,major,6,1,1
DJAVAN,32,Faltando um pedaco,major,7,1,x
DJAVAN,32,Faltando um pedaco,major,8,7,#11
DJAVAN,32,Faltando um pedaco,major,9,6,3
DJAVAN,32,Faltando um pedaco,major,10,7,x
DJAVAN,32,Faltando um pedaco,major,11,1,5
DJAVAN,32,Faltando um pedaco,major,12,7,#11
DJAVAN,32,Faltando um pedaco,major,13,6,x
DJAVAN,32,Faltando um pedaco,major,14,5,3
DJAVAN,32,Faltando um pedaco,major,15,3,1
DJAVAN,32,Faltando um pedaco,major,16,4,x
DJAVAN,32,Faltando um pedaco,major,17,5,3
DJAVAN,32,Faltando um pedaco,major,18,6,x
DJAVAN,32,Faltando um pedaco,major,19,5,3
DJAVAN,32,Faltando um pedaco,major,20,4,x
DJAVAN,32,Faltando um pedaco,major,21,3,3
DJAVAN,32,Faltando um pedaco,major,22,2,6
DJAVAN,32,Faltando um pedaco,major,23,3,x
DJAVAN,32,Faltando um pedaco,major,24,4,1
DJAVAN,32,Faltando um pedaco,major,25,3,x
DJAVAN,32,Faltando um pedaco,major,26,4,1
DJAVAN,32,Faltando um pedaco,major,27,5,3
DJAVAN,32,Faltando um pedaco,major,28,3,1
DJAVAN,32,Faltando um pedaco,major,29,1,6
DJAVAN,32,Faltando um pedaco,major,30,2,x
DJAVAN,32,Faltando um pedaco,major,31,3,1
DJAVAN,32,Faltando um pedaco,major,32,4,x
DJAVAN,32,Faltando um pedaco,major,33,3,1
DJAVAN,32,Faltando um pedaco,major,34,4,x
DJAVAN,32,Faltando um pedaco,major,35,5,9
DJAVAN,32,Faltando um pedaco,major,36,4,x
DJAVAN,32,Faltando um pedaco,major,37,3,x
DJAVAN,32,Faltando um pedaco,major,38,2,6
DJAVAN,32,Faltando um pedaco,major,39,5,9
DJAVAN,32,Faltando um pedaco,major,40,6,x
DJAVAN,32,Faltando um pedaco,major,41,5,9
DJAVAN,32,Faltando um pedaco,major,42,6,3
DJAVAN,32,Faltando um pedaco,major,43,1,5
DJAVAN,32,Faltando um pedaco,major,44,7,x
DJAVAN,32,Faltando um pedaco,major,45,6,11
DJAVAN,32,Faltando um pedaco,major,46,5,3
DJAVAN,32,Faltando um pedaco,major,47,1,6
DJAVAN,32,Faltando um pedaco,major,48,2,x
DJAVAN,32,Faltando um pedaco,major,49,3,1
DJAVAN,32,Faltando um pedaco,major,50,4,x
DJAVAN,32,Faltando um pedaco,major,51,5,3
DJAVAN,32,Faltando um pedaco,major,52,4,x
DJAVAN,32,Faltando um pedaco,major,53,3,7
DJAVAN,32,Faltando um pedaco,major,54,2,6
DJAVAN,32,Faltando um pedaco,major,55,1,5
DJAVAN,32,Faltando um pedaco,major,56,2,5
DJAVAN,32,Faltando um pedaco,major,57,3,x
DJAVAN,32,Faltando um pedaco,major,58,4,7
DJAVAN,32,Faltando um pedaco,major,59,3,13
DJAVAN,32,Faltando um pedaco,major,60,1,1
DJAVAN,33,Samurai,major,1,7,7
DJAVAN,33,Samurai,major,2,7,b13
DJAVAN,33,Samurai,major,3,1,x
DJAVAN,33,Samurai,major,4,7,5
DJAVAN,33,Samurai,major,5,3,1
DJAVAN,33,Samurai,major,6,5,7
DJAVAN,33,Samurai,major,7,3,3
DJAVAN,33,Samurai,major,8,5,5
DJAVAN,33,Samurai,major,9,6,5
DJAVAN,33,Samurai,major,10,7,b13
DJAVAN,33,Samurai,major,11,3,1
DJAVAN,33,Samurai,major,12,7,7
DJAVAN,33,Samurai,major,13,7,b13
DJAVAN,33,Samurai,major,14,1,x
DJAVAN,33,Samurai,major,15,7,5
DJAVAN,33,Samurai,major,16,3,1
DJAVAN,33,Samurai,major,17,5,7
DJAVAN,33,Samurai,major,18,3,3
DJAVAN,33,Samurai,major,19,5,5
DJAVAN,33,Samurai,major,20,6,5
DJAVAN,33,Samurai,major,21,7,b13
DJAVAN,33,Samurai,major,22,3,b9/#9
DJAVAN,33,Samurai,major,23,5,3
DJAVAN,33,Samurai,major,24,6,x
DJAVAN,33,Samurai,major,25,7,5
DJAVAN,33,Samurai,major,26,3,1
DJAVAN,33,Samurai,major,27,3,13
DJAVAN,33,Samurai,major,28,5,1
DJAVAN,33,Samurai,major,29,7,7
DJAVAN,33,Samurai,major,30,1,x
DJAVAN,33,Samurai,major,31,7,b13
DJAVAN,33,Samurai,major,32,1,x
DJAVAN,33,Samurai,major,33,7,5
DJAVAN,33,Samurai,major,34,6,x
DJAVAN,33,Samurai,major,35,5,7
DJAVAN,33,Samurai,major,36,6,1
DJAVAN,33,Samurai,major,37,3,7
DJAVAN,33,Samurai,major,38,6,3
DJAVAN,33,Samurai,major,39,2,7
DJAVAN,33,Samurai,major,40,5,3
DJAVAN,33,Samurai,major,41,1,7
DJAVAN,33,Samurai,major,42,5,11
DJAVAN,33,Samurai,major,43,7,3
DJAVAN,33,Samurai,major,44,7,7
DJAVAN,33,Samurai,major,45,3,b9/#9
DJAVAN,33,Samurai,major,46,6,5
DJAVAN,33,Samurai,major,47,5,3
DJAVAN,33,Samurai,major,48,1,x
DJAVAN,33,Samurai,major,49,7,5
DJAVAN,33,Samurai,major,50,6,x
DJAVAN,33,Samurai,major,51,5,7
DJAVAN,33,Samurai,major,52,6,1
DJAVAN,33,Samurai,major,53,2,6
DJAVAN,33,Samurai,major,54,1,x
DJAVAN,33,Samurai,major,55,2,6
DJAVAN,33,Samurai,major,56,1,x
DJAVAN,33,Samurai,major,57,2,6
DJAVAN,33,Samurai,major,58,1,x
DJAVAN,33,Samurai,major,59,2,6
DJAVAN,33,Samurai,major,60,#1/b2,x
DJAVAN,33,Samurai,major,61,1,5
DJAVAN,33,Samurai,major,62,7,11
DJAVAN,33,Samurai,major,63,1,5
DJAVAN,33,Samurai,major,64,7,x
DJAVAN,33,Samurai,major,65,1,x
DJAVAN,33,Samurai,major,66,2,b9/#9
DJAVAN,33,Samurai,major,67,7,1
DJAVAN,33,Samurai,major,68,6,x
DJAVAN,33,Samurai,major,69,5,13
DJAVAN,33,Samurai,major,70,3,3
DJAVAN,33,Samurai,major,71,7,7
DJAVAN,33,Samurai,major,72,1,x
DJAVAN,33,Samurai,major,73,7,5
DJAVAN,33,Samurai,major,74,5,3
DJAVAN,33,Samurai,major,75,1,b9/#9
DJAVAN,33,Samurai,major,76,7,9
DJAVAN,33,Samurai,major,77,5,7
DJAVAN,33,Samurai,major,78,3,3
DJAVAN,33,Samurai,major,79,5,5
DJAVAN,33,Samurai,major,80,6,x
DJAVAN,33,Samurai,major,81,7,b13
DJAVAN,33,Samurai,major,82,3,1
DJAVAN,34,Luz,major,1,5,5
DJAVAN,34,Luz,major,2,6,6
DJAVAN,34,Luz,major,3,1,1
DJAVAN,34,Luz,major,4,2,x
DJAVAN,34,Luz,major,5,1,1
DJAVAN,34,Luz,major,6,#2/b3,7
DJAVAN,34,Luz,major,7,2,x
DJAVAN,34,Luz,major,8,1,5
DJAVAN,34,Luz,major,9,2,13
DJAVAN,34,Luz,major,10,1,5
DJAVAN,34,Luz,major,11,6,11
DJAVAN,34,Luz,major,12,#6/b7,b9/#9
DJAVAN,34,Luz,major,13,6,x
DJAVAN,34,Luz,major,14,5,7
DJAVAN,34,Luz,major,15,4,b13
DJAVAN,34,Luz,major,16,2,x
DJAVAN,34,Luz,major,17,3,9
DJAVAN,34,Luz,major,18,6,5
DJAVAN,34,Luz,major,19,2,1
DJAVAN,34,Luz,major,20,1,5
DJAVAN,34,Luz,major,21,2,x
DJAVAN,34,Luz,major,22,#2/b3,7
DJAVAN,34,Luz,major,23,5,3
DJAVAN,34,Luz,major,24,#6/b7,5
DJAVAN,34,Luz,major,25,4,7
DJAVAN,34,Luz,major,26,1,x
DJAVAN,34,Luz,major,27,7,3
DJAVAN,34,Luz,major,28,1,x
DJAVAN,34,Luz,major,29,5,5
DJAVAN,34,Luz,major,30,6,6
DJAVAN,34,Luz,major,31,1,1
DJAVAN,34,Luz,major,32,2,x
DJAVAN,34,Luz,major,33,1,1
DJAVAN,34,Luz,major,34,#2/b3,7
DJAVAN,34,Luz,major,35,2,x
DJAVAN,34,Luz,major,36,1,5
DJAVAN,34,Luz,major,37,2,13
DJAVAN,34,Luz,major,38,1,5
DJAVAN,34,Luz,major,39,2,7
DJAVAN,34,Luz,major,40,3,1
DJAVAN,34,Luz,major,41,5,3
DJAVAN,34,Luz,major,42,#5/b6,x
DJAVAN,34,Luz,major,43,#6/b7,5
DJAVAN,34,Luz,major,44,1,6
DJAVAN,34,Luz,major,45,1,3
DJAVAN,34,Luz,major,46,1,7
DJAVAN,34,Luz,major,47,#5/b6,5
DJAVAN,34,Luz,major,48,#6/b7,x
DJAVAN,34,Luz,major,49,1,5
DJAVAN,34,Luz,major,50,2,6
DJAVAN,34,Luz,major,51,5,1
DJAVAN,34,Luz,major,52,3,3
DJAVAN,34,Luz,major,53,6,6
DJAVAN,34,Luz,major,54,5,x
DJAVAN,34,Luz,major,55,6,3
DJAVAN,34,Luz,major,56,1,5
DJAVAN,34,Luz,major,57,6,3
DJAVAN,34,Luz,major,58,3,7
DJAVAN,34,Luz,major,59,1,5
DJAVAN,34,Luz,major,60,3,#11
DJAVAN,34,Luz,major,61,4,5
DJAVAN,34,Luz,major,62,1,9
DJAVAN,34,Luz,major,63,5,13
DJAVAN,34,Luz,major,64,2,7
DJAVAN,34,Luz,major,65,#2/b3,1
DJAVAN,34,Luz,major,66,#6/b7,5
DJAVAN,34,Luz,major,67,5,3
DJAVAN,34,Luz,major,68,#6/b7,9
DJAVAN,34,Luz,major,69,1,3
DJAVAN,34,Luz,major,70,1,5
DJAVAN,34,Luz,major,71,#6/b7,x
DJAVAN,34,Luz,major,72,#5/b6,3
DJAVAN,34,Luz,major,73,1,3
DJAVAN,34,Luz,major,74,2,5
DJAVAN,34,Luz,major,75,5,1
DJAVAN,34,Luz,major,76,3,3
DJAVAN,34,Luz,major,77,6,6
DJAVAN,34,Luz,major,78,5,b9/#9
DJAVAN,34,Luz,major,79,6,b9/#9
DJAVAN,34,Luz,major,80,2,b13
DJAVAN,34,Luz,major,81,3,7
DJAVAN,34,Luz,major,82,4,x
DJAVAN,34,Luz,major,83,5,9
DJAVAN,34,Luz,major,84,3,7
DJAVAN,34,Luz,major,85,5,9
DJAVAN,34,Luz,major,86,6,3
DJAVAN,34,Luz,major,87,2,3
DJAVAN,34,Luz,major,88,1,x
DJAVAN,34,Luz,major,89,2,3
DJAVAN,34,Luz,major,90,5,13
DJAVAN,34,Luz,major,91,#6/b7,1
DJAVAN,34,Luz,major,92,2,x
DJAVAN,34,Luz,major,93,#2/b3,1
DJAVAN,34,Luz,major,94,#6/b7,5
DJAVAN,34,Luz,major,95,5,3
DJAVAN,34,Luz,major,96,#6/b7,5
DJAVAN,34,Luz,major,97,1,3
DJAVAN,34,Luz,major,98,1,5
DJAVAN,34,Luz,major,99,#5/b6,3
DJAVAN,34,Luz,major,100,1,5
DJAVAN,34,Luz,major,101,3,13
DJAVAN,34,Luz,major,102,4,7
DJAVAN,34,Luz,major,103,1,1
DJAVAN,35,Capim,major,1,5,5
DJAVAN,35,Capim,major,2,6,6
DJAVAN,35,Capim,major,3,7,11
DJAVAN,35,Capim,major,4,1,1
DJAVAN,35,Capim,major,5,1,7
DJAVAN,35,Capim,major,6,2,5
DJAVAN,35,Capim,major,7,5,5
DJAVAN,35,Capim,major,8,6,6
DJAVAN,35,Capim,major,9,6,7
DJAVAN,35,Capim,major,10,7,14
DJAVAN,35,Capim,major,11,7,x
DJAVAN,35,Capim,major,12,1,7
DJAVAN,35,Capim,major,13,2,5
DJAVAN,35,Capim,major,14,3,13
DJAVAN,35,Capim,major,15,5,5
DJAVAN,35,Capim,major,16,6,6
DJAVAN,35,Capim,major,17,7,b13
DJAVAN,35,Capim,major,18,1,7
DJAVAN,35,Capim,major,19,2,1
DJAVAN,35,Capim,major,20,6,5
DJAVAN,35,Capim,major,21,7,5
DJAVAN,35,Capim,major,22,5,1
DJAVAN,35,Capim,major,23,4,x
DJAVAN,35,Capim,major,24,3,13
DJAVAN,35,Capim,major,25,2,x
DJAVAN,35,Capim,major,26,1,9
DJAVAN,35,Capim,major,27,3,#11
DJAVAN,35,Capim,major,28,3,5
DJAVAN,35,Capim,major,29,7,7
DJAVAN,35,Capim,major,30,1,1
DJAVAN,35,Capim,major,31,5,5
DJAVAN,35,Capim,major,32,6,x
DJAVAN,35,Capim,major,33,#6/b7,3
DJAVAN,35,Capim,major,34,4,1
DJAVAN,35,Capim,major,35,5,x
DJAVAN,35,Capim,major,36,6,3
DJAVAN,35,Capim,major,37,4,1
DJAVAN,35,Capim,major,38,#6/b7,1
DJAVAN,35,Capim,major,39,5,6
DJAVAN,35,Capim,major,40,#6/b7,1
DJAVAN,35,Capim,major,41,2,9
DJAVAN,35,Capim,major,42,5,5
DJAVAN,35,Capim,major,43,2,1
DJAVAN,35,Capim,major,44,#6/b7,x
DJAVAN,35,Capim,major,45,6,5
DJAVAN,35,Capim,major,46,5,x
DJAVAN,35,Capim,major,47,4,7
DJAVAN,35,Capim,major,48,2,5
DJAVAN,35,Capim,major,49,5,3
DJAVAN,35,Capim,major,50,3,9
DJAVAN,35,Capim,major,51,6,5
DJAVAN,35,Capim,major,52,2,x
DJAVAN,35,Capim,major,53,1,7
DJAVAN,35,Capim,major,54,3,x
DJAVAN,35,Capim,major,55,2,1
DJAVAN,35,Capim,major,56,5,11
DJAVAN,35,Capim,major,57,5,9
DJAVAN,35,Capim,major,58,1,5
DJAVAN,35,Capim,major,59,4,x
DJAVAN,35,Capim,major,60,3,7
DJAVAN,35,Capim,major,61,5,x
DJAVAN,35,Capim,major,62,4,5
DJAVAN,35,Capim,major,63,#6/b7,1
DJAVAN,35,Capim,major,64,#6/b7,5
DJAVAN,35,Capim,major,65,#1/b2,3
DJAVAN,35,Capim,major,66,6,1
DJAVAN,35,Capim,major,67,3,9
DJAVAN,35,Capim,major,68,2,1
DJAVAN,35,Capim,major,69,1,7
DJAVAN,35,Capim,major,70,6,9
DJAVAN,35,Capim,major,71,1,3
DJAVAN,35,Capim,major,72,3,13
DJAVAN,35,Capim,major,73,5,5
DJAVAN,35,Capim,major,74,3,x
DJAVAN,35,Capim,major,75,2,3
DJAVAN,35,Capim,major,76,1,5
DJAVAN,36,Sina,major,1,3,3
DJAVAN,36,Sina,major,2,6,6
DJAVAN,36,Sina,major,3,1,1
DJAVAN,36,Sina,major,4,#2/b3,x
DJAVAN,36,Sina,major,5,2,6
DJAVAN,36,Sina,major,6,1,x
DJAVAN,36,Sina,major,7,2,6
DJAVAN,36,Sina,major,8,6,3
DJAVAN,36,Sina,major,9,3,3
DJAVAN,36,Sina,major,10,5,5
DJAVAN,36,Sina,major,11,1,1
DJAVAN,36,Sina,major,12,#2/b3,x
DJAVAN,36,Sina,major,13,2,5
DJAVAN,36,Sina,major,14,1,x
DJAVAN,36,Sina,major,15,2,5
DJAVAN,36,Sina,major,16,7,3
DJAVAN,36,Sina,major,17,3,5
DJAVAN,36,Sina,major,18,6,1
DJAVAN,36,Sina,major,19,1,3
DJAVAN,36,Sina,major,20,#2/b3,x
DJAVAN,36,Sina,major,21,2,7
DJAVAN,36,Sina,major,22,1,x
DJAVAN,36,Sina,major,23,2,7
DJAVAN,36,Sina,major,24,1,6
DJAVAN,36,Sina,major,25,3,7
DJAVAN,36,Sina,major,26,#2/b3,7
DJAVAN,36,Sina,major,27,6,3
DJAVAN,36,Sina,major,28,1,5
DJAVAN,36,Sina,major,29,2,5
DJAVAN,36,Sina,major,30,1,x
DJAVAN,36,Sina,major,31,2,5
DJAVAN,36,Sina,major,32,1,5
DJAVAN,36,Sina,major,33,#2/b3,7
DJAVAN,36,Sina,major,34,2,13
DJAVAN,36,Sina,major,35,1,b13
DJAVAN,36,Sina,major,36,6,x
DJAVAN,36,Sina,major,37,1,9
DJAVAN,36,Sina,major,38,6,1
DJAVAN,36,Sina,major,39,1,3
DJAVAN,36,Sina,major,40,2,5
DJAVAN,36,Sina,major,41,1,x
DJAVAN,36,Sina,major,42,2,5
DJAVAN,36,Sina,major,43,6,9
DJAVAN,36,Sina,major,44,1,5
DJAVAN,36,Sina,major,45,#2/b3,7
DJAVAN,36,Sina,major,46,2,x
DJAVAN,36,Sina,major,47,1,5
DJAVAN,36,Sina,major,48,5,x
DJAVAN,36,Sina,major,49,6,9
DJAVAN,36,Sina,major,50,2,5
DJAVAN,36,Sina,major,51,5,5
DJAVAN,36,Sina,major,52,4,1
DJAVAN,36,Sina,major,53,5,9
DJAVAN,36,Sina,major,54,3,7
DJAVAN,36,Sina,major,55,1,1
DJAVAN,36,Sina,major,56,2,9
DJAVAN,36,Sina,major,57,1,1
DJAVAN,36,Sina,major,58,2,x
DJAVAN,36,Sina,major,59,3,3
DJAVAN,36,Sina,major,60,6,9
DJAVAN,36,Sina,major,61,#2/b3,x
DJAVAN,36,Sina,major,62,2,5
DJAVAN,36,Sina,major,63,#2/b3,b13
DJAVAN,36,Sina,major,64,6,9
DJAVAN,36,Sina,major,65,1,3
DJAVAN,36,Sina,major,66,#2/b3,x
DJAVAN,36,Sina,major,67,2,11
DJAVAN,36,Sina,major,68,1,3
DJAVAN,36,Sina,major,69,2,11
DJAVAN,36,Sina,major,70,6,1
DJAVAN,36,Sina,major,71,1,6
DJAVAN,36,Sina,major,72,6,x
DJAVAN,36,Sina,major,73,5,3
DJAVAN,36,Sina,major,74,6,11
DJAVAN,36,Sina,major,75,#2/b3,x
DJAVAN,36,Sina,major,76,2,x
DJAVAN,36,Sina,major,77,1,6
DJAVAN,36,Sina,major,78,6,11
DJAVAN,36,Sina,major,79,2,6
DJAVAN,36,Sina,major,80,6,3
DJAVAN,36,Sina,major,81,1,5
DJAVAN,36,Sina,major,82,6,3
DJAVAN,36,Sina,major,83,1,5
DJAVAN,36,Sina,major,84,6,3
DJAVAN,36,Sina,major,85,1,x
DJAVAN,36,Sina,major,86,2,5
DJAVAN,36,Sina,major,87,6,9
DJAVAN,36,Sina,major,88,3,13
DJAVAN,36,Sina,major,89,1,1
DJAVAN,37,Petala,major,1,3,3
DJAVAN,37,Petala,major,2,2,7
DJAVAN,37,Petala,major,3,3,1
DJAVAN,37,Petala,major,4,1,5
DJAVAN,37,Petala,major,5,3,3
DJAVAN,37,Petala,major,6,2,7
DJAVAN,37,Petala,major,7,3,1
DJAVAN,37,Petala,major,8,4,x
DJAVAN,37,Petala,major,9,5,3
DJAVAN,37,Petala,major,10,6,3
DJAVAN,37,Petala,major,11,5,9
DJAVAN,37,Petala,major,12,4,1
DJAVAN,37,Petala,major,13,6,3
DJAVAN,37,Petala,major,14,1,9
DJAVAN,37,Petala,major,15,3,#11
DJAVAN,37,Petala,major,16,1,1
DJAVAN,37,Petala,major,17,3,3
DJAVAN,37,Petala,major,18,1,1
DJAVAN,37,Petala,major,19,4,x
DJAVAN,37,Petala,major,20,3,1
DJAVAN,37,Petala,major,21,2,7
DJAVAN,37,Petala,major,22,6,3
DJAVAN,37,Petala,major,23,2,6
DJAVAN,37,Petala,major,24,6,3
DJAVAN,37,Petala,major,25,2,6
DJAVAN,37,Petala,major,26,3,13
DJAVAN,37,Petala,major,27,1,3
DJAVAN,37,Petala,major,28,5,5
DJAVAN,37,Petala,major,29,3,3
DJAVAN,37,Petala,major,30,6,x
DJAVAN,37,Petala,major,31,5,5
DJAVAN,37,Petala,major,32,3,1
DJAVAN,37,Petala,major,33,1,6
DJAVAN,37,Petala,major,34,4,x
DJAVAN,37,Petala,major,35,3,7
DJAVAN,37,Petala,major,36,6,3
DJAVAN,37,Petala,major,37,3,5
DJAVAN,37,Petala,major,38,#5/b6,3
DJAVAN,37,Petala,major,39,2,6
DJAVAN,37,Petala,major,40,5,5
DJAVAN,37,Petala,major,41,3,3
DJAVAN,37,Petala,major,42,6,9
DJAVAN,37,Petala,major,43,5,5
DJAVAN,37,Petala,major,44,6,3
DJAVAN,37,Petala,major,45,5,9
DJAVAN,37,Petala,major,46,3,7
DJAVAN,37,Petala,major,47,4,1
DJAVAN,37,Petala,major,48,5,9
DJAVAN,37,Petala,major,49,3,7
DJAVAN,37,Petala,major,50,5,5
DJAVAN,37,Petala,major,51,3,3
DJAVAN,37,Petala,major,52,6,x
DJAVAN,37,Petala,major,53,7,3
DJAVAN,37,Petala,major,54,5,1
DJAVAN,37,Petala,major,55,6,x
DJAVAN,37,Petala,major,56,5,9
DJAVAN,37,Petala,major,57,3,7
DJAVAN,37,Petala,major,58,4,1
DJAVAN,37,Petala,major,59,5,9
DJAVAN,37,Petala,major,60,2,6
DJAVAN,37,Petala,major,61,1,x
DJAVAN,37,Petala,major,62,2,7
DJAVAN,37,Petala,major,63,3,1
DJAVAN,37,Petala,major,64,1,5
DJAVAN,37,Petala,major,65,2,6
DJAVAN,37,Petala,major,66,3,3
DJAVAN,37,Petala,major,67,1,1
DJAVAN,38,Acai,major,1,1,1
DJAVAN,38,Acai,major,2,7,x
DJAVAN,38,Acai,major,3,6,6
DJAVAN,38,Acai,major,4,6,5
DJAVAN,38,Acai,major,5,1,7
DJAVAN,38,Acai,major,6,2,11
DJAVAN,38,Acai,major,7,6,5
DJAVAN,38,Acai,major,8,1,7
DJAVAN,38,Acai,major,9,7,x
DJAVAN,38,Acai,major,10,6,5
DJAVAN,38,Acai,major,11,5,x
DJAVAN,38,Acai,major,12,4,3
DJAVAN,38,Acai,major,13,5,x
DJAVAN,38,Acai,major,14,6,7
DJAVAN,38,Acai,major,15,5,x
DJAVAN,38,Acai,major,16,4,3
DJAVAN,38,Acai,major,17,6,x
DJAVAN,38,Acai,major,18,5,11
DJAVAN,38,Acai,major,19,4,3
DJAVAN,38,Acai,major,20,3,5
DJAVAN,38,Acai,major,21,5,7
DJAVAN,38,Acai,major,22,6,1
DJAVAN,38,Acai,major,23,1,3
DJAVAN,38,Acai,major,24,2,11
DJAVAN,38,Acai,major,25,3,5
DJAVAN,38,Acai,major,26,1,3
DJAVAN,38,Acai,major,27,6,3
DJAVAN,38,Acai,major,28,3,13
DJAVAN,38,Acai,major,29,6,9
DJAVAN,38,Acai,major,30,1,3
DJAVAN,38,Acai,major,31,2,x
DJAVAN,38,Acai,major,32,1,3
DJAVAN,38,Acai,major,33,5,5
DJAVAN,38,Acai,major,34,6,6
DJAVAN,38,Acai,major,35,1,7
DJAVAN,38,Acai,major,36,2,1
DJAVAN,38,Acai,major,37,3,9
DJAVAN,38,Acai,major,38,1,5
DJAVAN,38,Acai,major,39,7,x
DJAVAN,38,Acai,major,40,6,3
DJAVAN,38,Acai,major,41,5,5
DJAVAN,38,Acai,major,42,1,1
DJAVAN,38,Acai,major,43,7,x
DJAVAN,38,Acai,major,44,6,6
DJAVAN,38,Acai,major,45,1,7
DJAVAN,38,Acai,major,46,7,x
DJAVAN,38,Acai,major,47,6,5
DJAVAN,38,Acai,major,48,4,3
DJAVAN,38,Acai,major,49,5,11
DJAVAN,38,Acai,major,50,3,3
DJAVAN,39,Esfinge,major,1,6,9
DJAVAN,39,Esfinge,major,2,5,9
DJAVAN,39,Esfinge,major,3,3,3
DJAVAN,39,Esfinge,major,4,5,5
DJAVAN,39,Esfinge,major,5,6,6
DJAVAN,39,Esfinge,major,6,3,7
DJAVAN,39,Esfinge,major,7,6,b9/#9
DJAVAN,39,Esfinge,major,8,3,7
DJAVAN,39,Esfinge,major,9,3,3
DJAVAN,39,Esfinge,major,10,5,5
DJAVAN,39,Esfinge,major,11,6,6
DJAVAN,39,Esfinge,major,12,2,b13
DJAVAN,39,Esfinge,major,13,1,#11
DJAVAN,39,Esfinge,major,14,3,7
DJAVAN,39,Esfinge,major,15,6,b9/#9
DJAVAN,39,Esfinge,major,16,1,5
DJAVAN,39,Esfinge,major,17,1,9
DJAVAN,39,Esfinge,major,18,6,5
DJAVAN,39,Esfinge,major,19,1,7
DJAVAN,39,Esfinge,major,20,6,5
DJAVAN,39,Esfinge,major,21,1,7
DJAVAN,39,Esfinge,major,22,2,1
DJAVAN,39,Esfinge,major,23,#4/b5,3
DJAVAN,39,Esfinge,major,24,3,1
DJAVAN,39,Esfinge,major,25,#4/b5,9
DJAVAN,39,Esfinge,major,26,7,5
DJAVAN,39,Esfinge,major,27,2,x
DJAVAN,39,Esfinge,major,28,3,9
DJAVAN,39,Esfinge,major,29,2,1
DJAVAN,39,Esfinge,major,30,5,11
DJAVAN,39,Esfinge,major,31,5,1
DJAVAN,39,Esfinge,major,32,4,x
DJAVAN,39,Esfinge,major,33,5,1
DJAVAN,39,Esfinge,major,34,6,9
DJAVAN,39,Esfinge,major,35,2,3
DJAVAN,39,Esfinge,major,36,1,9
DJAVAN,39,Esfinge,major,37,6,7
DJAVAN,39,Esfinge,major,38,3,11
DJAVAN,39,Esfinge,major,39,7,5
DJAVAN,39,Esfinge,major,40,1,x
DJAVAN,39,Esfinge,major,41,2,1
DJAVAN,39,Esfinge,major,42,3,9
DJAVAN,39,Esfinge,major,43,5,x
DJAVAN,39,Esfinge,major,44,4,1
DJAVAN,39,Esfinge,major,45,3,x
DJAVAN,39,Esfinge,major,46,4,1
DJAVAN,39,Esfinge,major,47,5,x
DJAVAN,39,Esfinge,major,48,6,3
DJAVAN,39,Esfinge,major,49,6,11
DJAVAN,39,Esfinge,major,50,3,1
DJAVAN,39,Esfinge,major,51,#6/b7,x
DJAVAN,39,Esfinge,major,52,6,1
DJAVAN,39,Esfinge,major,53,5,7
DJAVAN,39,Esfinge,major,54,3,5
DJAVAN,39,Esfinge,major,55,1,b9/#9
DJAVAN,39,Esfinge,major,56,3,9
DJAVAN,39,Esfinge,major,57,4,3
DJAVAN,39,Esfinge,major,58,1,1
DJAVAN,39,Esfinge,major,59,6,6
DJAVAN,39,Esfinge,major,60,5,5
DJAVAN,39,Esfinge,major,61,6,6
DJAVAN,39,Esfinge,major,62,1,1
DJAVAN,39,Esfinge,major,63,4,x
DJAVAN,39,Esfinge,major,64,3,7
DJAVAN,39,Esfinge,major,65,1,5
DJAVAN,39,Esfinge,major,66,6,3
DJAVAN,39,Esfinge,major,67,1,3
DJAVAN,39,Esfinge,major,68,2,x
DJAVAN,39,Esfinge,major,69,3,x
DJAVAN,39,Esfinge,major,70,4,7
DJAVAN,39,Esfinge,major,71,3,3
DJAVAN,39,Esfinge,major,72,2,b13
DJAVAN,40,Tanta saudade,minor,1,1,1
DJAVAN,40,Tanta saudade,minor,2,b7,7
DJAVAN,40,Tanta saudade,minor,3,2,9
DJAVAN,40,Tanta saudade,minor,4,2,#11
DJAVAN,40,Tanta saudade,minor,5,b7,9
DJAVAN,40,Tanta saudade,minor,6,5,11
DJAVAN,40,Tanta saudade,minor,7,5,1
DJAVAN,40,Tanta saudade,minor,8,4,7
DJAVAN,40,Tanta saudade,minor,9,3,1
DJAVAN,40,Tanta saudade,minor,10,2,#11
DJAVAN,40,Tanta saudade,minor,11,b7,9
DJAVAN,40,Tanta saudade,minor,12,6,5
DJAVAN,40,Tanta saudade,minor,13,5,1
DJAVAN,40,Tanta saudade,minor,14,1,1
DJAVAN,40,Tanta saudade,minor,15,b7,7
DJAVAN,40,Tanta saudade,minor,16,2,9
DJAVAN,40,Tanta saudade,minor,17,2,#11
DJAVAN,40,Tanta saudade,minor,18,b7,9
DJAVAN,40,Tanta saudade,minor,19,5,11
DJAVAN,40,Tanta saudade,minor,20,5,1
DJAVAN,40,Tanta saudade,minor,21,b7,b9/#9
DJAVAN,40,Tanta saudade,minor,22,4,7
DJAVAN,40,Tanta saudade,minor,23,3,x
DJAVAN,40,Tanta saudade,minor,24,4,9
DJAVAN,40,Tanta saudade,minor,25,2,#11
DJAVAN,40,Tanta saudade,minor,26,b7,9
DJAVAN,40,Tanta saudade,minor,27,6,5
DJAVAN,40,Tanta saudade,minor,28,5,1
DJAVAN,40,Tanta saudade,minor,29,5,5
DJAVAN,40,Tanta saudade,minor,30,4,x
DJAVAN,40,Tanta saudade,minor,31,5,7
DJAVAN,40,Tanta saudade,minor,32,3,5
DJAVAN,40,Tanta saudade,minor,33,1,7
DJAVAN,40,Tanta saudade,minor,34,5,1
DJAVAN,40,Tanta saudade,minor,35,4,7
DJAVAN,40,Tanta saudade,minor,36,3,1
DJAVAN,40,Tanta saudade,minor,37,2,x
DJAVAN,40,Tanta saudade,minor,38,1,3
DJAVAN,40,Tanta saudade,minor,39,2,x
DJAVAN,40,Tanta saudade,minor,40,3,5
DJAVAN,40,Tanta saudade,minor,41,b7,9
DJAVAN,40,Tanta saudade,minor,42,1,7
DJAVAN,40,Tanta saudade,minor,43,b7,b9/#9
DJAVAN,40,Tanta saudade,minor,44,6,x
DJAVAN,40,Tanta saudade,minor,45,5,1
DJAVAN,41,Fato consumado,major,1,5,5
DJAVAN,41,Fato consumado,major,2,1,1
DJAVAN,41,Fato consumado,major,3,6,6
DJAVAN,41,Fato consumado,major,4,5,5
DJAVAN,41,Fato consumado,major,5,1,b9/#9
DJAVAN,41,Fato consumado,major,6,6,1
DJAVAN,41,Fato consumado,major,7,5,7
DJAVAN,41,Fato consumado,major,8,1,b9/#9
DJAVAN,41,Fato consumado,major,9,2,1
DJAVAN,41,Fato consumado,major,10,5,3
DJAVAN,41,Fato consumado,major,11,3,9
DJAVAN,41,Fato consumado,major,12,4,x
DJAVAN,41,Fato consumado,major,13,3,9
DJAVAN,41,Fato consumado,major,14,1,7
DJAVAN,41,Fato consumado,major,15,6,5
DJAVAN,41,Fato consumado,major,16,5,1
DJAVAN,41,Fato consumado,major,17,3,13
DJAVAN,41,Fato consumado,major,18,4,x
DJAVAN,41,Fato consumado,major,19,3,13
DJAVAN,41,Fato consumado,major,20,1,3
DJAVAN,41,Fato consumado,major,21,6,x
DJAVAN,41,Fato consumado,major,22,5,1
DJAVAN,41,Fato consumado,major,23,2,5
DJAVAN,41,Fato consumado,major,24,3,13
DJAVAN,41,Fato consumado,major,25,5,5
DJAVAN,41,Fato consumado,major,26,1,1
DJAVAN,41,Fato consumado,major,27,7,7
DJAVAN,41,Fato consumado,major,28,1,x
DJAVAN,41,Fato consumado,major,29,7,7
DJAVAN,41,Fato consumado,major,30,1,b9/#9
DJAVAN,41,Fato consumado,major,31,7,x
DJAVAN,41,Fato consumado,major,32,1,b9/#9
DJAVAN,41,Fato consumado,major,33,7,x
DJAVAN,41,Fato consumado,major,34,1,b9/#9
DJAVAN,41,Fato consumado,major,35,2,1
DJAVAN,41,Fato consumado,major,36,3,x
DJAVAN,41,Fato consumado,major,37,2,1
DJAVAN,41,Fato consumado,major,38,1,7
DJAVAN,41,Fato consumado,major,39,7,13
DJAVAN,41,Fato consumado,major,40,1,x
DJAVAN,41,Fato consumado,major,41,7,3
DJAVAN,41,Fato consumado,major,42,6,9
DJAVAN,41,Fato consumado,major,43,3,13
DJAVAN,41,Fato consumado,major,44,5,5
DJAVAN,41,Fato consumado,major,45,3,3
DJAVAN,41,Fato consumado,major,46,5,5
DJAVAN,41,Fato consumado,major,47,6,5
DJAVAN,41,Fato consumado,major,48,3,9
DJAVAN,41,Fato consumado,major,49,7,5
DJAVAN,41,Fato consumado,major,50,6,x
DJAVAN,41,Fato consumado,major,51,7,9
DJAVAN,41,Fato consumado,major,52,6,x
DJAVAN,41,Fato consumado,major,53,5,7
DJAVAN,41,Fato consumado,major,54,3,5
DJAVAN,41,Fato consumado,major,55,5,7
DJAVAN,41,Fato consumado,major,56,3,9
DJAVAN,41,Fato consumado,major,57,6,5
DJAVAN,41,Fato consumado,major,58,5,1
DJAVAN,41,Fato consumado,major,59,3,13
DJAVAN,41,Fato consumado,major,60,6,9
DJAVAN,41,Fato consumado,major,61,5,1
DJAVAN,41,Fato consumado,major,62,3,1
DJAVAN,41,Fato consumado,major,63,6,11
DJAVAN,42,Serrado,minor,1,1,1
DJAVAN,42,Serrado,minor,2,3,3
DJAVAN,42,Serrado,minor,3,4,1
DJAVAN,42,Serrado,minor,4,3,7
DJAVAN,42,Serrado,minor,5,5,9
DJAVAN,42,Serrado,minor,6,1,1
DJAVAN,42,Serrado,minor,7,3,3
DJAVAN,42,Serrado,minor,8,4,1
DJAVAN,42,Serrado,minor,9,3,7
DJAVAN,42,Serrado,minor,10,5,9
DJAVAN,42,Serrado,minor,11,1,1
DJAVAN,42,Serrado,minor,12,b7,7
DJAVAN,42,Serrado,minor,13,5,5
DJAVAN,42,Serrado,minor,14,b7,7
DJAVAN,42,Serrado,minor,15,5,9
DJAVAN,42,Serrado,minor,16,3,7
DJAVAN,42,Serrado,minor,17,5,9
DJAVAN,42,Serrado,minor,18,4,11
DJAVAN,42,Serrado,minor,19,2,9
DJAVAN,42,Serrado,minor,20,4,11
DJAVAN,42,Serrado,minor,21,2,9
DJAVAN,42,Serrado,minor,22,1,5
DJAVAN,42,Serrado,minor,23,2,x
DJAVAN,42,Serrado,minor,24,3,7
DJAVAN,42,Serrado,minor,25,4,x
DJAVAN,42,Serrado,minor,26,5,b13
DJAVAN,42,Serrado,minor,27,1,9
DJAVAN,42,Serrado,minor,28,3,1
DJAVAN,42,Serrado,minor,29,4,9
DJAVAN,42,Serrado,minor,30,3,1
DJAVAN,42,Serrado,minor,31,1,9
DJAVAN,42,Serrado,minor,32,3,11
DJAVAN,42,Serrado,minor,33,4,9
DJAVAN,42,Serrado,minor,34,5,x
DJAVAN,42,Serrado,minor,35,4,9
DJAVAN,42,Serrado,minor,36,3,#11
DJAVAN,42,Serrado,minor,37,1,b9/#9
DJAVAN,42,Serrado,minor,38,5,7
DJAVAN,42,Serrado,minor,39,6,x
DJAVAN,42,Serrado,minor,40,5,11
DJAVAN,42,Serrado,minor,41,5,#11
DJAVAN,42,Serrado,minor,42,5,1
DJAVAN,43,Nobreza,minor,1,5,5
DJAVAN,43,Nobreza,minor,2,6,7
DJAVAN,43,Nobreza,minor,3,5,b13
DJAVAN,43,Nobreza,minor,4,2,3
DJAVAN,43,Nobreza,minor,5,4,11
DJAVAN,43,Nobreza,minor,6,3,3
DJAVAN,43,Nobreza,minor,7,5,5
DJAVAN,43,Nobreza,minor,8,2,9
DJAVAN,43,Nobreza,minor,9,5,5
DJAVAN,43,Nobreza,minor,10,1,3
DJAVAN,43,Nobreza,minor,11,2,x
DJAVAN,43,Nobreza,minor,12,3,5
DJAVAN,43,Nobreza,minor,13,b7,5
DJAVAN,43,Nobreza,minor,14,5,3
DJAVAN,43,Nobreza,minor,15,3,1
DJAVAN,43,Nobreza,minor,16,6,5
DJAVAN,43,Nobreza,minor,17,b7,x
DJAVAN,43,Nobreza,minor,18,1,7
DJAVAN,43,Nobreza,minor,19,5,1
DJAVAN,43,Nobreza,minor,20,5,5
DJAVAN,43,Nobreza,minor,21,6,7
DJAVAN,43,Nobreza,minor,22,5,b13
DJAVAN,43,Nobreza,minor,23,2,3
DJAVAN,43,Nobreza,minor,24,4,11
DJAVAN,43,Nobreza,minor,25,3,3
DJAVAN,43,Nobreza,minor,26,5,5
DJAVAN,43,Nobreza,minor,27,2,9
DJAVAN,43,Nobreza,minor,28,5,3
DJAVAN,43,Nobreza,minor,29,b7,5
DJAVAN,43,Nobreza,minor,30,1,x
DJAVAN,43,Nobreza,minor,31,2,x
DJAVAN,43,Nobreza,minor,32,3,7
DJAVAN,43,Nobreza,minor,33,4,1
DJAVAN,43,Nobreza,minor,34,5,11
DJAVAN,43,Nobreza,minor,35,5,1
DJAVAN,43,Nobreza,minor,36,5,5
DJAVAN,43,Nobreza,minor,37,6,7
DJAVAN,43,Nobreza,minor,38,5,b13
DJAVAN,43,Nobreza,minor,39,2,3
DJAVAN,43,Nobreza,minor,40,4,11
DJAVAN,43,Nobreza,minor,41,3,3
DJAVAN,43,Nobreza,minor,42,5,5
DJAVAN,43,Nobreza,minor,43,2,9
DJAVAN,43,Nobreza,minor,44,5,5
DJAVAN,43,Nobreza,minor,45,1,3
DJAVAN,43,Nobreza,minor,46,2,x
DJAVAN,43,Nobreza,minor,47,3,5
DJAVAN,43,Nobreza,minor,48,b7,5
DJAVAN,43,Nobreza,minor,49,5,3
DJAVAN,43,Nobreza,minor,50,3,1
DJAVAN,43,Nobreza,minor,51,6,5
DJAVAN,43,Nobreza,minor,52,b7,x
DJAVAN,43,Nobreza,minor,53,1,7
DJAVAN,43,Nobreza,minor,54,5,1
DJAVAN,43,Nobreza,minor,55,#1/b2,5
DJAVAN,43,Nobreza,minor,56,1,x
DJAVAN,43,Nobreza,minor,57,b7,3
DJAVAN,43,Nobreza,minor,58,6,x
DJAVAN,43,Nobreza,minor,59,5,5
DJAVAN,43,Nobreza,minor,60,1,1
DJAVAN,44,Joaninha,minor,1,5,5
DJAVAN,44,Joaninha,minor,2,3,3
DJAVAN,44,Joaninha,minor,3,4,1
DJAVAN,44,Joaninha,minor,4,1,5
DJAVAN,44,Joaninha,minor,5,3,5
DJAVAN,44,Joaninha,minor,6,1,3
DJAVAN,44,Joaninha,minor,7,6,1
DJAVAN,44,Joaninha,minor,8,1,3
DJAVAN,44,Joaninha,minor,9,5,1
DJAVAN,44,Joaninha,minor,10,4,6
DJAVAN,44,Joaninha,minor,11,5,x
DJAVAN,44,Joaninha,minor,12,6,1
DJAVAN,44,Joaninha,minor,13,b7,x
DJAVAN,44,Joaninha,minor,14,1,3
DJAVAN,44,Joaninha,minor,15,3,5
DJAVAN,44,Joaninha,minor,16,4,6
DJAVAN,44,Joaninha,minor,17,3,x
DJAVAN,44,Joaninha,minor,18,4,7
DJAVAN,44,Joaninha,minor,19,3,x
DJAVAN,44,Joaninha,minor,20,4,7
DJAVAN,44,Joaninha,minor,21,3,x
DJAVAN,44,Joaninha,minor,22,4,7
DJAVAN,44,Joaninha,minor,23,3,x
DJAVAN,44,Joaninha,minor,24,4,7
DJAVAN,44,Joaninha,minor,25,3,x
DJAVAN,44,Joaninha,minor,26,4,7
DJAVAN,44,Joaninha,minor,27,3,x
DJAVAN,44,Joaninha,minor,28,4,7
DJAVAN,44,Joaninha,minor,29,3,x
DJAVAN,44,Joaninha,minor,30,4,7
DJAVAN,44,Joaninha,minor,31,3,x
DJAVAN,44,Joaninha,minor,32,4,7
DJAVAN,44,Joaninha,minor,33,1,1
DJAVAN,44,Joaninha,minor,34,2,x
DJAVAN,44,Joaninha,minor,35,3,3
DJAVAN,44,Joaninha,minor,36,6,1
DJAVAN,44,Joaninha,minor,37,b7,x
DJAVAN,44,Joaninha,minor,38,1,3
DJAVAN,44,Joaninha,minor,39,#1/b2,1
DJAVAN,44,Joaninha,minor,40,3,x
DJAVAN,44,Joaninha,minor,41,4,3
DJAVAN,44,Joaninha,minor,42,5,#11
DJAVAN,44,Joaninha,minor,43,6,x
DJAVAN,44,Joaninha,minor,44,b7,6
DJAVAN,44,Joaninha,minor,45,5,1
DJAVAN,44,Joaninha,minor,46,1,1
DJAVAN,44,Joaninha,minor,47,2,x
DJAVAN,44,Joaninha,minor,48,3,3
DJAVAN,44,Joaninha,minor,49,6,1
DJAVAN,44,Joaninha,minor,50,b7,x
DJAVAN,44,Joaninha,minor,51,1,3
DJAVAN,44,Joaninha,minor,52,#1/b2,1
DJAVAN,44,Joaninha,minor,53,3,x
DJAVAN,44,Joaninha,minor,54,4,3
DJAVAN,44,Joaninha,minor,55,b7,6
DJAVAN,44,Joaninha,minor,56,5,1
DJAVAN,44,Joaninha,minor,57,4,7
DJAVAN,45,Flor do medo,major,1,6,1
DJAVAN,45,Flor do medo,major,2,7,x
DJAVAN,45,Flor do medo,major,3,1,b9/#9
DJAVAN,45,Flor do medo,major,4,2,x
DJAVAN,45,Flor do medo,major,5,3,9
DJAVAN,45,Flor do medo,major,6,5,9
DJAVAN,45,Flor do medo,major,7,4,x
DJAVAN,45,Flor do medo,major,8,3,7
DJAVAN,45,Flor do medo,major,9,2,x
DJAVAN,45,Flor do medo,major,10,1,5
DJAVAN,45,Flor do medo,major,11,7,5
DJAVAN,45,Flor do medo,major,12,2,7
DJAVAN,45,Flor do medo,major,13,1,x
DJAVAN,45,Flor do medo,major,14,2,7
DJAVAN,45,Flor do medo,major,15,6,#11
DJAVAN,45,Flor do medo,major,16,7,x
DJAVAN,45,Flor do medo,major,17,1,7
DJAVAN,45,Flor do medo,major,18,2,x
DJAVAN,45,Flor do medo,major,19,3,9
DJAVAN,45,Flor do medo,major,20,2,1
DJAVAN,45,Flor do medo,major,21,#5/b6,3
DJAVAN,45,Flor do medo,major,22,3,7
DJAVAN,45,Flor do medo,major,23,2,x
DJAVAN,45,Flor do medo,major,24,3,7
DJAVAN,45,Flor do medo,major,25,2,x
DJAVAN,45,Flor do medo,major,26,3,7
DJAVAN,45,Flor do medo,major,27,2,7
DJAVAN,45,Flor do medo,major,28,1,x
DJAVAN,45,Flor do medo,major,29,7,5
DJAVAN,45,Flor do medo,major,30,6,#11
DJAVAN,45,Flor do medo,major,31,7,x
DJAVAN,45,Flor do medo,major,32,1,7
DJAVAN,45,Flor do medo,major,33,2,x
DJAVAN,45,Flor do medo,major,34,3,9
DJAVAN,45,Flor do medo,major,35,5,9
DJAVAN,45,Flor do medo,major,36,4,x
DJAVAN,45,Flor do medo,major,37,3,7
DJAVAN,45,Flor do medo,major,38,2,x
DJAVAN,45,Flor do medo,major,39,1,5
DJAVAN,45,Flor do medo,major,40,7,5
DJAVAN,45,Flor do medo,major,41,1,x
DJAVAN,45,Flor do medo,major,42,2,7
DJAVAN,45,Flor do medo,major,43,3,1
DJAVAN,45,Flor do medo,major,44,7,b13
DJAVAN,45,Flor do medo,major,45,1,x
DJAVAN,45,Flor do medo,major,46,2,14
DJAVAN,45,Flor do medo,major,47,7,b13
DJAVAN,45,Flor do medo,major,48,6,x
DJAVAN,45,Flor do medo,major,49,7,b13
DJAVAN,45,Flor do medo,major,50,1,7
DJAVAN,45,Flor do medo,major,51,2,x
DJAVAN,45,Flor do medo,major,52,3,9
DJAVAN,45,Flor do medo,major,53,2,1
DJAVAN,45,Flor do medo,major,54,#5/b6,3
DJAVAN,45,Flor do medo,major,55,5,x
DJAVAN,45,Flor do medo,major,56,4,1
DJAVAN,45,Flor do medo,major,57,5,x
DJAVAN,45,Flor do medo,major,58,4,1
DJAVAN,45,Flor do medo,major,59,3,x
DJAVAN,45,Flor do medo,major,60,4,1
DJAVAN,45,Flor do medo,major,61,5,x
DJAVAN,45,Flor do medo,major,62,#5/b6,3
DJAVAN,45,Flor do medo,major,63,1,1
DJAVAN,46,Silaba,minor,1,1,1
DJAVAN,46,Silaba,minor,2,3,x
DJAVAN,46,Silaba,minor,3,2,9
DJAVAN,46,Silaba,minor,4,4,11
DJAVAN,46,Silaba,minor,5,1,1
DJAVAN,46,Silaba,minor,6,3,x
DJAVAN,46,Silaba,minor,7,2,9
DJAVAN,46,Silaba,minor,8,4,11
DJAVAN,46,Silaba,minor,9,1,1
DJAVAN,46,Silaba,minor,10,3,x
DJAVAN,46,Silaba,minor,11,2,9
DJAVAN,46,Silaba,minor,12,4,11
DJAVAN,46,Silaba,minor,13,1,1
DJAVAN,46,Silaba,minor,14,3,3
DJAVAN,46,Silaba,minor,15,2,x
DJAVAN,46,Silaba,minor,16,1,1
DJAVAN,46,Silaba,minor,17,2,9
DJAVAN,46,Silaba,minor,18,b7,7
DJAVAN,46,Silaba,minor,19,1,3
DJAVAN,46,Silaba,minor,20,b7,9
DJAVAN,46,Silaba,minor,21,5,7
DJAVAN,46,Silaba,minor,22,1,3
DJAVAN,46,Silaba,minor,23,b7,9
DJAVAN,46,Silaba,minor,24,5,7
DJAVAN,46,Silaba,minor,25,1,1
DJAVAN,46,Silaba,minor,26,b7,7
DJAVAN,46,Silaba,minor,27,5,5
DJAVAN,46,Silaba,minor,28,b7,b9/#9
DJAVAN,46,Silaba,minor,29,5,x
DJAVAN,46,Silaba,minor,30,4,7
DJAVAN,46,Silaba,minor,31,5,5
DJAVAN,46,Silaba,minor,32,6,x
DJAVAN,46,Silaba,minor,33,5,5
DJAVAN,46,Silaba,minor,34,5,b13
DJAVAN,46,Silaba,minor,35,4,5
DJAVAN,46,Silaba,minor,36,6,7
DJAVAN,46,Silaba,minor,37,6,3
DJAVAN,46,Silaba,minor,38,b7,5
DJAVAN,46,Silaba,minor,39,1,3
DJAVAN,46,Silaba,minor,40,1,3
DJAVAN,46,Silaba,minor,41,1,1
DJAVAN,46,Silaba,minor,42,b7,7
DJAVAN,46,Silaba,minor,43,5,5
DJAVAN,46,Silaba,minor,44,4,x
DJAVAN,46,Silaba,minor,45,5,1
DJAVAN,46,Silaba,minor,46,5,7
DJAVAN,46,Silaba,minor,47,4,x
DJAVAN,46,Silaba,minor,48,3,5
DJAVAN,46,Silaba,minor,49,4,6
DJAVAN,46,Silaba,minor,50,2,1
DJAVAN,46,Silaba,minor,51,1,5
DJAVAN,46,Silaba,minor,52,4,1
DJAVAN,46,Silaba,minor,53,5,9
DJAVAN,46,Silaba,minor,54,4,x
DJAVAN,46,Silaba,minor,55,5,5
DJAVAN,46,Silaba,minor,56,4,x
DJAVAN,46,Silaba,minor,57,5,5
DJAVAN,46,Silaba,minor,58,1,1
DJAVAN,46,Silaba,minor,59,5,#11
DJAVAN,46,Silaba,minor,60,6,x
DJAVAN,46,Silaba,minor,61,b7,13
DJAVAN,46,Silaba,minor,62,1,1
DJAVAN,46,Silaba,minor,63,4,1
DJAVAN,46,Silaba,minor,64,5,x
DJAVAN,46,Silaba,minor,65,6,x
DJAVAN,46,Silaba,minor,66,b7,3
DJAVAN,46,Silaba,minor,67,1,11
DJAVAN,46,Silaba,minor,68,3,x
DJAVAN,46,Silaba,minor,69,4,6
DJAVAN,47,Que foi my love,major,1,3,3
DJAVAN,47,Que foi my love,major,2,1,1
DJAVAN,47,Que foi my love,major,3,1,5
DJAVAN,47,Que foi my love,major,4,#6/b7,x
DJAVAN,47,Que foi my love,major,5,1,5
DJAVAN,47,Que foi my love,major,6,#6/b7,x
DJAVAN,47,Que foi my love,major,7,1,5
DJAVAN,47,Que foi my love,major,8,#6/b7,7
DJAVAN,47,Que foi my love,major,9,1,1
DJAVAN,47,Que foi my love,major,10,5,5
DJAVAN,47,Que foi my love,major,11,1,1
DJAVAN,47,Que foi my love,major,12,4,9
DJAVAN,47,Que foi my love,major,13,#2/b3,1
DJAVAN,47,Que foi my love,major,14,1,13
DJAVAN,47,Que foi my love,major,15,#2/b3,5
DJAVAN,47,Que foi my love,major,16,1,3
DJAVAN,47,Que foi my love,major,17,#2/b3,5
DJAVAN,47,Que foi my love,major,18,4,x
DJAVAN,47,Que foi my love,major,19,#2/b3,5
DJAVAN,47,Que foi my love,major,20,1,3
DJAVAN,47,Que foi my love,major,21,1,13
DJAVAN,47,Que foi my love,major,22,#2/b3,1
DJAVAN,47,Que foi my love,major,23,1,x
DJAVAN,47,Que foi my love,major,24,#6/b7,b9/#9
DJAVAN,47,Que foi my love,major,25,6,x
DJAVAN,47,Que foi my love,major,26,5,1
DJAVAN,47,Que foi my love,major,27,4,x
DJAVAN,47,Que foi my love,major,28,#2/b3,b13
DJAVAN,47,Que foi my love,major,29,3,3
DJAVAN,47,Que foi my love,major,30,1,1
DJAVAN,47,Que foi my love,major,31,#6/b7,7
DJAVAN,47,Que foi my love,major,32,1,11
DJAVAN,47,Que foi my love,major,33,1,1
DJAVAN,47,Que foi my love,major,34,5,5
DJAVAN,47,Que foi my love,major,35,6,13
DJAVAN,47,Que foi my love,major,36,1,x
DJAVAN,47,Que foi my love,major,37,2,9
DJAVAN,47,Que foi my love,major,38,1,11
DJAVAN,47,Que foi my love,major,39,2,x
DJAVAN,47,Que foi my love,major,40,3,6
DJAVAN,47,Que foi my love,major,41,1,1
DJAVAN,47,Que foi my love,major,42,#6/b7,x
DJAVAN,47,Que foi my love,major,43,1,1
DJAVAN,47,Que foi my love,major,44,2,9
DJAVAN,47,Que foi my love,major,45,6,13
DJAVAN,47,Que foi my love,major,46,1,1
DJAVAN,47,Que foi my love,major,47,3,5
DJAVAN,47,Que foi my love,major,48,4,6
DJAVAN,47,Que foi my love,major,49,1,11
DJAVAN,47,Que foi my love,major,50,1,1
DJAVAN,47,Que foi my love,major,51,5,5
DJAVAN,47,Que foi my love,major,52,6,13
DJAVAN,47,Que foi my love,major,53,1,x
DJAVAN,47,Que foi my love,major,54,2,9
DJAVAN,47,Que foi my love,major,55,1,11
DJAVAN,47,Que foi my love,major,56,5,1
DJAVAN,47,Que foi my love,major,57,3,6
DJAVAN,47,Que foi my love,major,58,1,1
DJAVAN,47,Que foi my love,major,59,#6/b7,x
DJAVAN,47,Que foi my love,major,60,1,1
DJAVAN,47,Que foi my love,major,61,2,9
DJAVAN,47,Que foi my love,major,62,3,5
DJAVAN,47,Que foi my love,major,63,4,x
DJAVAN,47,Que foi my love,major,64,3,5
DJAVAN,47,Que foi my love,major,65,3,1
DJAVAN,47,Que foi my love,major,66,2,5
DJAVAN,47,Que foi my love,major,67,4,7
DJAVAN,47,Que foi my love,major,68,2,13
DJAVAN,48,Doidice,minor,1,3,3
DJAVAN,48,Doidice,minor,2,5,5
DJAVAN,48,Doidice,minor,3,4,11
DJAVAN,48,Doidice,minor,4,1,5
DJAVAN,48,Doidice,minor,5,2,x
DJAVAN,48,Doidice,minor,6,3,7
DJAVAN,48,Doidice,minor,7,5,9
DJAVAN,48,Doidice,minor,8,b7,3
DJAVAN,48,Doidice,minor,9,2,13
DJAVAN,48,Doidice,minor,10,b7,3
DJAVAN,48,Doidice,minor,11,5,9
DJAVAN,48,Doidice,minor,12,4,11
DJAVAN,48,Doidice,minor,13,2,x
DJAVAN,48,Doidice,minor,14,3,3
DJAVAN,48,Doidice,minor,15,1,1
DJAVAN,48,Doidice,minor,16,b7,7
DJAVAN,48,Doidice,minor,17,2,1
DJAVAN,48,Doidice,minor,18,1,7
DJAVAN,48,Doidice,minor,19,b7,b9/#9
DJAVAN,48,Doidice,minor,20,5,1
DJAVAN,48,Doidice,minor,21,3,b13
DJAVAN,48,Doidice,minor,22,4,11
DJAVAN,48,Doidice,minor,23,2,x
DJAVAN,48,Doidice,minor,24,3,3
DJAVAN,48,Doidice,minor,25,3,b9/#9
DJAVAN,48,Doidice,minor,26,7,3
DJAVAN,48,Doidice,minor,27,5,1
DJAVAN,48,Doidice,minor,28,1,x
DJAVAN,48,Doidice,minor,29,7,3
DJAVAN,48,Doidice,minor,30,5,1
DJAVAN,48,Doidice,minor,31,1,x
DJAVAN,48,Doidice,minor,32,7,3
DJAVAN,48,Doidice,minor,33,5,1
DJAVAN,48,Doidice,minor,34,1,x
DJAVAN,48,Doidice,minor,35,7,3
DJAVAN,48,Doidice,minor,36,5,1
DJAVAN,48,Doidice,minor,37,1,x
DJAVAN,48,Doidice,minor,38,b7,7
DJAVAN,48,Doidice,minor,39,5,5
DJAVAN,48,Doidice,minor,40,1,x
DJAVAN,48,Doidice,minor,41,b7,7
DJAVAN,48,Doidice,minor,42,5,5
DJAVAN,48,Doidice,minor,43,5,5
DJAVAN,48,Doidice,minor,44,4,1
DJAVAN,48,Doidice,minor,45,4,7
DJAVAN,49,Serene,major,1,3,3
DJAVAN,49,Serene,major,2,5,5
DJAVAN,49,Serene,major,3,3,3
DJAVAN,49,Serene,major,4,2,x
DJAVAN,49,Serene,major,5,3,3
DJAVAN,49,Serene,major,6,3,5
DJAVAN,49,Serene,major,7,7,9
DJAVAN,49,Serene,major,8,1,x
DJAVAN,49,Serene,major,9,7,9
DJAVAN,49,Serene,major,10,6,1
DJAVAN,49,Serene,major,11,3,5
DJAVAN,49,Serene,major,12,4,x
DJAVAN,49,Serene,major,13,3,5
DJAVAN,49,Serene,major,14,2,x
DJAVAN,49,Serene,major,15,1,7
DJAVAN,49,Serene,major,16,6,5
DJAVAN,49,Serene,major,17,2,1
DJAVAN,49,Serene,major,18,1,7
DJAVAN,49,Serene,major,19,2,x
DJAVAN,49,Serene,major,20,3,13
DJAVAN,49,Serene,major,21,5,1
DJAVAN,49,Serene,major,22,2,x
DJAVAN,49,Serene,major,23,3,13
DJAVAN,49,Serene,major,24,5,x
DJAVAN,49,Serene,major,25,6,9
DJAVAN,49,Serene,major,26,3,3
DJAVAN,49,Serene,major,27,5,5
DJAVAN,49,Serene,major,28,3,3
DJAVAN,49,Serene,major,29,2,x
DJAVAN,49,Serene,major,30,3,3
DJAVAN,49,Serene,major,31,3,5
DJAVAN,49,Serene,major,32,7,x
DJAVAN,49,Serene,major,33,1,3
DJAVAN,49,Serene,major,34,3,5
DJAVAN,49,Serene,major,35,4,x
DJAVAN,49,Serene,major,36,3,5
DJAVAN,49,Serene,major,37,2,x
DJAVAN,49,Serene,major,38,1,3
DJAVAN,49,Serene,major,39,6,1
DJAVAN,49,Serene,major,40,2,x
DJAVAN,49,Serene,major,41,1,7
DJAVAN,49,Serene,major,42,2,5
DJAVAN,49,Serene,major,43,3,x
DJAVAN,49,Serene,major,44,4,7
DJAVAN,49,Serene,major,45,5,1
DJAVAN,49,Serene,major,46,6,x
DJAVAN,49,Serene,major,47,5,1
DJAVAN,49,Serene,major,48,2,5
DJAVAN,49,Serene,major,49,2,x
DJAVAN,49,Serene,major,50,1,3
DJAVAN,49,Serene,major,51,3,5
DJAVAN,49,Serene,major,52,7,9
DJAVAN,49,Serene,major,53,6,x
DJAVAN,49,Serene,major,54,5,3
DJAVAN,49,Serene,major,55,6,11
DJAVAN,49,Serene,major,56,3,9
DJAVAN,49,Serene,major,57,2,11
DJAVAN,49,Serene,major,58,1,3
DJAVAN,49,Serene,major,59,3,5
DJAVAN,49,Serene,major,60,7,x
DJAVAN,49,Serene,major,61,6,1
DJAVAN,49,Serene,major,62,3,5
DJAVAN,49,Serene,major,63,1,3
DJAVAN,49,Serene,major,64,6,11
DJAVAN,49,Serene,major,65,3,9
DJAVAN,49,Serene,major,66,2,5
DJAVAN,50,Atitude,major,1,3,5
DJAVAN,50,Atitude,major,2,5,7
DJAVAN,50,Atitude,major,3,7,9
DJAVAN,50,Atitude,major,4,1,x
DJAVAN,50,Atitude,major,5,7,9
DJAVAN,50,Atitude,major,6,1,3
DJAVAN,50,Atitude,major,7,1,7
DJAVAN,50,Atitude,major,8,6,5
DJAVAN,50,Atitude,major,9,4,3
DJAVAN,50,Atitude,major,10,3,#11
DJAVAN,50,Atitude,major,11,2,x
DJAVAN,50,Atitude,major,12,3,#11
DJAVAN,50,Atitude,major,13,5,3
DJAVAN,50,Atitude,major,14,6,11
DJAVAN,50,Atitude,major,15,7,5
DJAVAN,50,Atitude,major,16,6,x
DJAVAN,50,Atitude,major,17,5,3
DJAVAN,50,Atitude,major,18,3,1
DJAVAN,50,Atitude,major,19,2,14
DJAVAN,50,Atitude,major,20,6,#11
DJAVAN,50,Atitude,major,21,1,6
DJAVAN,50,Atitude,major,22,2,x
DJAVAN,50,Atitude,major,23,1,7
DJAVAN,50,Atitude,major,24,6,5
DJAVAN,50,Atitude,major,25,5,x
DJAVAN,50,Atitude,major,26,4,3
DJAVAN,50,Atitude,major,27,3,9
DJAVAN,50,Atitude,major,28,5,11
DJAVAN,50,Atitude,major,29,3,9
DJAVAN,50,Atitude,major,30,4,7
DJAVAN,50,Atitude,major,31,2,5
DJAVAN,50,Atitude,major,32,3,13
DJAVAN,50,Atitude,major,33,5,1
DJAVAN,50,Atitude,major,34,2,5
DJAVAN,50,Atitude,major,35,1,x
DJAVAN,50,Atitude,major,36,7,3
DJAVAN,50,Atitude,major,37,3,3
DJAVAN,50,Atitude,major,38,3,#11
DJAVAN,50,Atitude,major,39,3,5
DJAVAN,50,Atitude,major,40,5,7
DJAVAN,50,Atitude,major,41,7,9
DJAVAN,50,Atitude,major,42,1,x
DJAVAN,50,Atitude,major,43,7,9
DJAVAN,50,Atitude,major,44,1,3
DJAVAN,50,Atitude,major,45,1,7
DJAVAN,50,Atitude,major,46,6,5
DJAVAN,50,Atitude,major,47,4,3
DJAVAN,50,Atitude,major,48,3,#11
DJAVAN,50,Atitude,major,49,2,x
DJAVAN,50,Atitude,major,50,3,1
DJAVAN,50,Atitude,major,51,5,3
DJAVAN,50,Atitude,major,52,2,7
DJAVAN,50,Atitude,major,53,1,x
DJAVAN,50,Atitude,major,54,7,5
DJAVAN,50,Atitude,major,55,2,14
DJAVAN,50,Atitude,major,56,7,6
DJAVAN,50,Atitude,major,57,2,x
DJAVAN,50,Atitude,major,58,3,9
DJAVAN,50,Atitude,major,59,5,11
DJAVAN,50,Atitude,major,60,2,x
DJAVAN,50,Atitude,major,61,3,9
DJAVAN,50,Atitude,major,62,2,x
DJAVAN,50,Atitude,major,63,3,13
DJAVAN,50,Atitude,major,64,5,1
DJAVAN,50,Atitude,major,65,2,x
DJAVAN,50,Atitude,major,66,3,13
DJAVAN,50,Atitude,major,67,5,1
DJAVAN,50,Atitude,major,68,2,x
DJAVAN,50,Atitude,major,69,3,13
DJAVAN,50,Atitude,major,70,1,1
EDU,1,Abandono,minor,1,5,1
EDU,1,Abandono,minor,2,1,b9/#9
EDU,1,Abandono,minor,3,3,#11
EDU,1,Abandono,minor,4,5,7
EDU,1,Abandono,minor,5,1,b9/#9
EDU,1,Abandono,minor,6,b7,9
EDU,1,Abandono,minor,7,5,7
EDU,1,Abandono,minor,8,3,5
EDU,1,Abandono,minor,9,1,3
EDU,1,Abandono,minor,10,b7,b9/#9
EDU,1,Abandono,minor,11,5,1
EDU,1,Abandono,minor,12,3,b13
EDU,1,Abandono,minor,13,7,3
EDU,1,Abandono,minor,14,5,5
EDU,1,Abandono,minor,15,1,b9/#9
EDU,1,Abandono,minor,16,3,#11
EDU,1,Abandono,minor,17,5,7
EDU,1,Abandono,minor,18,#4/b5,x
EDU,1,Abandono,minor,19,4,x
EDU,1,Abandono,minor,20,3,5
EDU,1,Abandono,minor,21,4,x
EDU,1,Abandono,minor,22,3,5
EDU,1,Abandono,minor,23,b7,b9/#9
EDU,1,Abandono,minor,24,#6,x
EDU,1,Abandono,minor,25,6,b9/#9
EDU,1,Abandono,minor,26,3,b13
EDU,1,Abandono,minor,27,5,5
EDU,1,Abandono,minor,28,5,3
EDU,1,Abandono,minor,29,#4/b5,x
EDU,1,Abandono,minor,30,4,9
EDU,1,Abandono,minor,31,#3,x
EDU,1,Abandono,minor,32,3,5
EDU,1,Abandono,minor,33,2,x
EDU,1,Abandono,minor,34,#1/b2,x
EDU,1,Abandono,minor,35,1,3
EDU,1,Abandono,minor,36,7,3
EDU,1,Abandono,minor,37,6,b9/#9
EDU,1,Abandono,minor,38,5,1
EDU,1,Abandono,minor,39,4,7
EDU,1,Abandono,minor,40,1,1
EDU,1,Abandono,minor,41,5,5
EDU,1,Abandono,minor,42,1,1
EDU,1,Abandono,minor,43,#1/b2,b9/#9
EDU,1,Abandono,minor,44,#3,3
EDU,1,Abandono,minor,45,4,x
EDU,1,Abandono,minor,46,5,5
EDU,1,Abandono,minor,47,#1/b2,b9/#9
EDU,1,Abandono,minor,48,1,x
EDU,1,Abandono,minor,49,b7,7
EDU,1,Abandono,minor,50,1,7
EDU,3,A historia de Lilly Braun,major,1,5,5
EDU,3,A historia de Lilly Braun,major,2,#4/b5,x
EDU,3,A historia de Lilly Braun,major,3,5,5
EDU,3,A historia de Lilly Braun,major,4,#2/b3,b9/#9
EDU,3,A historia de Lilly Braun,major,5,1,5
EDU,3,A historia de Lilly Braun,major,6,#4/b5,3
EDU,3,A historia de Lilly Braun,major,7,6,5
EDU,3,A historia de Lilly Braun,major,8,1,7
EDU,3,A historia de Lilly Braun,major,9,4,b9/#9
EDU,3,A historia de Lilly Braun,major,10,#2/b3,b13
EDU,3,A historia de Lilly Braun,major,11,1,3
EDU,3,A historia de Lilly Braun,major,12,#2/b3,b13
EDU,3,A historia de Lilly Braun,major,13,4,x
EDU,3,A historia de Lilly Braun,major,14,5,5
EDU,3,A historia de Lilly Braun,major,15,#4/b5,x
EDU,3,A historia de Lilly Braun,major,16,5,5
EDU,3,A historia de Lilly Braun,major,17,#2/b3,b9/#9
EDU,3,A historia de Lilly Braun,major,18,1,5
EDU,3,A historia de Lilly Braun,major,19,2,5
EDU,3,A historia de Lilly Braun,major,20,#1/b2,x
EDU,3,A historia de Lilly Braun,major,21,2,5
EDU,3,A historia de Lilly Braun,major,22,5,1
EDU,3,A historia de Lilly Braun,major,23,5,5
EDU,3,A historia de Lilly Braun,major,24,#4/b5,x
EDU,3,A historia de Lilly Braun,major,25,5,5
EDU,3,A historia de Lilly Braun,major,26,#2/b3,b9/#9
EDU,3,A historia de Lilly Braun,major,27,1,5
EDU,3,A historia de Lilly Braun,major,28,#4/b5,3
EDU,3,A historia de Lilly Braun,major,29,6,5
EDU,3,A historia de Lilly Braun,major,30,1,7
EDU,3,A historia de Lilly Braun,major,31,4,b9/#9
EDU,3,A historia de Lilly Braun,major,32,#2/b3,b13
EDU,3,A historia de Lilly Braun,major,33,1,3
EDU,3,A historia de Lilly Braun,major,34,#2/b3,b13
EDU,3,A historia de Lilly Braun,major,35,4,x
EDU,3,A historia de Lilly Braun,major,36,#2/b3,b9/#9
EDU,3,A historia de Lilly Braun,major,37,1,5
EDU,3,A historia de Lilly Braun,major,38,1,7
EDU,3,A historia de Lilly Braun,major,39,1,#11
EDU,3,A historia de Lilly Braun,major,40,1,1
EDU,3,A historia de Lilly Braun,major,41,5,5
EDU,3,A historia de Lilly Braun,major,42,6,x
EDU,3,A historia de Lilly Braun,major,43,#6/b7,7
EDU,3,A historia de Lilly Braun,major,44,6,x
EDU,3,A historia de Lilly Braun,major,45,5,5
EDU,3,A historia de Lilly Braun,major,46,1,1
EDU,3,A historia de Lilly Braun,major,47,#2/b3,b9/#9
EDU,3,A historia de Lilly Braun,major,48,2,x
EDU,3,A historia de Lilly Braun,major,49,1,1
EDU,3,A historia de Lilly Braun,major,50,#6/b7,x
EDU,3,A historia de Lilly Braun,major,51,6,3
EDU,3,A historia de Lilly Braun,major,52,1,5
EDU,3,A historia de Lilly Braun,major,53,4,1
EDU,3,A historia de Lilly Braun,major,54,5,9
EDU,3,A historia de Lilly Braun,major,55,6,3
EDU,3,A historia de Lilly Braun,major,56,3,x
EDU,3,A historia de Lilly Braun,major,57,4,1
EDU,3,A historia de Lilly Braun,major,58,#4/b5,x
EDU,3,A historia de Lilly Braun,major,59,5,7
EDU,3,A historia de Lilly Braun,major,60,3,5
EDU,3,A historia de Lilly Braun,major,61,5,7
EDU,3,A historia de Lilly Braun,major,62,3,5
EDU,3,A historia de Lilly Braun,major,63,5,7
EDU,3,A historia de Lilly Braun,major,64,3,5
EDU,3,A historia de Lilly Braun,major,65,6,1
EDU,3,A historia de Lilly Braun,major,66,2,1
EDU,3,A historia de Lilly Braun,major,67,2,#11
EDU,4,Aguaverde,minor,1,5,5
EDU,4,Aguaverde,minor,2,b7,7
EDU,4,Aguaverde,minor,3,2,9
EDU,4,Aguaverde,minor,4,5,5
EDU,4,Aguaverde,minor,5,b7,7
EDU,4,Aguaverde,minor,6,2,9
EDU,4,Aguaverde,minor,7,3,3
EDU,4,Aguaverde,minor,8,1,1
EDU,4,Aguaverde,minor,9,5,5
EDU,4,Aguaverde,minor,10,b7,7
EDU,4,Aguaverde,minor,11,2,9
EDU,4,Aguaverde,minor,12,1,x
EDU,4,Aguaverde,minor,13,2,9
EDU,4,Aguaverde,minor,14,1,x
EDU,4,Aguaverde,minor,15,2,9
EDU,4,Aguaverde,minor,16,5,5
EDU,4,Aguaverde,minor,17,b7,7
EDU,4,Aguaverde,minor,18,2,9
EDU,4,Aguaverde,minor,19,3,3
EDU,4,Aguaverde,minor,20,1,1
EDU,5,Arrastao,major,1,6,5
EDU,5,Arrastao,major,2,2,1
EDU,5,Arrastao,major,3,4,3
EDU,5,Arrastao,major,4,6,5
EDU,5,Arrastao,major,5,1,7
EDU,5,Arrastao,major,6,6,5
EDU,5,Arrastao,major,7,7,5
EDU,5,Arrastao,major,8,6,5
EDU,5,Arrastao,major,9,5,x
EDU,5,Arrastao,major,10,6,5
EDU,5,Arrastao,major,11,2,1
EDU,5,Arrastao,major,12,4,3
EDU,5,Arrastao,major,13,6,5
EDU,5,Arrastao,major,14,1,7
EDU,5,Arrastao,major,15,6,5
EDU,5,Arrastao,major,16,7,5
EDU,5,Arrastao,major,17,3,1
EDU,5,Arrastao,major,18,5,3
EDU,5,Arrastao,major,19,7,5
EDU,5,Arrastao,major,20,2,7
EDU,5,Arrastao,major,21,7,5
EDU,5,Arrastao,major,22,#1/b2,6
EDU,5,Arrastao,major,23,1,7
EDU,5,Arrastao,major,24,4,3
EDU,5,Arrastao,major,25,6,5
EDU,5,Arrastao,major,26,1,7
EDU,5,Arrastao,major,27,3,9
EDU,5,Arrastao,major,28,1,7
EDU,5,Arrastao,major,29,2,5
EDU,5,Arrastao,major,30,1,1
EDU,5,Arrastao,major,31,5,5
EDU,5,Arrastao,major,32,4,x
EDU,5,Arrastao,major,33,3,3
EDU,5,Arrastao,major,34,2,x
EDU,5,Arrastao,major,35,1,1
EDU,5,Arrastao,major,36,#6/b7,7
EDU,5,Arrastao,major,37,6,x
EDU,5,Arrastao,major,38,5,5
EDU,5,Arrastao,major,39,4,3
EDU,5,Arrastao,major,40,6,13
EDU,5,Arrastao,major,41,5,9
EDU,5,Arrastao,major,42,5,13
EDU,5,Arrastao,major,43,5,5
EDU,5,Arrastao,major,44,4,x
EDU,5,Arrastao,major,45,3,3
EDU,5,Arrastao,major,46,2,x
EDU,5,Arrastao,major,47,1,1
EDU,5,Arrastao,major,48,#6/b7,7
EDU,5,Arrastao,major,49,6,x
EDU,5,Arrastao,major,50,5,5
EDU,5,Arrastao,major,51,4,3
EDU,5,Arrastao,major,52,6,13
EDU,5,Arrastao,major,53,5,9
EDU,5,Arrastao,major,54,5,1
EDU,5,Arrastao,major,55,7,3
EDU,5,Arrastao,major,56,5,1
EDU,5,Arrastao,major,57,1,1
EDU,5,Arrastao,major,58,7,x
EDU,5,Arrastao,major,59,6,6
EDU,5,Arrastao,major,60,6,1
EDU,5,Arrastao,major,61,#1/b2,3
EDU,5,Arrastao,major,62,6,1
EDU,5,Arrastao,major,63,2,1
EDU,5,Arrastao,major,64,2,3
EDU,5,Arrastao,major,65,1,x
EDU,5,Arrastao,major,66,7,#11
EDU,5,Arrastao,major,67,2,6
EDU,5,Arrastao,major,68,1,1
EDU,5,Arrastao,major,69,7,x
EDU,5,Arrastao,major,70,6,#11
EDU,5,Arrastao,major,71,1,6
EDU,5,Arrastao,major,72,1,1
EDU,5,Arrastao,major,73,7,3
EDU,6,Arpoador,major,1,3,3
EDU,6,Arpoador,major,2,#2/b3,x
EDU,6,Arpoador,major,3,7,7
EDU,6,Arpoador,major,4,2,9
EDU,6,Arpoador,major,5,7,7
EDU,6,Arpoador,major,6,3,9
EDU,6,Arpoador,major,7,4,x
EDU,6,Arpoador,major,8,3,9
EDU,6,Arpoador,major,9,5,#11
EDU,6,Arpoador,major,10,#4/b5,x
EDU,6,Arpoador,major,11,4,x
EDU,6,Arpoador,major,12,#2/b3,b9/#9
EDU,6,Arpoador,major,13,3,3
EDU,6,Arpoador,major,14,#2/b3,x
EDU,6,Arpoador,major,15,7,7
EDU,6,Arpoador,major,16,2,9
EDU,6,Arpoador,major,17,7,7
EDU,6,Arpoador,major,18,5,#11
EDU,6,Arpoador,major,19,#5/b6,x
EDU,6,Arpoador,major,20,5,#11
EDU,6,Arpoador,major,21,#6/b7,b13
EDU,6,Arpoador,major,22,#5/b6,5
EDU,6,Arpoador,major,23,5,x
EDU,6,Arpoador,major,24,4,3
EDU,6,Arpoador,major,25,3,x
EDU,6,Arpoador,major,26,4,3
EDU,6,Arpoador,major,27,#4/b5,#11
EDU,6,Arpoador,major,28,5,5
EDU,6,Arpoador,major,29,5,9
EDU,6,Arpoador,major,30,4,x
EDU,6,Arpoador,major,31,5,9
EDU,6,Arpoador,major,32,6,3
EDU,6,Arpoador,major,33,4,3
EDU,6,Arpoador,major,34,4,7
EDU,6,Arpoador,major,35,3,13
EDU,6,Arpoador,major,36,5,5
EDU,6,Arpoador,major,37,5,7
EDU,6,Arpoador,major,38,5,6
EDU,6,Arpoador,major,39,#6/b7,b9/#9
EDU,6,Arpoador,major,40,6,x
EDU,6,Arpoador,major,41,5,7
EDU,6,Arpoador,major,42,4,x
EDU,6,Arpoador,major,43,3,9
EDU,6,Arpoador,major,44,3,13
EDU,7,As mesmas historias,major,1,1,3
EDU,7,As mesmas historias,major,2,#2/b3,5
EDU,7,As mesmas historias,major,3,7,7
EDU,7,As mesmas historias,major,4,1,3
EDU,7,As mesmas historias,major,5,7,x
EDU,7,As mesmas historias,major,6,1,3
EDU,7,As mesmas historias,major,7,2,9
EDU,7,As mesmas historias,major,8,1,1
EDU,7,As mesmas historias,major,9,#2/b3,3
EDU,7,As mesmas historias,major,10,2,9
EDU,7,As mesmas historias,major,11,7,7
EDU,7,As mesmas historias,major,12,#6/b7,7
EDU,7,As mesmas historias,major,13,6,x
EDU,7,As mesmas historias,major,14,7,1
EDU,7,As mesmas historias,major,15,6,7
EDU,7,As mesmas historias,major,16,2,b9/#9
EDU,7,As mesmas historias,major,17,1,b9/#9
EDU,7,As mesmas historias,major,18,7,1
EDU,7,As mesmas historias,major,19,7,7
EDU,7,As mesmas historias,major,20,5,5
EDU,7,As mesmas historias,major,21,6,x
EDU,7,As mesmas historias,major,22,5,11
EDU,7,As mesmas historias,major,23,4,x
EDU,7,As mesmas historias,major,24,3,9
EDU,7,As mesmas historias,major,25,4,x
EDU,7,As mesmas historias,major,26,5,11
EDU,7,As mesmas historias,major,27,#6/b7,13
EDU,7,As mesmas historias,major,28,#5/b6,x
EDU,7,As mesmas historias,major,29,5,#11
EDU,7,As mesmas historias,major,30,#5/b6,x
EDU,7,As mesmas historias,major,31,7,7
EDU,7,As mesmas historias,major,32,2,9
EDU,7,As mesmas historias,major,33,1,5
EDU,7,As mesmas historias,major,34,7,6
EDU,7,As mesmas historias,major,35,6,5
EDU,7,As mesmas historias,major,36,6,11
EDU,7,As mesmas historias,major,37,5,7
EDU,7,As mesmas historias,major,38,#6/b7,b9/#9
EDU,7,As mesmas historias,major,39,6,1
EDU,7,As mesmas historias,major,40,2,1
EDU,7,As mesmas historias,major,41,2,5
EDU,7,As mesmas historias,major,42,3,13
EDU,7,As mesmas historias,major,43,4,x
EDU,7,As mesmas historias,major,44,5,1
EDU,7,As mesmas historias,major,45,3,1
EDU,7,As mesmas historias,major,46,3,5
EDU,7,As mesmas historias,major,47,5,7
EDU,7,As mesmas historias,major,48,4,x
EDU,7,As mesmas historias,major,49,3,5
EDU,7,As mesmas historias,major,50,3,9
EDU,7,As mesmas historias,major,51,1,7
EDU,7,As mesmas historias,major,52,2,x
EDU,7,As mesmas historias,major,53,3,13
EDU,7,As mesmas historias,major,54,1,3
EDU,7,As mesmas historias,major,55,2,x
EDU,7,As mesmas historias,major,56,1,1
EDU,8,Ave rara,minor,1,5,9
EDU,8,Ave rara,minor,2,b7,11
EDU,8,Ave rara,minor,3,3,7
EDU,8,Ave rara,minor,4,5,5
EDU,8,Ave rara,minor,5,5,9
EDU,8,Ave rara,minor,6,4,1
EDU,8,Ave rara,minor,7,b7,11
EDU,8,Ave rara,minor,8,3,3
EDU,8,Ave rara,minor,9,3,7
EDU,8,Ave rara,minor,10,2,3
EDU,8,Ave rara,minor,11,5,13
EDU,8,Ave rara,minor,12,1,3
EDU,8,Ave rara,minor,13,3,5
EDU,8,Ave rara,minor,14,1,3
EDU,8,Ave rara,minor,15,3,5
EDU,8,Ave rara,minor,16,#4/b5,7
EDU,8,Ave rara,minor,17,3,5
EDU,8,Ave rara,minor,18,#4/b5,x
EDU,8,Ave rara,minor,19,5,1
EDU,8,Ave rara,minor,20,#1/b2,#11
EDU,8,Ave rara,minor,21,6,b9/#9
EDU,8,Ave rara,minor,22,5,1
EDU,9,Beatriz,major,1,4,5
EDU,9,Beatriz,major,2,3,3
EDU,9,Beatriz,major,3,#4/b5,x
EDU,9,Beatriz,major,4,5,5
EDU,9,Beatriz,major,5,6,6
EDU,9,Beatriz,major,6,1,1
EDU,9,Beatriz,major,7,5,11
EDU,9,Beatriz,major,8,3,9
EDU,9,Beatriz,major,9,6,5
EDU,9,Beatriz,major,10,7,x
EDU,9,Beatriz,major,11,1,7
EDU,9,Beatriz,major,12,3,9
EDU,9,Beatriz,major,13,6,x
EDU,9,Beatriz,major,14,5,5
EDU,9,Beatriz,major,15,7,7
EDU,9,Beatriz,major,16,1,1
EDU,9,Beatriz,major,17,3,3
EDU,9,Beatriz,major,18,5,5
EDU,9,Beatriz,major,19,7,x
EDU,9,Beatriz,major,20,6,3
EDU,9,Beatriz,major,21,1,5
EDU,9,Beatriz,major,22,2,6
EDU,9,Beatriz,major,23,3,x
EDU,9,Beatriz,major,24,4,1
EDU,9,Beatriz,major,25,7,11
EDU,9,Beatriz,major,26,6,3
EDU,9,Beatriz,major,27,1,5
EDU,9,Beatriz,major,28,#2/b3,7
EDU,9,Beatriz,major,29,#5/b6,x
EDU,9,Beatriz,major,30,6,3
EDU,9,Beatriz,major,31,1,1
EDU,9,Beatriz,major,32,2,9
EDU,9,Beatriz,major,33,3,x
EDU,9,Beatriz,major,34,2,7
EDU,9,Beatriz,major,35,1,b13
EDU,9,Beatriz,major,36,7,x
EDU,9,Beatriz,major,37,1,b13
EDU,9,Beatriz,major,38,2,x
EDU,9,Beatriz,major,39,3,1
EDU,9,Beatriz,major,40,3,5
EDU,9,Beatriz,major,41,1,3
EDU,9,Beatriz,major,42,2,11
EDU,9,Beatriz,major,43,3,x
EDU,9,Beatriz,major,44,2,9
EDU,9,Beatriz,major,45,1,1
EDU,9,Beatriz,major,46,7,x
EDU,9,Beatriz,major,47,1,1
EDU,9,Beatriz,major,48,2,x
EDU,9,Beatriz,major,49,3,3
EDU,9,Beatriz,major,50,3,6
EDU,9,Beatriz,major,51,2,5
EDU,9,Beatriz,major,52,1,x
EDU,9,Beatriz,major,53,7,3
EDU,9,Beatriz,major,54,6,9
EDU,9,Beatriz,major,55,5,x
EDU,9,Beatriz,major,56,#4/b5,7
EDU,9,Beatriz,major,57,3,x
EDU,9,Beatriz,major,58,2,5
EDU,9,Beatriz,major,59,7,3
EDU,9,Beatriz,major,60,6,9
EDU,9,Beatriz,major,61,5,x
EDU,9,Beatriz,major,62,4,7
EDU,9,Beatriz,major,63,#1/b2,x
EDU,9,Beatriz,major,64,3,x
EDU,9,Beatriz,major,65,2,11
EDU,9,Beatriz,major,66,#1/b2,x
EDU,9,Beatriz,major,67,2,11
EDU,9,Beatriz,major,68,3,x
EDU,9,Beatriz,major,69,4,1
EDU,9,Beatriz,major,70,#5/b6,b9/#9
EDU,9,Beatriz,major,71,5,1
EDU,9,Beatriz,major,72,6,6
EDU,9,Beatriz,major,73,5,x
EDU,9,Beatriz,major,74,4,x
EDU,9,Beatriz,major,75,3,3
EDU,9,Beatriz,major,76,2,x
EDU,9,Beatriz,major,77,1,1
EDU,9,Beatriz,major,78,3,3
EDU,9,Beatriz,major,79,5,5
EDU,9,Beatriz,major,80,6,6
EDU,9,Beatriz,major,81,3,7
EDU,9,Beatriz,major,82,2,x
EDU,9,Beatriz,major,83,1,5
EDU,9,Beatriz,major,84,3,7
EDU,9,Beatriz,major,85,6,x
EDU,9,Beatriz,major,86,5,9
EDU,9,Beatriz,major,87,1,5
EDU,9,Beatriz,major,88,4,x
EDU,9,Beatriz,major,89,3,7
EDU,9,Beatriz,major,90,6,3
EDU,9,Beatriz,major,91,5,5
EDU,9,Beatriz,major,92,4,7
EDU,9,Beatriz,major,93,3,x
EDU,9,Beatriz,major,94,2,11
EDU,9,Beatriz,major,95,1,3
EDU,9,Beatriz,major,96,3,5
EDU,9,Beatriz,major,97,5,7
EDU,9,Beatriz,major,98,#5/b6,9
EDU,9,Beatriz,major,99,3,7
EDU,9,Beatriz,major,100,3,7
EDU,9,Beatriz,major,101,4,5
EDU,9,Beatriz,major,102,2,7
EDU,9,Beatriz,major,103,#1/b2,x
EDU,9,Beatriz,major,104,1,6
EDU,9,Beatriz,major,105,7,x
EDU,9,Beatriz,major,106,#6/b7,13
EDU,9,Beatriz,major,107,6,x
EDU,9,Beatriz,major,108,#5/b6,5
EDU,9,Beatriz,major,109,5,#11
EDU,9,Beatriz,major,110,#2/b3,9
EDU,9,Beatriz,major,111,4,x
EDU,9,Beatriz,major,112,5,11
EDU,9,Beatriz,major,113,7,7
EDU,9,Beatriz,major,114,#6/b7,x
EDU,9,Beatriz,major,115,6,6
EDU,9,Beatriz,major,116,#5/b6,x
EDU,9,Beatriz,major,117,5,13
EDU,9,Beatriz,major,118,#4/b5,x
EDU,9,Beatriz,major,119,4,5
EDU,9,Beatriz,major,120,3,#11
EDU,9,Beatriz,major,121,1,9
EDU,9,Beatriz,major,122,2,x
EDU,9,Beatriz,major,123,3,3
EDU,10,Boranda,minor,1,1,1
EDU,10,Boranda,minor,2,3,3
EDU,10,Boranda,minor,3,4,1
EDU,10,Boranda,minor,4,5,x
EDU,10,Boranda,minor,5,4,1
EDU,10,Boranda,minor,6,3,7
EDU,10,Boranda,minor,7,1,5
EDU,10,Boranda,minor,8,b7,x
EDU,10,Boranda,minor,9,1,1
EDU,10,Boranda,minor,10,3,3
EDU,10,Boranda,minor,11,5,1
EDU,10,Boranda,minor,12,1,1
EDU,10,Boranda,minor,13,3,3
EDU,10,Boranda,minor,14,4,1
EDU,10,Boranda,minor,15,5,x
EDU,10,Boranda,minor,16,4,1
EDU,10,Boranda,minor,17,3,7
EDU,10,Boranda,minor,18,1,5
EDU,10,Boranda,minor,19,b7,x
EDU,10,Boranda,minor,20,1,3
EDU,10,Boranda,minor,21,b7,1
EDU,10,Boranda,minor,22,1,1
EDU,10,Boranda,minor,23,1,1
EDU,10,Boranda,minor,24,b7,b9/#9
EDU,10,Boranda,minor,25,5,1
EDU,10,Boranda,minor,26,3,3
EDU,10,Boranda,minor,27,1,1
EDU,10,Boranda,minor,28,b7,1
EDU,10,Boranda,minor,29,5,3
EDU,10,Boranda,minor,30,3,5
EDU,10,Boranda,minor,31,b7,9
EDU,10,Boranda,minor,32,6,5
EDU,10,Boranda,minor,33,5,1
EDU,10,Boranda,minor,34,3,3
EDU,10,Boranda,minor,35,1,1
EDU,10,Boranda,minor,36,3,3
EDU,10,Boranda,minor,37,5,5
EDU,10,Boranda,minor,38,#6,3
EDU,10,Boranda,minor,39,4,1
EDU,10,Boranda,minor,40,5,1
EDU,10,Boranda,minor,41,3,3
EDU,10,Boranda,minor,42,1,1
EDU,10,Boranda,minor,43,3,3
EDU,10,Boranda,minor,44,4,1
EDU,10,Boranda,minor,45,3,7
EDU,10,Boranda,minor,46,5,9
EDU,10,Boranda,minor,47,4,x
EDU,10,Boranda,minor,48,3,3
EDU,10,Boranda,minor,49,1,1
EDU,10,Boranda,minor,50,2,5
EDU,10,Boranda,minor,51,b7,1
EDU,10,Boranda,minor,52,1,1
EDU,10,Boranda,minor,53,3,3
EDU,10,Boranda,minor,54,5,5
EDU,10,Boranda,minor,55,b7,7
EDU,10,Boranda,minor,56,b7,1
EDU,10,Boranda,minor,57,4,5
EDU,10,Boranda,minor,58,1,9
EDU,10,Boranda,minor,59,7,x
EDU,10,Boranda,minor,60,b7,9
EDU,10,Boranda,minor,61,6,1
EDU,10,Boranda,minor,62,3,5
EDU,10,Boranda,minor,63,b7,9
EDU,10,Boranda,minor,64,6,1
EDU,10,Boranda,minor,65,6,5
EDU,10,Boranda,minor,66,5,11
EDU,10,Boranda,minor,67,2,1
EDU,10,Boranda,minor,68,3,b13
EDU,10,Boranda,minor,69,2,5
EDU,11,Branca Dias,minor,1,3,3
EDU,11,Branca Dias,minor,2,2,9
EDU,11,Branca Dias,minor,3,4,1
EDU,11,Branca Dias,minor,4,3,x
EDU,11,Branca Dias,minor,5,2,6
EDU,11,Branca Dias,minor,6,3,7
EDU,11,Branca Dias,minor,7,3,3
EDU,11,Branca Dias,minor,8,4,x
EDU,11,Branca Dias,minor,9,5,5
EDU,11,Branca Dias,minor,10,4,x
EDU,11,Branca Dias,minor,11,5,5
EDU,11,Branca Dias,minor,12,b7,7
EDU,11,Branca Dias,minor,13,6,3
EDU,11,Branca Dias,minor,14,b7,x
EDU,11,Branca Dias,minor,15,1,5
EDU,11,Branca Dias,minor,16,b7,x
EDU,11,Branca Dias,minor,17,6,3
EDU,11,Branca Dias,minor,18,5,#11
EDU,11,Branca Dias,minor,19,4,3
EDU,11,Branca Dias,minor,20,6,5
EDU,11,Branca Dias,minor,21,5,#11
EDU,11,Branca Dias,minor,22,5,1
EDU,11,Branca Dias,minor,23,6,b9/#9
EDU,11,Branca Dias,minor,24,3,3
EDU,11,Branca Dias,minor,25,4,x
EDU,11,Branca Dias,minor,26,5,5
EDU,11,Branca Dias,minor,27,b7,7
EDU,11,Branca Dias,minor,28,5,5
EDU,11,Branca Dias,minor,29,6,x
EDU,11,Branca Dias,minor,30,b7,7
EDU,11,Branca Dias,minor,31,1,1
EDU,11,Branca Dias,minor,32,6,b13
EDU,11,Branca Dias,minor,33,5,x
EDU,11,Branca Dias,minor,34,6,3
EDU,11,Branca Dias,minor,35,b7,x
EDU,11,Branca Dias,minor,36,1,5
EDU,11,Branca Dias,minor,37,b7,x
EDU,11,Branca Dias,minor,38,6,3
EDU,11,Branca Dias,minor,39,2,#11
EDU,11,Branca Dias,minor,40,1,3
EDU,11,Branca Dias,minor,41,3,b13
EDU,11,Branca Dias,minor,42,4,x
EDU,11,Branca Dias,minor,43,3,b13
EDU,11,Branca Dias,minor,44,2,5
EDU,12,Candeias,major,1,7,9
EDU,12,Candeias,major,2,6,1
EDU,12,Candeias,major,3,5,11
EDU,12,Candeias,major,4,4,3
EDU,12,Candeias,major,5,3,x
EDU,12,Candeias,major,6,2,1
EDU,12,Candeias,major,7,#1/b2,x
EDU,12,Candeias,major,8,2,5
EDU,12,Candeias,major,9,6,9
EDU,12,Candeias,major,10,5,x
EDU,12,Candeias,major,11,4,7
EDU,12,Candeias,major,12,3,1
EDU,12,Candeias,major,13,3,b9/#9
EDU,12,Candeias,major,14,5,3
EDU,12,Candeias,major,15,#5/b6,x
EDU,12,Candeias,major,16,5,3
EDU,12,Candeias,major,17,5,11
EDU,12,Candeias,major,18,4,3
EDU,12,Candeias,major,19,3,x
EDU,12,Candeias,major,20,4,3
EDU,12,Candeias,major,21,7,b13
EDU,12,Candeias,major,22,6,7
EDU,12,Candeias,major,23,5,x
EDU,12,Candeias,major,24,4,9
EDU,12,Candeias,major,25,5,1
EDU,12,Candeias,major,26,1,1
EDU,12,Candeias,major,27,4,x
EDU,12,Candeias,major,28,5,5
EDU,12,Candeias,major,29,6,3
EDU,12,Candeias,major,30,#5/b6,x
EDU,12,Candeias,major,31,6,3
EDU,12,Candeias,major,32,7,6
EDU,12,Candeias,major,33,7,3
EDU,12,Candeias,major,34,2,5
EDU,12,Candeias,major,35,7,3
EDU,12,Candeias,major,36,6,11
EDU,12,Candeias,major,37,#5/b6,x
EDU,12,Candeias,major,38,5,7
EDU,12,Candeias,major,39,#6/b7,b9/#9
EDU,12,Candeias,major,40,6,x
EDU,12,Candeias,major,41,5,7
EDU,12,Candeias,major,42,2,1
EDU,12,Candeias,major,43,4,b9/#9
EDU,12,Candeias,major,44,3,x
EDU,12,Candeias,major,45,2,1
EDU,12,Candeias,major,46,6,11
EDU,12,Candeias,major,47,#5/b6,x
EDU,12,Candeias,major,48,5,7
EDU,12,Candeias,major,49,#4/b5,x
EDU,12,Candeias,major,50,4,b13
EDU,12,Candeias,major,51,#1/b2,3
EDU,12,Candeias,major,52,3,9
EDU,12,Candeias,major,53,2,1
EDU,12,Candeias,major,54,4,x
EDU,12,Candeias,major,55,3,9
EDU,12,Candeias,major,56,5,x
EDU,12,Candeias,major,57,4,5
EDU,12,Candeias,major,58,1,b13
EDU,12,Candeias,major,59,7,5
EDU,12,Candeias,major,60,3,5
EDU,12,Candeias,major,61,1,3
EDU,12,Candeias,major,62,7,x
EDU,12,Candeias,major,63,1,3
EDU,12,Candeias,major,64,5,b13
EDU,12,Candeias,major,65,#4/b5,5
EDU,12,Candeias,major,66,5,3
EDU,12,Candeias,major,67,#4/b5,x
EDU,12,Candeias,major,68,3,1
EDU,12,Candeias,major,69,#4/b5,x
EDU,12,Candeias,major,70,5,3
EDU,12,Candeias,major,71,5,3
EDU,12,Candeias,major,72,#5/b6,x
EDU,12,Candeias,major,73,5,3
EDU,12,Candeias,major,74,5,11
EDU,12,Candeias,major,75,4,3
EDU,12,Candeias,major,76,3,x
EDU,12,Candeias,major,77,2,1
EDU,12,Candeias,major,78,5,9
EDU,12,Candeias,major,79,4,1
EDU,12,Candeias,major,80,1,5
EDU,12,Candeias,major,81,2,x
EDU,12,Candeias,major,82,3,1
EDU,12,Candeias,major,83,#2/b3,x
EDU,12,Candeias,major,84,3,1
EDU,12,Candeias,major,85,4,b13
EDU,12,Candeias,major,86,3,5
EDU,12,Candeias,major,87,6,1
EDU,12,Candeias,major,88,5,7
EDU,12,Candeias,major,89,3,9
EDU,12,Candeias,major,90,1,7
EDU,12,Candeias,major,91,6,5
EDU,12,Candeias,major,92,5,3
EDU,12,Candeias,major,93,3,9
EDU,12,Candeias,major,94,#2/b3,x
EDU,12,Candeias,major,95,3,9
EDU,12,Candeias,major,96,4,3
EDU,12,Candeias,major,97,5,11
EDU,12,Candeias,major,98,5,1
EDU,12,Candeias,major,99,5,3
EDU,16,Canto triste,minor,1,#4/b5,x
EDU,16,Canto triste,minor,2,5,5
EDU,16,Canto triste,minor,3,#6,x
EDU,16,Canto triste,minor,4,7,x
EDU,16,Canto triste,minor,5,1,1
EDU,16,Canto triste,minor,6,2,9
EDU,16,Canto triste,minor,7,3,3
EDU,16,Canto triste,minor,8,4,x
EDU,16,Canto triste,minor,9,5,9
EDU,16,Canto triste,minor,10,#4/b5,x
EDU,16,Canto triste,minor,11,4,1
EDU,16,Canto triste,minor,12,#3,x
EDU,16,Canto triste,minor,13,3,b13
EDU,16,Canto triste,minor,14,2,5
EDU,16,Canto triste,minor,15,7,7
EDU,16,Canto triste,minor,16,1,1
EDU,16,Canto triste,minor,17,2,x
EDU,16,Canto triste,minor,18,3,3
EDU,16,Canto triste,minor,19,4,9
EDU,16,Canto triste,minor,20,3,1
EDU,16,Canto triste,minor,21,5,9
EDU,16,Canto triste,minor,22,6,3
EDU,16,Canto triste,minor,23,4,1
EDU,16,Canto triste,minor,24,5,x
EDU,16,Canto triste,minor,25,6,7
EDU,16,Canto triste,minor,26,b7,1
EDU,16,Canto triste,minor,27,7,b9/#9
EDU,16,Canto triste,minor,28,b7,1
EDU,16,Canto triste,minor,29,5,3
EDU,16,Canto triste,minor,30,5,7
EDU,16,Canto triste,minor,31,#3,5
EDU,16,Canto triste,minor,32,#1/b2,3
EDU,16,Canto triste,minor,33,#6,1
EDU,16,Canto triste,minor,34,4,3
EDU,16,Canto triste,minor,35,#3,x
EDU,16,Canto triste,minor,36,4,3
EDU,16,Canto triste,minor,37,4,7
EDU,16,Canto triste,minor,38,2,5
EDU,16,Canto triste,minor,39,7,3
EDU,16,Canto triste,minor,40,5,1
EDU,16,Canto triste,minor,41,3,3
EDU,16,Canto triste,minor,42,2,x
EDU,16,Canto triste,minor,43,3,3
EDU,16,Canto triste,minor,44,1,1
EDU,16,Canto triste,minor,45,5,5
EDU,16,Canto triste,minor,46,3,3
EDU,16,Canto triste,minor,47,2,1
EDU,16,Canto triste,minor,48,1,x
EDU,16,Canto triste,minor,49,2,1
EDU,16,Canto triste,minor,50,4,b9/#9
EDU,16,Canto triste,minor,51,3,b13
EDU,16,Canto triste,minor,52,2,5
EDU,16,Canto triste,minor,53,1,1
EDU,16,Canto triste,minor,54,4,x
EDU,16,Canto triste,minor,55,#3,3
EDU,16,Canto triste,minor,56,5,9
EDU,16,Canto triste,minor,57,6,3
EDU,16,Canto triste,minor,58,b7,1
EDU,16,Canto triste,minor,59,7,b9/#9
EDU,16,Canto triste,minor,60,b7,5
EDU,16,Canto triste,minor,61,5,3
EDU,16,Canto triste,minor,62,6,1
EDU,16,Canto triste,minor,63,5,7
EDU,16,Canto triste,minor,64,4,11
EDU,16,Canto triste,minor,65,3,x
EDU,16,Canto triste,minor,66,2,9
EDU,16,Canto triste,minor,67,1,1
EDU,16,Canto triste,minor,68,7,x
EDU,16,Canto triste,minor,69,1,1
EDU,16,Canto triste,minor,70,3,3
EDU,16,Canto triste,minor,71,1,1
EDU,16,Canto triste,minor,72,4,11
EDU,16,Canto triste,minor,73,3,x
EDU,16,Canto triste,minor,74,2,x
EDU,16,Canto triste,minor,75,1,1
EDU,16,Canto triste,minor,76,7,x
EDU,16,Canto triste,minor,77,1,1
EDU,16,Canto triste,minor,78,3,5
EDU,16,Canto triste,minor,79,6,1
EDU,16,Canto triste,minor,80,5,11
EDU,16,Canto triste,minor,81,#4/b5,x
EDU,16,Canto triste,minor,82,4,x
EDU,16,Canto triste,minor,83,#3,x
EDU,16,Canto triste,minor,84,3,x
EDU,16,Canto triste,minor,85,2,1
EDU,16,Canto triste,minor,86,#1/b2,x
EDU,16,Canto triste,minor,87,2,1
EDU,16,Canto triste,minor,88,4,7
EDU,16,Canto triste,minor,89,#3,x
EDU,16,Canto triste,minor,90,3,x
EDU,16,Canto triste,minor,91,2,5
EDU,16,Canto triste,minor,92,1,x
EDU,16,Canto triste,minor,93,7,3
EDU,16,Canto triste,minor,94,6,b9/#9
EDU,16,Canto triste,minor,95,5,5
EDU,16,Canto triste,minor,96,7,7
EDU,16,Canto triste,minor,97,1,3
EDU,16,Canto triste,minor,98,2,x
EDU,16,Canto triste,minor,99,3,5
EDU,16,Canto triste,minor,100,3,b13
EDU,16,Canto triste,minor,101,2,9
EDU,17,Cheganca,major,1,3,3
EDU,17,Cheganca,major,2,#4/b5,3
EDU,17,Cheganca,major,3,2,1
EDU,17,Cheganca,major,4,1,7
EDU,17,Cheganca,major,5,3,3
EDU,17,Cheganca,major,6,1,1
EDU,17,Cheganca,major,7,3,3
EDU,17,Cheganca,major,8,5,5
EDU,17,Cheganca,major,9,#4/b5,3
EDU,17,Cheganca,major,10,2,1
EDU,17,Cheganca,major,11,1,7
EDU,17,Cheganca,major,12,5,5
EDU,17,Cheganca,major,13,6,3
EDU,17,Cheganca,major,14,1,5
EDU,17,Cheganca,major,15,7,1
EDU,17,Cheganca,major,16,6,x
EDU,17,Cheganca,major,17,5,3
EDU,17,Cheganca,major,18,#6/b7,b9/#9
EDU,17,Cheganca,major,19,6,x
EDU,17,Cheganca,major,20,5,7
EDU,17,Cheganca,major,21,2,1
EDU,17,Cheganca,major,22,1,x
EDU,17,Cheganca,major,23,2,5
EDU,17,Cheganca,major,24,1,1
EDU,17,Cheganca,major,25,3,3
EDU,17,Cheganca,major,26,1,1
EDU,17,Cheganca,major,27,3,3
EDU,17,Cheganca,major,28,5,5
EDU,17,Cheganca,major,29,#4/b5,3
EDU,17,Cheganca,major,30,2,1
EDU,17,Cheganca,major,31,1,7
EDU,17,Cheganca,major,32,1,1
EDU,17,Cheganca,major,33,3,3
EDU,17,Cheganca,major,34,5,5
EDU,17,Cheganca,major,35,#4/b5,3
EDU,17,Cheganca,major,36,2,1
EDU,17,Cheganca,major,37,1,7
EDU,17,Cheganca,major,38,1,1
EDU,17,Cheganca,major,39,5,5
EDU,17,Cheganca,major,40,#4/b5,x
EDU,17,Cheganca,major,41,5,5
EDU,17,Cheganca,major,42,6,13
EDU,17,Cheganca,major,43,5,5
EDU,17,Cheganca,major,44,3,3
EDU,17,Cheganca,major,45,1,1
EDU,17,Cheganca,major,46,2,3
EDU,17,Cheganca,major,47,2,7
EDU,17,Cheganca,major,48,1,3
EDU,17,Cheganca,major,49,7,x
EDU,17,Cheganca,major,50,1,3
EDU,17,Cheganca,major,51,2,11
EDU,17,Cheganca,major,52,1,3
EDU,17,Cheganca,major,53,7,x
EDU,17,Cheganca,major,54,1,3
EDU,17,Cheganca,major,55,6,3
EDU,17,Cheganca,major,56,1,5
EDU,17,Cheganca,major,57,3,13
EDU,17,Cheganca,major,58,2,5
EDU,17,Cheganca,major,59,1,1
EDU,17,Cheganca,major,60,#6/b7,3
EDU,17,Cheganca,major,61,2,5
EDU,17,Cheganca,major,62,1,1
EDU,17,Cheganca,major,63,3,3
EDU,17,Cheganca,major,64,5,5
EDU,17,Cheganca,major,65,4,7
EDU,17,Cheganca,major,66,3,x
EDU,17,Cheganca,major,67,2,5
EDU,17,Cheganca,major,68,1,11
EDU,17,Cheganca,major,69,3,3
EDU,17,Cheganca,major,70,1,1
EDU,17,Cheganca,major,71,5,5
EDU,17,Cheganca,major,72,#6/b7,3
EDU,17,Cheganca,major,73,5,1
EDU,17,Cheganca,major,74,4,x
EDU,17,Cheganca,major,75,5,5
EDU,17,Cheganca,major,76,1,1
EDU,17,Cheganca,major,77,3,3
EDU,17,Cheganca,major,78,5,5
EDU,17,Cheganca,major,79,3,3
EDU,17,Cheganca,major,80,#4/b5,3
EDU,17,Cheganca,major,81,2,1
EDU,17,Cheganca,major,82,1,7
EDU,17,Cheganca,major,83,1,1
EDU,17,Cheganca,major,84,3,3
EDU,17,Cheganca,major,85,5,5
EDU,17,Cheganca,major,86,3,3
EDU,17,Cheganca,major,87,#4/b5,3
EDU,17,Cheganca,major,88,2,1
EDU,17,Cheganca,major,89,1,1
EDU,18,Choro bandido,major,1,5,11
EDU,18,Choro bandido,major,2,4,3
EDU,18,Choro bandido,major,3,#1/b2,x
EDU,18,Choro bandido,major,4,3,x
EDU,18,Choro bandido,major,5,2,1
EDU,18,Choro bandido,major,6,6,5
EDU,18,Choro bandido,major,7,#1/b2,7
EDU,18,Choro bandido,major,8,7,x
EDU,18,Choro bandido,major,9,6,b9/#9
EDU,18,Choro bandido,major,10,#5/b6,#11
EDU,18,Choro bandido,major,11,#1/b2,#11
EDU,18,Choro bandido,major,12,7,3
EDU,18,Choro bandido,major,13,3,x
EDU,18,Choro bandido,major,14,2,5
EDU,18,Choro bandido,major,15,5,x
EDU,18,Choro bandido,major,16,4,7
EDU,18,Choro bandido,major,17,6,x
EDU,18,Choro bandido,major,18,5,5
EDU,18,Choro bandido,major,19,7,7
EDU,18,Choro bandido,major,20,1,1
EDU,18,Choro bandido,major,21,4,b9/#9
EDU,18,Choro bandido,major,22,3,x
EDU,18,Choro bandido,major,23,4,b9/#9
EDU,18,Choro bandido,major,24,3,1
EDU,18,Choro bandido,major,25,2,11
EDU,18,Choro bandido,major,26,1,x
EDU,18,Choro bandido,major,27,2,11
EDU,18,Choro bandido,major,28,3,5
EDU,18,Choro bandido,major,29,7,13
EDU,18,Choro bandido,major,30,5,x
EDU,18,Choro bandido,major,31,4,3
EDU,18,Choro bandido,major,32,#1/b2,x
EDU,18,Choro bandido,major,33,3,x
EDU,18,Choro bandido,major,34,2,1
EDU,18,Choro bandido,major,35,6,5
EDU,18,Choro bandido,major,36,1,7
EDU,18,Choro bandido,major,37,7,x
EDU,18,Choro bandido,major,38,6,9
EDU,18,Choro bandido,major,39,7,x
EDU,18,Choro bandido,major,40,1,x
EDU,18,Choro bandido,major,41,2,5
EDU,18,Choro bandido,major,42,3,13
EDU,18,Choro bandido,major,43,4,x
EDU,18,Choro bandido,major,44,5,1
EDU,18,Choro bandido,major,45,6,x
EDU,18,Choro bandido,major,46,7,7
EDU,18,Choro bandido,major,47,3,9
EDU,18,Choro bandido,major,48,4,x
EDU,18,Choro bandido,major,49,5,x
EDU,18,Choro bandido,major,50,6,5
EDU,18,Choro bandido,major,51,5,11
EDU,18,Choro bandido,major,52,1,7
EDU,18,Choro bandido,major,53,4,3
EDU,18,Choro bandido,major,54,3,13
EDU,18,Choro bandido,major,55,2,5
EDU,18,Choro bandido,major,56,1,x
EDU,18,Choro bandido,major,57,7,3
EDU,18,Choro bandido,major,58,6,9
EDU,18,Choro bandido,major,59,7,1
EDU,18,Choro bandido,major,60,7,x
EDU,18,Choro bandido,major,61,1,5
EDU,18,Choro bandido,major,62,2,11
EDU,18,Choro bandido,major,63,3,x
EDU,18,Choro bandido,major,64,2,11
EDU,18,Choro bandido,major,65,1,x
EDU,18,Choro bandido,major,66,7,x
EDU,18,Choro bandido,major,67,6,5
EDU,18,Choro bandido,major,68,#4/b5,5
EDU,18,Choro bandido,major,69,5,x
EDU,18,Choro bandido,major,70,6,7
EDU,18,Choro bandido,major,71,7,x
EDU,18,Choro bandido,major,72,1,5
EDU,18,Choro bandido,major,73,7,#11
EDU,18,Choro bandido,major,74,2,13
EDU,18,Choro bandido,major,75,1,x
EDU,18,Choro bandido,major,76,7,5
EDU,18,Choro bandido,major,77,7,b13
EDU,18,Choro bandido,major,78,7,13
EDU,18,Choro bandido,major,79,7,7
EDU,18,Choro bandido,major,80,7,x
EDU,18,Choro bandido,major,81,1,1
EDU,18,Choro bandido,major,82,6,6
EDU,18,Choro bandido,major,83,7,7
EDU,18,Choro bandido,major,84,5,5
EDU,18,Choro bandido,major,85,6,x
EDU,18,Choro bandido,major,86,7,x
EDU,18,Choro bandido,major,87,1,1
EDU,18,Choro bandido,major,88,2,11
EDU,18,Choro bandido,major,89,3,5
EDU,18,Choro bandido,major,90,1,3
EDU,18,Choro bandido,major,91,2,11
EDU,18,Choro bandido,major,92,7,x
EDU,18,Choro bandido,major,93,1,3
EDU,18,Choro bandido,major,94,2,x
EDU,18,Choro bandido,major,95,3,5
EDU,18,Choro bandido,major,96,5,9
EDU,18,Choro bandido,major,97,6,3
EDU,18,Choro bandido,major,98,4,1
EDU,18,Choro bandido,major,99,5,9
EDU,18,Choro bandido,major,100,3,x
EDU,18,Choro bandido,major,101,4,1
EDU,18,Choro bandido,major,102,6,3
EDU,18,Choro bandido,major,103,1,5
EDU,18,Choro bandido,major,104,2,7
EDU,18,Choro bandido,major,105,4,b13
EDU,18,Choro bandido,major,106,2,11
EDU,18,Choro bandido,major,107,1,3
EDU,18,Choro bandido,major,108,6,1
EDU,18,Choro bandido,major,109,#6/b7,x
EDU,18,Choro bandido,major,110,1,7
EDU,18,Choro bandido,major,111,5,b13
EDU,18,Choro bandido,major,112,3,11
EDU,18,Choro bandido,major,113,2,3
EDU,18,Choro bandido,major,114,7,1
EDU,18,Choro bandido,major,115,1,x
EDU,18,Choro bandido,major,116,2,7
EDU,19,Cidade nova,major,1,#5/b6,3
EDU,19,Cidade nova,major,2,#4/b5,9
EDU,19,Cidade nova,major,3,#5/b6,3
EDU,19,Cidade nova,major,4,#4/b5,x
EDU,19,Cidade nova,major,5,3,1
EDU,19,Cidade nova,major,6,7,5
EDU,19,Cidade nova,major,7,3,13
EDU,19,Cidade nova,major,8,4,7
EDU,19,Cidade nova,major,9,4,7
EDU,19,Cidade nova,major,10,3,x
EDU,19,Cidade nova,major,11,2,5
EDU,19,Cidade nova,major,12,1,x
EDU,19,Cidade nova,major,13,7,7
EDU,19,Cidade nova,major,14,7,9
EDU,19,Cidade nova,major,15,3,5
EDU,19,Cidade nova,major,16,#4/b5,3
EDU,19,Cidade nova,major,17,5,x
EDU,19,Cidade nova,major,18,6,5
EDU,19,Cidade nova,major,19,2,1
EDU,19,Cidade nova,major,20,7,3
EDU,19,Cidade nova,major,21,7,5
EDU,19,Cidade nova,major,22,5,3
EDU,19,Cidade nova,major,23,6,x
EDU,19,Cidade nova,major,24,7,5
EDU,19,Cidade nova,major,25,2,7
EDU,19,Cidade nova,major,26,5,11
EDU,19,Cidade nova,major,27,2,1
EDU,19,Cidade nova,major,28,6,5
EDU,19,Cidade nova,major,29,5,1
EDU,19,Cidade nova,major,30,2,5
EDU,19,Cidade nova,major,31,6,9
EDU,19,Cidade nova,major,32,5,5
EDU,19,Cidade nova,major,33,5,1
EDU,19,Cidade nova,major,34,2,5
EDU,19,Cidade nova,major,35,6,9
EDU,19,Cidade nova,major,36,5,x
EDU,19,Cidade nova,major,37,4,7
EDU,19,Cidade nova,major,38,3,13
EDU,19,Cidade nova,major,39,2,x
EDU,19,Cidade nova,major,40,3,13
EDU,19,Cidade nova,major,41,3,3
EDU,19,Cidade nova,major,42,2,9
EDU,19,Cidade nova,major,43,5,11
EDU,19,Cidade nova,major,44,6,9
EDU,19,Cidade nova,major,45,5,x
EDU,19,Cidade nova,major,46,4,7
EDU,19,Cidade nova,major,47,3,b9/#9
EDU,19,Cidade nova,major,48,2,b9/#9
EDU,19,Cidade nova,major,49,3,b9/#9
EDU,19,Cidade nova,major,50,3,3
EDU,19,Cidade nova,major,51,1,3
EDU,19,Cidade nova,major,52,4,7
EDU,19,Cidade nova,major,53,1,3
EDU,19,Cidade nova,major,54,7,3
EDU,19,Cidade nova,major,55,5,5
EDU,19,Cidade nova,major,56,6,x
EDU,19,Cidade nova,major,57,7,7
EDU,19,Cidade nova,major,58,1,1
EDU,19,Cidade nova,major,59,2,x
EDU,19,Cidade nova,major,60,3,3
EDU,19,Cidade nova,major,61,5,5
EDU,19,Cidade nova,major,62,#5/b6,3
EDU,19,Cidade nova,major,63,#4/b5,9
EDU,19,Cidade nova,major,64,#5/b6,3
EDU,19,Cidade nova,major,65,#4/b5,x
EDU,19,Cidade nova,major,66,3,3
EDU,19,Cidade nova,major,67,7,5
EDU,19,Cidade nova,major,68,3,13
EDU,19,Cidade nova,major,69,4,7
EDU,19,Cidade nova,major,70,5,1
EDU,19,Cidade nova,major,71,3,x
EDU,19,Cidade nova,major,72,4,7
EDU,19,Cidade nova,major,73,5,1
EDU,19,Cidade nova,major,74,7,x
EDU,19,Cidade nova,major,75,1,7
EDU,19,Cidade nova,major,76,4,3
EDU,19,Cidade nova,major,77,#5/b6,#11
EDU,19,Cidade nova,major,78,7,7
EDU,19,Cidade nova,major,79,6,6
EDU,19,Cidade nova,major,80,7,x
EDU,19,Cidade nova,major,81,1,7
EDU,19,Cidade nova,major,82,4,3
EDU,19,Cidade nova,major,83,1,7
EDU,19,Cidade nova,major,84,#5/b6,#11
EDU,19,Cidade nova,major,85,7,7
EDU,19,Cidade nova,major,86,6,6
EDU,19,Cidade nova,major,87,7,x
EDU,19,Cidade nova,major,88,1,7
EDU,19,Cidade nova,major,89,4,3
EDU,19,Cidade nova,major,90,7,6
EDU,19,Cidade nova,major,91,7,7
EDU,19,Cidade nova,major,92,1,3
EDU,19,Cidade nova,major,93,6,9
EDU,19,Cidade nova,major,94,7,7
EDU,19,Cidade nova,major,95,5,5
EDU,19,Cidade nova,major,96,6,x
EDU,19,Cidade nova,major,97,7,x
EDU,19,Cidade nova,major,98,1,1
EDU,19,Cidade nova,major,99,2,x
EDU,19,Cidade nova,major,100,3,3
EDU,19,Cidade nova,major,101,5,5
EDU,19,Cidade nova,major,102,#5/b6,3
EDU,19,Cidade nova,major,103,#4/b5,9
EDU,19,Cidade nova,major,104,#5/b6,x
EDU,19,Cidade nova,major,105,#4/b5,x
EDU,19,Cidade nova,major,106,3,3
EDU,19,Cidade nova,major,107,7,5
EDU,19,Cidade nova,major,108,3,13
EDU,19,Cidade nova,major,109,4,7
EDU,19,Cidade nova,major,110,4,7
EDU,19,Cidade nova,major,111,3,x
EDU,19,Cidade nova,major,112,2,5
EDU,19,Cidade nova,major,113,1,x
EDU,19,Cidade nova,major,114,7,5
EDU,21,Corrida de jangada,major,1,3,13
EDU,21,Corrida de jangada,major,2,5,1
EDU,21,Corrida de jangada,major,3,3,13
EDU,21,Corrida de jangada,major,4,4,3
EDU,21,Corrida de jangada,major,5,6,5
EDU,21,Corrida de jangada,major,6,7,3
EDU,21,Corrida de jangada,major,7,1,1
EDU,21,Corrida de jangada,major,8,5,5
EDU,21,Corrida de jangada,major,9,1,1
EDU,21,Corrida de jangada,major,10,1,7
EDU,21,Corrida de jangada,major,11,7,x
EDU,21,Corrida de jangada,major,12,6,11
EDU,21,Corrida de jangada,major,13,5,3
EDU,21,Corrida de jangada,major,14,1,7
EDU,21,Corrida de jangada,major,15,7,x
EDU,21,Corrida de jangada,major,16,6,5
EDU,21,Corrida de jangada,major,17,5,1
EDU,21,Corrida de jangada,major,18,1,11
EDU,21,Corrida de jangada,major,19,1,1
EDU,21,Corrida de jangada,major,20,7,x
EDU,21,Corrida de jangada,major,21,1,1
EDU,21,Corrida de jangada,major,22,2,b13
EDU,21,Corrida de jangada,major,23,1,5
EDU,21,Corrida de jangada,major,24,3,6
EDU,21,Corrida de jangada,major,25,2,x
EDU,21,Corrida de jangada,major,26,1,b13
EDU,21,Corrida de jangada,major,27,6,1
EDU,21,Corrida de jangada,major,28,3,5
EDU,21,Corrida de jangada,major,29,1,3
EDU,21,Corrida de jangada,major,30,1,7
EDU,21,Corrida de jangada,major,31,7,3
EDU,21,Corrida de jangada,major,32,1,1
EDU,21,Corrida de jangada,major,33,1,7
EDU,21,Corrida de jangada,major,34,7,3
EDU,21,Corrida de jangada,major,35,6,x
EDU,21,Corrida de jangada,major,36,5,5
EDU,21,Corrida de jangada,major,37,3,1
EDU,21,Corrida de jangada,major,38,1,7
EDU,21,Corrida de jangada,major,39,7,3
EDU,21,Corrida de jangada,major,40,1,1
EDU,21,Corrida de jangada,major,41,1,7
EDU,21,Corrida de jangada,major,42,7,7
EDU,21,Corrida de jangada,major,43,5,#11
EDU,21,Corrida de jangada,major,44,5,b9/#9
EDU,21,Corrida de jangada,major,45,3,5
EDU,21,Corrida de jangada,major,46,1,7
EDU,21,Corrida de jangada,major,47,7,3
EDU,21,Corrida de jangada,major,48,1,1
EDU,21,Corrida de jangada,major,49,3,3
EDU,21,Corrida de jangada,major,50,2,1
EDU,21,Corrida de jangada,major,51,2,7
EDU,21,Corrida de jangada,major,52,7,x
EDU,21,Corrida de jangada,major,53,1,3
EDU,21,Corrida de jangada,major,54,1,1
EDU,21,Corrida de jangada,major,55,6,#11
EDU,21,Corrida de jangada,major,56,#6/b7,3
EDU,21,Corrida de jangada,major,57,4,1
EDU,21,Corrida de jangada,major,58,2,3
EDU,21,Corrida de jangada,major,59,3,3
EDU,21,Corrida de jangada,major,60,5,5
EDU,21,Corrida de jangada,major,61,3,3
EDU,21,Corrida de jangada,major,62,5,5
EDU,21,Corrida de jangada,major,63,5,1
EDU,21,Corrida de jangada,major,64,5,7
EDU,21,Corrida de jangada,major,65,4,x
EDU,21,Corrida de jangada,major,66,5,7
EDU,21,Corrida de jangada,major,67,5,1
EDU,21,Corrida de jangada,major,68,5,x
EDU,21,Corrida de jangada,major,69,4,1
EDU,21,Corrida de jangada,major,70,5,1
EDU,23,Descompassado,major,1,3,13
EDU,23,Descompassado,major,2,#2/b3,b13
EDU,23,Descompassado,major,3,5,1
EDU,23,Descompassado,major,4,4,x
EDU,23,Descompassado,major,5,3,3
EDU,23,Descompassado,major,6,3,11
EDU,23,Descompassado,major,7,2,7
EDU,23,Descompassado,major,8,4,b9/#9
EDU,23,Descompassado,major,9,3,#11
EDU,23,Descompassado,major,10,2,x
EDU,23,Descompassado,major,11,1,9
EDU,23,Descompassado,major,12,3,5
EDU,23,Descompassado,major,13,7,11
EDU,23,Descompassado,major,14,6,3
EDU,23,Descompassado,major,15,1,5
EDU,23,Descompassado,major,16,7,1
EDU,23,Descompassado,major,17,6,x
EDU,23,Descompassado,major,18,5,b13
EDU,23,Descompassado,major,19,7,5
EDU,23,Descompassado,major,20,#5/b6,3
EDU,23,Descompassado,major,21,#6/b7,b9/#9
EDU,23,Descompassado,major,22,6,1
EDU,23,Descompassado,major,23,3,5
EDU,23,Descompassado,major,24,2,1
EDU,23,Descompassado,major,25,2,5
EDU,23,Descompassado,major,26,1,1
EDU,23,Descompassado,major,27,#6/b7,7
EDU,23,Descompassado,major,28,2,9
EDU,23,Descompassado,major,29,1,1
EDU,23,Descompassado,major,30,#6/b7,x
EDU,23,Descompassado,major,31,6,13
EDU,23,Descompassado,major,32,1,1
EDU,23,Descompassado,major,33,2,9
EDU,23,Descompassado,major,34,2,b9/#9
EDU,23,Descompassado,major,35,2,13
EDU,23,Descompassado,major,36,#1/b2,x
EDU,23,Descompassado,major,37,1,5
EDU,23,Descompassado,major,38,4,5
EDU,23,Descompassado,major,39,5,b13
EDU,23,Descompassado,major,40,4,5
EDU,23,Descompassado,major,41,5,x
EDU,23,Descompassado,major,42,4,5
EDU,23,Descompassado,major,43,5,6
EDU,23,Descompassado,major,44,3,x
EDU,23,Descompassado,major,45,4,5
EDU,23,Descompassado,major,46,1,5
EDU,23,Descompassado,major,47,2,6
EDU,23,Descompassado,major,48,#1/b2,1
EDU,23,Descompassado,major,49,#2/b3,x
EDU,23,Descompassado,major,50,4,3
EDU,23,Descompassado,major,51,#4/b5,x
EDU,23,Descompassado,major,52,#5/b6,5
EDU,23,Descompassado,major,53,#6/b7,13
EDU,23,Descompassado,major,54,1,1
EDU,23,Descompassado,major,55,2,9
EDU,23,Descompassado,major,56,#6/b7,7
EDU,23,Descompassado,major,57,1,1
EDU,23,Descompassado,major,58,6,x
EDU,23,Descompassado,major,59,#6/b7,7
EDU,23,Descompassado,major,60,5,5
EDU,23,Descompassado,major,61,6,13
EDU,23,Descompassado,major,62,4,x
EDU,23,Descompassado,major,63,5,5
EDU,23,Descompassado,major,64,3,3
EDU,23,Descompassado,major,65,4,x
EDU,23,Descompassado,major,66,5,6
EDU,23,Descompassado,major,67,6,7
EDU,23,Descompassado,major,68,4,5
EDU,23,Descompassado,major,69,5,6
EDU,23,Descompassado,major,70,3,x
EDU,23,Descompassado,major,71,4,5
EDU,23,Descompassado,major,72,#6/b7,b9/#9
EDU,23,Descompassado,major,73,6,1
EDU,23,Descompassado,major,74,3,9
EDU,23,Descompassado,major,75,6,5
EDU,23,Descompassado,major,76,3,13
EDU,23,Descompassado,major,77,5,1
EDU,23,Descompassado,major,78,3,13
EDU,23,Descompassado,major,79,#2/b3,b13
EDU,23,Descompassado,major,80,7,3
EDU,23,Descompassado,major,81,2,9
EDU,23,Descompassado,major,82,#2/b3,3
EDU,23,Descompassado,major,83,3,3
EDU,25,Dos navegantes,major,1,3,3
EDU,25,Dos navegantes,major,2,5,5
EDU,25,Dos navegantes,major,3,2,3
EDU,25,Dos navegantes,major,4,5,1
EDU,25,Dos navegantes,major,5,1,3
EDU,25,Dos navegantes,major,6,5,7
EDU,25,Dos navegantes,major,7,7,9
EDU,25,Dos navegantes,major,8,6,1
EDU,25,Dos navegantes,major,9,4,7
EDU,25,Dos navegantes,major,10,3,13
EDU,25,Dos navegantes,major,11,4,7
EDU,25,Dos navegantes,major,12,3,13
EDU,25,Dos navegantes,major,13,4,7
EDU,25,Dos navegantes,major,14,2,5
EDU,25,Dos navegantes,major,15,5,1
EDU,25,Dos navegantes,major,16,3,3
EDU,25,Dos navegantes,major,17,5,5
EDU,25,Dos navegantes,major,18,2,5
EDU,25,Dos navegantes,major,19,5,1
EDU,25,Dos navegantes,major,20,1,3
EDU,25,Dos navegantes,major,21,5,7
EDU,25,Dos navegantes,major,22,7,9
EDU,25,Dos navegantes,major,23,6,1
EDU,25,Dos navegantes,major,24,4,7
EDU,25,Dos navegantes,major,25,3,13
EDU,25,Dos navegantes,major,26,4,7
EDU,25,Dos navegantes,major,27,5,1
EDU,25,Dos navegantes,major,28,3,13
EDU,25,Dos navegantes,major,29,2,5
EDU,25,Dos navegantes,major,30,5,1
EDU,25,Dos navegantes,major,31,5,3
EDU,25,Dos navegantes,major,32,6,13
EDU,25,Dos navegantes,major,33,4,3
EDU,25,Dos navegantes,major,34,5,5
EDU,25,Dos navegantes,major,35,3,3
EDU,25,Dos navegantes,major,36,4,x
EDU,25,Dos navegantes,major,37,2,x
EDU,25,Dos navegantes,major,38,#1/b2,b9/#9
EDU,25,Dos navegantes,major,39,3,3
EDU,25,Dos navegantes,major,40,5,9
EDU,25,Dos navegantes,major,41,1,9
EDU,25,Dos navegantes,major,42,3,x
EDU,25,Dos navegantes,major,43,4,b9/#9
EDU,25,Dos navegantes,major,44,3,1
EDU,25,Dos navegantes,major,45,1,b9/#9
EDU,25,Dos navegantes,major,46,3,1
EDU,25,Dos navegantes,major,47,6,1
EDU,25,Dos navegantes,major,48,#5/b6,x
EDU,25,Dos navegantes,major,49,5,7
EDU,25,Dos navegantes,major,50,#4/b5,x
EDU,25,Dos navegantes,major,51,4,b13
EDU,25,Dos navegantes,major,52,#1/b2,3
EDU,25,Dos navegantes,major,53,3,9
EDU,25,Dos navegantes,major,54,6,5
EDU,25,Dos navegantes,major,55,2,1
EDU,25,Dos navegantes,major,56,7,13
EDU,25,Dos navegantes,major,57,1,3
EDU,25,Dos navegantes,major,58,7,x
EDU,25,Dos navegantes,major,59,2,5
EDU,25,Dos navegantes,major,60,1,3
EDU,25,Dos navegantes,major,61,3,13
EDU,25,Dos navegantes,major,62,2,5
EDU,25,Dos navegantes,major,63,4,7
EDU,25,Dos navegantes,major,64,3,3
EDU,25,Dos navegantes,major,65,5,11
EDU,25,Dos navegantes,major,66,6,x
EDU,25,Dos navegantes,major,67,7,6
EDU,25,Dos navegantes,major,68,5,11
EDU,25,Dos navegantes,major,69,5,1
EDU,25,Dos navegantes,major,70,2,5
EDU,25,Dos navegantes,major,71,3,x
EDU,25,Dos navegantes,major,72,4,7
EDU,25,Dos navegantes,major,73,5,x
EDU,25,Dos navegantes,major,74,6,9
EDU,25,Dos navegantes,major,75,7,7
EDU,25,Dos navegantes,major,76,3,3
EDU,25,Dos navegantes,major,77,5,5
EDU,25,Dos navegantes,major,78,5,11
EDU,25,Dos navegantes,major,79,6,x
EDU,25,Dos navegantes,major,80,7,6
EDU,25,Dos navegantes,major,81,5,11
EDU,25,Dos navegantes,major,82,2,5
EDU,25,Dos navegantes,major,83,3,x
EDU,25,Dos navegantes,major,84,4,7
EDU,25,Dos navegantes,major,85,#5/b6,b9/#9
EDU,25,Dos navegantes,major,86,7,3
EDU,25,Dos navegantes,major,87,5,5
EDU,25,Dos navegantes,major,88,4,13
EDU,25,Dos navegantes,major,89,2,5
EDU,25,Dos navegantes,major,90,5,1
EDU,25,Dos navegantes,major,91,3,3
EDU,28,Meia-noite,minor,1,5,#11
EDU,28,Meia-noite,minor,2,1,1
EDU,28,Meia-noite,minor,3,3,3
EDU,28,Meia-noite,minor,4,6,5
EDU,28,Meia-noite,minor,5,5,#11
EDU,28,Meia-noite,minor,6,1,1
EDU,28,Meia-noite,minor,7,2,x
EDU,28,Meia-noite,minor,8,3,3
EDU,28,Meia-noite,minor,9,4,11
EDU,28,Meia-noite,minor,10,6,1
EDU,28,Meia-noite,minor,11,3,5
EDU,28,Meia-noite,minor,12,5,3
EDU,28,Meia-noite,minor,13,1,6
EDU,28,Meia-noite,minor,14,3,#11
EDU,28,Meia-noite,minor,15,1,b9/#9
EDU,28,Meia-noite,minor,16,5,7
EDU,28,Meia-noite,minor,17,b7,9
EDU,28,Meia-noite,minor,18,6,1
EDU,28,Meia-noite,minor,19,3,5
EDU,28,Meia-noite,minor,20,5,1
EDU,28,Meia-noite,minor,21,1,1
EDU,28,Meia-noite,minor,22,3,3
EDU,28,Meia-noite,minor,23,6,5
EDU,28,Meia-noite,minor,24,5,#11
EDU,28,Meia-noite,minor,25,1,1
EDU,28,Meia-noite,minor,26,2,x
EDU,28,Meia-noite,minor,27,3,3
EDU,28,Meia-noite,minor,28,5,5
EDU,28,Meia-noite,minor,29,b7,9
EDU,28,Meia-noite,minor,30,6,x
EDU,28,Meia-noite,minor,31,5,5
EDU,28,Meia-noite,minor,32,1,1
EDU,28,Meia-noite,minor,33,3,#11
EDU,28,Meia-noite,minor,34,1,b9/#9
EDU,28,Meia-noite,minor,35,5,7
EDU,28,Meia-noite,minor,36,b7,9
EDU,28,Meia-noite,minor,37,6,7
EDU,28,Meia-noite,minor,38,5,1
EDU,28,Meia-noite,minor,39,3,b13
EDU,28,Meia-noite,minor,40,1,1
EDU,28,Meia-noite,minor,41,5,5
EDU,28,Meia-noite,minor,42,6,x
EDU,28,Meia-noite,minor,43,b7,9
EDU,28,Meia-noite,minor,44,6,x
EDU,28,Meia-noite,minor,45,5,5
EDU,28,Meia-noite,minor,46,#3,3
EDU,28,Meia-noite,minor,47,1,1
EDU,28,Meia-noite,minor,48,b7,7
EDU,28,Meia-noite,minor,49,1,5
EDU,28,Meia-noite,minor,50,4,1
EDU,28,Meia-noite,minor,51,3,7
EDU,28,Meia-noite,minor,52,4,3
EDU,28,Meia-noite,minor,53,5,1
EDU,28,Meia-noite,minor,54,4,7
EDU,28,Meia-noite,minor,55,5,7
EDU,28,Meia-noite,minor,56,5,#11
EDU,28,Meia-noite,minor,57,4,3
EDU,28,Meia-noite,minor,58,4,x
EDU,28,Meia-noite,minor,59,3,3
EDU,28,Meia-noite,minor,60,2,x
EDU,28,Meia-noite,minor,61,3,5
EDU,28,Meia-noite,minor,62,7,3
EDU,28,Meia-noite,minor,63,b7,x
EDU,28,Meia-noite,minor,64,6,1
EDU,28,Meia-noite,minor,65,5,3
EDU,28,Meia-noite,minor,66,5,7
EDU,28,Meia-noite,minor,67,4,6
EDU,28,Meia-noite,minor,68,5,x
EDU,28,Meia-noite,minor,69,4,6
EDU,28,Meia-noite,minor,70,5,7
EDU,28,Meia-noite,minor,71,4,x
EDU,28,Meia-noite,minor,72,5,7
EDU,28,Meia-noite,minor,73,4,x
EDU,28,Meia-noite,minor,74,3,b13
EDU,28,Meia-noite,minor,75,1,1
EDU,28,Meia-noite,minor,76,5,#11
EDU,28,Meia-noite,minor,77,4,3
EDU,28,Meia-noite,minor,78,4,x
EDU,28,Meia-noite,minor,79,3,3
EDU,28,Meia-noite,minor,80,2,x
EDU,28,Meia-noite,minor,81,3,5
EDU,28,Meia-noite,minor,82,7,3
EDU,28,Meia-noite,minor,83,b7,x
EDU,28,Meia-noite,minor,84,6,1
EDU,28,Meia-noite,minor,85,5,3
EDU,28,Meia-noite,minor,86,5,7
EDU,28,Meia-noite,minor,87,4,x
EDU,28,Meia-noite,minor,88,3,5
EDU,28,Meia-noite,minor,89,1,3
EDU,28,Meia-noite,minor,90,5,7
EDU,28,Meia-noite,minor,91,b7,x
EDU,28,Meia-noite,minor,92,6,b9/#9
EDU,28,Meia-noite,minor,93,3,b13
EDU,28,Meia-noite,minor,94,1,1
EDU,31,Pra voce que chora,major,1,5,5
EDU,31,Pra voce que chora,major,2,4,x
EDU,31,Pra voce que chora,major,3,3,3
EDU,31,Pra voce que chora,major,4,2,x
EDU,31,Pra voce que chora,major,5,3,3
EDU,31,Pra voce que chora,major,6,5,5
EDU,31,Pra voce que chora,major,7,#4/b5,5
EDU,31,Pra voce que chora,major,8,4,x
EDU,31,Pra voce que chora,major,9,3,3
EDU,31,Pra voce que chora,major,10,4,x
EDU,31,Pra voce que chora,major,11,#4/b5,5
EDU,31,Pra voce que chora,major,12,7,1
EDU,31,Pra voce que chora,major,13,3,3
EDU,31,Pra voce que chora,major,14,2,x
EDU,31,Pra voce que chora,major,15,1,1
EDU,31,Pra voce que chora,major,16,7,x
EDU,31,Pra voce que chora,major,17,1,3
EDU,31,Pra voce que chora,major,18,3,5
EDU,31,Pra voce que chora,major,19,#4/b5,5
EDU,31,Pra voce que chora,major,20,#2/b3,3
EDU,31,Pra voce que chora,major,21,#1/b2,9
EDU,31,Pra voce que chora,major,22,7,x
EDU,31,Pra voce que chora,major,23,#6/b7,7
EDU,31,Pra voce que chora,major,24,7,1
EDU,31,Pra voce que chora,major,25,5,1
EDU,31,Pra voce que chora,major,26,7,3
EDU,31,Pra voce que chora,major,27,2,5
EDU,31,Pra voce que chora,major,28,1,3
EDU,31,Pra voce que chora,major,29,6,1
EDU,31,Pra voce que chora,major,30,3,5
EDU,31,Pra voce que chora,major,31,1,3
EDU,31,Pra voce que chora,major,32,5,5
EDU,31,Pra voce que chora,major,33,4,x
EDU,31,Pra voce que chora,major,34,#2/b3,3
EDU,31,Pra voce que chora,major,35,2,x
EDU,31,Pra voce que chora,major,36,#2/b3,3
EDU,31,Pra voce que chora,major,37,3,3
EDU,31,Pra voce que chora,major,38,2,x
EDU,31,Pra voce que chora,major,39,1,3
EDU,31,Pra voce que chora,major,40,7,x
EDU,31,Pra voce que chora,major,41,1,3
EDU,31,Pra voce que chora,major,42,3,5
EDU,31,Pra voce que chora,major,43,6,9
EDU,31,Pra voce que chora,major,44,7,3
EDU,31,Pra voce que chora,major,45,1,1
EDU,31,Pra voce que chora,major,46,2,9
EDU,31,Pra voce que chora,major,47,#6/b7,3
EDU,31,Pra voce que chora,major,48,6,x
EDU,31,Pra voce que chora,major,49,#6/b7,3
EDU,31,Pra voce que chora,major,50,1,1
EDU,31,Pra voce que chora,major,51,2,9
EDU,31,Pra voce que chora,major,52,#6/b7,3
EDU,31,Pra voce que chora,major,53,6,x
EDU,31,Pra voce que chora,major,54,#6/b7,3
EDU,31,Pra voce que chora,major,55,1,1
EDU,31,Pra voce que chora,major,56,2,9
EDU,31,Pra voce que chora,major,57,#6/b7,3
EDU,31,Pra voce que chora,major,58,6,x
EDU,31,Pra voce que chora,major,59,#6/b7,3
EDU,31,Pra voce que chora,major,60,6,x
EDU,31,Pra voce que chora,major,61,5,6
EDU,31,Pra voce que chora,major,62,5,7
EDU,31,Pra voce que chora,major,63,5,7
EDU,31,Pra voce que chora,major,64,5,1
EDU,31,Pra voce que chora,major,65,5,5
EDU,33,Reza,major,1,6,5
EDU,33,Reza,major,2,3,9
EDU,33,Reza,major,3,2,5
EDU,33,Reza,major,4,1,x
EDU,33,Reza,major,5,7,3
EDU,33,Reza,major,6,6,1
EDU,33,Reza,major,7,3,5
EDU,33,Reza,major,8,2,11
EDU,33,Reza,major,9,1,x
EDU,33,Reza,major,10,7,x
EDU,33,Reza,major,11,6,3
EDU,33,Reza,major,12,3,7
EDU,33,Reza,major,13,2,6
EDU,33,Reza,major,14,1,x
EDU,33,Reza,major,15,7,5
EDU,33,Reza,major,16,6,11
EDU,33,Reza,major,17,1,3
EDU,33,Reza,major,18,6,1
EDU,33,Reza,major,19,1,7
EDU,33,Reza,major,20,6,5
EDU,33,Reza,major,21,1,3
EDU,33,Reza,major,22,6,1
EDU,33,Reza,major,23,#4/b5,3
EDU,33,Reza,major,24,6,1
EDU,33,Reza,major,25,6,5
EDU,33,Reza,major,26,6,1
EDU,33,Reza,major,27,7,x
EDU,33,Reza,major,28,1,3
EDU,33,Reza,major,29,7,x
EDU,33,Reza,major,30,6,5
EDU,33,Reza,major,31,2,1
EDU,33,Reza,major,32,6,1
EDU,33,Reza,major,33,7,x
EDU,33,Reza,major,34,1,3
EDU,33,Reza,major,35,7,x
EDU,33,Reza,major,36,6,5
EDU,33,Reza,major,37,1,7
EDU,33,Reza,major,38,2,1
EDU,33,Reza,major,39,6,9
EDU,33,Reza,major,40,1,3
EDU,33,Reza,major,41,6,1
EDU,33,Reza,major,42,6,1
EDU,33,Reza,major,43,7,x
EDU,33,Reza,major,44,1,3
EDU,33,Reza,major,45,7,x
EDU,33,Reza,major,46,6,5
EDU,33,Reza,major,47,2,1
EDU,33,Reza,major,48,6,1
EDU,33,Reza,major,49,7,x
EDU,33,Reza,major,50,1,3
EDU,33,Reza,major,51,7,x
EDU,33,Reza,major,52,6,5
EDU,33,Reza,major,53,3,9
EDU,33,Reza,major,54,1,7
EDU,33,Reza,major,55,2,1
EDU,33,Reza,major,56,6,5
EDU,33,Reza,major,57,7,3
EDU,33,Reza,major,58,1,7
EDU,33,Reza,major,59,7,5
EDU,33,Reza,major,60,6,9
EDU,33,Reza,major,61,3,13
EDU,33,Reza,major,62,1,x
EDU,33,Reza,major,63,2,11
EDU,33,Reza,major,64,6,1
EDU,33,Reza,major,65,7,x
EDU,33,Reza,major,66,1,3
EDU,33,Reza,major,67,7,x
EDU,33,Reza,major,68,6,1
EDU,33,Reza,major,69,3,5
EDU,33,Reza,major,70,1,3
EDU,33,Reza,major,71,2,b13
EDU,33,Reza,major,72,6,3
EDU,33,Reza,major,73,7,x
EDU,33,Reza,major,74,1,5
EDU,33,Reza,major,75,7,x
EDU,33,Reza,major,76,6,3
EDU,33,Reza,major,77,5,3
EDU,33,Reza,major,78,6,1
EDU,33,Reza,major,79,6,5
EDU,35,Vento bravo,minor,1,3,3
EDU,35,Vento bravo,minor,2,2,x
EDU,35,Vento bravo,minor,3,1,1
EDU,35,Vento bravo,minor,4,b7,7
EDU,35,Vento bravo,minor,5,1,1
EDU,35,Vento bravo,minor,6,2,x
EDU,35,Vento bravo,minor,7,3,3
EDU,35,Vento bravo,minor,8,2,x
EDU,35,Vento bravo,minor,9,1,1
EDU,35,Vento bravo,minor,10,b7,7
EDU,35,Vento bravo,minor,11,1,1
EDU,35,Vento bravo,minor,12,2,9
EDU,35,Vento bravo,minor,13,b7,7
EDU,35,Vento bravo,minor,14,3,3
EDU,35,Vento bravo,minor,15,2,x
EDU,35,Vento bravo,minor,16,1,1
EDU,35,Vento bravo,minor,17,b7,7
EDU,35,Vento bravo,minor,18,1,1
EDU,35,Vento bravo,minor,19,2,x
EDU,35,Vento bravo,minor,20,3,3
EDU,35,Vento bravo,minor,21,b7,7
EDU,35,Vento bravo,minor,22,1,1
EDU,35,Vento bravo,minor,23,#6,6
EDU,35,Vento bravo,minor,24,b7,7
EDU,35,Vento bravo,minor,25,#6,x
EDU,35,Vento bravo,minor,26,5,5
EDU,35,Vento bravo,minor,27,3,7
EDU,35,Vento bravo,minor,28,2,x
EDU,35,Vento bravo,minor,29,1,5
EDU,35,Vento bravo,minor,30,b7,x
EDU,35,Vento bravo,minor,31,1,5
EDU,35,Vento bravo,minor,32,2,x
EDU,35,Vento bravo,minor,33,3,7
EDU,35,Vento bravo,minor,34,5,9
EDU,35,Vento bravo,minor,35,b7,x
EDU,35,Vento bravo,minor,36,1,1
EDU,35,Vento bravo,minor,37,b7,7
EDU,35,Vento bravo,minor,38,#6,x
EDU,35,Vento bravo,minor,39,5,5
EDU,35,Vento bravo,minor,40,b7,7
EDU,35,Vento bravo,minor,41,1,x
EDU,35,Vento bravo,minor,42,b7,7
EDU,35,Vento bravo,minor,43,#6,x
EDU,35,Vento bravo,minor,44,5,5
EDU,35,Vento bravo,minor,45,3,3
EDU,35,Vento bravo,minor,46,2,9
EDU,35,Vento bravo,minor,47,1,1
EDU,36,Meus pensamentos de magoa,minor,1,1,x
EDU,36,Meus pensamentos de magoa,minor,2,7,3
EDU,36,Meus pensamentos de magoa,minor,3,1,x
EDU,36,Meus pensamentos de magoa,minor,4,2,5
EDU,36,Meus pensamentos de magoa,minor,5,3,3
EDU,36,Meus pensamentos de magoa,minor,6,5,7
EDU,36,Meus pensamentos de magoa,minor,7,4,x
EDU,36,Meus pensamentos de magoa,minor,8,5,7
EDU,36,Meus pensamentos de magoa,minor,9,6,x
EDU,36,Meus pensamentos de magoa,minor,10,5,7
EDU,36,Meus pensamentos de magoa,minor,11,4,x
EDU,36,Meus pensamentos de magoa,minor,12,5,3
EDU,36,Meus pensamentos de magoa,minor,13,5,9
EDU,36,Meus pensamentos de magoa,minor,14,4,x
EDU,36,Meus pensamentos de magoa,minor,15,3,7
EDU,36,Meus pensamentos de magoa,minor,16,5,9
EDU,36,Meus pensamentos de magoa,minor,17,4,x
EDU,36,Meus pensamentos de magoa,minor,18,3,7
EDU,36,Meus pensamentos de magoa,minor,19,4,3
EDU,36,Meus pensamentos de magoa,minor,20,5,1
EDU,36,Meus pensamentos de magoa,minor,21,7,3
EDU,36,Meus pensamentos de magoa,minor,22,2,5
EDU,36,Meus pensamentos de magoa,minor,23,4,7
EDU,36,Meus pensamentos de magoa,minor,24,3,x
EDU,36,Meus pensamentos de magoa,minor,25,2,5
EDU,36,Meus pensamentos de magoa,minor,26,3,5
EDU,36,Meus pensamentos de magoa,minor,27,1,3
EDU,36,Meus pensamentos de magoa,minor,28,4,5
EDU,36,Meus pensamentos de magoa,minor,29,b7,7
EDU,36,Meus pensamentos de magoa,minor,30,1,9
EDU,36,Meus pensamentos de magoa,minor,31,3,x
EDU,36,Meus pensamentos de magoa,minor,32,2,3
EDU,36,Meus pensamentos de magoa,minor,33,1,x
EDU,36,Meus pensamentos de magoa,minor,34,b7,5
EDU,36,Meus pensamentos de magoa,minor,35,5,#11
EDU,36,Meus pensamentos de magoa,minor,36,3,b9/#9
EDU,36,Meus pensamentos de magoa,minor,37,2,x
EDU,36,Meus pensamentos de magoa,minor,38,3,b13
EDU,36,Meus pensamentos de magoa,minor,39,1,7
EDU,36,Meus pensamentos de magoa,minor,40,4,3
EDU,36,Meus pensamentos de magoa,minor,41,#3,x
EDU,36,Meus pensamentos de magoa,minor,42,3,b13
EDU,36,Meus pensamentos de magoa,minor,43,2,5
EDU,36,Meus pensamentos de magoa,minor,44,4,7
EDU,36,Meus pensamentos de magoa,minor,45,3,3
EDU,36,Meus pensamentos de magoa,minor,46,1,1
EDU,38,Zanzibar,major,1,5,5
EDU,38,Zanzibar,major,2,3,3
EDU,38,Zanzibar,major,3,#2/b3,b9/#9
EDU,38,Zanzibar,major,4,1,1
EDU,38,Zanzibar,major,5,#2/b3,b9/#9
EDU,38,Zanzibar,major,6,6,13
EDU,38,Zanzibar,major,7,1,1
EDU,38,Zanzibar,major,8,#2/b3,b9/#9
EDU,38,Zanzibar,major,9,5,5
EDU,38,Zanzibar,major,10,4,x
EDU,38,Zanzibar,major,11,#2/b3,b9/#9
EDU,38,Zanzibar,major,12,1,1
EDU,38,Zanzibar,major,13,#2/b3,b9/#9
EDU,38,Zanzibar,major,14,6,13
EDU,38,Zanzibar,major,15,6,13
EDU,38,Zanzibar,major,16,1,1
EDU,38,Zanzibar,major,17,#2/b3,b9/#9
EDU,38,Zanzibar,major,18,5,5
EDU,38,Zanzibar,major,19,3,3
EDU,38,Zanzibar,major,20,#2/b3,b9/#9
EDU,38,Zanzibar,major,21,1,1
EDU,38,Zanzibar,major,22,#6/b7,7
EDU,38,Zanzibar,major,23,6,x
EDU,38,Zanzibar,major,24,5,5
EDU,38,Zanzibar,major,25,6,13
EDU,38,Zanzibar,major,26,5,5
EDU,38,Zanzibar,major,27,4,x
EDU,38,Zanzibar,major,28,#2/b3,b9/#9
EDU,38,Zanzibar,major,29,2,x
EDU,38,Zanzibar,major,30,1,1
EDU,38,Zanzibar,major,31,#2/b3,b9/#9
EDU,38,Zanzibar,major,32,2,9
EDU,38,Zanzibar,major,33,#2/b3,b9/#9
EDU,38,Zanzibar,major,34,5,9
EDU,38,Zanzibar,major,35,4,x
EDU,38,Zanzibar,major,36,#2/b3,7
EDU,38,Zanzibar,major,37,5,9
EDU,38,Zanzibar,major,38,#6/b7,x
EDU,38,Zanzibar,major,39,6,3
EDU,38,Zanzibar,major,40,5,9
EDU,38,Zanzibar,major,41,4,x
EDU,38,Zanzibar,major,42,#2/b3,7
EDU,38,Zanzibar,major,43,1,5
EDU,38,Zanzibar,major,44,#1/b2,7
EDU,38,Zanzibar,major,45,#6/b7,5
EDU,38,Zanzibar,major,46,1,x
EDU,38,Zanzibar,major,47,#1/b2,7
EDU,38,Zanzibar,major,48,#2/b3,1
EDU,38,Zanzibar,major,49,4,x
EDU,38,Zanzibar,major,50,5,9
EDU,38,Zanzibar,major,51,#2/b3,7
EDU,38,Zanzibar,major,52,4,1
EDU,38,Zanzibar,major,53,#2/b3,7
EDU,38,Zanzibar,major,54,4,x
EDU,38,Zanzibar,major,55,5,9
EDU,38,Zanzibar,major,56,#5/b6,3
EDU,38,Zanzibar,major,57,#6/b7,5
EDU,38,Zanzibar,major,58,#5/b6,x
EDU,38,Zanzibar,major,59,5,7
EDU,38,Zanzibar,major,60,4,x
EDU,38,Zanzibar,major,61,5,7
EDU,38,Zanzibar,major,62,4,6
EDU,38,Zanzibar,major,63,#6/b7,9
EDU,38,Zanzibar,major,64,#5/b6,x
EDU,38,Zanzibar,major,65,5,1
EDU,38,Zanzibar,major,66,4,7
EDU,38,Zanzibar,major,67,5,1
EDU,38,Zanzibar,major,68,#2/b3,b13
EDU,38,Zanzibar,major,69,#6/b7,b9/#9
EDU,38,Zanzibar,major,70,#5/b6,x
EDU,38,Zanzibar,major,71,5,9
EDU,38,Zanzibar,major,72,4,1
EDU,38,Zanzibar,major,73,5,9
EDU,38,Zanzibar,major,74,4,1
EDU,38,Zanzibar,major,75,#6/b7,11
EDU,38,Zanzibar,major,76,#5/b6,x
EDU,38,Zanzibar,major,77,5,3
EDU,38,Zanzibar,major,78,4,9
EDU,38,Zanzibar,major,79,5,3
EDU,38,Zanzibar,major,80,#2/b3,1
EDU,38,Zanzibar,major,81,#6/b7,5
EDU,38,Zanzibar,major,82,#5/b6,x
EDU,38,Zanzibar,major,83,5,#11
EDU,38,Zanzibar,major,84,4,3
EDU,38,Zanzibar,major,85,#2/b3,9
EDU,38,Zanzibar,major,86,#5/b6,5
EDU,38,Zanzibar,major,87,#2/b3,b9/#9
EDU,38,Zanzibar,major,88,1,1
EDU,38,Zanzibar,major,89,#2/b3,b9/#9
EDU,41,Na ilha de Lia no barco de Rosa,major,1,3,3
EDU,41,Na ilha de Lia no barco de Rosa,major,2,5,5
EDU,41,Na ilha de Lia no barco de Rosa,major,3,6,x
EDU,41,Na ilha de Lia no barco de Rosa,major,4,5,5
EDU,41,Na ilha de Lia no barco de Rosa,major,5,6,x
EDU,41,Na ilha de Lia no barco de Rosa,major,6,5,5
EDU,41,Na ilha de Lia no barco de Rosa,major,7,6,6
EDU,41,Na ilha de Lia no barco de Rosa,major,8,2,5
EDU,41,Na ilha de Lia no barco de Rosa,major,9,3,x
EDU,41,Na ilha de Lia no barco de Rosa,major,10,4,7
EDU,41,Na ilha de Lia no barco de Rosa,major,11,3,13
EDU,41,Na ilha de Lia no barco de Rosa,major,12,4,7
EDU,41,Na ilha de Lia no barco de Rosa,major,13,2,5
EDU,41,Na ilha de Lia no barco de Rosa,major,14,3,x
EDU,41,Na ilha de Lia no barco de Rosa,major,15,4,7
EDU,41,Na ilha de Lia no barco de Rosa,major,16,5,x
EDU,41,Na ilha de Lia no barco de Rosa,major,17,4,7
EDU,41,Na ilha de Lia no barco de Rosa,major,18,5,x
EDU,41,Na ilha de Lia no barco de Rosa,major,19,4,7
EDU,41,Na ilha de Lia no barco de Rosa,major,20,6,9
EDU,41,Na ilha de Lia no barco de Rosa,major,21,5,1
EDU,41,Na ilha de Lia no barco de Rosa,major,22,1,1
EDU,41,Na ilha de Lia no barco de Rosa,major,23,2,x
EDU,41,Na ilha de Lia no barco de Rosa,major,24,3,3
EDU,41,Na ilha de Lia no barco de Rosa,major,25,4,x
EDU,41,Na ilha de Lia no barco de Rosa,major,26,3,7
EDU,41,Na ilha de Lia no barco de Rosa,major,27,6,3
EDU,41,Na ilha de Lia no barco de Rosa,major,28,7,x
EDU,41,Na ilha de Lia no barco de Rosa,major,29,1,5
EDU,41,Na ilha de Lia no barco de Rosa,major,30,7,x
EDU,41,Na ilha de Lia no barco de Rosa,major,31,1,5
EDU,41,Na ilha de Lia no barco de Rosa,major,32,7,#11
EDU,41,Na ilha de Lia no barco de Rosa,major,33,2,5
EDU,41,Na ilha de Lia no barco de Rosa,major,34,1,x
EDU,41,Na ilha de Lia no barco de Rosa,major,35,7,3
EDU,41,Na ilha de Lia no barco de Rosa,major,36,5,3
EDU,41,Na ilha de Lia no barco de Rosa,major,37,6,x
EDU,41,Na ilha de Lia no barco de Rosa,major,38,7,5
EDU,41,Na ilha de Lia no barco de Rosa,major,39,6,11
EDU,41,Na ilha de Lia no barco de Rosa,major,40,7,9
EDU,41,Na ilha de Lia no barco de Rosa,major,41,3,5
EDU,41,Na ilha de Lia no barco de Rosa,major,42,4,3
EDU,41,Na ilha de Lia no barco de Rosa,major,43,5,x
EDU,41,Na ilha de Lia no barco de Rosa,major,44,6,5
EDU,41,Na ilha de Lia no barco de Rosa,major,45,5,3
EDU,41,Na ilha de Lia no barco de Rosa,major,46,6,x
EDU,41,Na ilha de Lia no barco de Rosa,major,47,7,5
EDU,41,Na ilha de Lia no barco de Rosa,major,48,#6/b7,11
EDU,41,Na ilha de Lia no barco de Rosa,major,49,#5/b6,x
EDU,41,Na ilha de Lia no barco de Rosa,major,50,#6/b7,11
EDU,41,Na ilha de Lia no barco de Rosa,major,51,#5/b6,x
EDU,41,Na ilha de Lia no barco de Rosa,major,52,#6/b7,1
EDU,41,Na ilha de Lia no barco de Rosa,major,53,#5/b6,x
EDU,41,Na ilha de Lia no barco de Rosa,major,54,#6/b7,1
EDU,41,Na ilha de Lia no barco de Rosa,major,55,#5/b6,x
EDU,41,Na ilha de Lia no barco de Rosa,major,56,5,11
EDU,41,Na ilha de Lia no barco de Rosa,major,57,4,x
EDU,41,Na ilha de Lia no barco de Rosa,major,58,5,11
EDU,41,Na ilha de Lia no barco de Rosa,major,59,4,x
EDU,41,Na ilha de Lia no barco de Rosa,major,60,5,11
EDU,41,Na ilha de Lia no barco de Rosa,major,61,4,x
EDU,41,Na ilha de Lia no barco de Rosa,major,62,5,#11
EDU,41,Na ilha de Lia no barco de Rosa,major,63,4,x
EDU,41,Na ilha de Lia no barco de Rosa,major,64,3,3
EDU,43,Sobre todas as coisas,minor,1,5,5
EDU,43,Sobre todas as coisas,minor,2,b7,7
EDU,43,Sobre todas as coisas,minor,3,b7,b9/#9
EDU,43,Sobre todas as coisas,minor,4,6,b9/#9
EDU,43,Sobre todas as coisas,minor,5,5,x
EDU,43,Sobre todas as coisas,minor,6,4,7
EDU,43,Sobre todas as coisas,minor,7,3,b13
EDU,43,Sobre todas as coisas,minor,8,5,5
EDU,43,Sobre todas as coisas,minor,9,b7,7
EDU,43,Sobre todas as coisas,minor,10,b7,b9/#9
EDU,43,Sobre todas as coisas,minor,11,6,b9/#9
EDU,43,Sobre todas as coisas,minor,12,5,x
EDU,43,Sobre todas as coisas,minor,13,4,7
EDU,43,Sobre todas as coisas,minor,14,3,b13
EDU,43,Sobre todas as coisas,minor,15,3,3
EDU,43,Sobre todas as coisas,minor,16,3,5
EDU,43,Sobre todas as coisas,minor,17,3,3
EDU,43,Sobre todas as coisas,minor,18,5,7
EDU,43,Sobre todas as coisas,minor,19,5,x
EDU,43,Sobre todas as coisas,minor,20,4,6
EDU,43,Sobre todas as coisas,minor,21,3,5
EDU,43,Sobre todas as coisas,minor,22,2,5
EDU,43,Sobre todas as coisas,minor,23,3,b13
EDU,43,Sobre todas as coisas,minor,24,1,1
EDU,43,Sobre todas as coisas,minor,25,1,5
EDU,43,Sobre todas as coisas,minor,26,1,9
EDU,43,Sobre todas as coisas,minor,27,2,3
EDU,43,Sobre todas as coisas,minor,28,3,x
EDU,43,Sobre todas as coisas,minor,29,4,5
EDU,43,Sobre todas as coisas,minor,30,5,x
EDU,43,Sobre todas as coisas,minor,31,6,7
EDU,43,Sobre todas as coisas,minor,32,b7,1
EDU,43,Sobre todas as coisas,minor,33,3,3
EDU,43,Sobre todas as coisas,minor,34,2,x
EDU,43,Sobre todas as coisas,minor,35,3,3
EDU,43,Sobre todas as coisas,minor,36,1,3
EDU,43,Sobre todas as coisas,minor,37,2,x
EDU,43,Sobre todas as coisas,minor,38,3,5
EDU,43,Sobre todas as coisas,minor,39,4,x
EDU,43,Sobre todas as coisas,minor,40,5,7
EDU,43,Sobre todas as coisas,minor,41,6,1
EDU,43,Sobre todas as coisas,minor,42,4,b9/#9
EDU,43,Sobre todas as coisas,minor,43,4,6
EDU,43,Sobre todas as coisas,minor,44,5,1
EDU,43,Sobre todas as coisas,minor,45,#6,x
EDU,43,Sobre todas as coisas,minor,46,7,3
EDU,43,Sobre todas as coisas,minor,47,1,x
EDU,43,Sobre todas as coisas,minor,48,2,5
EDU,43,Sobre todas as coisas,minor,49,4,7
EDU,43,Sobre todas as coisas,minor,50,3,3
EDU,45,No cordao da saideira,minor,1,5,5
EDU,45,No cordao da saideira,minor,2,3,3
EDU,45,No cordao da saideira,minor,3,5,5
EDU,45,No cordao da saideira,minor,4,6,x
EDU,45,No cordao da saideira,minor,5,3,5
EDU,45,No cordao da saideira,minor,6,2,x
EDU,45,No cordao da saideira,minor,7,1,3
EDU,45,No cordao da saideira,minor,8,b7,x
EDU,45,No cordao da saideira,minor,9,6,1
EDU,45,No cordao da saideira,minor,10,5,x
EDU,45,No cordao da saideira,minor,11,4,3
EDU,45,No cordao da saideira,minor,12,2,1
EDU,45,No cordao da saideira,minor,13,2,5
EDU,45,No cordao da saideira,minor,14,7,3
EDU,45,No cordao da saideira,minor,15,6,b9/#9
EDU,45,No cordao da saideira,minor,16,5,1
EDU,45,No cordao da saideira,minor,17,4,x
EDU,45,No cordao da saideira,minor,18,3,3
EDU,45,No cordao da saideira,minor,19,1,11
EDU,45,No cordao da saideira,minor,20,b7,3
EDU,45,No cordao da saideira,minor,21,#1/b2,b9/#9
EDU,45,No cordao da saideira,minor,22,#3,3
EDU,45,No cordao da saideira,minor,23,5,9
EDU,45,No cordao da saideira,minor,24,4,1
EDU,45,No cordao da saideira,minor,25,b7,11
EDU,45,No cordao da saideira,minor,26,6,7
EDU,45,No cordao da saideira,minor,27,5,x
EDU,45,No cordao da saideira,minor,28,4,5
EDU,45,No cordao da saideira,minor,29,3,3
EDU,45,No cordao da saideira,minor,30,1,9
EDU,45,No cordao da saideira,minor,31,6,7
EDU,45,No cordao da saideira,minor,32,5,7
EDU,45,No cordao da saideira,minor,33,1,11
EDU,45,No cordao da saideira,minor,34,#6,5
EDU,45,No cordao da saideira,minor,35,7,x
EDU,45,No cordao da saideira,minor,36,1,7
EDU,45,No cordao da saideira,minor,37,2,5
EDU,45,No cordao da saideira,minor,38,4,7
EDU,45,No cordao da saideira,minor,39,3,x
EDU,45,No cordao da saideira,minor,40,2,5
EDU,45,No cordao da saideira,minor,41,5,5
EDU,45,No cordao da saideira,minor,42,#4/b5,x
EDU,45,No cordao da saideira,minor,43,6,5
EDU,45,No cordao da saideira,minor,44,1,1
EDU,45,No cordao da saideira,minor,45,5,5
EDU,45,No cordao da saideira,minor,46,b7,11
EDU,45,No cordao da saideira,minor,47,6,3
EDU,48,Ponteio,minor,1,2,9
EDU,48,Ponteio,minor,2,1,1
EDU,48,Ponteio,minor,3,3,3
EDU,48,Ponteio,minor,4,5,5
EDU,48,Ponteio,minor,5,2,9
EDU,48,Ponteio,minor,6,1,1
EDU,48,Ponteio,minor,7,3,3
EDU,48,Ponteio,minor,8,1,7
EDU,48,Ponteio,minor,9,b7,6
EDU,48,Ponteio,minor,10,3,9
EDU,48,Ponteio,minor,11,1,7
EDU,48,Ponteio,minor,12,b7,6
EDU,48,Ponteio,minor,13,4,x
EDU,48,Ponteio,minor,14,5,#11
EDU,48,Ponteio,minor,15,5,9
EDU,48,Ponteio,minor,16,5,x
EDU,48,Ponteio,minor,17,4,b9/#9
EDU,48,Ponteio,minor,18,1,b13
EDU,48,Ponteio,minor,19,5,9
EDU,48,Ponteio,minor,20,5,x
EDU,48,Ponteio,minor,21,4,1
EDU,48,Ponteio,minor,22,b7,11
EDU,48,Ponteio,minor,23,1,3
EDU,48,Ponteio,minor,24,3,5
EDU,48,Ponteio,minor,25,4,1
EDU,48,Ponteio,minor,26,1,5
EDU,48,Ponteio,minor,27,1,6
EDU,48,Ponteio,minor,28,3,1
EDU,48,Ponteio,minor,29,4,3
EDU,48,Ponteio,minor,30,5,#11
EDU,50,Pra dizer adeus,minor,1,4,3
EDU,50,Pra dizer adeus,minor,2,3,3
EDU,50,Pra dizer adeus,minor,3,5,b13
EDU,50,Pra dizer adeus,minor,4,#4/b5,x
EDU,50,Pra dizer adeus,minor,5,4,x
EDU,50,Pra dizer adeus,minor,6,#3,11
EDU,50,Pra dizer adeus,minor,7,3,1
EDU,50,Pra dizer adeus,minor,8,#4/b5,7
EDU,50,Pra dizer adeus,minor,9,4,x
EDU,50,Pra dizer adeus,minor,10,#3,x
EDU,50,Pra dizer adeus,minor,11,3,5
EDU,50,Pra dizer adeus,minor,12,2,6
EDU,50,Pra dizer adeus,minor,13,5,1
EDU,50,Pra dizer adeus,minor,14,4,7
EDU,50,Pra dizer adeus,minor,15,7,3
EDU,50,Pra dizer adeus,minor,16,3,b13
EDU,50,Pra dizer adeus,minor,17,2,9
EDU,50,Pra dizer adeus,minor,18,1,1
EDU,50,Pra dizer adeus,minor,19,1,3
EDU,50,Pra dizer adeus,minor,20,5,1
EDU,50,Pra dizer adeus,minor,21,7,3
EDU,50,Pra dizer adeus,minor,22,7,x
EDU,50,Pra dizer adeus,minor,23,1,1
EDU,50,Pra dizer adeus,minor,24,5,5
EDU,50,Pra dizer adeus,minor,25,5,b13
EDU,50,Pra dizer adeus,minor,26,#4/b5,x
EDU,50,Pra dizer adeus,minor,27,4,x
EDU,50,Pra dizer adeus,minor,28,#3,11
EDU,50,Pra dizer adeus,minor,29,3,1
EDU,50,Pra dizer adeus,minor,30,#4/b5,7
EDU,50,Pra dizer adeus,minor,31,4,x
EDU,50,Pra dizer adeus,minor,32,#3,x
EDU,50,Pra dizer adeus,minor,33,3,5
EDU,50,Pra dizer adeus,minor,34,2,6
EDU,50,Pra dizer adeus,minor,35,5,1
EDU,50,Pra dizer adeus,minor,36,4,7
EDU,50,Pra dizer adeus,minor,37,7,3
EDU,50,Pra dizer adeus,minor,38,3,b13
EDU,50,Pra dizer adeus,minor,39,2,9
EDU,50,Pra dizer adeus,minor,40,1,1
GIL,1,Andar com fe,major,1,5,5
GIL,1,Andar com fe,major,2,3,3
GIL,1,Andar com fe,major,3,6,6
GIL,1,Andar com fe,major,4,5,5
GIL,1,Andar com fe,major,5,3,3
GIL,1,Andar com fe,major,6,6,6
GIL,1,Andar com fe,major,7,5,5
GIL,1,Andar com fe,major,8,5,1
GIL,1,Andar com fe,major,9,4,7
GIL,1,Andar com fe,major,10,2,5
GIL,1,Andar com fe,major,11,3,3
GIL,1,Andar com fe,major,12,1,1
GIL,1,Andar com fe,major,13,5,5
GIL,1,Andar com fe,major,14,3,3
GIL,1,Andar com fe,major,15,5,5
GIL,1,Andar com fe,major,16,3,3
GIL,1,Andar com fe,major,17,1,1
GIL,1,Andar com fe,major,18,2,5
GIL,1,Andar com fe,major,19,7,3
GIL,1,Andar com fe,major,20,5,1
GIL,1,Andar com fe,major,21,2,5
GIL,1,Andar com fe,major,22,1,5
GIL,1,Andar com fe,major,23,6,11
GIL,1,Andar com fe,major,24,7,5
GIL,1,Andar com fe,major,25,1,x
GIL,1,Andar com fe,major,26,7,5
GIL,1,Andar com fe,major,27,6,x
GIL,1,Andar com fe,major,28,5,11
GIL,2,Aquele abraco,major,1,5,5
GIL,2,Aquele abraco,major,2,4,x
GIL,2,Aquele abraco,major,3,3,3
GIL,2,Aquele abraco,major,4,2,x
GIL,2,Aquele abraco,major,5,1,1
GIL,2,Aquele abraco,major,6,1,5
GIL,2,Aquele abraco,major,7,4,1
GIL,2,Aquele abraco,major,8,6,3
GIL,2,Aquele abraco,major,9,1,5
GIL,2,Aquele abraco,major,10,4,1
GIL,2,Aquele abraco,major,11,3,3
GIL,2,Aquele abraco,major,12,1,1
GIL,2,Aquele abraco,major,13,1,5
GIL,2,Aquele abraco,major,14,6,1
GIL,2,Aquele abraco,major,15,1,3
GIL,2,Aquele abraco,major,16,6,1
GIL,2,Aquele abraco,major,17,1,3
GIL,2,Aquele abraco,major,18,6,1
GIL,2,Aquele abraco,major,19,5,x
GIL,2,Aquele abraco,major,20,#4/b5,3
GIL,2,Aquele abraco,major,21,2,1
GIL,2,Aquele abraco,major,22,1,7
GIL,2,Aquele abraco,major,23,1,3
GIL,2,Aquele abraco,major,24,6,1
GIL,2,Aquele abraco,major,25,5,7
GIL,2,Aquele abraco,major,26,6,1
GIL,2,Aquele abraco,major,27,5,x
GIL,2,Aquele abraco,major,28,#4/b5,3
GIL,2,Aquele abraco,major,29,2,1
GIL,2,Aquele abraco,major,30,7,3
GIL,2,Aquele abraco,major,31,5,1
GIL,2,Aquele abraco,major,32,3,13
GIL,2,Aquele abraco,major,33,3,3
GIL,2,Aquele abraco,major,34,2,x
GIL,2,Aquele abraco,major,35,1,1
GIL,2,Aquele abraco,major,36,6,6
GIL,2,Aquele abraco,major,37,5,5
GIL,2,Aquele abraco,major,38,5,9
GIL,2,Aquele abraco,major,39,6,3
GIL,2,Aquele abraco,major,40,4,1
GIL,2,Aquele abraco,major,41,3,3
GIL,2,Aquele abraco,major,42,1,1
GIL,3,Aqui e agora,major,1,3,3
GIL,3,Aqui e agora,major,2,5,5
GIL,3,Aqui e agora,major,3,4,3
GIL,3,Aqui e agora,major,4,3,x
GIL,3,Aqui e agora,major,5,2,1
GIL,3,Aqui e agora,major,6,1,7
GIL,3,Aqui e agora,major,7,3,9
GIL,3,Aqui e agora,major,8,3,1
GIL,3,Aqui e agora,major,9,2,x
GIL,3,Aqui e agora,major,10,1,7
GIL,3,Aqui e agora,major,11,2,1
GIL,3,Aqui e agora,major,12,3,x
GIL,3,Aqui e agora,major,13,2,9
GIL,3,Aqui e agora,major,14,1,1
GIL,3,Aqui e agora,major,15,3,3
GIL,3,Aqui e agora,major,16,5,5
GIL,3,Aqui e agora,major,17,4,3
GIL,3,Aqui e agora,major,18,3,x
GIL,3,Aqui e agora,major,19,2,1
GIL,3,Aqui e agora,major,20,1,7
GIL,3,Aqui e agora,major,21,3,9
GIL,3,Aqui e agora,major,22,3,3
GIL,3,Aqui e agora,major,23,2,x
GIL,3,Aqui e agora,major,24,1,7
GIL,3,Aqui e agora,major,25,2,1
GIL,3,Aqui e agora,major,26,3,x
GIL,3,Aqui e agora,major,27,2,x
GIL,3,Aqui e agora,major,28,1,7
GIL,3,Aqui e agora,major,29,3,3
GIL,3,Aqui e agora,major,30,5,5
GIL,3,Aqui e agora,major,31,4,3
GIL,3,Aqui e agora,major,32,3,x
GIL,3,Aqui e agora,major,33,2,1
GIL,3,Aqui e agora,major,34,1,7
GIL,3,Aqui e agora,major,35,3,9
GIL,3,Aqui e agora,major,36,3,5
GIL,3,Aqui e agora,major,37,6,1
GIL,3,Aqui e agora,major,38,3,5
GIL,3,Aqui e agora,major,39,5,7
GIL,3,Aqui e agora,major,40,4,7
GIL,3,Aqui e agora,major,41,3,x
GIL,3,Aqui e agora,major,42,2,5
GIL,3,Aqui e agora,major,43,1,7
GIL,3,Aqui e agora,major,44,3,1
GIL,3,Aqui e agora,major,45,7,5
GIL,3,Aqui e agora,major,46,3,1
GIL,3,Aqui e agora,major,47,5,3
GIL,3,Aqui e agora,major,48,4,7
GIL,3,Aqui e agora,major,49,3,x
GIL,3,Aqui e agora,major,50,2,5
GIL,3,Aqui e agora,major,51,1,#11
GIL,3,Aqui e agora,major,52,3,7
GIL,3,Aqui e agora,major,53,3,7
GIL,3,Aqui e agora,major,54,6,3
GIL,3,Aqui e agora,major,55,3,7
GIL,3,Aqui e agora,major,56,5,9
GIL,3,Aqui e agora,major,57,4,9
GIL,3,Aqui e agora,major,58,3,x
GIL,3,Aqui e agora,major,59,2,7
GIL,3,Aqui e agora,major,60,1,13
GIL,3,Aqui e agora,major,61,2,1
GIL,3,Aqui e agora,major,62,#2/b3,9
GIL,3,Aqui e agora,major,63,#2/b3,13
GIL,4,Barato total,major,1,5,5
GIL,4,Barato total,major,2,6,6
GIL,4,Barato total,major,3,5,5
GIL,4,Barato total,major,4,6,6
GIL,4,Barato total,major,5,5,5
GIL,4,Barato total,major,6,6,6
GIL,4,Barato total,major,7,5,5
GIL,4,Barato total,major,8,4,1
GIL,4,Barato total,major,9,5,9
GIL,4,Barato total,major,10,4,1
GIL,4,Barato total,major,11,3,3
GIL,4,Barato total,major,12,5,5
GIL,4,Barato total,major,13,6,6
GIL,4,Barato total,major,14,5,5
GIL,4,Barato total,major,15,6,6
GIL,4,Barato total,major,16,#6/b7,5
GIL,4,Barato total,major,17,1,6
GIL,4,Barato total,major,18,#6/b7,5
GIL,4,Barato total,major,19,#6/b7,x
GIL,4,Barato total,major,20,6,3
GIL,4,Barato total,major,21,5,9
GIL,4,Barato total,major,22,4,1
GIL,4,Barato total,major,23,4,13
GIL,4,Barato total,major,24,3,13
GIL,4,Barato total,major,25,1,6
GIL,4,Barato total,major,26,2,x
GIL,4,Barato total,major,27,#2/b3,1
GIL,4,Barato total,major,28,2,x
GIL,4,Barato total,major,29,1,6
GIL,4,Barato total,major,30,2,x
GIL,4,Barato total,major,31,#2/b3,1
GIL,4,Barato total,major,32,2,x
GIL,4,Barato total,major,33,1,6
GIL,4,Barato total,major,34,2,#11
GIL,4,Barato total,major,35,6,x
GIL,4,Barato total,major,36,7,3
GIL,4,Barato total,major,37,1,1
GIL,4,Barato total,major,38,#6/b7,7
GIL,4,Barato total,major,39,6,x
GIL,4,Barato total,major,40,5,5
GIL,4,Barato total,major,41,6,x
GIL,4,Barato total,major,42,5,5
GIL,4,Barato total,major,43,4,1
GIL,4,Barato total,major,44,5,x
GIL,4,Barato total,major,45,6,3
GIL,4,Barato total,major,46,2,13
GIL,4,Barato total,major,47,1,5
GIL,4,Barato total,major,48,7,13
GIL,4,Barato total,major,49,6,5
GIL,4,Barato total,major,50,7,13
GIL,4,Barato total,major,51,6,5
GIL,4,Barato total,major,52,5,x
GIL,4,Barato total,major,53,6,5
GIL,4,Barato total,major,54,7,3
GIL,4,Barato total,major,55,1,x
GIL,4,Barato total,major,56,2,5
GIL,4,Barato total,major,57,#2/b3,b9/#9
GIL,4,Barato total,major,58,2,x
GIL,4,Barato total,major,59,1,1
GIL,4,Barato total,major,60,2,x
GIL,4,Barato total,major,61,#2/b3,b9/#9
GIL,4,Barato total,major,62,2,x
GIL,4,Barato total,major,63,1,1
GIL,4,Barato total,major,64,2,x
GIL,4,Barato total,major,65,#2/b3,b9/#9
GIL,4,Barato total,major,66,2,x
GIL,4,Barato total,major,67,#2/b3,b9/#9
GIL,4,Barato total,major,68,2,x
GIL,4,Barato total,major,69,1,5
GIL,4,Barato total,major,70,6,3
GIL,4,Barato total,major,71,#2/b3,7
GIL,4,Barato total,major,72,2,x
GIL,4,Barato total,major,73,1,5
GIL,4,Barato total,major,74,3,3
GIL,4,Barato total,major,75,3,9
GIL,4,Barato total,major,76,6,5
GIL,4,Barato total,major,77,3,9
GIL,4,Barato total,major,78,3,13
GIL,4,Barato total,major,79,2,9
GIL,5,Chororo,major,1,3,1
GIL,5,Chororo,major,2,5,3
GIL,5,Chororo,major,3,6,7
GIL,5,Chororo,major,4,7,x
GIL,5,Chororo,major,5,6,5
GIL,5,Chororo,major,6,7,1
GIL,5,Chororo,major,7,5,3
GIL,5,Chororo,major,8,3,1
GIL,5,Chororo,major,9,5,3
GIL,5,Chororo,major,10,6,7
GIL,5,Chororo,major,11,7,x
GIL,5,Chororo,major,12,6,7
GIL,5,Chororo,major,13,7,1
GIL,5,Chororo,major,14,5,3
GIL,5,Chororo,major,15,3,1
GIL,5,Chororo,major,16,5,3
GIL,5,Chororo,major,17,6,7
GIL,5,Chororo,major,18,7,x
GIL,5,Chororo,major,19,6,7
GIL,5,Chororo,major,20,7,1
GIL,5,Chororo,major,21,5,3
GIL,5,Chororo,major,22,3,1
GIL,5,Chororo,major,23,5,3
GIL,5,Chororo,major,24,4,3
GIL,5,Chororo,major,25,3,x
GIL,5,Chororo,major,26,2,1
GIL,5,Chororo,major,27,1,7
GIL,5,Chororo,major,28,3,3
GIL,5,Chororo,major,29,1,1
GIL,5,Chororo,major,30,5,5
GIL,5,Chororo,major,31,#6/b7,7
GIL,5,Chororo,major,32,#6/b7,x
GIL,5,Chororo,major,33,6,3
GIL,5,Chororo,major,34,4,1
GIL,5,Chororo,major,35,6,3
GIL,5,Chororo,major,36,4,1
GIL,5,Chororo,major,37,5,1
GIL,5,Chororo,major,38,2,5
GIL,5,Chororo,major,39,1,1
GIL,5,Chororo,major,40,3,3
GIL,6,Cerebro eletronico,major,1,1,1
GIL,6,Cerebro eletronico,major,2,3,3
GIL,6,Cerebro eletronico,major,3,1,1
GIL,6,Cerebro eletronico,major,4,3,3
GIL,6,Cerebro eletronico,major,5,1,1
GIL,6,Cerebro eletronico,major,6,#6/b7,7
GIL,6,Cerebro eletronico,major,7,1,x
GIL,6,Cerebro eletronico,major,8,#6/b7,7
GIL,6,Cerebro eletronico,major,9,1,1
GIL,6,Cerebro eletronico,major,10,4,1
GIL,6,Cerebro eletronico,major,11,3,1
GIL,6,Cerebro eletronico,major,12,#5/b6,3
GIL,6,Cerebro eletronico,major,13,3,1
GIL,6,Cerebro eletronico,major,14,1,3
GIL,6,Cerebro eletronico,major,15,6,1
GIL,6,Cerebro eletronico,major,16,#6/b7,3
GIL,6,Cerebro eletronico,major,17,3,1
GIL,6,Cerebro eletronico,major,18,6,3
GIL,6,Cerebro eletronico,major,19,6,x
GIL,6,Cerebro eletronico,major,20,5,1
GIL,6,Cerebro eletronico,major,21,3,3
GIL,6,Cerebro eletronico,major,22,1,1
GIL,6,Cerebro eletronico,major,23,3,1
GIL,6,Cerebro eletronico,major,24,1,3
GIL,6,Cerebro eletronico,major,25,6,1
GIL,6,Cerebro eletronico,major,26,1,3
GIL,6,Cerebro eletronico,major,27,6,1
GIL,6,Cerebro eletronico,major,28,2,1
GIL,6,Cerebro eletronico,major,29,6,5
GIL,6,Cerebro eletronico,major,30,2,1
GIL,6,Cerebro eletronico,major,31,6,5
GIL,6,Cerebro eletronico,major,32,1,3
GIL,6,Cerebro eletronico,major,33,6,1
GIL,6,Cerebro eletronico,major,34,3,5
GIL,6,Cerebro eletronico,major,35,2,7
GIL,6,Cerebro eletronico,major,36,3,1
GIL,6,Cerebro eletronico,major,37,1,3
GIL,7,Copo vazio,major,1,3,3
GIL,7,Copo vazio,major,2,1,1
GIL,7,Copo vazio,major,3,2,x
GIL,7,Copo vazio,major,4,3,3
GIL,7,Copo vazio,major,5,2,x
GIL,7,Copo vazio,major,6,1,1
GIL,7,Copo vazio,major,7,7,5
GIL,7,Copo vazio,major,8,1,x
GIL,7,Copo vazio,major,9,2,7
GIL,7,Copo vazio,major,10,3,1
GIL,7,Copo vazio,major,11,1,3
GIL,7,Copo vazio,major,12,6,1
GIL,7,Copo vazio,major,13,6,5
GIL,7,Copo vazio,major,14,7,x
GIL,7,Copo vazio,major,15,1,7
GIL,7,Copo vazio,major,16,2,1
GIL,7,Copo vazio,major,17,7,3
GIL,7,Copo vazio,major,18,3,3
GIL,7,Copo vazio,major,19,1,1
GIL,7,Copo vazio,major,20,2,x
GIL,7,Copo vazio,major,21,3,3
GIL,7,Copo vazio,major,22,1,1
GIL,7,Copo vazio,major,23,4,1
GIL,7,Copo vazio,major,24,5,9
GIL,7,Copo vazio,major,25,4,x
GIL,7,Copo vazio,major,26,3,7
GIL,7,Copo vazio,major,27,3,1
GIL,7,Copo vazio,major,28,2,x
GIL,7,Copo vazio,major,29,1,x
GIL,7,Copo vazio,major,30,7,5
GIL,7,Copo vazio,major,31,6,1
GIL,7,Copo vazio,major,32,7,x
GIL,7,Copo vazio,major,33,1,3
GIL,7,Copo vazio,major,34,2,x
GIL,7,Copo vazio,major,35,1,3
GIL,7,Copo vazio,major,36,7,x
GIL,7,Copo vazio,major,37,6,1
GIL,7,Copo vazio,major,38,6,5
GIL,7,Copo vazio,major,39,7,x
GIL,7,Copo vazio,major,40,1,7
GIL,7,Copo vazio,major,41,2,1
GIL,7,Copo vazio,major,42,1,x
GIL,7,Copo vazio,major,43,7,3
GIL,7,Copo vazio,major,44,1,1
GIL,8,Cores vivas,major,1,3,3
GIL,8,Cores vivas,major,2,5,5
GIL,8,Cores vivas,major,3,5,1
GIL,8,Cores vivas,major,4,4,7
GIL,8,Cores vivas,major,5,3,x
GIL,8,Cores vivas,major,6,2,5
GIL,8,Cores vivas,major,7,1,1
GIL,8,Cores vivas,major,8,3,3
GIL,8,Cores vivas,major,9,3,13
GIL,8,Cores vivas,major,10,3,3
GIL,8,Cores vivas,major,11,5,5
GIL,8,Cores vivas,major,12,5,1
GIL,8,Cores vivas,major,13,4,7
GIL,8,Cores vivas,major,14,3,x
GIL,8,Cores vivas,major,15,2,5
GIL,8,Cores vivas,major,16,1,1
GIL,8,Cores vivas,major,17,3,3
GIL,8,Cores vivas,major,18,5,11
GIL,8,Cores vivas,major,19,5,5
GIL,8,Cores vivas,major,20,5,11
GIL,8,Cores vivas,major,21,4,x
GIL,8,Cores vivas,major,22,3,7
GIL,8,Cores vivas,major,23,2,x
GIL,8,Cores vivas,major,24,1,7
GIL,8,Cores vivas,major,25,2,x
GIL,8,Cores vivas,major,26,1,5
GIL,8,Cores vivas,major,27,4,3
GIL,8,Cores vivas,major,28,5,11
GIL,8,Cores vivas,major,29,5,5
GIL,8,Cores vivas,major,30,5,11
GIL,8,Cores vivas,major,31,4,x
GIL,8,Cores vivas,major,32,3,7
GIL,8,Cores vivas,major,33,4,1
GIL,8,Cores vivas,major,34,6,5
GIL,8,Cores vivas,major,35,6,3
GIL,8,Cores vivas,major,36,4,3
GIL,8,Cores vivas,major,37,5,11
GIL,8,Cores vivas,major,38,5,5
GIL,8,Cores vivas,major,39,5,11
GIL,8,Cores vivas,major,40,4,x
GIL,8,Cores vivas,major,41,3,9
GIL,8,Cores vivas,major,42,2,x
GIL,8,Cores vivas,major,43,3,3
GIL,8,Cores vivas,major,44,5,5
GIL,8,Cores vivas,major,45,6,6
GIL,8,Cores vivas,major,46,1,1
GIL,8,Cores vivas,major,47,6,6
GIL,8,Cores vivas,major,48,1,1
GIL,8,Cores vivas,major,49,5,1
GIL,8,Cores vivas,major,50,4,7
GIL,8,Cores vivas,major,51,3,13
GIL,8,Cores vivas,major,52,2,5
GIL,8,Cores vivas,major,53,3,3
GIL,9,Divino e maravilhoso,major,1,3,3
GIL,9,Divino e maravilhoso,major,2,5,5
GIL,9,Divino e maravilhoso,major,3,3,3
GIL,9,Divino e maravilhoso,major,4,3,1
GIL,9,Divino e maravilhoso,major,5,#4/b5,x
GIL,9,Divino e maravilhoso,major,6,#5/b6,3
GIL,9,Divino e maravilhoso,major,7,6,x
GIL,9,Divino e maravilhoso,major,8,#5/b6,3
GIL,9,Divino e maravilhoso,major,9,#4/b5,x
GIL,9,Divino e maravilhoso,major,10,3,1
GIL,9,Divino e maravilhoso,major,11,3,3
GIL,9,Divino e maravilhoso,major,12,5,5
GIL,9,Divino e maravilhoso,major,13,3,3
GIL,9,Divino e maravilhoso,major,14,#5/b6,3
GIL,9,Divino e maravilhoso,major,15,6,x
GIL,9,Divino e maravilhoso,major,16,#5/b6,3
GIL,9,Divino e maravilhoso,major,17,#4/b5,x
GIL,9,Divino e maravilhoso,major,18,3,1
GIL,9,Divino e maravilhoso,major,19,4,1
GIL,9,Divino e maravilhoso,major,20,6,3
GIL,9,Divino e maravilhoso,major,21,4,1
GIL,9,Divino e maravilhoso,major,22,5,1
GIL,9,Divino e maravilhoso,major,23,6,x
GIL,9,Divino e maravilhoso,major,24,7,3
GIL,9,Divino e maravilhoso,major,25,1,x
GIL,9,Divino e maravilhoso,major,26,7,3
GIL,9,Divino e maravilhoso,major,27,6,x
GIL,9,Divino e maravilhoso,major,28,5,1
GIL,9,Divino e maravilhoso,major,29,3,3
GIL,9,Divino e maravilhoso,major,30,5,5
GIL,9,Divino e maravilhoso,major,31,3,3
GIL,9,Divino e maravilhoso,major,32,2,3
GIL,9,Divino e maravilhoso,major,33,3,x
GIL,9,Divino e maravilhoso,major,34,4,5
GIL,9,Divino e maravilhoso,major,35,3,x
GIL,9,Divino e maravilhoso,major,36,2,7
GIL,9,Divino e maravilhoso,major,37,7,5
GIL,9,Divino e maravilhoso,major,38,1,3
GIL,9,Divino e maravilhoso,major,39,2,11
GIL,9,Divino e maravilhoso,major,40,4,x
GIL,9,Divino e maravilhoso,major,41,3,5
GIL,9,Divino e maravilhoso,major,42,4,x
GIL,9,Divino e maravilhoso,major,43,3,5
GIL,9,Divino e maravilhoso,major,44,2,x
GIL,9,Divino e maravilhoso,major,45,1,5
GIL,9,Divino e maravilhoso,major,46,2,3
GIL,9,Divino e maravilhoso,major,47,3,3
GIL,9,Divino e maravilhoso,major,48,5,5
GIL,9,Divino e maravilhoso,major,49,6,3
GIL,9,Divino e maravilhoso,major,50,7,x
GIL,9,Divino e maravilhoso,major,51,1,b13
GIL,9,Divino e maravilhoso,major,52,7,x
GIL,9,Divino e maravilhoso,major,53,6,1
GIL,10,Eu vim da Bahia,minor,1,b7,13
GIL,10,Eu vim da Bahia,minor,2,5,5
GIL,10,Eu vim da Bahia,minor,3,1,1
GIL,10,Eu vim da Bahia,minor,4,b7,7
GIL,10,Eu vim da Bahia,minor,5,5,11
GIL,10,Eu vim da Bahia,minor,6,4,3
GIL,10,Eu vim da Bahia,minor,7,1,1
GIL,10,Eu vim da Bahia,minor,8,5,5
GIL,10,Eu vim da Bahia,minor,9,1,13
GIL,10,Eu vim da Bahia,minor,10,b7,5
GIL,10,Eu vim da Bahia,minor,11,5,7
GIL,10,Eu vim da Bahia,minor,12,4,6
GIL,10,Eu vim da Bahia,minor,13,5,1
GIL,10,Eu vim da Bahia,minor,14,1,1
GIL,10,Eu vim da Bahia,minor,15,b7,7
GIL,10,Eu vim da Bahia,minor,16,1,5
GIL,10,Eu vim da Bahia,minor,17,b7,1
GIL,10,Eu vim da Bahia,minor,18,5,3
GIL,10,Eu vim da Bahia,minor,19,4,x
GIL,10,Eu vim da Bahia,minor,20,3,1
GIL,10,Eu vim da Bahia,minor,21,1,6
GIL,10,Eu vim da Bahia,minor,22,b7,x
GIL,10,Eu vim da Bahia,minor,23,1,1
GIL,10,Eu vim da Bahia,minor,24,4,3
GIL,10,Eu vim da Bahia,minor,25,5,x
GIL,10,Eu vim da Bahia,minor,26,4,7
GIL,10,Eu vim da Bahia,minor,27,3,x
GIL,10,Eu vim da Bahia,minor,28,4,7
GIL,10,Eu vim da Bahia,minor,29,5,5
GIL,10,Eu vim da Bahia,minor,30,1,5
GIL,10,Eu vim da Bahia,minor,31,1,9
GIL,10,Eu vim da Bahia,minor,32,b7,x
GIL,10,Eu vim da Bahia,minor,33,1,13
GIL,10,Eu vim da Bahia,minor,34,5,3
GIL,10,Eu vim da Bahia,minor,35,1,13
GIL,10,Eu vim da Bahia,minor,36,3,1
GIL,10,Eu vim da Bahia,minor,37,4,3
GIL,10,Eu vim da Bahia,minor,38,3,b9/#9
GIL,10,Eu vim da Bahia,minor,39,1,7
GIL,10,Eu vim da Bahia,minor,40,b7,b9/#9
GIL,10,Eu vim da Bahia,minor,41,5,1
GIL,10,Eu vim da Bahia,minor,42,b7,b9/#9
GIL,10,Eu vim da Bahia,minor,43,1,1
GIL,11,Drao,major,1,3,3
GIL,11,Drao,major,2,5,5
GIL,11,Drao,major,3,4,x
GIL,11,Drao,major,4,3,3
GIL,11,Drao,major,5,4,1
GIL,11,Drao,major,6,#5/b6,3
GIL,11,Drao,major,7,5,x
GIL,11,Drao,major,8,4,1
GIL,11,Drao,major,9,3,5
GIL,11,Drao,major,10,2,x
GIL,11,Drao,major,11,1,3
GIL,11,Drao,major,12,7,9
GIL,11,Drao,major,13,1,x
GIL,11,Drao,major,14,7,b13
GIL,11,Drao,major,15,1,x
GIL,11,Drao,major,16,7,b13
GIL,11,Drao,major,17,#6/b7,x
GIL,11,Drao,major,18,6,5
GIL,11,Drao,major,19,#6/b7,x
GIL,11,Drao,major,20,6,5
GIL,11,Drao,major,21,#6/b7,x
GIL,11,Drao,major,22,6,5
GIL,11,Drao,major,23,#5/b6,x
GIL,11,Drao,major,24,5,5
GIL,11,Drao,major,25,6,x
GIL,11,Drao,major,26,5,5
GIL,11,Drao,major,27,6,x
GIL,11,Drao,major,28,5,5
GIL,11,Drao,major,29,#4/b5,x
GIL,11,Drao,major,30,4,9
GIL,11,Drao,major,31,1,x
GIL,11,Drao,major,32,7,9
GIL,11,Drao,major,33,1,x
GIL,11,Drao,major,34,7,9
GIL,11,Drao,major,35,#6/b7,x
GIL,11,Drao,major,36,6,9
GIL,11,Drao,major,37,#6/b7,x
GIL,11,Drao,major,38,6,9
GIL,11,Drao,major,39,#6/b7,x
GIL,11,Drao,major,40,6,13
GIL,11,Drao,major,41,#5/b6,x
GIL,11,Drao,major,42,5,9
GIL,11,Drao,major,43,6,x
GIL,11,Drao,major,44,5,9
GIL,11,Drao,major,45,6,x
GIL,11,Drao,major,46,5,9
GIL,11,Drao,major,47,#4/b5,x
GIL,11,Drao,major,48,4,1
GIL,11,Drao,major,49,5,x
GIL,11,Drao,major,50,4,1
GIL,11,Drao,major,51,3,7
GIL,11,Drao,major,52,5,9
GIL,11,Drao,major,53,3,7
GIL,11,Drao,major,54,3,1
GIL,12,Era nova,major,1,1,1
GIL,12,Era nova,major,2,7,7
GIL,12,Era nova,major,3,5,5
GIL,12,Era nova,major,4,3,3
GIL,12,Era nova,major,5,1,1
GIL,12,Era nova,major,6,7,7
GIL,12,Era nova,major,7,5,5
GIL,12,Era nova,major,8,3,3
GIL,12,Era nova,major,9,7,5
GIL,12,Era nova,major,10,#5/b6,3
GIL,12,Era nova,major,11,1,1
GIL,12,Era nova,major,12,7,7
GIL,12,Era nova,major,13,5,5
GIL,12,Era nova,major,14,3,3
GIL,12,Era nova,major,15,1,1
GIL,12,Era nova,major,16,7,7
GIL,12,Era nova,major,17,5,5
GIL,12,Era nova,major,18,3,1
GIL,12,Era nova,major,19,7,1
GIL,12,Era nova,major,20,1,1
GIL,12,Era nova,major,21,7,7
GIL,12,Era nova,major,22,5,5
GIL,12,Era nova,major,23,3,3
GIL,12,Era nova,major,24,1,1
GIL,12,Era nova,major,25,7,7
GIL,12,Era nova,major,26,5,5
GIL,12,Era nova,major,27,3,3
GIL,12,Era nova,major,28,7,1
GIL,12,Era nova,major,29,5,b13
GIL,12,Era nova,major,30,1,1
GIL,12,Era nova,major,31,7,7
GIL,12,Era nova,major,32,5,5
GIL,12,Era nova,major,33,3,3
GIL,12,Era nova,major,34,1,1
GIL,12,Era nova,major,35,7,7
GIL,12,Era nova,major,36,5,5
GIL,12,Era nova,major,37,3,3
GIL,12,Era nova,major,38,7,3
GIL,12,Era nova,major,39,6,9
GIL,12,Era nova,major,40,5,1
GIL,12,Era nova,major,41,3,13
GIL,12,Era nova,major,42,5,5
GIL,12,Era nova,major,43,3,3
GIL,12,Era nova,major,44,5,5
GIL,12,Era nova,major,45,6,x
GIL,12,Era nova,major,46,7,3
GIL,12,Era nova,major,47,6,9
GIL,12,Era nova,major,48,5,5
GIL,12,Era nova,major,49,5,1
GIL,12,Era nova,major,50,4,x
GIL,12,Era nova,major,51,3,3
GIL,13,Extra,minor,1,1,1
GIL,13,Extra,minor,2,b7,x
GIL,13,Extra,minor,3,1,1
GIL,13,Extra,minor,4,3,3
GIL,13,Extra,minor,5,2,x
GIL,13,Extra,minor,6,1,1
GIL,13,Extra,minor,7,b7,7
GIL,13,Extra,minor,8,5,1
GIL,13,Extra,minor,9,4,x
GIL,13,Extra,minor,10,5,1
GIL,13,Extra,minor,11,1,1
GIL,13,Extra,minor,12,b7,x
GIL,13,Extra,minor,13,6,x
GIL,13,Extra,minor,14,5,5
GIL,13,Extra,minor,15,6,x
GIL,13,Extra,minor,16,5,5
GIL,13,Extra,minor,17,1,5
GIL,13,Extra,minor,18,3,7
GIL,13,Extra,minor,19,#3,#11
GIL,13,Extra,minor,20,5,13
GIL,13,Extra,minor,21,4,5
GIL,13,Extra,minor,22,#3,x
GIL,13,Extra,minor,23,4,5
GIL,13,Extra,minor,24,2,5
GIL,13,Extra,minor,25,4,7
GIL,13,Extra,minor,26,2,5
GIL,13,Extra,minor,27,4,7
GIL,13,Extra,minor,28,5,1
GIL,13,Extra,minor,29,b7,b9/#9
GIL,13,Extra,minor,30,6,b9/#9
GIL,13,Extra,minor,31,5,x
GIL,13,Extra,minor,32,6,b9/#9
GIL,13,Extra,minor,33,5,7
GIL,13,Extra,minor,34,6,1
GIL,13,Extra,minor,35,5,x
GIL,13,Extra,minor,36,6,1
GIL,13,Extra,minor,37,b7,9
GIL,13,Extra,minor,38,1,x
GIL,13,Extra,minor,39,b7,9
GIL,13,Extra,minor,40,6,x
GIL,13,Extra,minor,41,b7,9
GIL,13,Extra,minor,42,1,7
GIL,13,Extra,minor,43,2,1
GIL,13,Extra,minor,44,1,x
GIL,13,Extra,minor,45,2,1
GIL,13,Extra,minor,46,3,5
GIL,13,Extra,minor,47,2,#11
GIL,13,Extra,minor,48,1,3
GIL,13,Extra,minor,49,7,3
GIL,14,Flora,major,1,5,1
GIL,14,Flora,major,2,6,x
GIL,14,Flora,major,3,7,3
GIL,14,Flora,major,4,2,5
GIL,14,Flora,major,5,3,13
GIL,14,Flora,major,6,5,1
GIL,14,Flora,major,7,5,5
GIL,14,Flora,major,8,3,3
GIL,14,Flora,major,9,6,1
GIL,14,Flora,major,10,7,9
GIL,14,Flora,major,11,#1/b2,3
GIL,14,Flora,major,12,3,5
GIL,14,Flora,major,13,#4/b5,13
GIL,14,Flora,major,14,6,7
GIL,14,Flora,major,15,#4/b5,5
GIL,14,Flora,major,16,5,b13
GIL,14,Flora,major,17,6,x
GIL,14,Flora,major,18,7,1
GIL,14,Flora,major,19,2,1
GIL,14,Flora,major,20,3,9
GIL,14,Flora,major,21,5,#11
GIL,14,Flora,major,22,5,5
GIL,14,Flora,major,23,3,3
GIL,14,Flora,major,24,5,5
GIL,14,Flora,major,25,#5/b6,5
GIL,14,Flora,major,26,4,3
GIL,14,Flora,major,27,2,9
GIL,14,Flora,major,28,3,x
GIL,14,Flora,major,29,2,9
GIL,14,Flora,major,30,#1/b2,x
GIL,14,Flora,major,31,7,7
GIL,14,Flora,major,32,7,7
GIL,14,Flora,major,33,1,x
GIL,14,Flora,major,34,7,7
GIL,14,Flora,major,35,#6/b7,x
GIL,14,Flora,major,36,7,1
GIL,15,Ladeira da Preguica,major,1,5,9
GIL,15,Ladeira da Preguica,major,2,4,1
GIL,15,Ladeira da Preguica,major,3,3,3
GIL,15,Ladeira da Preguica,major,4,1,1
GIL,15,Ladeira da Preguica,major,5,6,13
GIL,15,Ladeira da Preguica,major,6,5,9
GIL,15,Ladeira da Preguica,major,7,4,1
GIL,15,Ladeira da Preguica,major,8,3,3
GIL,15,Ladeira da Preguica,major,9,5,5
GIL,15,Ladeira da Preguica,major,10,3,3
GIL,15,Ladeira da Preguica,major,11,6,13
GIL,15,Ladeira da Preguica,major,12,3,3
GIL,15,Ladeira da Preguica,major,13,6,3
GIL,15,Ladeira da Preguica,major,14,3,3
GIL,15,Ladeira da Preguica,major,15,1,1
GIL,15,Ladeira da Preguica,major,16,6,13
GIL,15,Ladeira da Preguica,major,17,3,3
GIL,15,Ladeira da Preguica,major,18,6,1
GIL,15,Ladeira da Preguica,major,19,3,b13
GIL,15,Ladeira da Preguica,major,20,6,b9/#9
GIL,15,Ladeira da Preguica,major,21,3,13
GIL,15,Ladeira da Preguica,major,22,1,#11
GIL,15,Ladeira da Preguica,major,23,5,9
GIL,15,Ladeira da Preguica,major,24,4,1
GIL,15,Ladeira da Preguica,major,25,3,7
GIL,15,Ladeira da Preguica,major,26,2,7
GIL,15,Ladeira da Preguica,major,27,7,5
GIL,15,Ladeira da Preguica,major,28,#1/b2,3
GIL,15,Ladeira da Preguica,major,29,3,5
GIL,15,Ladeira da Preguica,major,30,2,1
GIL,15,Ladeira da Preguica,major,31,5,x
GIL,15,Ladeira da Preguica,major,32,4,b9/#9
GIL,15,Ladeira da Preguica,major,33,3,9
GIL,15,Ladeira da Preguica,major,34,1,7
GIL,15,Ladeira da Preguica,major,35,3,13
GIL,15,Ladeira da Preguica,major,36,1,3
GIL,15,Ladeira da Preguica,major,37,6,9
GIL,15,Ladeira da Preguica,major,38,1,1
GIL,15,Ladeira da Preguica,major,39,3,3
GIL,15,Ladeira da Preguica,major,40,4,3
GIL,15,Ladeira da Preguica,major,41,#4/b5,x
GIL,15,Ladeira da Preguica,major,42,5,11
GIL,15,Ladeira da Preguica,major,43,5,5
GIL,15,Ladeira da Preguica,major,44,3,3
GIL,15,Ladeira da Preguica,major,45,5,3
GIL,15,Ladeira da Preguica,major,46,3,1
GIL,15,Ladeira da Preguica,major,47,6,11
GIL,15,Ladeira da Preguica,major,48,3,1
GIL,15,Ladeira da Preguica,major,49,5,7
GIL,15,Ladeira da Preguica,major,50,3,5
GIL,15,Ladeira da Preguica,major,51,6,1
GIL,15,Ladeira da Preguica,major,52,3,5
GIL,15,Ladeira da Preguica,major,53,2,1
GIL,15,Ladeira da Preguica,major,54,3,x
GIL,15,Ladeira da Preguica,major,55,#2/b3,b9/#9
GIL,15,Ladeira da Preguica,major,56,2,1
GIL,16,Lamento sertanejo,minor,1,5,5
GIL,16,Lamento sertanejo,minor,2,4,x
GIL,16,Lamento sertanejo,minor,3,3,3
GIL,16,Lamento sertanejo,minor,4,1,1
GIL,16,Lamento sertanejo,minor,5,1,3
GIL,16,Lamento sertanejo,minor,6,#6,1
GIL,16,Lamento sertanejo,minor,7,1,3
GIL,16,Lamento sertanejo,minor,8,3,5
GIL,16,Lamento sertanejo,minor,9,2,#11
GIL,16,Lamento sertanejo,minor,10,4,6
GIL,16,Lamento sertanejo,minor,11,1,3
GIL,16,Lamento sertanejo,minor,12,3,5
GIL,16,Lamento sertanejo,minor,13,3,3
GIL,16,Lamento sertanejo,minor,14,2,x
GIL,16,Lamento sertanejo,minor,15,1,1
GIL,16,Lamento sertanejo,minor,16,2,9
GIL,16,Lamento sertanejo,minor,17,3,3
GIL,16,Lamento sertanejo,minor,18,5,5
GIL,16,Lamento sertanejo,minor,19,1,5
GIL,16,Lamento sertanejo,minor,20,6,3
GIL,16,Lamento sertanejo,minor,21,1,5
GIL,16,Lamento sertanejo,minor,22,3,7
GIL,16,Lamento sertanejo,minor,23,2,3
GIL,16,Lamento sertanejo,minor,24,1,3
GIL,16,Lamento sertanejo,minor,25,b7,5
GIL,16,Lamento sertanejo,minor,26,6,7
GIL,16,Lamento sertanejo,minor,27,5,3
GIL,16,Lamento sertanejo,minor,28,1,13
GIL,16,Lamento sertanejo,minor,29,b7,5
GIL,16,Lamento sertanejo,minor,30,6,x
GIL,16,Lamento sertanejo,minor,31,5,3
GIL,16,Lamento sertanejo,minor,32,3,5
GIL,16,Lamento sertanejo,minor,33,1,3
GIL,16,Lamento sertanejo,minor,34,3,5
GIL,16,Lamento sertanejo,minor,35,5,7
GIL,16,Lamento sertanejo,minor,36,4,x
GIL,16,Lamento sertanejo,minor,37,5,7
GIL,16,Lamento sertanejo,minor,38,4,6
GIL,16,Lamento sertanejo,minor,39,1,3
GIL,16,Lamento sertanejo,minor,40,3,1
GIL,16,Lamento sertanejo,minor,41,1,1
GIL,16,Lamento sertanejo,minor,42,3,3
GIL,16,Lamento sertanejo,minor,43,5,5
GIL,16,Lamento sertanejo,minor,44,b7,7
GIL,16,Lamento sertanejo,minor,45,#6,x
GIL,16,Lamento sertanejo,minor,46,5,5
GIL,16,Lamento sertanejo,minor,47,3,5
GIL,16,Lamento sertanejo,minor,48,1,3
GIL,16,Lamento sertanejo,minor,49,b7,x
GIL,16,Lamento sertanejo,minor,50,#6,1
GIL,16,Lamento sertanejo,minor,51,1,3
GIL,16,Lamento sertanejo,minor,52,3,x
GIL,16,Lamento sertanejo,minor,53,2,#11
GIL,16,Lamento sertanejo,minor,54,4,7
GIL,16,Lamento sertanejo,minor,55,1,3
GIL,16,Lamento sertanejo,minor,56,1,1
GIL,17,Lente do amor,major,1,5,1
GIL,17,Lente do amor,major,2,4,x
GIL,17,Lente do amor,major,3,3,x
GIL,17,Lente do amor,major,4,2,5
GIL,17,Lente do amor,major,5,#1/b2,x
GIL,17,Lente do amor,major,6,1,3
GIL,17,Lente do amor,major,7,1,1
GIL,17,Lente do amor,major,8,#6/b7,7
GIL,17,Lente do amor,major,9,6,x
GIL,17,Lente do amor,major,10,5,5
GIL,17,Lente do amor,major,11,#4/b5,x
GIL,17,Lente do amor,major,12,4,1
GIL,17,Lente do amor,major,13,4,7
GIL,17,Lente do amor,major,14,6,9
GIL,17,Lente do amor,major,15,5,5
GIL,17,Lente do amor,major,16,6,13
GIL,17,Lente do amor,major,17,5,5
GIL,17,Lente do amor,major,18,3,3
GIL,17,Lente do amor,major,19,5,9
GIL,17,Lente do amor,major,20,4,x
GIL,17,Lente do amor,major,21,3,7
GIL,17,Lente do amor,major,22,2,x
GIL,17,Lente do amor,major,23,#1/b2,x
GIL,17,Lente do amor,major,24,1,11
GIL,17,Lente do amor,major,25,#6/b7,3
GIL,17,Lente do amor,major,26,6,13
GIL,17,Lente do amor,major,27,5,x
GIL,17,Lente do amor,major,28,#4/b5,x
GIL,17,Lente do amor,major,29,4,1
GIL,17,Lente do amor,major,30,4,7
GIL,17,Lente do amor,major,31,6,9
GIL,17,Lente do amor,major,32,5,5
GIL,17,Lente do amor,major,33,6,3
GIL,17,Lente do amor,major,34,5,x
GIL,17,Lente do amor,major,35,1,3
GIL,18,Lugar comum,major,1,3,3
GIL,18,Lugar comum,major,2,5,5
GIL,18,Lugar comum,major,3,5,1
GIL,18,Lugar comum,major,4,4,7
GIL,18,Lugar comum,major,5,5,1
GIL,18,Lugar comum,major,6,5,5
GIL,18,Lugar comum,major,7,3,3
GIL,18,Lugar comum,major,8,2,9
GIL,18,Lugar comum,major,9,4,7
GIL,18,Lugar comum,major,10,3,x
GIL,18,Lugar comum,major,11,2,5
GIL,18,Lugar comum,major,12,1,3
GIL,18,Lugar comum,major,13,3,3
GIL,18,Lugar comum,major,14,2,x
GIL,18,Lugar comum,major,15,1,1
GIL,18,Lugar comum,major,16,1,#11
GIL,18,Lugar comum,major,17,7,x
GIL,18,Lugar comum,major,18,6,3
GIL,18,Lugar comum,major,19,6,7
GIL,18,Lugar comum,major,20,7,1
GIL,18,Lugar comum,major,21,6,x
GIL,18,Lugar comum,major,22,5,13
GIL,18,Lugar comum,major,23,5,7
GIL,18,Lugar comum,major,24,6,1
GIL,18,Lugar comum,major,25,5,x
GIL,18,Lugar comum,major,26,4,3
GIL,18,Lugar comum,major,27,4,7
GIL,18,Lugar comum,major,28,5,1
GIL,18,Lugar comum,major,29,4,x
GIL,18,Lugar comum,major,30,3,3
GIL,18,Lugar comum,major,31,1,#11
GIL,18,Lugar comum,major,32,7,x
GIL,18,Lugar comum,major,33,6,3
GIL,18,Lugar comum,major,34,7,1
GIL,18,Lugar comum,major,35,6,x
GIL,18,Lugar comum,major,36,5,13
GIL,18,Lugar comum,major,37,6,1
GIL,18,Lugar comum,major,38,5,x
GIL,18,Lugar comum,major,39,4,3
GIL,18,Lugar comum,major,40,4,13
GIL,18,Lugar comum,major,41,3,x
GIL,18,Lugar comum,major,42,2,5
GIL,19,Mancada,major,1,7,7
GIL,19,Mancada,major,2,1,x
GIL,19,Mancada,major,3,2,9
GIL,19,Mancada,major,4,3,3
GIL,19,Mancada,major,5,6,3
GIL,19,Mancada,major,6,5,b13
GIL,19,Mancada,major,7,7,1
GIL,19,Mancada,major,8,5,3
GIL,19,Mancada,major,9,3,5
GIL,19,Mancada,major,10,6,1
GIL,19,Mancada,major,11,6,5
GIL,19,Mancada,major,12,5,x
GIL,19,Mancada,major,13,4,x
GIL,19,Mancada,major,14,3,9
GIL,19,Mancada,major,15,2,5
GIL,19,Mancada,major,16,1,x
GIL,19,Mancada,major,17,7,3
GIL,19,Mancada,major,18,2,5
GIL,19,Mancada,major,19,3,3
GIL,19,Mancada,major,20,5,5
GIL,19,Mancada,major,21,6,x
GIL,19,Mancada,major,22,7,7
GIL,19,Mancada,major,23,1,x
GIL,19,Mancada,major,24,2,9
GIL,19,Mancada,major,25,3,3
GIL,19,Mancada,major,26,6,3
GIL,19,Mancada,major,27,#4/b5,5
GIL,19,Mancada,major,28,7,1
GIL,19,Mancada,major,29,5,3
GIL,19,Mancada,major,30,3,5
GIL,19,Mancada,major,31,6,1
GIL,19,Mancada,major,32,3,9
GIL,19,Mancada,major,33,1,7
GIL,19,Mancada,major,34,6,5
GIL,19,Mancada,major,35,4,x
GIL,19,Mancada,major,36,3,9
GIL,19,Mancada,major,37,1,7
GIL,19,Mancada,major,38,2,5
GIL,19,Mancada,major,39,7,3
GIL,19,Mancada,major,40,1,1
GIL,20,Menina do sonho,major,1,#2/b3,5
GIL,20,Menina do sonho,major,2,2,x
GIL,20,Menina do sonho,major,3,1,3
GIL,20,Menina do sonho,major,4,#6/b7,x
GIL,20,Menina do sonho,major,5,#5/b6,x
GIL,20,Menina do sonho,major,6,5,x
GIL,20,Menina do sonho,major,7,4,6
GIL,20,Menina do sonho,major,8,#2/b3,x
GIL,20,Menina do sonho,major,9,2,x
GIL,20,Menina do sonho,major,10,1,3
GIL,20,Menina do sonho,major,11,#6/b7,x
GIL,20,Menina do sonho,major,12,#5/b6,x
GIL,20,Menina do sonho,major,13,5,1
GIL,20,Menina do sonho,major,14,2,5
GIL,20,Menina do sonho,major,15,4,5
GIL,20,Menina do sonho,major,16,#2/b3,x
GIL,20,Menina do sonho,major,17,2,x
GIL,20,Menina do sonho,major,18,1,9
GIL,20,Menina do sonho,major,19,#6/b7,x
GIL,20,Menina do sonho,major,20,6,x
GIL,20,Menina do sonho,major,21,5,6
GIL,20,Menina do sonho,major,22,4,x
GIL,20,Menina do sonho,major,23,#2/b3,x
GIL,20,Menina do sonho,major,24,2,3
GIL,20,Menina do sonho,major,25,1,x
GIL,20,Menina do sonho,major,26,#6/b7,x
GIL,20,Menina do sonho,major,27,1,1
GIL,20,Menina do sonho,major,28,5,5
GIL,20,Menina do sonho,major,29,5,1
GIL,20,Menina do sonho,major,30,4,7
GIL,20,Menina do sonho,major,31,3,x
GIL,20,Menina do sonho,major,32,4,7
GIL,20,Menina do sonho,major,33,3,x
GIL,20,Menina do sonho,major,34,2,5
GIL,20,Menina do sonho,major,35,3,13
GIL,20,Menina do sonho,major,36,2,5
GIL,20,Menina do sonho,major,37,1,x
GIL,20,Menina do sonho,major,38,2,5
GIL,20,Menina do sonho,major,39,1,x
GIL,20,Menina do sonho,major,40,7,3
GIL,20,Menina do sonho,major,41,1,1
GIL,20,Menina do sonho,major,42,7,7
GIL,20,Menina do sonho,major,43,6,x
GIL,20,Menina do sonho,major,44,7,7
GIL,20,Menina do sonho,major,45,6,x
GIL,20,Menina do sonho,major,46,5,5
GIL,21,Meu amigo meu heroi,major,1,5,5
GIL,21,Meu amigo meu heroi,major,2,3,3
GIL,21,Meu amigo meu heroi,major,3,2,x
GIL,21,Meu amigo meu heroi,major,4,1,1
GIL,21,Meu amigo meu heroi,major,5,3,5
GIL,21,Meu amigo meu heroi,major,6,5,7
GIL,21,Meu amigo meu heroi,major,7,#6/b7,b9/#9
GIL,21,Meu amigo meu heroi,major,8,6,5
GIL,21,Meu amigo meu heroi,major,9,5,x
GIL,21,Meu amigo meu heroi,major,10,4,3
GIL,21,Meu amigo meu heroi,major,11,6,b9/#9
GIL,21,Meu amigo meu heroi,major,12,4,1
GIL,21,Meu amigo meu heroi,major,13,3,b13
GIL,21,Meu amigo meu heroi,major,14,2,5
GIL,21,Meu amigo meu heroi,major,15,4,7
GIL,21,Meu amigo meu heroi,major,16,3,5
GIL,21,Meu amigo meu heroi,major,17,2,x
GIL,21,Meu amigo meu heroi,major,18,1,3
GIL,21,Meu amigo meu heroi,major,19,3,5
GIL,21,Meu amigo meu heroi,major,20,1,x
GIL,21,Meu amigo meu heroi,major,21,7,9
GIL,21,Meu amigo meu heroi,major,22,6,1
GIL,21,Meu amigo meu heroi,major,23,1,3
GIL,21,Meu amigo meu heroi,major,24,3,5
GIL,21,Meu amigo meu heroi,major,25,2,1
GIL,21,Meu amigo meu heroi,major,26,5,5
GIL,21,Meu amigo meu heroi,major,27,3,3
GIL,21,Meu amigo meu heroi,major,28,2,x
GIL,21,Meu amigo meu heroi,major,29,1,1
GIL,21,Meu amigo meu heroi,major,30,3,5
GIL,21,Meu amigo meu heroi,major,31,5,7
GIL,21,Meu amigo meu heroi,major,32,#6/b7,b9/#9
GIL,21,Meu amigo meu heroi,major,33,6,5
GIL,21,Meu amigo meu heroi,major,34,5,x
GIL,21,Meu amigo meu heroi,major,35,4,3
GIL,21,Meu amigo meu heroi,major,36,6,5
GIL,21,Meu amigo meu heroi,major,37,4,3
GIL,21,Meu amigo meu heroi,major,38,3,14
GIL,21,Meu amigo meu heroi,major,39,2,7
GIL,21,Meu amigo meu heroi,major,40,4,1
GIL,21,Meu amigo meu heroi,major,41,3,b13
GIL,21,Meu amigo meu heroi,major,42,2,11
GIL,21,Meu amigo meu heroi,major,43,1,3
GIL,21,Meu amigo meu heroi,major,44,3,5
GIL,21,Meu amigo meu heroi,major,45,1,x
GIL,21,Meu amigo meu heroi,major,46,7,9
GIL,21,Meu amigo meu heroi,major,47,6,1
GIL,21,Meu amigo meu heroi,major,48,1,3
GIL,21,Meu amigo meu heroi,major,49,3,5
GIL,21,Meu amigo meu heroi,major,50,2,1
GIL,22,Morena,minor,1,1,1
GIL,22,Morena,minor,2,b7,x
GIL,22,Morena,minor,3,1,1
GIL,22,Morena,minor,4,3,3
GIL,22,Morena,minor,5,1,1
GIL,22,Morena,minor,6,b7,x
GIL,22,Morena,minor,7,1,1
GIL,22,Morena,minor,8,b7,x
GIL,22,Morena,minor,9,1,1
GIL,22,Morena,minor,10,3,3
GIL,22,Morena,minor,11,1,1
GIL,22,Morena,minor,12,b7,x
GIL,22,Morena,minor,13,1,1
GIL,22,Morena,minor,14,3,3
GIL,22,Morena,minor,15,4,b9/#9
GIL,22,Morena,minor,16,4,7
GIL,22,Morena,minor,17,#4/b5,x
GIL,22,Morena,minor,18,5,3
GIL,22,Morena,minor,19,4,x
GIL,22,Morena,minor,20,5,3
GIL,22,Morena,minor,21,4,x
GIL,22,Morena,minor,22,5,3
GIL,22,Morena,minor,23,b7,5
GIL,22,Morena,minor,24,5,3
GIL,22,Morena,minor,25,b7,5
GIL,22,Morena,minor,26,5,7
GIL,22,Morena,minor,27,4,x
GIL,22,Morena,minor,28,3,5
GIL,22,Morena,minor,29,1,3
GIL,22,Morena,minor,30,1,5
GIL,22,Morena,minor,31,1,6
GIL,22,Morena,minor,32,3,1
GIL,22,Morena,minor,33,5,11
GIL,22,Morena,minor,34,1,1
GIL,22,Morena,minor,35,1,5
GIL,22,Morena,minor,36,#1/b2,b13
GIL,22,Morena,minor,37,b7,1
GIL,22,Morena,minor,38,b7,5
GIL,22,Morena,minor,39,6,x
GIL,22,Morena,minor,40,5,11
GIL,22,Morena,minor,41,5,1
GIL,22,Morena,minor,42,1,1
GIL,22,Morena,minor,43,3,3
GIL,22,Morena,minor,44,1,1
GIL,23,O rouxinol,major,1,1,1
GIL,23,O rouxinol,major,2,3,3
GIL,23,O rouxinol,major,3,#5/b6,7
GIL,23,O rouxinol,major,4,5,5
GIL,23,O rouxinol,major,5,#4/b5,7
GIL,23,O rouxinol,major,6,1,3
GIL,23,O rouxinol,major,7,4,7
GIL,23,O rouxinol,major,8,5,1
GIL,23,O rouxinol,major,9,3,3
GIL,23,O rouxinol,major,10,#1/b2,5
GIL,23,O rouxinol,major,11,2,5
GIL,23,O rouxinol,major,12,#1/b2,1
GIL,23,O rouxinol,major,13,1,1
GIL,23,O rouxinol,major,14,3,3
GIL,23,O rouxinol,major,15,5,5
GIL,23,O rouxinol,major,16,6,13
GIL,23,O rouxinol,major,17,1,5
GIL,23,O rouxinol,major,18,6,3
GIL,23,O rouxinol,major,19,1,1
GIL,23,O rouxinol,major,20,#6/b7,1
GIL,23,O rouxinol,major,21,#5/b6,9
GIL,23,O rouxinol,major,22,5,1
GIL,23,O rouxinol,major,23,4,1
GIL,23,O rouxinol,major,24,#2/b3,1
GIL,23,O rouxinol,major,25,#1/b2,7
GIL,23,O rouxinol,major,26,1,3
GIL,23,O rouxinol,major,27,#6/b7,1
GIL,23,O rouxinol,major,28,2,3
GIL,23,O rouxinol,major,29,4,5
GIL,23,O rouxinol,major,30,#6/b7,1
GIL,23,O rouxinol,major,31,1,1
GIL,23,O rouxinol,major,32,4,x
GIL,23,O rouxinol,major,33,3,3
GIL,23,O rouxinol,major,34,3,13
GIL,23,O rouxinol,major,35,2,5
GIL,23,O rouxinol,major,36,7,3
GIL,23,O rouxinol,major,37,2,5
GIL,23,O rouxinol,major,38,7,3
GIL,23,O rouxinol,major,39,2,5
GIL,23,O rouxinol,major,40,3,x
GIL,23,O rouxinol,major,41,4,x
GIL,23,O rouxinol,major,42,3,3
GIL,23,O rouxinol,major,43,3,13
GIL,23,O rouxinol,major,44,2,5
GIL,23,O rouxinol,major,45,7,3
GIL,23,O rouxinol,major,46,2,5
GIL,23,O rouxinol,major,47,7,3
GIL,23,O rouxinol,major,48,2,5
GIL,23,O rouxinol,major,49,3,x
GIL,23,O rouxinol,major,50,4,x
GIL,23,O rouxinol,major,51,3,3
GIL,23,O rouxinol,major,52,2,9
GIL,24,O sonho acabou,major,1,1,7
GIL,24,O sonho acabou,major,2,7,3
GIL,24,O sonho acabou,major,3,6,x
GIL,24,O sonho acabou,major,4,5,5
GIL,24,O sonho acabou,major,5,5,3
GIL,24,O sonho acabou,major,6,5,11
GIL,24,O sonho acabou,major,7,6,5
GIL,24,O sonho acabou,major,8,#2/b3,5
GIL,24,O sonho acabou,major,9,2,x
GIL,24,O sonho acabou,major,10,1,3
GIL,24,O sonho acabou,major,11,6,9
GIL,24,O sonho acabou,major,12,1,1
GIL,24,O sonho acabou,major,13,3,3
GIL,24,O sonho acabou,major,14,1,7
GIL,24,O sonho acabou,major,15,7,3
GIL,24,O sonho acabou,major,16,6,11
GIL,24,O sonho acabou,major,17,5,3
GIL,24,O sonho acabou,major,18,5,11
GIL,24,O sonho acabou,major,19,5,5
GIL,24,O sonho acabou,major,20,5,1
GIL,24,O sonho acabou,major,21,5,3
GIL,24,O sonho acabou,major,22,2,1
GIL,24,O sonho acabou,major,23,4,3
GIL,24,O sonho acabou,major,24,6,5
GIL,24,O sonho acabou,major,25,1,7
GIL,24,O sonho acabou,major,26,1,3
GIL,24,O sonho acabou,major,27,7,b9/#9
GIL,24,O sonho acabou,major,28,5,1
GIL,24,O sonho acabou,major,29,6,11
GIL,24,O sonho acabou,major,30,3,1
GIL,24,O sonho acabou,major,31,6,#11
GIL,24,O sonho acabou,major,32,3,b9/#9
GIL,24,O sonho acabou,major,33,5,11
GIL,24,O sonho acabou,major,34,2,1
GIL,24,O sonho acabou,major,35,5,11
GIL,24,O sonho acabou,major,36,5,1
GIL,24,O sonho acabou,major,37,4,x
GIL,24,O sonho acabou,major,38,3,13
GIL,24,O sonho acabou,major,39,2,5
GIL,24,O sonho acabou,major,40,1,1
GIL,24,O sonho acabou,major,41,3,3
GIL,24,O sonho acabou,major,42,5,5
GIL,24,O sonho acabou,major,43,1,1
GIL,24,O sonho acabou,major,44,7,x
GIL,24,O sonho acabou,major,45,6,1
GIL,24,O sonho acabou,major,46,5,7
GIL,24,O sonho acabou,major,47,3,5
GIL,24,O sonho acabou,major,48,6,1
GIL,24,O sonho acabou,major,49,6,5
GIL,24,O sonho acabou,major,50,1,7
GIL,24,O sonho acabou,major,51,7,6
GIL,24,O sonho acabou,major,52,7,5
GIL,24,O sonho acabou,major,53,#5/b6,3
GIL,24,O sonho acabou,major,54,4,b9/#9
GIL,24,O sonho acabou,major,55,3,5
GIL,24,O sonho acabou,major,56,2,11
GIL,24,O sonho acabou,major,57,1,13
GIL,25,Palco,major,1,5,5
GIL,25,Palco,major,2,3,3
GIL,25,Palco,major,3,2,9
GIL,25,Palco,major,4,1,1
GIL,25,Palco,major,5,6,5
GIL,25,Palco,major,6,1,7
GIL,25,Palco,major,7,2,x
GIL,25,Palco,major,8,3,9
GIL,25,Palco,major,9,5,3
GIL,25,Palco,major,10,3,1
GIL,25,Palco,major,11,2,x
GIL,25,Palco,major,12,1,6
GIL,25,Palco,major,13,6,3
GIL,25,Palco,major,14,1,5
GIL,25,Palco,major,15,2,x
GIL,25,Palco,major,16,3,7
GIL,25,Palco,major,17,5,1
GIL,25,Palco,major,18,3,x
GIL,25,Palco,major,19,2,5
GIL,25,Palco,major,20,1,3
GIL,25,Palco,major,21,6,1
GIL,25,Palco,major,22,3,1
GIL,25,Palco,major,23,5,b9/#9
GIL,25,Palco,major,24,5,9
GIL,25,Palco,major,25,6,1
GIL,25,Palco,major,26,1,3
GIL,25,Palco,major,27,3,1
GIL,25,Palco,major,28,5,b9/#9
GIL,25,Palco,major,29,6,3
GIL,25,Palco,major,30,1,5
GIL,25,Palco,major,31,6,3
GIL,25,Palco,major,32,3,13
GIL,25,Palco,major,33,2,x
GIL,25,Palco,major,34,1,3
GIL,25,Palco,major,35,3,5
GIL,25,Palco,major,36,2,7
GIL,25,Palco,major,37,1,b13
GIL,25,Palco,major,38,6,3
GIL,25,Palco,major,39,3,5
GIL,25,Palco,major,40,5,9
GIL,26,Pessoa nefasta,major,1,5,5
GIL,26,Pessoa nefasta,major,2,3,3
GIL,26,Pessoa nefasta,major,3,5,5
GIL,26,Pessoa nefasta,major,4,4,x
GIL,26,Pessoa nefasta,major,5,3,3
GIL,26,Pessoa nefasta,major,6,5,5
GIL,26,Pessoa nefasta,major,7,3,3
GIL,26,Pessoa nefasta,major,8,1,3
GIL,26,Pessoa nefasta,major,9,2,x
GIL,26,Pessoa nefasta,major,10,#2/b3,5
GIL,26,Pessoa nefasta,major,11,2,x
GIL,26,Pessoa nefasta,major,12,1,3
GIL,26,Pessoa nefasta,major,13,#2/b3,5
GIL,26,Pessoa nefasta,major,14,1,3
GIL,26,Pessoa nefasta,major,15,2,x
GIL,26,Pessoa nefasta,major,16,#2/b3,5
GIL,26,Pessoa nefasta,major,17,2,x
GIL,26,Pessoa nefasta,major,18,1,3
GIL,26,Pessoa nefasta,major,19,#2/b3,7
GIL,26,Pessoa nefasta,major,20,2,x
GIL,26,Pessoa nefasta,major,21,1,5
GIL,26,Pessoa nefasta,major,22,#2/b3,7
GIL,26,Pessoa nefasta,major,23,2,x
GIL,26,Pessoa nefasta,major,24,1,5
GIL,26,Pessoa nefasta,major,25,3,3
GIL,26,Pessoa nefasta,major,26,1,3
GIL,26,Pessoa nefasta,major,27,6,1
GIL,26,Pessoa nefasta,major,28,#2/b3,7
GIL,26,Pessoa nefasta,major,29,#2/b3,b9/#9
GIL,26,Pessoa nefasta,major,30,3,1
GIL,26,Pessoa nefasta,major,31,1,3
GIL,26,Pessoa nefasta,major,32,6,1
GIL,26,Pessoa nefasta,major,33,1,5
GIL,26,Pessoa nefasta,major,34,7,x
GIL,26,Pessoa nefasta,major,35,6,3
GIL,26,Pessoa nefasta,major,36,3,1
GIL,26,Pessoa nefasta,major,37,2,x
GIL,26,Pessoa nefasta,major,38,1,b13
GIL,26,Pessoa nefasta,major,39,3,5
GIL,26,Pessoa nefasta,major,40,2,x
GIL,26,Pessoa nefasta,major,41,1,3
GIL,26,Pessoa nefasta,major,42,7,x
GIL,26,Pessoa nefasta,major,43,6,1
GIL,26,Pessoa nefasta,major,44,1,3
GIL,27,Preciso aprender a so ser,major,1,2,x
GIL,27,Preciso aprender a so ser,major,2,1,6
GIL,27,Preciso aprender a so ser,major,3,1,13
GIL,27,Preciso aprender a so ser,major,4,#2/b3,1
GIL,27,Preciso aprender a so ser,major,5,5,3
GIL,27,Preciso aprender a so ser,major,6,1,3
GIL,27,Preciso aprender a so ser,major,7,#6/b7,x
GIL,27,Preciso aprender a so ser,major,8,1,3
GIL,27,Preciso aprender a so ser,major,9,#6/b7,1
GIL,27,Preciso aprender a so ser,major,10,5,13
GIL,27,Preciso aprender a so ser,major,11,4,x
GIL,27,Preciso aprender a so ser,major,12,5,5
GIL,27,Preciso aprender a so ser,major,13,1,1
GIL,27,Preciso aprender a so ser,major,14,1,13
GIL,27,Preciso aprender a so ser,major,15,#6/b7,x
GIL,27,Preciso aprender a so ser,major,16,1,13
GIL,27,Preciso aprender a so ser,major,17,#6/b7,5
GIL,27,Preciso aprender a so ser,major,18,5,3
GIL,27,Preciso aprender a so ser,major,19,4,x
GIL,27,Preciso aprender a so ser,major,20,#2/b3,5
GIL,27,Preciso aprender a so ser,major,21,1,3
GIL,27,Preciso aprender a so ser,major,22,#2/b3,b13
GIL,27,Preciso aprender a so ser,major,23,4,7
GIL,27,Preciso aprender a so ser,major,24,1,x
GIL,27,Preciso aprender a so ser,major,25,#6/b7,7
GIL,27,Preciso aprender a so ser,major,26,5,5
GIL,27,Preciso aprender a so ser,major,27,2,x
GIL,27,Preciso aprender a so ser,major,28,1,5
GIL,27,Preciso aprender a so ser,major,29,6,3
GIL,27,Preciso aprender a so ser,major,30,3,x
GIL,27,Preciso aprender a so ser,major,31,2,7
GIL,27,Preciso aprender a so ser,major,32,7,5
GIL,27,Preciso aprender a so ser,major,33,3,1
GIL,27,Preciso aprender a so ser,major,34,7,5
GIL,27,Preciso aprender a so ser,major,35,7,9
GIL,27,Preciso aprender a so ser,major,36,6,1
GIL,27,Preciso aprender a so ser,major,37,4,b13
GIL,27,Preciso aprender a so ser,major,38,3,x
GIL,27,Preciso aprender a so ser,major,39,2,1
GIL,27,Preciso aprender a so ser,major,40,3,9
GIL,27,Preciso aprender a so ser,major,41,5,1
GIL,27,Preciso aprender a so ser,major,42,4,x
GIL,27,Preciso aprender a so ser,major,43,3,x
GIL,27,Preciso aprender a so ser,major,44,2,5
GIL,27,Preciso aprender a so ser,major,45,3,14
GIL,27,Preciso aprender a so ser,major,46,2,x
GIL,27,Preciso aprender a so ser,major,47,3,14
GIL,27,Preciso aprender a so ser,major,48,4,1
GIL,27,Preciso aprender a so ser,major,49,6,11
GIL,27,Preciso aprender a so ser,major,50,#5/b6,x
GIL,27,Preciso aprender a so ser,major,51,5,3
GIL,28,Procissao,major,1,1,1
GIL,28,Procissao,major,2,5,5
GIL,28,Procissao,major,3,3,3
GIL,28,Procissao,major,4,1,1
GIL,28,Procissao,major,5,7,3
GIL,28,Procissao,major,6,5,1
GIL,28,Procissao,major,7,7,3
GIL,28,Procissao,major,8,2,5
GIL,28,Procissao,major,9,1,1
GIL,28,Procissao,major,10,5,5
GIL,28,Procissao,major,11,3,3
GIL,28,Procissao,major,12,1,1
GIL,28,Procissao,major,13,7,3
GIL,28,Procissao,major,14,5,1
GIL,28,Procissao,major,15,7,3
GIL,28,Procissao,major,16,2,5
GIL,28,Procissao,major,17,3,3
GIL,28,Procissao,major,18,1,1
GIL,28,Procissao,major,19,4,1
GIL,28,Procissao,major,20,1,5
GIL,28,Procissao,major,21,3,7
GIL,28,Procissao,major,22,1,1
GIL,28,Procissao,major,23,4,1
GIL,28,Procissao,major,24,1,5
GIL,28,Procissao,major,25,3,3
GIL,28,Procissao,major,26,1,1
GIL,28,Procissao,major,27,6,3
GIL,28,Procissao,major,28,1,5
GIL,28,Procissao,major,29,2,5
GIL,28,Procissao,major,30,1,1
GIL,28,Procissao,major,31,5,5
GIL,28,Procissao,major,32,1,1
GIL,28,Procissao,major,33,6,3
GIL,28,Procissao,major,34,1,5
GIL,28,Procissao,major,35,2,5
GIL,28,Procissao,major,36,1,1
GIL,28,Procissao,major,37,5,5
GIL,28,Procissao,major,38,1,1
GIL,28,Procissao,major,39,4,1
GIL,28,Procissao,major,40,1,5
GIL,28,Procissao,major,41,#6/b7,5
GIL,28,Procissao,major,42,6,x
GIL,28,Procissao,major,43,5,3
GIL,28,Procissao,major,44,3,5
GIL,28,Procissao,major,45,1,b9/#9
GIL,28,Procissao,major,46,6,1
GIL,28,Procissao,major,47,1,7
GIL,28,Procissao,major,48,3,x
GIL,28,Procissao,major,49,2,5
GIL,28,Procissao,major,50,1,1
GIL,29,Punk da periferia,major,1,1,1
GIL,29,Punk da periferia,major,2,2,x
GIL,29,Punk da periferia,major,3,3,3
GIL,29,Punk da periferia,major,4,2,9
GIL,29,Punk da periferia,major,5,1,1
GIL,29,Punk da periferia,major,6,6,3
GIL,29,Punk da periferia,major,7,#6/b7,1
GIL,29,Punk da periferia,major,8,1,x
GIL,29,Punk da periferia,major,9,2,3
GIL,29,Punk da periferia,major,10,1,x
GIL,29,Punk da periferia,major,11,#6/b7,1
GIL,29,Punk da periferia,major,12,5,3
GIL,29,Punk da periferia,major,13,#5/b6,1
GIL,29,Punk da periferia,major,14,#6/b7,x
GIL,29,Punk da periferia,major,15,#5/b6,x
GIL,29,Punk da periferia,major,16,5,1
GIL,29,Punk da periferia,major,17,5,1
GIL,29,Punk da periferia,major,18,#5/b6,b13
GIL,29,Punk da periferia,major,19,5,5
GIL,29,Punk da periferia,major,20,1,1
GIL,29,Punk da periferia,major,21,4,1
GIL,29,Punk da periferia,major,22,4,7
GIL,29,Punk da periferia,major,23,#2/b3,b13
GIL,29,Punk da periferia,major,24,1,1
GIL,29,Punk da periferia,major,25,3,3
GIL,29,Punk da periferia,major,26,5,5
GIL,29,Punk da periferia,major,27,6,6
GIL,29,Punk da periferia,major,28,1,1
GIL,29,Punk da periferia,major,29,3,3
GIL,29,Punk da periferia,major,30,2,x
GIL,29,Punk da periferia,major,31,1,1
GIL,29,Punk da periferia,major,32,3,3
GIL,29,Punk da periferia,major,33,1,1
GIL,29,Punk da periferia,major,34,4,1
GIL,29,Punk da periferia,major,35,6,3
GIL,29,Punk da periferia,major,36,1,1
GIL,29,Punk da periferia,major,37,#2/b3,x
GIL,29,Punk da periferia,major,38,2,7
GIL,29,Punk da periferia,major,39,1,b13
GIL,29,Punk da periferia,major,40,6,1
GIL,29,Punk da periferia,major,41,3,5
GIL,29,Punk da periferia,major,42,2,9
GIL,29,Punk da periferia,major,43,1,1
GIL,29,Punk da periferia,major,44,2,x
GIL,29,Punk da periferia,major,45,1,1
GIL,29,Punk da periferia,major,46,2,x
GIL,29,Punk da periferia,major,47,1,1
GIL,29,Punk da periferia,major,48,6,3
GIL,29,Punk da periferia,major,49,#2/b3,x
GIL,29,Punk da periferia,major,50,2,7
GIL,29,Punk da periferia,major,51,1,x
GIL,29,Punk da periferia,major,52,2,7
GIL,29,Punk da periferia,major,53,1,3
GIL,30,Raca humana,minor,1,5,5
GIL,30,Raca humana,minor,2,4,x
GIL,30,Raca humana,minor,3,5,5
GIL,30,Raca humana,minor,4,3,3
GIL,30,Raca humana,minor,5,1,1
GIL,30,Raca humana,minor,6,3,3
GIL,30,Raca humana,minor,7,3,7
GIL,30,Raca humana,minor,8,2,x
GIL,30,Raca humana,minor,9,3,7
GIL,30,Raca humana,minor,10,1,5
GIL,30,Raca humana,minor,11,6,3
GIL,30,Raca humana,minor,12,5,5
GIL,30,Raca humana,minor,13,1,1
GIL,30,Raca humana,minor,14,2,x
GIL,30,Raca humana,minor,15,3,3
GIL,30,Raca humana,minor,16,2,x
GIL,30,Raca humana,minor,17,3,3
GIL,30,Raca humana,minor,18,2,x
GIL,30,Raca humana,minor,19,1,1
GIL,30,Raca humana,minor,20,1,5
GIL,30,Raca humana,minor,21,3,7
GIL,30,Raca humana,minor,22,2,x
GIL,30,Raca humana,minor,23,1,5
GIL,30,Raca humana,minor,24,b7,1
GIL,30,Raca humana,minor,25,6,7
GIL,30,Raca humana,minor,26,1,9
GIL,31,Rebento,major,1,1,1
GIL,31,Rebento,major,2,2,9
GIL,31,Rebento,major,3,3,3
GIL,31,Rebento,major,4,4,x
GIL,31,Rebento,major,5,5,x
GIL,31,Rebento,major,6,6,6
GIL,31,Rebento,major,7,7,7
GIL,31,Rebento,major,8,1,x
GIL,31,Rebento,major,9,7,11
GIL,31,Rebento,major,10,#4/b5,1
GIL,31,Rebento,major,11,7,11
GIL,31,Rebento,major,12,1,x
GIL,31,Rebento,major,13,7,11
GIL,31,Rebento,major,14,1,x
GIL,31,Rebento,major,15,7,11
GIL,31,Rebento,major,16,1,x
GIL,31,Rebento,major,17,7,11
GIL,31,Rebento,major,18,1,x
GIL,31,Rebento,major,19,7,11
GIL,31,Rebento,major,20,#4/b5,1
GIL,31,Rebento,major,21,1,11
GIL,31,Rebento,major,22,2,5
GIL,31,Rebento,major,23,1,x
GIL,31,Rebento,major,24,2,5
GIL,31,Rebento,major,25,1,x
GIL,31,Rebento,major,26,2,9
GIL,31,Rebento,major,27,1,x
GIL,31,Rebento,major,28,2,9
GIL,31,Rebento,major,29,1,5
GIL,31,Rebento,major,30,6,3
GIL,31,Rebento,major,31,3,3
GIL,31,Rebento,major,32,5,5
GIL,31,Rebento,major,33,6,x
GIL,31,Rebento,major,34,5,5
GIL,31,Rebento,major,35,6,x
GIL,31,Rebento,major,36,5,7
GIL,31,Rebento,major,37,6,x
GIL,31,Rebento,major,38,5,7
GIL,31,Rebento,major,39,3,5
GIL,31,Rebento,major,40,2,1
GIL,31,Rebento,major,41,6,11
GIL,31,Rebento,major,42,5,5
GIL,31,Rebento,major,43,3,5
GIL,31,Rebento,major,44,2,x
GIL,31,Rebento,major,45,1,7
GIL,31,Rebento,major,46,5,11
GIL,31,Rebento,major,47,5,1
GIL,31,Rebento,major,48,5,b9/#9
GIL,31,Rebento,major,49,5,7
GIL,32,Refazenda,minor,1,1,1
GIL,32,Refazenda,minor,2,3,3
GIL,32,Refazenda,minor,3,5,5
GIL,32,Refazenda,minor,4,4,7
GIL,32,Refazenda,minor,5,3,3
GIL,32,Refazenda,minor,6,1,1
GIL,32,Refazenda,minor,7,3,3
GIL,32,Refazenda,minor,8,5,5
GIL,32,Refazenda,minor,9,4,7
GIL,32,Refazenda,minor,10,1,11
GIL,32,Refazenda,minor,11,3,3
GIL,32,Refazenda,minor,12,1,1
GIL,32,Refazenda,minor,13,3,3
GIL,32,Refazenda,minor,14,5,1
GIL,32,Refazenda,minor,15,4,7
GIL,32,Refazenda,minor,16,1,11
GIL,32,Refazenda,minor,17,3,3
GIL,32,Refazenda,minor,18,1,1
GIL,32,Refazenda,minor,19,3,3
GIL,32,Refazenda,minor,20,5,5
GIL,32,Refazenda,minor,21,4,7
GIL,32,Refazenda,minor,22,1,1
GIL,32,Refazenda,minor,23,4,7
GIL,32,Refazenda,minor,24,3,3
GIL,32,Refazenda,minor,25,1,1
GIL,32,Refazenda,minor,26,3,6
GIL,32,Refazenda,minor,27,1,11
GIL,32,Refazenda,minor,28,4,7
GIL,32,Refazenda,minor,29,3,3
GIL,32,Refazenda,minor,30,1,1
GIL,33,Sandra,minor,1,1,1
GIL,33,Sandra,minor,2,3,3
GIL,33,Sandra,minor,3,2,x
GIL,33,Sandra,minor,4,1,1
GIL,33,Sandra,minor,5,3,3
GIL,33,Sandra,minor,6,2,x
GIL,33,Sandra,minor,7,1,1
GIL,33,Sandra,minor,8,3,3
GIL,33,Sandra,minor,9,2,x
GIL,33,Sandra,minor,10,1,1
GIL,33,Sandra,minor,11,1,x
GIL,33,Sandra,minor,12,b7,1
GIL,33,Sandra,minor,13,1,1
GIL,33,Sandra,minor,14,3,3
GIL,33,Sandra,minor,15,2,x
GIL,33,Sandra,minor,16,1,1
GIL,33,Sandra,minor,17,3,3
GIL,33,Sandra,minor,18,2,x
GIL,33,Sandra,minor,19,1,1
GIL,33,Sandra,minor,20,3,3
GIL,33,Sandra,minor,21,2,x
GIL,33,Sandra,minor,22,1,1
GIL,33,Sandra,minor,23,3,3
GIL,33,Sandra,minor,24,2,x
GIL,33,Sandra,minor,25,1,9
GIL,33,Sandra,minor,26,5,x
GIL,33,Sandra,minor,27,4,5
GIL,33,Sandra,minor,28,5,3
GIL,33,Sandra,minor,29,b7,5
GIL,33,Sandra,minor,30,6,x
GIL,33,Sandra,minor,31,5,3
GIL,33,Sandra,minor,32,b7,5
GIL,33,Sandra,minor,33,6,1
GIL,33,Sandra,minor,34,1,3
GIL,33,Sandra,minor,35,b7,9
GIL,33,Sandra,minor,36,5,7
GIL,33,Sandra,minor,37,b7,3
GIL,33,Sandra,minor,38,6,x
GIL,33,Sandra,minor,39,4,11
GIL,33,Sandra,minor,40,6,x
GIL,33,Sandra,minor,41,5,1
GIL,33,Sandra,minor,42,3,6
GIL,33,Sandra,minor,43,5,x
GIL,33,Sandra,minor,44,4,1
GIL,34,Se eu quiser falar por Deus,major,1,5,5
GIL,34,Se eu quiser falar por Deus,major,2,3,3
GIL,34,Se eu quiser falar por Deus,major,3,3,x
GIL,34,Se eu quiser falar por Deus,major,4,2,3
GIL,34,Se eu quiser falar por Deus,major,5,4,b9/#9
GIL,34,Se eu quiser falar por Deus,major,6,3,1
GIL,34,Se eu quiser falar por Deus,major,7,1,3
GIL,34,Se eu quiser falar por Deus,major,8,1,1
GIL,34,Se eu quiser falar por Deus,major,9,3,7
GIL,34,Se eu quiser falar por Deus,major,10,5,9
GIL,34,Se eu quiser falar por Deus,major,11,5,x
GIL,34,Se eu quiser falar por Deus,major,12,4,5
GIL,34,Se eu quiser falar por Deus,major,13,3,3
GIL,34,Se eu quiser falar por Deus,major,14,5,5
GIL,34,Se eu quiser falar por Deus,major,15,3,3
GIL,34,Se eu quiser falar por Deus,major,16,3,x
GIL,34,Se eu quiser falar por Deus,major,17,2,3
GIL,34,Se eu quiser falar por Deus,major,18,4,b9/#9
GIL,34,Se eu quiser falar por Deus,major,19,3,1
GIL,34,Se eu quiser falar por Deus,major,20,1,3
GIL,34,Se eu quiser falar por Deus,major,21,1,11
GIL,34,Se eu quiser falar por Deus,major,22,1,#11
GIL,34,Se eu quiser falar por Deus,major,23,3,7
GIL,34,Se eu quiser falar por Deus,major,24,5,9
GIL,34,Se eu quiser falar por Deus,major,25,5,x
GIL,34,Se eu quiser falar por Deus,major,26,4,5
GIL,34,Se eu quiser falar por Deus,major,27,3,#11
GIL,34,Se eu quiser falar por Deus,major,28,3,6
GIL,34,Se eu quiser falar por Deus,major,29,5,1
GIL,34,Se eu quiser falar por Deus,major,30,7,#11
GIL,34,Se eu quiser falar por Deus,major,31,6,3
GIL,34,Se eu quiser falar por Deus,major,32,#5/b6,x
GIL,34,Se eu quiser falar por Deus,major,33,6,3
GIL,34,Se eu quiser falar por Deus,major,34,1,b13
GIL,34,Se eu quiser falar por Deus,major,35,7,5
GIL,34,Se eu quiser falar por Deus,major,36,#6/b7,x
GIL,34,Se eu quiser falar por Deus,major,37,7,5
GIL,34,Se eu quiser falar por Deus,major,38,2,11
GIL,34,Se eu quiser falar por Deus,major,39,1,3
GIL,34,Se eu quiser falar por Deus,major,40,7,x
GIL,34,Se eu quiser falar por Deus,major,41,1,3
GIL,34,Se eu quiser falar por Deus,major,42,3,#11
GIL,34,Se eu quiser falar por Deus,major,43,2,3
GIL,34,Se eu quiser falar por Deus,major,44,#1/b2,x
GIL,34,Se eu quiser falar por Deus,major,45,2,3
GIL,34,Se eu quiser falar por Deus,major,46,4,5
GIL,34,Se eu quiser falar por Deus,major,47,3,#11
GIL,34,Se eu quiser falar por Deus,major,48,2,11
GIL,34,Se eu quiser falar por Deus,major,49,2,3
GIL,34,Se eu quiser falar por Deus,major,50,3,5
GIL,34,Se eu quiser falar por Deus,major,51,1,3
GIL,34,Se eu quiser falar por Deus,major,52,1,5
GIL,34,Se eu quiser falar por Deus,major,53,7,11
GIL,34,Se eu quiser falar por Deus,major,54,6,3
GIL,34,Se eu quiser falar por Deus,major,55,5,5
GIL,34,Se eu quiser falar por Deus,major,56,3,3
GIL,34,Se eu quiser falar por Deus,major,57,4,x
GIL,34,Se eu quiser falar por Deus,major,58,#5/b6,1
GIL,34,Se eu quiser falar por Deus,major,59,7,3
GIL,34,Se eu quiser falar por Deus,major,60,4,x
GIL,34,Se eu quiser falar por Deus,major,61,3,b13
GIL,34,Se eu quiser falar por Deus,major,62,2,13
GIL,34,Se eu quiser falar por Deus,major,63,1,1
GIL,34,Se eu quiser falar por Deus,major,64,3,5
GIL,34,Se eu quiser falar por Deus,major,65,5,7
GIL,34,Se eu quiser falar por Deus,major,66,4,7
GIL,34,Se eu quiser falar por Deus,major,67,3,3
GIL,35,Realce,minor,1,b7,3
GIL,35,Realce,minor,2,#6,x
GIL,35,Realce,minor,3,5,1
GIL,35,Realce,minor,4,b7,11
GIL,35,Realce,minor,5,4,1
GIL,35,Realce,minor,6,5,x
GIL,35,Realce,minor,7,6,3
GIL,35,Realce,minor,8,b7,11
GIL,35,Realce,minor,9,#6,x
GIL,35,Realce,minor,10,5,9
GIL,35,Realce,minor,11,1,11
GIL,35,Realce,minor,12,3,6
GIL,35,Realce,minor,13,2,x
GIL,35,Realce,minor,14,1,3
GIL,35,Realce,minor,15,b7,5
GIL,35,Realce,minor,16,2,x
GIL,35,Realce,minor,17,1,11
GIL,35,Realce,minor,18,3,x
GIL,35,Realce,minor,19,2,11
GIL,35,Realce,minor,20,3,x
GIL,35,Realce,minor,21,4,6
GIL,35,Realce,minor,22,6,x
GIL,35,Realce,minor,23,5,5
GIL,35,Realce,minor,24,4,x
GIL,35,Realce,minor,25,3,11
GIL,35,Realce,minor,26,1,9
GIL,35,Realce,minor,27,2,x
GIL,35,Realce,minor,28,3,11
GIL,35,Realce,minor,29,5,6
GIL,35,Realce,minor,30,4,x
GIL,35,Realce,minor,31,3,x
GIL,35,Realce,minor,32,2,5
GIL,35,Realce,minor,33,4,7
GIL,35,Realce,minor,34,3,x
GIL,35,Realce,minor,35,2,5
GIL,35,Realce,minor,36,1,11
GIL,35,Realce,minor,37,3,x
GIL,35,Realce,minor,38,2,5
GIL,35,Realce,minor,39,1,x
GIL,35,Realce,minor,40,b7,11
GIL,35,Realce,minor,41,2,x
GIL,35,Realce,minor,42,3,7
GIL,35,Realce,minor,43,4,7
GIL,35,Realce,minor,44,3,3
GIL,35,Realce,minor,45,4,5
GIL,35,Realce,minor,46,3,7
GIL,35,Realce,minor,47,1,x
GIL,35,Realce,minor,48,2,x
GIL,35,Realce,minor,49,3,6
GIL,35,Realce,minor,50,2,x
GIL,35,Realce,minor,51,1,11
GIL,35,Realce,minor,52,4,7
GIL,35,Realce,minor,53,2,5
GIL,35,Realce,minor,54,b7,3
GIL,35,Realce,minor,55,1,7
GIL,36,Sitio do Pica-Pau Amarelo,major,1,2,3
GIL,36,Sitio do Pica-Pau Amarelo,major,2,1,9
GIL,36,Sitio do Pica-Pau Amarelo,major,3,6,1
GIL,36,Sitio do Pica-Pau Amarelo,major,4,5,7
GIL,36,Sitio do Pica-Pau Amarelo,major,5,3,5
GIL,36,Sitio do Pica-Pau Amarelo,major,6,5,1
GIL,36,Sitio do Pica-Pau Amarelo,major,7,6,9
GIL,36,Sitio do Pica-Pau Amarelo,major,8,1,x
GIL,36,Sitio do Pica-Pau Amarelo,major,9,2,11
GIL,36,Sitio do Pica-Pau Amarelo,major,10,2,3
GIL,36,Sitio do Pica-Pau Amarelo,major,11,1,9
GIL,36,Sitio do Pica-Pau Amarelo,major,12,6,1
GIL,36,Sitio do Pica-Pau Amarelo,major,13,5,7
GIL,36,Sitio do Pica-Pau Amarelo,major,14,3,5
GIL,36,Sitio do Pica-Pau Amarelo,major,15,5,5
GIL,36,Sitio do Pica-Pau Amarelo,major,16,4,1
GIL,36,Sitio do Pica-Pau Amarelo,major,17,6,3
GIL,36,Sitio do Pica-Pau Amarelo,major,18,1,5
GIL,36,Sitio do Pica-Pau Amarelo,major,19,#6/b7,x
GIL,36,Sitio do Pica-Pau Amarelo,major,20,6,3
GIL,36,Sitio do Pica-Pau Amarelo,major,21,#6/b7,x
GIL,36,Sitio do Pica-Pau Amarelo,major,22,6,3
GIL,36,Sitio do Pica-Pau Amarelo,major,23,2,1
GIL,36,Sitio do Pica-Pau Amarelo,major,24,#4/b5,3
GIL,36,Sitio do Pica-Pau Amarelo,major,25,6,5
GIL,36,Sitio do Pica-Pau Amarelo,major,26,5,x
GIL,36,Sitio do Pica-Pau Amarelo,major,27,#4/b5,3
GIL,36,Sitio do Pica-Pau Amarelo,major,28,5,x
GIL,36,Sitio do Pica-Pau Amarelo,major,29,#4/b5,3
GIL,36,Sitio do Pica-Pau Amarelo,major,30,5,1
GIL,36,Sitio do Pica-Pau Amarelo,major,31,7,3
GIL,36,Sitio do Pica-Pau Amarelo,major,32,2,5
GIL,36,Sitio do Pica-Pau Amarelo,major,33,1,x
GIL,36,Sitio do Pica-Pau Amarelo,major,34,7,3
GIL,36,Sitio do Pica-Pau Amarelo,major,35,1,x
GIL,36,Sitio do Pica-Pau Amarelo,major,36,7,3
GIL,36,Sitio do Pica-Pau Amarelo,major,37,4,1
GIL,36,Sitio do Pica-Pau Amarelo,major,38,6,3
GIL,36,Sitio do Pica-Pau Amarelo,major,39,1,5
GIL,36,Sitio do Pica-Pau Amarelo,major,40,3,b13
GIL,36,Sitio do Pica-Pau Amarelo,major,41,5,14
GIL,36,Sitio do Pica-Pau Amarelo,major,42,4,x
GIL,36,Sitio do Pica-Pau Amarelo,major,43,3,x
GIL,36,Sitio do Pica-Pau Amarelo,major,44,2,5
GIL,36,Sitio do Pica-Pau Amarelo,major,45,1,1
GIL,36,Sitio do Pica-Pau Amarelo,major,46,3,3
GIL,37,Bapa Alapala,major,1,1,1
GIL,37,Bapa Alapala,major,2,2,x
GIL,37,Bapa Alapala,major,3,3,3
GIL,37,Bapa Alapala,major,4,4,x
GIL,37,Bapa Alapala,major,5,5,1
GIL,37,Bapa Alapala,major,6,1,11
GIL,37,Bapa Alapala,major,7,1,1
GIL,37,Bapa Alapala,major,8,5,5
GIL,37,Bapa Alapala,major,9,3,3
GIL,37,Bapa Alapala,major,10,2,5
GIL,37,Bapa Alapala,major,11,5,1
GIL,37,Bapa Alapala,major,12,1,1
GIL,37,Bapa Alapala,major,13,5,1
GIL,37,Bapa Alapala,major,14,4,7
GIL,37,Bapa Alapala,major,15,3,3
GIL,37,Bapa Alapala,major,16,5,5
GIL,37,Bapa Alapala,major,17,#4/b5,#11
GIL,37,Bapa Alapala,major,18,2,5
GIL,37,Bapa Alapala,major,19,4,7
GIL,37,Bapa Alapala,major,20,3,6
GIL,37,Bapa Alapala,major,21,1,1
GIL,37,Bapa Alapala,major,22,3,3
GIL,37,Bapa Alapala,major,23,1,11
GIL,37,Bapa Alapala,major,24,1,1
GIL,37,Bapa Alapala,major,25,5,5
GIL,37,Bapa Alapala,major,26,3,3
GIL,37,Bapa Alapala,major,27,2,5
GIL,37,Bapa Alapala,major,28,5,1
GIL,37,Bapa Alapala,major,29,3,3
GIL,37,Bapa Alapala,major,30,5,1
GIL,37,Bapa Alapala,major,31,3,3
GIL,37,Bapa Alapala,major,32,5,5
GIL,37,Bapa Alapala,major,33,3,3
GIL,37,Bapa Alapala,major,34,2,5
GIL,37,Bapa Alapala,major,35,4,7
GIL,37,Bapa Alapala,major,36,3,13
GIL,37,Bapa Alapala,major,37,1,3
GIL,37,Bapa Alapala,major,38,3,5
GIL,37,Bapa Alapala,major,39,3,6
GIL,37,Bapa Alapala,major,40,5,1
GIL,37,Bapa Alapala,major,41,5,7
GIL,37,Bapa Alapala,major,42,3,5
GIL,37,Bapa Alapala,major,43,1,3
GIL,37,Bapa Alapala,major,44,3,3
GIL,37,Bapa Alapala,major,45,5,5
GIL,37,Bapa Alapala,major,46,2,5
GIL,38,Back in Bahia,major,1,#6/b7,7
GIL,38,Back in Bahia,major,2,6,x
GIL,38,Back in Bahia,major,3,#6/b7,7
GIL,38,Back in Bahia,major,4,6,x
GIL,38,Back in Bahia,major,5,#6/b7,x
GIL,38,Back in Bahia,major,6,6,3
GIL,38,Back in Bahia,major,7,#6/b7,x
GIL,38,Back in Bahia,major,8,6,3
GIL,38,Back in Bahia,major,9,5,9
GIL,38,Back in Bahia,major,10,3,3
GIL,38,Back in Bahia,major,11,1,1
GIL,38,Back in Bahia,major,12,3,3
GIL,38,Back in Bahia,major,13,5,5
GIL,38,Back in Bahia,major,14,6,13
GIL,38,Back in Bahia,major,15,#2/b3,b9/#9
GIL,38,Back in Bahia,major,16,1,1
GIL,38,Back in Bahia,major,17,#2/b3,b13
GIL,38,Back in Bahia,major,18,2,x
GIL,38,Back in Bahia,major,19,#2/b3,b13
GIL,38,Back in Bahia,major,20,2,x
GIL,38,Back in Bahia,major,21,#2/b3,7
GIL,38,Back in Bahia,major,22,2,x
GIL,38,Back in Bahia,major,23,#2/b3,7
GIL,38,Back in Bahia,major,24,2,x
GIL,38,Back in Bahia,major,25,1,5
GIL,38,Back in Bahia,major,26,3,3
GIL,38,Back in Bahia,major,27,5,5
GIL,38,Back in Bahia,major,28,6,13
GIL,38,Back in Bahia,major,29,#2/b3,b9/#9
GIL,38,Back in Bahia,major,30,1,1
GIL,39,Deixar voce,minor,1,1,1
GIL,39,Deixar voce,minor,2,3,3
GIL,39,Deixar voce,minor,3,1,1
GIL,39,Deixar voce,minor,4,3,3
GIL,39,Deixar voce,minor,5,4,7
GIL,39,Deixar voce,minor,6,1,1
GIL,39,Deixar voce,minor,7,3,3
GIL,39,Deixar voce,minor,8,1,1
GIL,39,Deixar voce,minor,9,3,11
GIL,39,Deixar voce,minor,10,1,9
GIL,39,Deixar voce,minor,11,b7,5
GIL,39,Deixar voce,minor,12,5,3
GIL,39,Deixar voce,minor,13,5,7
GIL,39,Deixar voce,minor,14,b7,9
GIL,39,Deixar voce,minor,15,5,7
GIL,39,Deixar voce,minor,16,b7,9
GIL,39,Deixar voce,minor,17,#4/b5,x
GIL,39,Deixar voce,minor,18,4,1
GIL,39,Deixar voce,minor,19,3,7
GIL,39,Deixar voce,minor,20,1,9
GIL,39,Deixar voce,minor,21,#4/b5,x
GIL,39,Deixar voce,minor,22,4,b9/#9
GIL,39,Deixar voce,minor,23,3,x
GIL,39,Deixar voce,minor,24,b7,#11
GIL,39,Deixar voce,minor,25,5,3
GIL,39,Deixar voce,minor,26,1,1
GIL,39,Deixar voce,minor,27,3,3
GIL,39,Deixar voce,minor,28,1,1
GIL,39,Deixar voce,minor,29,3,3
GIL,39,Deixar voce,minor,30,5,1
GIL,39,Deixar voce,minor,31,1,1
GIL,39,Deixar voce,minor,32,3,3
GIL,39,Deixar voce,minor,33,1,1
GIL,39,Deixar voce,minor,34,3,11
GIL,39,Deixar voce,minor,35,1,9
GIL,39,Deixar voce,minor,36,b7,5
GIL,39,Deixar voce,minor,37,5,3
GIL,39,Deixar voce,minor,38,5,7
GIL,39,Deixar voce,minor,39,b7,9
GIL,39,Deixar voce,minor,40,5,7
GIL,39,Deixar voce,minor,41,b7,9
GIL,39,Deixar voce,minor,42,5,7
GIL,39,Deixar voce,minor,43,4,x
GIL,39,Deixar voce,minor,44,3,7
GIL,39,Deixar voce,minor,45,5,9
GIL,39,Deixar voce,minor,46,1,9
GIL,39,Deixar voce,minor,47,5,13
GIL,39,Deixar voce,minor,48,4,x
GIL,39,Deixar voce,minor,49,3,11
GIL,39,Deixar voce,minor,50,5,6
GIL,39,Deixar voce,minor,51,1,9
GIL,39,Deixar voce,minor,52,5,13
GIL,39,Deixar voce,minor,53,#4/b5,x
GIL,39,Deixar voce,minor,54,4,5
GIL,40,Domingo no parque,major,1,5,5
GIL,40,Domingo no parque,major,2,3,3
GIL,40,Domingo no parque,major,3,1,1
GIL,40,Domingo no parque,major,4,3,3
GIL,40,Domingo no parque,major,5,5,5
GIL,40,Domingo no parque,major,6,6,3
GIL,40,Domingo no parque,major,7,7,x
GIL,40,Domingo no parque,major,8,6,3
GIL,40,Domingo no parque,major,9,6,7
GIL,40,Domingo no parque,major,10,7,x
GIL,40,Domingo no parque,major,11,6,7
GIL,40,Domingo no parque,major,12,6,x
GIL,40,Domingo no parque,major,13,5,3
GIL,40,Domingo no parque,major,14,6,x
GIL,40,Domingo no parque,major,15,5,7
GIL,40,Domingo no parque,major,16,4,x
GIL,40,Domingo no parque,major,17,3,5
GIL,40,Domingo no parque,major,18,1,7
GIL,40,Domingo no parque,major,19,3,9
GIL,40,Domingo no parque,major,20,2,5
GIL,40,Domingo no parque,major,21,3,3
GIL,40,Domingo no parque,major,22,5,5
GIL,40,Domingo no parque,major,23,3,3
GIL,40,Domingo no parque,major,24,1,1
GIL,40,Domingo no parque,major,25,3,3
GIL,40,Domingo no parque,major,26,5,5
GIL,40,Domingo no parque,major,27,6,3
GIL,40,Domingo no parque,major,28,7,x
GIL,40,Domingo no parque,major,29,6,3
GIL,40,Domingo no parque,major,30,6,7
GIL,40,Domingo no parque,major,31,7,x
GIL,40,Domingo no parque,major,32,6,7
GIL,40,Domingo no parque,major,33,6,x
GIL,40,Domingo no parque,major,34,5,3
GIL,40,Domingo no parque,major,35,6,x
GIL,40,Domingo no parque,major,36,5,7
GIL,40,Domingo no parque,major,37,4,x
GIL,40,Domingo no parque,major,38,3,5
GIL,40,Domingo no parque,major,39,1,7
GIL,40,Domingo no parque,major,40,3,9
GIL,40,Domingo no parque,major,41,2,5
GIL,40,Domingo no parque,major,42,1,1
GIL,40,Domingo no parque,major,43,3,3
GIL,40,Domingo no parque,major,44,5,5
GIL,40,Domingo no parque,major,45,1,1
GIL,40,Domingo no parque,major,46,#6/b7,7
GIL,40,Domingo no parque,major,47,5,x
GIL,40,Domingo no parque,major,48,4,5
GIL,40,Domingo no parque,major,49,2,3
GIL,40,Domingo no parque,major,50,3,5
GIL,40,Domingo no parque,major,51,5,7
GIL,40,Domingo no parque,major,52,1,3
GIL,40,Domingo no parque,major,53,4,x
GIL,40,Domingo no parque,major,54,3,5
GIL,40,Domingo no parque,major,55,1,3
GIL,40,Domingo no parque,major,56,3,x
GIL,40,Domingo no parque,major,57,2,5
GIL,40,Domingo no parque,major,58,1,1
GIL,41,Expresso 2222,major,1,1,1
GIL,41,Expresso 2222,major,2,2,9
GIL,41,Expresso 2222,major,3,2,3
GIL,41,Expresso 2222,major,4,#6/b7,1
GIL,41,Expresso 2222,major,5,6,3
GIL,41,Expresso 2222,major,6,1,5
GIL,41,Expresso 2222,major,7,4,1
GIL,41,Expresso 2222,major,8,4,x
GIL,41,Expresso 2222,major,9,3,3
GIL,41,Expresso 2222,major,10,1,1
GIL,41,Expresso 2222,major,11,2,9
GIL,41,Expresso 2222,major,12,2,7
GIL,41,Expresso 2222,major,13,7,5
GIL,41,Expresso 2222,major,14,5,11
GIL,41,Expresso 2222,major,15,4,7
GIL,41,Expresso 2222,major,16,3,3
GIL,41,Expresso 2222,major,17,1,1
GIL,41,Expresso 2222,major,18,2,9
GIL,41,Expresso 2222,major,19,2,5
GIL,41,Expresso 2222,major,20,7,3
GIL,41,Expresso 2222,major,21,5,x
GIL,41,Expresso 2222,major,22,4,7
GIL,41,Expresso 2222,major,23,2,5
GIL,41,Expresso 2222,major,24,4,3
GIL,41,Expresso 2222,major,25,4,x
GIL,41,Expresso 2222,major,26,3,3
GIL,41,Expresso 2222,major,27,1,1
GIL,41,Expresso 2222,major,28,5,5
GIL,41,Expresso 2222,major,29,3,3
GIL,41,Expresso 2222,major,30,1,1
GIL,41,Expresso 2222,major,31,2,9
GIL,41,Expresso 2222,major,32,2,5
GIL,41,Expresso 2222,major,33,7,3
GIL,41,Expresso 2222,major,34,5,1
GIL,41,Expresso 2222,major,35,4,7
GIL,41,Expresso 2222,major,36,5,1
GIL,41,Expresso 2222,major,37,1,1
GIL,41,Expresso 2222,major,38,5,5
GIL,41,Expresso 2222,major,39,3,3
GIL,41,Expresso 2222,major,40,1,1
GIL,41,Expresso 2222,major,41,3,3
GIL,41,Expresso 2222,major,42,5,5
GIL,41,Expresso 2222,major,43,4,7
GIL,41,Expresso 2222,major,44,6,9
GIL,41,Expresso 2222,major,45,4,7
GIL,41,Expresso 2222,major,46,2,5
GIL,41,Expresso 2222,major,47,1,3
GIL,41,Expresso 2222,major,48,3,1
GIL,41,Expresso 2222,major,49,1,3
GIL,41,Expresso 2222,major,50,3,5
GIL,41,Expresso 2222,major,51,2,1
GIL,41,Expresso 2222,major,52,4,3
GIL,41,Expresso 2222,major,53,2,5
GIL,41,Expresso 2222,major,54,7,3
GIL,41,Expresso 2222,major,55,5,11
GIL,41,Expresso 2222,major,56,7,6
GIL,41,Expresso 2222,major,57,2,5
GIL,41,Expresso 2222,major,58,1,1
GIL,42,Luar,major,1,5,5
GIL,42,Luar,major,2,3,3
GIL,42,Luar,major,3,5,5
GIL,42,Luar,major,4,6,6
GIL,42,Luar,major,5,5,5
GIL,42,Luar,major,6,3,3
GIL,42,Luar,major,7,2,x
GIL,42,Luar,major,8,1,1
GIL,42,Luar,major,9,5,5
GIL,42,Luar,major,10,3,3
GIL,42,Luar,major,11,5,5
GIL,42,Luar,major,12,3,3
GIL,42,Luar,major,13,5,5
GIL,42,Luar,major,14,6,6
GIL,42,Luar,major,15,#4/b5,3
GIL,42,Luar,major,16,1,7
GIL,42,Luar,major,17,7,x
GIL,42,Luar,major,18,1,7
GIL,42,Luar,major,19,7,x
GIL,42,Luar,major,20,1,7
GIL,42,Luar,major,21,2,x
GIL,42,Luar,major,22,3,9
GIL,42,Luar,major,23,2,1
GIL,42,Luar,major,24,1,x
GIL,42,Luar,major,25,2,1
GIL,42,Luar,major,26,1,x
GIL,42,Luar,major,27,7,x
GIL,42,Luar,major,28,1,7
GIL,42,Luar,major,29,7,x
GIL,42,Luar,major,30,6,5
GIL,42,Luar,major,31,7,x
GIL,42,Luar,major,32,6,5
GIL,42,Luar,major,33,5,x
GIL,42,Luar,major,34,6,3
GIL,42,Luar,major,35,1,5
GIL,42,Luar,major,36,6,3
GIL,42,Luar,major,37,1,5
GIL,42,Luar,major,38,2,x
GIL,42,Luar,major,39,1,1
GIL,42,Luar,major,40,4,7
GIL,42,Luar,major,41,3,x
GIL,42,Luar,major,42,2,5
GIL,42,Luar,major,43,5,1
GIL,42,Luar,major,44,4,x
GIL,42,Luar,major,45,3,13
GIL,42,Luar,major,46,2,x
GIL,42,Luar,major,47,1,1
GIL,42,Luar,major,48,3,3
GIL,43,Lovacao,major,1,5,5
GIL,43,Lovacao,major,2,1,1
GIL,43,Lovacao,major,3,2,9
GIL,43,Lovacao,major,4,3,3
GIL,43,Lovacao,major,5,1,1
GIL,43,Lovacao,major,6,6,3
GIL,43,Lovacao,major,7,#6/b7,1
GIL,43,Lovacao,major,8,1,1
GIL,43,Lovacao,major,9,4,x
GIL,43,Lovacao,major,10,3,3
GIL,43,Lovacao,major,11,1,1
GIL,43,Lovacao,major,12,3,3
GIL,43,Lovacao,major,13,1,1
GIL,43,Lovacao,major,14,6,x
GIL,43,Lovacao,major,15,5,5
GIL,43,Lovacao,major,16,6,3
GIL,43,Lovacao,major,17,7,3
GIL,43,Lovacao,major,18,4,x
GIL,43,Lovacao,major,19,3,3
GIL,43,Lovacao,major,20,1,1
GIL,43,Lovacao,major,21,2,9
GIL,43,Lovacao,major,22,3,3
GIL,43,Lovacao,major,23,1,1
GIL,43,Lovacao,major,24,6,3
GIL,43,Lovacao,major,25,#6/b7,1
GIL,43,Lovacao,major,26,1,1
GIL,43,Lovacao,major,27,4,x
GIL,43,Lovacao,major,28,3,3
GIL,43,Lovacao,major,29,1,1
GIL,43,Lovacao,major,30,3,3
GIL,43,Lovacao,major,31,1,1
GIL,43,Lovacao,major,32,6,x
GIL,43,Lovacao,major,33,5,1
GIL,43,Lovacao,major,34,3,3
GIL,43,Lovacao,major,35,1,1
GIL,43,Lovacao,major,36,2,7
GIL,43,Lovacao,major,37,3,5
GIL,43,Lovacao,major,38,1,3
GIL,43,Lovacao,major,39,3,5
GIL,43,Lovacao,major,40,5,7
GIL,43,Lovacao,major,41,#4/b5,3
GIL,43,Lovacao,major,42,3,x
GIL,43,Lovacao,major,43,2,1
GIL,43,Lovacao,major,44,1,7
GIL,43,Lovacao,major,45,6,1
GIL,43,Lovacao,major,46,3,5
GIL,43,Lovacao,major,47,1,7
GIL,43,Lovacao,major,48,2,5
GIL,43,Lovacao,major,49,3,3
GIL,44,Meio de campo,major,1,6,1
GIL,44,Meio de campo,major,2,5,7
GIL,44,Meio de campo,major,3,3,5
GIL,44,Meio de campo,major,4,2,1
GIL,44,Meio de campo,major,5,6,5
GIL,44,Meio de campo,major,6,5,1
GIL,44,Meio de campo,major,7,3,x
GIL,44,Meio de campo,major,8,2,5
GIL,44,Meio de campo,major,9,1,1
GIL,44,Meio de campo,major,10,5,5
GIL,44,Meio de campo,major,11,7,5
GIL,44,Meio de campo,major,12,6,x
GIL,44,Meio de campo,major,13,#5/b6,3
GIL,44,Meio de campo,major,14,4,x
GIL,44,Meio de campo,major,15,3,1
GIL,44,Meio de campo,major,16,2,7
GIL,44,Meio de campo,major,17,1,3
GIL,44,Meio de campo,major,18,7,x
GIL,44,Meio de campo,major,19,6,1
GIL,44,Meio de campo,major,20,1,7
GIL,44,Meio de campo,major,21,6,5
GIL,44,Meio de campo,major,22,1,3
GIL,44,Meio de campo,major,23,7,x
GIL,44,Meio de campo,major,24,6,9
GIL,44,Meio de campo,major,25,7,x
GIL,44,Meio de campo,major,26,6,x
GIL,44,Meio de campo,major,27,5,1
GIL,44,Meio de campo,major,28,6,11
GIL,44,Meio de campo,major,29,5,7
GIL,44,Meio de campo,major,30,3,5
GIL,44,Meio de campo,major,31,2,1
GIL,44,Meio de campo,major,32,6,5
GIL,44,Meio de campo,major,33,5,1
GIL,44,Meio de campo,major,34,3,x
GIL,44,Meio de campo,major,35,2,5
GIL,44,Meio de campo,major,36,1,1
GIL,44,Meio de campo,major,37,3,3
GIL,44,Meio de campo,major,38,#2/b3,x
GIL,44,Meio de campo,major,39,2,x
GIL,44,Meio de campo,major,40,#1/b2,3
GIL,44,Meio de campo,major,41,6,1
GIL,44,Meio de campo,major,42,#5/b6,x
GIL,44,Meio de campo,major,43,5,x
GIL,44,Meio de campo,major,44,#4/b5,3
GIL,44,Meio de campo,major,45,2,1
GIL,44,Meio de campo,major,46,3,x
GIL,44,Meio de campo,major,47,2,5
GIL,44,Meio de campo,major,48,5,5
GIL,44,Meio de campo,major,49,3,3
GIL,44,Meio de campo,major,50,1,1
GIL,45,Retiros espirituais,major,1,3,3
GIL,45,Retiros espirituais,major,2,4,x
GIL,45,Retiros espirituais,major,3,5,5
GIL,45,Retiros espirituais,major,4,4,x
GIL,45,Retiros espirituais,major,5,3,3
GIL,45,Retiros espirituais,major,6,5,5
GIL,45,Retiros espirituais,major,7,4,x
GIL,45,Retiros espirituais,major,8,3,3
GIL,45,Retiros espirituais,major,9,5,5
GIL,45,Retiros espirituais,major,10,6,13
GIL,45,Retiros espirituais,major,11,4,1
GIL,45,Retiros espirituais,major,12,3,x
GIL,45,Retiros espirituais,major,13,2,6
GIL,45,Retiros espirituais,major,14,3,x
GIL,45,Retiros espirituais,major,15,4,1
GIL,45,Retiros espirituais,major,16,3,x
GIL,45,Retiros espirituais,major,17,2,6
GIL,45,Retiros espirituais,major,18,3,x
GIL,45,Retiros espirituais,major,19,4,7
GIL,45,Retiros espirituais,major,20,3,5
GIL,45,Retiros espirituais,major,21,2,x
GIL,45,Retiros espirituais,major,22,1,3
GIL,45,Retiros espirituais,major,23,2,x
GIL,45,Retiros espirituais,major,24,3,5
GIL,45,Retiros espirituais,major,25,2,x
GIL,45,Retiros espirituais,major,26,1,3
GIL,45,Retiros espirituais,major,27,2,x
GIL,45,Retiros espirituais,major,28,3,9
GIL,45,Retiros espirituais,major,29,2,1
GIL,45,Retiros espirituais,major,30,1,x
GIL,45,Retiros espirituais,major,31,2,5
GIL,45,Retiros espirituais,major,32,6,3
GIL,45,Retiros espirituais,major,33,5,x
GIL,45,Retiros espirituais,major,34,4,1
GIL,45,Retiros espirituais,major,35,6,3
GIL,45,Retiros espirituais,major,36,5,x
GIL,45,Retiros espirituais,major,37,4,1
GIL,45,Retiros espirituais,major,38,6,9
GIL,45,Retiros espirituais,major,39,5,3
GIL,45,Retiros espirituais,major,40,4,x
GIL,45,Retiros espirituais,major,41,3,1
GIL,45,Retiros espirituais,major,42,5,3
GIL,45,Retiros espirituais,major,43,4,x
GIL,45,Retiros espirituais,major,44,3,1
GIL,45,Retiros espirituais,major,45,5,7
GIL,45,Retiros espirituais,major,46,4,x
GIL,45,Retiros espirituais,major,47,3,5
GIL,45,Retiros espirituais,major,48,5,7
GIL,46,Sarara miolo,major,1,3,3
GIL,46,Sarara miolo,major,2,2,3
GIL,46,Sarara miolo,major,3,1,5
GIL,46,Sarara miolo,major,4,6,3
GIL,46,Sarara miolo,major,5,1,1
GIL,46,Sarara miolo,major,6,3,3
GIL,46,Sarara miolo,major,7,2,3
GIL,46,Sarara miolo,major,8,1,5
GIL,46,Sarara miolo,major,9,6,3
GIL,46,Sarara miolo,major,10,1,x
GIL,46,Sarara miolo,major,11,2,x
GIL,46,Sarara miolo,major,12,3,3
GIL,46,Sarara miolo,major,13,3,3
GIL,46,Sarara miolo,major,14,2,3
GIL,46,Sarara miolo,major,15,1,5
GIL,46,Sarara miolo,major,16,6,3
GIL,46,Sarara miolo,major,17,1,1
GIL,46,Sarara miolo,major,18,2,9
GIL,46,Sarara miolo,major,19,3,3
GIL,46,Sarara miolo,major,20,2,x
GIL,46,Sarara miolo,major,21,1,9
GIL,46,Sarara miolo,major,22,5,5
GIL,46,Sarara miolo,major,23,4,x
GIL,46,Sarara miolo,major,24,3,3
GIL,46,Sarara miolo,major,25,5,1
GIL,46,Sarara miolo,major,26,1,5
GIL,46,Sarara miolo,major,27,6,3
GIL,46,Sarara miolo,major,28,1,1
GIL,46,Sarara miolo,major,29,2,x
GIL,46,Sarara miolo,major,30,3,7
GIL,46,Sarara miolo,major,31,5,5
GIL,46,Sarara miolo,major,32,4,x
GIL,46,Sarara miolo,major,33,3,3
GIL,46,Sarara miolo,major,34,4,1
GIL,46,Sarara miolo,major,35,1,5
GIL,46,Sarara miolo,major,36,6,3
GIL,46,Sarara miolo,major,37,1,1
GIL,46,Sarara miolo,major,38,2,x
GIL,46,Sarara miolo,major,39,3,7
GIL,46,Sarara miolo,major,40,2,x
GIL,46,Sarara miolo,major,41,1,5
GIL,46,Sarara miolo,major,42,6,6
GIL,46,Sarara miolo,major,43,1,1
GIL,46,Sarara miolo,major,44,2,x
GIL,46,Sarara miolo,major,45,3,7
GIL,46,Sarara miolo,major,46,1,5
GIL,46,Sarara miolo,major,47,2,x
GIL,46,Sarara miolo,major,48,1,5
GIL,47,Soy loco por ti America,major,1,5,5
GIL,47,Soy loco por ti America,major,2,3,3
GIL,47,Soy loco por ti America,major,3,2,x
GIL,47,Soy loco por ti America,major,4,1,1
GIL,47,Soy loco por ti America,major,5,7,x
GIL,47,Soy loco por ti America,major,6,1,1
GIL,47,Soy loco por ti America,major,7,2,1
GIL,47,Soy loco por ti America,major,8,6,5
GIL,47,Soy loco por ti America,major,9,4,3
GIL,47,Soy loco por ti America,major,10,2,1
GIL,47,Soy loco por ti America,major,11,3,x
GIL,47,Soy loco por ti America,major,12,4,3
GIL,47,Soy loco por ti America,major,13,5,1
GIL,47,Soy loco por ti America,major,14,6,x
GIL,47,Soy loco por ti America,major,15,7,3
GIL,47,Soy loco por ti America,major,16,2,x
GIL,47,Soy loco por ti America,major,17,1,1
GIL,47,Soy loco por ti America,major,18,6,6
GIL,47,Soy loco por ti America,major,19,5,5
GIL,47,Soy loco por ti America,major,20,1,1
GIL,47,Soy loco por ti America,major,21,2,x
GIL,47,Soy loco por ti America,major,22,3,3
GIL,47,Soy loco por ti America,major,23,5,5
GIL,47,Soy loco por ti America,major,24,7,7
GIL,47,Soy loco por ti America,major,25,6,x
GIL,47,Soy loco por ti America,major,26,5,11
GIL,47,Soy loco por ti America,major,27,2,5
GIL,47,Soy loco por ti America,major,28,2,1
GIL,47,Soy loco por ti America,major,29,3,x
GIL,47,Soy loco por ti America,major,30,4,3
GIL,47,Soy loco por ti America,major,31,5,1
GIL,47,Soy loco por ti America,major,32,6,x
GIL,47,Soy loco por ti America,major,33,7,3
GIL,47,Soy loco por ti America,major,34,1,1
GIL,47,Soy loco por ti America,major,35,2,x
GIL,47,Soy loco por ti America,major,36,3,3
GIL,47,Soy loco por ti America,major,37,2,x
GIL,47,Soy loco por ti America,major,38,1,1
GIL,47,Soy loco por ti America,major,39,7,x
GIL,47,Soy loco por ti America,major,40,6,x
GIL,47,Soy loco por ti America,major,41,5,5
GIL,47,Soy loco por ti America,major,42,4,x
GIL,47,Soy loco por ti America,major,43,3,3
GIL,47,Soy loco por ti America,major,44,5,5
GIL,47,Soy loco por ti America,major,45,4,3
GIL,47,Soy loco por ti America,major,46,2,5
GIL,47,Soy loco por ti America,major,47,5,1
GIL,47,Soy loco por ti America,major,48,7,x
GIL,47,Soy loco por ti America,major,49,6,3
GIL,47,Soy loco por ti America,major,50,5,1
GIL,47,Soy loco por ti America,major,51,4,7
GIL,47,Soy loco por ti America,major,52,2,5
GIL,47,Soy loco por ti America,major,53,1,1
GIL,48,Super-homem,major,1,3,3
GIL,48,Super-homem,major,2,5,5
GIL,48,Super-homem,major,3,5,x
GIL,48,Super-homem,major,4,6,7
GIL,48,Super-homem,major,5,7,x
GIL,48,Super-homem,major,6,1,1
GIL,48,Super-homem,major,7,7,x
GIL,48,Super-homem,major,8,6,7
GIL,48,Super-homem,major,9,7,x
GIL,48,Super-homem,major,10,6,6
GIL,48,Super-homem,major,11,7,x
GIL,48,Super-homem,major,12,6,6
GIL,48,Super-homem,major,13,7,x
GIL,48,Super-homem,major,14,6,6
GIL,48,Super-homem,major,15,3,3
GIL,48,Super-homem,major,16,5,5
GIL,48,Super-homem,major,17,5,x
GIL,48,Super-homem,major,18,6,7
GIL,48,Super-homem,major,19,7,x
GIL,48,Super-homem,major,20,1,1
GIL,48,Super-homem,major,21,7,x
GIL,48,Super-homem,major,22,6,7
GIL,48,Super-homem,major,23,7,x
GIL,48,Super-homem,major,24,6,7
GIL,48,Super-homem,major,25,7,x
GIL,48,Super-homem,major,26,6,7
GIL,48,Super-homem,major,27,3,11
GIL,48,Super-homem,major,28,2,3
GIL,48,Super-homem,major,29,2,7
GIL,48,Super-homem,major,30,3,1
GIL,48,Super-homem,major,31,4,b9/#9
GIL,48,Super-homem,major,32,3,1
GIL,48,Super-homem,major,33,2,x
GIL,48,Super-homem,major,34,3,5
GIL,48,Super-homem,major,35,6,13
GIL,48,Super-homem,major,36,1,5
GIL,48,Super-homem,major,37,1,5
GIL,48,Super-homem,major,38,2,b13
GIL,48,Super-homem,major,39,3,x
GIL,48,Super-homem,major,40,2,b13
GIL,48,Super-homem,major,41,1,x
GIL,48,Super-homem,major,42,2,b13
GIL,48,Super-homem,major,43,1,x
GIL,48,Super-homem,major,44,7,11
GIL,48,Super-homem,major,45,1,x
GIL,48,Super-homem,major,46,7,5
GIL,48,Super-homem,major,47,1,x
GIL,48,Super-homem,major,48,7,5
GIL,49,Toda menina baiana,major,1,5,3
GIL,49,Toda menina baiana,major,2,5,11
GIL,49,Toda menina baiana,major,3,6,x
GIL,49,Toda menina baiana,major,4,5,11
GIL,49,Toda menina baiana,major,5,3,1
GIL,49,Toda menina baiana,major,6,7,5
GIL,49,Toda menina baiana,major,7,1,x
GIL,49,Toda menina baiana,major,8,2,1
GIL,49,Toda menina baiana,major,9,1,x
GIL,49,Toda menina baiana,major,10,2,x
GIL,49,Toda menina baiana,major,11,1,1
GIL,49,Toda menina baiana,major,12,5,5
GIL,49,Toda menina baiana,major,13,6,6
GIL,49,Toda menina baiana,major,14,1,7
GIL,49,Toda menina baiana,major,15,5,11
GIL,49,Toda menina baiana,major,16,6,5
GIL,49,Toda menina baiana,major,17,1,5
GIL,49,Toda menina baiana,major,18,5,5
GIL,49,Toda menina baiana,major,19,6,x
GIL,49,Toda menina baiana,major,20,5,5
GIL,49,Toda menina baiana,major,21,3,5
GIL,49,Toda menina baiana,major,22,1,3
GIL,49,Toda menina baiana,major,23,5,5
GIL,49,Toda menina baiana,major,24,6,6
GIL,49,Toda menina baiana,major,25,1,1
GIL,49,Toda menina baiana,major,26,2,11
GIL,49,Toda menina baiana,major,27,1,3
GIL,49,Toda menina baiana,major,28,6,1
GIL,49,Toda menina baiana,major,29,5,x
GIL,49,Toda menina baiana,major,30,4,6
GIL,49,Toda menina baiana,major,31,1,3
GIL,49,Toda menina baiana,major,32,2,11
GIL,49,Toda menina baiana,major,33,4,1
GIL,49,Toda menina baiana,major,34,5,x
GIL,49,Toda menina baiana,major,35,6,3
GIL,49,Toda menina baiana,major,36,1,5
GIL,49,Toda menina baiana,major,37,2,1
GIL,49,Toda menina baiana,major,38,1,x
GIL,49,Toda menina baiana,major,39,2,1
GIL,49,Toda menina baiana,major,40,3,1
GIL,49,Toda menina baiana,major,41,7,x
GIL,49,Toda menina baiana,major,42,1,7
GIL,49,Toda menina baiana,major,43,2,1
GIL,50,Vamos fugir,major,1,3,3
GIL,50,Vamos fugir,major,2,2,x
GIL,50,Vamos fugir,major,3,1,1
GIL,50,Vamos fugir,major,4,5,5
GIL,50,Vamos fugir,major,5,3,3
GIL,50,Vamos fugir,major,6,2,x
GIL,50,Vamos fugir,major,7,1,1
GIL,50,Vamos fugir,major,8,2,11
GIL,50,Vamos fugir,major,9,6,1
GIL,50,Vamos fugir,major,10,1,3
GIL,50,Vamos fugir,major,11,2,11
GIL,50,Vamos fugir,major,12,3,x
GIL,50,Vamos fugir,major,13,4,1
GIL,50,Vamos fugir,major,14,3,x
GIL,50,Vamos fugir,major,15,2,x
GIL,50,Vamos fugir,major,16,1,5
GIL,50,Vamos fugir,major,17,2,6
GIL,50,Vamos fugir,major,18,6,9
GIL,50,Vamos fugir,major,19,5,x
GIL,50,Vamos fugir,major,20,4,7
GIL,50,Vamos fugir,major,21,3,x
GIL,50,Vamos fugir,major,22,2,5
GIL,50,Vamos fugir,major,23,5,1
GIL,50,Vamos fugir,major,24,3,5
GIL,50,Vamos fugir,major,25,6,1
GIL,50,Vamos fugir,major,26,5,7
GIL,50,Vamos fugir,major,27,3,3
GIL,50,Vamos fugir,major,28,4,7
GIL,50,Vamos fugir,major,29,2,5
GIL,50,Vamos fugir,major,30,3,6
GIL,50,Vamos fugir,major,31,1,5
GIL,50,Vamos fugir,major,32,6,3
GIL,50,Vamos fugir,major,33,1,5
GIL,50,Vamos fugir,major,34,3,x
GIL,50,Vamos fugir,major,35,2,6
GIL,50,Vamos fugir,major,36,1,5
GIL,50,Vamos fugir,major,37,3,3
GIL,50,Vamos fugir,major,38,2,5
JOBIM,1,Absolute Lee,major,1,5,11
JOBIM,1,Absolute Lee,major,2,5,11
JOBIM,1,Absolute Lee,major,3,#5/b6,5
JOBIM,1,Absolute Lee,major,4,4,7
JOBIM,1,Absolute Lee,major,5,5,1
JOBIM,1,Absolute Lee,major,6,#5/b6,b9/#9
JOBIM,1,Absolute Lee,major,7,5,1
JOBIM,1,Absolute Lee,major,8,4,7
JOBIM,1,Absolute Lee,major,9,3,3
JOBIM,1,Absolute Lee,major,10,3,x
JOBIM,1,Absolute Lee,major,11,3,11
JOBIM,1,Absolute Lee,major,12,4,5
JOBIM,1,Absolute Lee,major,13,2,3
JOBIM,1,Absolute Lee,major,14,2,7
JOBIM,1,Absolute Lee,major,15,3,1
JOBIM,1,Absolute Lee,major,16,4,b9/#9
JOBIM,1,Absolute Lee,major,17,3,1
JOBIM,1,Absolute Lee,major,18,2,7
JOBIM,1,Absolute Lee,major,19,#1/b2,3
JOBIM,1,Absolute Lee,major,20,#1/b2,3
JOBIM,1,Absolute Lee,major,21,#1/b2,3
JOBIM,1,Absolute Lee,major,22,#1/b2,x
JOBIM,1,Absolute Lee,major,23,2,5
JOBIM,1,Absolute Lee,major,24,7,3
JOBIM,1,Absolute Lee,major,25,7,7
JOBIM,1,Absolute Lee,major,26,#1/b2,1
JOBIM,1,Absolute Lee,major,27,2,b9/#9
JOBIM,1,Absolute Lee,major,28,#1/b2,1
JOBIM,1,Absolute Lee,major,29,7,7
JOBIM,1,Absolute Lee,major,30,#6/b7,3
JOBIM,1,Absolute Lee,major,31,#6/b7,3
JOBIM,1,Absolute Lee,major,32,#6/b7,3
JOBIM,1,Absolute Lee,major,33,#6/b7,3
JOBIM,1,Absolute Lee,major,34,#6/b7,3
JOBIM,1,Absolute Lee,major,35,6,9
JOBIM,1,Absolute Lee,major,36,6,9
JOBIM,1,Absolute Lee,major,37,#6/b7,7
JOBIM,1,Absolute Lee,major,38,1,1
JOBIM,1,Absolute Lee,major,39,#1/b2,b9/#9
JOBIM,1,Absolute Lee,major,40,3,x
JOBIM,1,Absolute Lee,major,41,4,3
JOBIM,1,Absolute Lee,major,42,5,9
JOBIM,1,Absolute Lee,major,43,4,x
JOBIM,1,Absolute Lee,major,44,5,9
JOBIM,1,Absolute Lee,major,45,5,9
JOBIM,1,Absolute Lee,major,46,4,1
JOBIM,1,Absolute Lee,major,47,#5/b6,5
JOBIM,1,Absolute Lee,major,48,5,11
JOBIM,1,Absolute Lee,major,49,#5/b6,5
JOBIM,1,Absolute Lee,major,50,4,3
JOBIM,1,Absolute Lee,major,51,4,7
JOBIM,1,Absolute Lee,major,52,5,x
JOBIM,1,Absolute Lee,major,53,#5/b6,b9/#9
JOBIM,1,Absolute Lee,major,54,5,x
JOBIM,1,Absolute Lee,major,55,4,7
JOBIM,1,Absolute Lee,major,56,3,3
JOBIM,1,Absolute Lee,major,57,3,3
JOBIM,1,Absolute Lee,major,58,3,3
JOBIM,1,Absolute Lee,major,59,3,3
JOBIM,1,Absolute Lee,major,60,3,11
JOBIM,1,Absolute Lee,major,61,4,5
JOBIM,1,Absolute Lee,major,62,2,3
JOBIM,1,Absolute Lee,major,63,2,7
JOBIM,1,Absolute Lee,major,64,3,x
JOBIM,1,Absolute Lee,major,65,4,b9/#9
JOBIM,1,Absolute Lee,major,66,3,x
JOBIM,1,Absolute Lee,major,67,2,7
JOBIM,1,Absolute Lee,major,68,#1/b2,3
JOBIM,1,Absolute Lee,major,69,4,b13
JOBIM,1,Absolute Lee,major,70,3,x
JOBIM,1,Absolute Lee,major,71,2,1
JOBIM,1,Absolute Lee,major,72,2,1
JOBIM,1,Absolute Lee,major,73,2,5
JOBIM,1,Absolute Lee,major,74,3,x
JOBIM,1,Absolute Lee,major,75,4,x
JOBIM,1,Absolute Lee,major,76,5,3
JOBIM,1,Absolute Lee,major,77,5,3
JOBIM,1,Absolute Lee,major,78,5,7
JOBIM,1,Absolute Lee,major,79,4,x
JOBIM,1,Absolute Lee,major,80,3,x
JOBIM,1,Absolute Lee,major,81,2,1
JOBIM,1,Absolute Lee,major,82,2,1
JOBIM,1,Absolute Lee,major,83,2,5
JOBIM,1,Absolute Lee,major,84,1,x
JOBIM,1,Absolute Lee,major,85,7,x
JOBIM,1,Absolute Lee,major,86,6,6
JOBIM,1,Absolute Lee,major,87,6,6
JOBIM,1,Absolute Lee,major,88,6,6
JOBIM,1,Absolute Lee,major,89,6,1
JOBIM,1,Absolute Lee,major,90,5,7
JOBIM,1,Absolute Lee,major,91,6,5
JOBIM,1,Absolute Lee,major,92,6,5
JOBIM,1,Absolute Lee,major,93,5,11
JOBIM,1,Absolute Lee,major,94,7,b13
JOBIM,1,Absolute Lee,major,95,7,b13
JOBIM,1,Absolute Lee,major,96,6,5
JOBIM,1,Absolute Lee,major,97,7,5
JOBIM,1,Absolute Lee,major,98,7,5
JOBIM,1,Absolute Lee,major,99,6,11
JOBIM,1,Absolute Lee,major,100,1,b13
JOBIM,1,Absolute Lee,major,101,1,b13
JOBIM,1,Absolute Lee,major,102,1,b13
JOBIM,1,Absolute Lee,major,103,7,5
JOBIM,1,Absolute Lee,major,104,2,6
JOBIM,1,Absolute Lee,major,105,1,5
JOBIM,1,Absolute Lee,major,106,3,7
JOBIM,1,Absolute Lee,major,107,2,6
JOBIM,1,Absolute Lee,major,108,7,13
JOBIM,1,Absolute Lee,major,109,7,13
JOBIM,1,Absolute Lee,major,110,7,13
JOBIM,1,Absolute Lee,major,111,7,x
JOBIM,1,Absolute Lee,major,112,6,x
JOBIM,1,Absolute Lee,major,113,5,1
JOBIM,1,Absolute Lee,major,114,#5/b6,1
JOBIM,1,Absolute Lee,major,115,6,1
JOBIM,1,Absolute Lee,major,116,6,x
JOBIM,1,Absolute Lee,major,117,5,x
JOBIM,1,Absolute Lee,major,118,4,3
JOBIM,1,Absolute Lee,major,119,#4/b5,x
JOBIM,1,Absolute Lee,major,120,5,7
JOBIM,1,Absolute Lee,major,121,5,x
JOBIM,1,Absolute Lee,major,122,4,x
JOBIM,1,Absolute Lee,major,123,3,9
JOBIM,1,Absolute Lee,major,124,1,7
JOBIM,1,Absolute Lee,major,125,2,1
JOBIM,1,Absolute Lee,major,126,1,x
JOBIM,1,Absolute Lee,major,127,2,x
JOBIM,1,Absolute Lee,major,128,#2/b3,7
JOBIM,1,Absolute Lee,major,129,1,5
JOBIM,1,Absolute Lee,major,130,2,6
JOBIM,1,Absolute Lee,major,131,1,x
JOBIM,1,Absolute Lee,major,132,2,x
JOBIM,1,Absolute Lee,major,133,3,9
JOBIM,1,Absolute Lee,major,134,1,7
JOBIM,1,Absolute Lee,major,135,3,9
JOBIM,1,Absolute Lee,major,136,1,7
JOBIM,1,Absolute Lee,major,137,1,3
JOBIM,1,Absolute Lee,major,138,2,5
JOBIM,1,Absolute Lee,major,139,1,1
JOBIM,2,Agua de beber,minor,1,1,1
JOBIM,2,Agua de beber,minor,2,3,3
JOBIM,2,Agua de beber,minor,3,5,5
JOBIM,2,Agua de beber,minor,4,#4/b5,3
JOBIM,2,Agua de beber,minor,5,5,5
JOBIM,2,Agua de beber,minor,6,3,7
JOBIM,2,Agua de beber,minor,7,1,5
JOBIM,2,Agua de beber,minor,8,3,3
JOBIM,2,Agua de beber,minor,9,1,1
JOBIM,2,Agua de beber,minor,10,1,5
JOBIM,2,Agua de beber,minor,11,3,7
JOBIM,2,Agua de beber,minor,12,5,9
JOBIM,2,Agua de beber,minor,13,b7,11
JOBIM,2,Agua de beber,minor,14,1,5
JOBIM,2,Agua de beber,minor,15,5,13
JOBIM,2,Agua de beber,minor,16,4,5
JOBIM,2,Agua de beber,minor,17,5,3
JOBIM,2,Agua de beber,minor,18,1,6
JOBIM,2,Agua de beber,minor,19,3,1
JOBIM,2,Agua de beber,minor,20,5,3
JOBIM,2,Agua de beber,minor,21,#4/b5,3
JOBIM,2,Agua de beber,minor,22,5,3
JOBIM,2,Agua de beber,minor,23,3,3
JOBIM,2,Agua de beber,minor,24,4,x
JOBIM,2,Agua de beber,minor,25,3,1
JOBIM,2,Agua de beber,minor,26,1,6
JOBIM,2,Agua de beber,minor,27,3,b9/#9
JOBIM,2,Agua de beber,minor,28,3,b9/#9
JOBIM,2,Agua de beber,minor,29,3,b9/#9
JOBIM,2,Agua de beber,minor,30,3,b9/#9
JOBIM,2,Agua de beber,minor,31,4,x
JOBIM,2,Agua de beber,minor,32,3,b9/#9
JOBIM,2,Agua de beber,minor,33,2,5
JOBIM,2,Agua de beber,minor,34,#6,9
JOBIM,2,Agua de beber,minor,35,1,3
JOBIM,2,Agua de beber,minor,36,3,3
JOBIM,2,Agua de beber,minor,37,2,1
JOBIM,2,Agua de beber,minor,38,1,1
JOBIM,2,Agua de beber,minor,39,1,1
JOBIM,2,Agua de beber,minor,40,3,3
JOBIM,2,Agua de beber,minor,41,5,5
JOBIM,2,Agua de beber,minor,42,4,1
JOBIM,2,Agua de beber,minor,43,5,x
JOBIM,2,Agua de beber,minor,44,4,1
JOBIM,2,Agua de beber,minor,45,3,7
JOBIM,2,Agua de beber,minor,46,1,5
JOBIM,2,Agua de beber,minor,47,3,7
JOBIM,2,Agua de beber,minor,48,1,1
JOBIM,2,Agua de beber,minor,49,1,1
JOBIM,2,Agua de beber,minor,50,1,1
JOBIM,2,Agua de beber,minor,51,1,1
JOBIM,2,Agua de beber,minor,52,1,1
JOBIM,2,Agua de beber,minor,53,3,3
JOBIM,2,Agua de beber,minor,54,5,5
JOBIM,2,Agua de beber,minor,55,4,1
JOBIM,2,Agua de beber,minor,56,5,x
JOBIM,2,Agua de beber,minor,57,4,1
JOBIM,2,Agua de beber,minor,58,3,7
JOBIM,2,Agua de beber,minor,59,1,5
JOBIM,2,Agua de beber,minor,60,3,7
JOBIM,2,Agua de beber,minor,61,1,1
JOBIM,2,Agua de beber,minor,62,1,1
JOBIM,2,Agua de beber,minor,63,1,1
JOBIM,2,Agua de beber,minor,64,1,13
JOBIM,2,Agua de beber,minor,65,b7,5
JOBIM,2,Agua de beber,minor,66,1,13
JOBIM,3,Ai quem me dera,major,1,6,5
JOBIM,3,Ai quem me dera,major,2,4,3
JOBIM,3,Ai quem me dera,major,3,3,9
JOBIM,3,Ai quem me dera,major,4,7,x
JOBIM,3,Ai quem me dera,major,5,6,9
JOBIM,3,Ai quem me dera,major,6,4,7
JOBIM,3,Ai quem me dera,major,7,3,13
JOBIM,3,Ai quem me dera,major,8,7,3
JOBIM,3,Ai quem me dera,major,9,6,6
JOBIM,3,Ai quem me dera,major,10,3,3
JOBIM,3,Ai quem me dera,major,11,5,5
JOBIM,3,Ai quem me dera,major,12,7,7
JOBIM,3,Ai quem me dera,major,13,6,6
JOBIM,3,Ai quem me dera,major,14,4,x
JOBIM,3,Ai quem me dera,major,15,3,3
JOBIM,3,Ai quem me dera,major,16,7,7
JOBIM,3,Ai quem me dera,major,17,6,5
JOBIM,3,Ai quem me dera,major,18,4,3
JOBIM,3,Ai quem me dera,major,19,3,9
JOBIM,3,Ai quem me dera,major,20,7,x
JOBIM,3,Ai quem me dera,major,21,6,9
JOBIM,3,Ai quem me dera,major,22,5,1
JOBIM,3,Ai quem me dera,major,23,#4/b5,x
JOBIM,3,Ai quem me dera,major,24,5,1
JOBIM,3,Ai quem me dera,major,25,6,x
JOBIM,3,Ai quem me dera,major,26,5,1
JOBIM,3,Ai quem me dera,major,27,#4/b5,x
JOBIM,3,Ai quem me dera,major,28,5,1
JOBIM,3,Ai quem me dera,major,29,#6/b7,7
JOBIM,3,Ai quem me dera,major,30,6,13
JOBIM,3,Ai quem me dera,major,31,6,13
JOBIM,3,Ai quem me dera,major,32,5,5
JOBIM,3,Ai quem me dera,major,33,4,1
JOBIM,3,Ai quem me dera,major,34,3,7
JOBIM,3,Ai quem me dera,major,35,2,x
JOBIM,3,Ai quem me dera,major,36,3,7
JOBIM,3,Ai quem me dera,major,37,4,5
JOBIM,3,Ai quem me dera,major,38,#5/b6,7
JOBIM,3,Ai quem me dera,major,39,5,13
JOBIM,3,Ai quem me dera,major,40,4,5
JOBIM,3,Ai quem me dera,major,41,3,5
JOBIM,3,Ai quem me dera,major,42,2,x
JOBIM,3,Ai quem me dera,major,43,1,3
JOBIM,3,Ai quem me dera,major,44,2,x
JOBIM,3,Ai quem me dera,major,45,3,6
JOBIM,3,Ai quem me dera,major,46,4,x
JOBIM,3,Ai quem me dera,major,47,3,5
JOBIM,3,Ai quem me dera,major,48,2,9
JOBIM,3,Ai quem me dera,major,49,6,5
JOBIM,3,Ai quem me dera,major,50,4,3
JOBIM,3,Ai quem me dera,major,51,3,9
JOBIM,3,Ai quem me dera,major,52,7,x
JOBIM,3,Ai quem me dera,major,53,6,9
JOBIM,3,Ai quem me dera,major,54,7,3
JOBIM,3,Ai quem me dera,major,55,1,x
JOBIM,3,Ai quem me dera,major,56,2,5
JOBIM,3,Ai quem me dera,major,57,1,1
JOBIM,3,Ai quem me dera,major,58,6,1
JOBIM,3,Ai quem me dera,major,59,6,5
JOBIM,3,Ai quem me dera,major,60,5,x
JOBIM,3,Ai quem me dera,major,61,4,3
JOBIM,3,Ai quem me dera,major,62,3,x
JOBIM,3,Ai quem me dera,major,63,2,5
JOBIM,3,Ai quem me dera,major,64,3,x
JOBIM,3,Ai quem me dera,major,65,4,7
JOBIM,3,Ai quem me dera,major,66,6,9
JOBIM,3,Ai quem me dera,major,67,5,5
JOBIM,3,Ai quem me dera,major,68,4,x
JOBIM,3,Ai quem me dera,major,69,3,3
JOBIM,3,Ai quem me dera,major,70,4,x
JOBIM,3,Ai quem me dera,major,71,5,5
JOBIM,3,Ai quem me dera,major,72,6,5
JOBIM,3,Ai quem me dera,major,73,6,5
JOBIM,3,Ai quem me dera,major,74,5,x
JOBIM,3,Ai quem me dera,major,75,4,3
JOBIM,3,Ai quem me dera,major,76,3,x
JOBIM,3,Ai quem me dera,major,77,2,5
JOBIM,3,Ai quem me dera,major,78,3,x
JOBIM,3,Ai quem me dera,major,79,4,7
JOBIM,3,Ai quem me dera,major,80,6,9
JOBIM,3,Ai quem me dera,major,81,5,5
JOBIM,3,Ai quem me dera,major,82,4,x
JOBIM,3,Ai quem me dera,major,83,3,3
JOBIM,3,Ai quem me dera,major,84,4,x
JOBIM,3,Ai quem me dera,major,85,5,5
JOBIM,3,Ai quem me dera,major,86,2,9
JOBIM,3,Ai quem me dera,major,87,3,9
JOBIM,3,Ai quem me dera,major,88,2,1
JOBIM,3,Ai quem me dera,major,89,1,7
JOBIM,3,Ai quem me dera,major,90,7,x
JOBIM,3,Ai quem me dera,major,91,6,9
JOBIM,3,Ai quem me dera,major,92,7,3
JOBIM,3,Ai quem me dera,major,93,1,x
JOBIM,3,Ai quem me dera,major,94,3,x
JOBIM,3,Ai quem me dera,major,95,2,9
JOBIM,3,Ai quem me dera,major,96,1,1
JOBIM,3,Ai quem me dera,major,97,7,x
JOBIM,3,Ai quem me dera,major,98,1,1
JOBIM,3,Ai quem me dera,major,99,2,11
JOBIM,3,Ai quem me dera,major,100,4,x
JOBIM,3,Ai quem me dera,major,101,3,5
JOBIM,3,Ai quem me dera,major,102,7,9
JOBIM,3,Ai quem me dera,major,103,6,5
JOBIM,3,Ai quem me dera,major,104,4,3
JOBIM,3,Ai quem me dera,major,105,3,9
JOBIM,3,Ai quem me dera,major,106,7,x
JOBIM,3,Ai quem me dera,major,107,6,9
JOBIM,3,Ai quem me dera,major,108,7,3
JOBIM,3,Ai quem me dera,major,109,1,x
JOBIM,3,Ai quem me dera,major,110,2,5
JOBIM,3,Ai quem me dera,major,111,1,9
JOBIM,4,Angela,major,1,7,11
JOBIM,4,Angela,major,2,1,x
JOBIM,4,Angela,major,3,7,11
JOBIM,4,Angela,major,4,6,3
JOBIM,4,Angela,major,5,1,b9/#9
JOBIM,4,Angela,major,6,7,x
JOBIM,4,Angela,major,7,#6/b7,x
JOBIM,4,Angela,major,8,6,x
JOBIM,4,Angela,major,9,5,b13
JOBIM,4,Angela,major,10,#4/b5,5
JOBIM,4,Angela,major,11,6,11
JOBIM,4,Angela,major,12,6,11
JOBIM,4,Angela,major,13,5,3
JOBIM,4,Angela,major,14,#6/b7,b9/#9
JOBIM,4,Angela,major,15,6,x
JOBIM,4,Angela,major,16,#5/b6,x
JOBIM,4,Angela,major,17,5,x
JOBIM,4,Angela,major,18,4,b13
JOBIM,4,Angela,major,19,3,5
JOBIM,4,Angela,major,20,5,11
JOBIM,4,Angela,major,21,5,11
JOBIM,4,Angela,major,22,4,3
JOBIM,4,Angela,major,23,#5/b6,b9/#9
JOBIM,4,Angela,major,24,5,x
JOBIM,4,Angela,major,25,#4/b5,x
JOBIM,4,Angela,major,26,4,7
JOBIM,4,Angela,major,27,#1/b2,x
JOBIM,4,Angela,major,28,2,5
JOBIM,4,Angela,major,29,3,3
JOBIM,4,Angela,major,30,4,3
JOBIM,4,Angela,major,31,5,3
JOBIM,4,Angela,major,32,#5/b6,3
JOBIM,4,Angela,major,33,5,5
JOBIM,4,Angela,major,34,1,1
JOBIM,4,Angela,major,35,2,x
JOBIM,4,Angela,major,36,3,7
JOBIM,4,Angela,major,37,4,x
JOBIM,4,Angela,major,38,3,7
JOBIM,4,Angela,major,39,2,6
JOBIM,4,Angela,major,40,5,9
JOBIM,4,Angela,major,41,#4/b5,x
JOBIM,4,Angela,major,42,4,x
JOBIM,4,Angela,major,43,3,7
JOBIM,4,Angela,major,44,#2/b3,7
JOBIM,4,Angela,major,45,2,6
JOBIM,4,Angela,major,46,6,11
JOBIM,4,Angela,major,47,7,x
JOBIM,4,Angela,major,48,6,11
JOBIM,4,Angela,major,49,5,3
JOBIM,4,Angela,major,50,#6/b7,b9/#9
JOBIM,4,Angela,major,51,6,x
JOBIM,4,Angela,major,52,#5/b6,x
JOBIM,4,Angela,major,53,5,7
JOBIM,4,Angela,major,54,4,b13
JOBIM,4,Angela,major,55,3,5
JOBIM,4,Angela,major,56,7,#11
JOBIM,4,Angela,major,57,1,x
JOBIM,4,Angela,major,58,7,#11
JOBIM,4,Angela,major,59,3,7
JOBIM,4,Angela,major,60,5,11
JOBIM,4,Angela,major,61,#4/b5,x
JOBIM,4,Angela,major,62,4,x
JOBIM,4,Angela,major,63,3,9
JOBIM,4,Angela,major,64,#1/b2,#11
JOBIM,4,Angela,major,65,#1/b2,#11
JOBIM,4,Angela,major,66,2,x
JOBIM,4,Angela,major,67,2,9
JOBIM,4,Angela,major,68,1,1
JOBIM,4,Angela,major,69,7,9
JOBIM,4,Angela,major,70,1,x
JOBIM,4,Angela,major,71,7,9
JOBIM,5,Bebel,major,1,6,6
JOBIM,5,Bebel,major,2,5,5
JOBIM,5,Bebel,major,3,#6/b7,b13
JOBIM,5,Bebel,major,4,6,7
JOBIM,5,Bebel,major,5,7,6
JOBIM,5,Bebel,major,6,6,5
JOBIM,5,Bebel,major,7,1,7
JOBIM,5,Bebel,major,8,7,b13
JOBIM,5,Bebel,major,9,2,7
JOBIM,5,Bebel,major,10,1,6
JOBIM,5,Bebel,major,11,2,7
JOBIM,5,Bebel,major,12,1,b13
JOBIM,5,Bebel,major,13,3,7
JOBIM,5,Bebel,major,14,2,6
JOBIM,5,Bebel,major,15,3,7
JOBIM,5,Bebel,major,16,2,6
JOBIM,5,Bebel,major,17,2,7
JOBIM,5,Bebel,major,18,1,6
JOBIM,5,Bebel,major,19,2,11
JOBIM,5,Bebel,major,20,1,3
JOBIM,5,Bebel,major,21,7,11
JOBIM,5,Bebel,major,22,6,3
JOBIM,5,Bebel,major,23,1,b9/#9
JOBIM,5,Bebel,major,24,7,1
JOBIM,5,Bebel,major,25,6,11
JOBIM,5,Bebel,major,26,5,3
JOBIM,5,Bebel,major,27,#6/b7,b9/#9
JOBIM,5,Bebel,major,28,6,1
JOBIM,5,Bebel,major,29,5,11
JOBIM,5,Bebel,major,30,4,3
JOBIM,5,Bebel,major,31,#4/b5,b9/#9
JOBIM,5,Bebel,major,32,7,3
JOBIM,5,Bebel,major,33,3,3
JOBIM,5,Bebel,major,34,3,3
JOBIM,5,Bebel,major,35,7,6
JOBIM,5,Bebel,major,36,3,3
JOBIM,5,Bebel,major,37,3,3
JOBIM,5,Bebel,major,38,5,5
JOBIM,5,Bebel,major,39,6,6
JOBIM,5,Bebel,major,40,5,5
JOBIM,5,Bebel,major,41,#6/b7,7
JOBIM,5,Bebel,major,42,5,5
JOBIM,5,Bebel,major,43,6,5
JOBIM,5,Bebel,major,44,5,11
JOBIM,5,Bebel,major,45,#6/b7,6
JOBIM,5,Bebel,major,46,4,3
JOBIM,5,Bebel,major,47,6,9
JOBIM,5,Bebel,major,48,4,1
JOBIM,5,Bebel,major,49,6,x
JOBIM,5,Bebel,major,50,#6/b7,13
JOBIM,5,Bebel,major,51,7,7
JOBIM,5,Bebel,major,52,6,6
JOBIM,5,Bebel,major,53,1,#11
JOBIM,5,Bebel,major,54,7,x
JOBIM,5,Bebel,major,55,1,x
JOBIM,5,Bebel,major,56,#1/b2,x
JOBIM,5,Bebel,major,57,2,6
JOBIM,5,Bebel,major,58,1,5
JOBIM,5,Bebel,major,59,3,7
JOBIM,5,Bebel,major,60,1,5
JOBIM,5,Bebel,major,61,2,6
JOBIM,5,Bebel,major,62,3,7
JOBIM,5,Bebel,major,63,4,x
JOBIM,5,Bebel,major,64,#4/b5,x
JOBIM,5,Bebel,major,65,5,3
JOBIM,5,Bebel,major,66,3,1
JOBIM,5,Bebel,major,67,7,b13
JOBIM,5,Bebel,major,68,7,b13
JOBIM,5,Bebel,major,69,6,5
JOBIM,5,Bebel,major,70,#5/b6,5
JOBIM,5,Bebel,major,71,6,x
JOBIM,5,Bebel,major,72,#6/b7,x
JOBIM,5,Bebel,major,73,7,6
JOBIM,5,Bebel,major,74,3,13
JOBIM,5,Bebel,major,75,3,13
JOBIM,5,Bebel,major,76,5,1
JOBIM,5,Bebel,major,77,2,7
JOBIM,5,Bebel,major,78,#2/b3,x
JOBIM,5,Bebel,major,79,3,1
JOBIM,5,Bebel,major,80,5,3
JOBIM,5,Bebel,major,81,6,1
JOBIM,5,Bebel,major,82,1,b9/#9
JOBIM,5,Bebel,major,83,6,1
JOBIM,5,Bebel,major,84,#1/b2,3
JOBIM,5,Bebel,major,85,2,1
JOBIM,5,Bebel,major,86,1,7
JOBIM,5,Bebel,major,87,6,5
JOBIM,5,Bebel,major,88,4,3
JOBIM,5,Bebel,major,89,3,9
JOBIM,5,Bebel,major,90,5,11
JOBIM,5,Bebel,major,91,2,1
JOBIM,6,Bonita,major,1,2,9
JOBIM,6,Bonita,major,2,2,9
JOBIM,6,Bonita,major,3,2,x
JOBIM,6,Bonita,major,4,3,5
JOBIM,6,Bonita,major,5,1,3
JOBIM,6,Bonita,major,6,2,11
JOBIM,6,Bonita,major,7,1,3
JOBIM,6,Bonita,major,8,7,13
JOBIM,6,Bonita,major,9,7,13
JOBIM,6,Bonita,major,10,2,1
JOBIM,6,Bonita,major,11,3,9
JOBIM,6,Bonita,major,12,3,9
JOBIM,6,Bonita,major,13,4,5
JOBIM,6,Bonita,major,14,5,6
JOBIM,6,Bonita,major,15,3,11
JOBIM,6,Bonita,major,16,4,5
JOBIM,6,Bonita,major,17,5,6
JOBIM,6,Bonita,major,18,#5/b6,#11
JOBIM,6,Bonita,major,19,7,13
JOBIM,6,Bonita,major,20,6,5
JOBIM,6,Bonita,major,21,6,5
JOBIM,6,Bonita,major,22,3,9
JOBIM,6,Bonita,major,23,3,13
JOBIM,6,Bonita,major,24,4,3
JOBIM,6,Bonita,major,25,4,3
JOBIM,6,Bonita,major,26,3,3
JOBIM,6,Bonita,major,27,4,3
JOBIM,6,Bonita,major,28,4,3
JOBIM,6,Bonita,major,29,3,3
JOBIM,6,Bonita,major,30,4,7
JOBIM,6,Bonita,major,31,4,7
JOBIM,6,Bonita,major,32,2,x
JOBIM,6,Bonita,major,33,4,7
JOBIM,6,Bonita,major,34,4,7
JOBIM,6,Bonita,major,35,1,5
JOBIM,6,Bonita,major,36,2,6
JOBIM,6,Bonita,major,37,2,6
JOBIM,6,Bonita,major,38,1,9
JOBIM,6,Bonita,major,39,2,9
JOBIM,6,Bonita,major,40,3,3
JOBIM,6,Bonita,major,41,1,1
JOBIM,6,Bonita,major,42,6,1
JOBIM,6,Bonita,major,43,7,9
JOBIM,6,Bonita,major,44,2,11
JOBIM,6,Bonita,major,45,1,7
JOBIM,6,Bonita,major,46,7,7
JOBIM,6,Bonita,major,47,7,14
JOBIM,6,Bonita,major,48,1,1
JOBIM,7,Brigas nunca mais,major,1,5,#11
JOBIM,7,Brigas nunca mais,major,2,6,6
JOBIM,7,Brigas nunca mais,major,3,5,5
JOBIM,7,Brigas nunca mais,major,4,6,7
JOBIM,7,Brigas nunca mais,major,5,5,x
JOBIM,7,Brigas nunca mais,major,6,6,7
JOBIM,7,Brigas nunca mais,major,7,#6/b7,1
JOBIM,7,Brigas nunca mais,major,8,6,x
JOBIM,7,Brigas nunca mais,major,9,5,6
JOBIM,7,Brigas nunca mais,major,10,4,b13
JOBIM,7,Brigas nunca mais,major,11,3,x
JOBIM,7,Brigas nunca mais,major,12,4,b13
JOBIM,7,Brigas nunca mais,major,13,#4/b5,x
JOBIM,7,Brigas nunca mais,major,14,5,11
JOBIM,7,Brigas nunca mais,major,15,4,3
JOBIM,7,Brigas nunca mais,major,16,5,6
JOBIM,7,Brigas nunca mais,major,17,4,x
JOBIM,7,Brigas nunca mais,major,18,5,11
JOBIM,7,Brigas nunca mais,major,19,6,x
JOBIM,7,Brigas nunca mais,major,20,5,11
JOBIM,7,Brigas nunca mais,major,21,4,x
JOBIM,7,Brigas nunca mais,major,22,3,13
JOBIM,7,Brigas nunca mais,major,23,2,x
JOBIM,7,Brigas nunca mais,major,24,3,13
JOBIM,7,Brigas nunca mais,major,25,4,x
JOBIM,7,Brigas nunca mais,major,26,5,5
JOBIM,7,Brigas nunca mais,major,27,3,3
JOBIM,7,Brigas nunca mais,major,28,2,x
JOBIM,7,Brigas nunca mais,major,29,1,1
JOBIM,7,Brigas nunca mais,major,30,7,b13
JOBIM,7,Brigas nunca mais,major,31,2,14
JOBIM,7,Brigas nunca mais,major,32,1,7
JOBIM,7,Brigas nunca mais,major,33,6,5
JOBIM,7,Brigas nunca mais,major,34,7,11
JOBIM,7,Brigas nunca mais,major,35,7,11
JOBIM,7,Brigas nunca mais,major,36,7,11
JOBIM,7,Brigas nunca mais,major,37,3,b13
JOBIM,7,Brigas nunca mais,major,38,1,3
JOBIM,7,Brigas nunca mais,major,39,2,x
JOBIM,7,Brigas nunca mais,major,40,3,5
JOBIM,7,Brigas nunca mais,major,41,5,7
JOBIM,7,Brigas nunca mais,major,42,6,5
JOBIM,7,Brigas nunca mais,major,43,7,13
JOBIM,7,Brigas nunca mais,major,44,2,1
JOBIM,7,Brigas nunca mais,major,45,#2/b3,b13
JOBIM,7,Brigas nunca mais,major,46,5,1
JOBIM,7,Brigas nunca mais,major,47,6,6
JOBIM,7,Brigas nunca mais,major,48,5,5
JOBIM,7,Brigas nunca mais,major,49,6,7
JOBIM,7,Brigas nunca mais,major,50,5,x
JOBIM,7,Brigas nunca mais,major,51,6,7
JOBIM,7,Brigas nunca mais,major,52,#6/b7,x
JOBIM,7,Brigas nunca mais,major,53,6,7
JOBIM,7,Brigas nunca mais,major,54,5,6
JOBIM,7,Brigas nunca mais,major,55,4,b13
JOBIM,7,Brigas nunca mais,major,56,3,x
JOBIM,7,Brigas nunca mais,major,57,4,b13
JOBIM,7,Brigas nunca mais,major,58,#4/b5,x
JOBIM,7,Brigas nunca mais,major,59,5,11
JOBIM,7,Brigas nunca mais,major,60,4,3
JOBIM,7,Brigas nunca mais,major,61,5,6
JOBIM,7,Brigas nunca mais,major,62,4,x
JOBIM,7,Brigas nunca mais,major,63,5,11
JOBIM,7,Brigas nunca mais,major,64,6,x
JOBIM,7,Brigas nunca mais,major,65,5,11
JOBIM,7,Brigas nunca mais,major,66,4,3
JOBIM,7,Brigas nunca mais,major,67,3,13
JOBIM,7,Brigas nunca mais,major,68,2,x
JOBIM,7,Brigas nunca mais,major,69,3,13
JOBIM,7,Brigas nunca mais,major,70,4,7
JOBIM,7,Brigas nunca mais,major,71,5,5
JOBIM,7,Brigas nunca mais,major,72,3,3
JOBIM,7,Brigas nunca mais,major,73,2,x
JOBIM,7,Brigas nunca mais,major,74,1,1
JOBIM,7,Brigas nunca mais,major,75,#6/b7,b13
JOBIM,7,Brigas nunca mais,major,76,3,3
JOBIM,7,Brigas nunca mais,major,77,2,9
JOBIM,7,Brigas nunca mais,major,78,1,1
JOBIM,7,Brigas nunca mais,major,79,6,3
JOBIM,7,Brigas nunca mais,major,80,4,1
JOBIM,7,Brigas nunca mais,major,81,3,7
JOBIM,7,Brigas nunca mais,major,82,4,x
JOBIM,7,Brigas nunca mais,major,83,3,7
JOBIM,7,Brigas nunca mais,major,84,2,6
JOBIM,7,Brigas nunca mais,major,85,5,5
JOBIM,7,Brigas nunca mais,major,86,3,3
JOBIM,7,Brigas nunca mais,major,87,6,5
JOBIM,7,Brigas nunca mais,major,88,4,3
JOBIM,7,Brigas nunca mais,major,89,5,5
JOBIM,7,Brigas nunca mais,major,90,3,3
JOBIM,7,Brigas nunca mais,major,91,2,1
JOBIM,7,Brigas nunca mais,major,92,5,5
JOBIM,7,Brigas nunca mais,major,93,3,3
JOBIM,7,Brigas nunca mais,major,94,2,1
JOBIM,7,Brigas nunca mais,major,95,3,11
JOBIM,7,Brigas nunca mais,major,96,1,1
JOBIM,9,Caminhos cruzados,major,1,3,3
JOBIM,9,Caminhos cruzados,major,2,4,x
JOBIM,9,Caminhos cruzados,major,3,3,3
JOBIM,9,Caminhos cruzados,major,4,4,x
JOBIM,9,Caminhos cruzados,major,5,5,5
JOBIM,9,Caminhos cruzados,major,6,6,x
JOBIM,9,Caminhos cruzados,major,7,5,5
JOBIM,9,Caminhos cruzados,major,8,3,3
JOBIM,9,Caminhos cruzados,major,9,2,6
JOBIM,9,Caminhos cruzados,major,10,3,7
JOBIM,9,Caminhos cruzados,major,11,2,6
JOBIM,9,Caminhos cruzados,major,12,3,x
JOBIM,9,Caminhos cruzados,major,13,4,1
JOBIM,9,Caminhos cruzados,major,14,5,9
JOBIM,9,Caminhos cruzados,major,15,3,3
JOBIM,9,Caminhos cruzados,major,16,4,x
JOBIM,9,Caminhos cruzados,major,17,3,3
JOBIM,9,Caminhos cruzados,major,18,4,x
JOBIM,9,Caminhos cruzados,major,19,5,5
JOBIM,9,Caminhos cruzados,major,20,6,13
JOBIM,9,Caminhos cruzados,major,21,5,5
JOBIM,9,Caminhos cruzados,major,22,3,3
JOBIM,9,Caminhos cruzados,major,23,2,6
JOBIM,9,Caminhos cruzados,major,24,3,7
JOBIM,9,Caminhos cruzados,major,25,2,6
JOBIM,9,Caminhos cruzados,major,26,3,7
JOBIM,9,Caminhos cruzados,major,27,4,1
JOBIM,9,Caminhos cruzados,major,28,7,7
JOBIM,9,Caminhos cruzados,major,29,5,5
JOBIM,9,Caminhos cruzados,major,30,6,x
JOBIM,9,Caminhos cruzados,major,31,7,1
JOBIM,9,Caminhos cruzados,major,32,2,b9/#9
JOBIM,9,Caminhos cruzados,major,33,1,b9/#9
JOBIM,9,Caminhos cruzados,major,34,5,1
JOBIM,9,Caminhos cruzados,major,35,5,7
JOBIM,9,Caminhos cruzados,major,36,3,5
JOBIM,9,Caminhos cruzados,major,37,4,x
JOBIM,9,Caminhos cruzados,major,38,5,1
JOBIM,9,Caminhos cruzados,major,39,#6/b7,b9/#9
JOBIM,9,Caminhos cruzados,major,40,6,1
JOBIM,9,Caminhos cruzados,major,41,5,x
JOBIM,9,Caminhos cruzados,major,42,4,b13
JOBIM,9,Caminhos cruzados,major,43,3,5
JOBIM,9,Caminhos cruzados,major,44,3,5
JOBIM,9,Caminhos cruzados,major,45,4,x
JOBIM,9,Caminhos cruzados,major,46,3,5
JOBIM,9,Caminhos cruzados,major,47,5,b13
JOBIM,9,Caminhos cruzados,major,48,3,3
JOBIM,9,Caminhos cruzados,major,49,4,x
JOBIM,9,Caminhos cruzados,major,50,3,3
JOBIM,9,Caminhos cruzados,major,51,4,x
JOBIM,9,Caminhos cruzados,major,52,5,5
JOBIM,9,Caminhos cruzados,major,53,6,13
JOBIM,9,Caminhos cruzados,major,54,5,5
JOBIM,9,Caminhos cruzados,major,55,3,3
JOBIM,9,Caminhos cruzados,major,56,2,6
JOBIM,9,Caminhos cruzados,major,57,3,7
JOBIM,9,Caminhos cruzados,major,58,2,6
JOBIM,9,Caminhos cruzados,major,59,3,7
JOBIM,9,Caminhos cruzados,major,60,4,1
JOBIM,9,Caminhos cruzados,major,61,5,9
JOBIM,9,Caminhos cruzados,major,62,3,3
JOBIM,9,Caminhos cruzados,major,63,4,x
JOBIM,9,Caminhos cruzados,major,64,3,3
JOBIM,9,Caminhos cruzados,major,65,4,x
JOBIM,9,Caminhos cruzados,major,66,5,5
JOBIM,9,Caminhos cruzados,major,67,6,13
JOBIM,9,Caminhos cruzados,major,68,5,5
JOBIM,9,Caminhos cruzados,major,69,3,3
JOBIM,9,Caminhos cruzados,major,70,2,3
JOBIM,9,Caminhos cruzados,major,71,2,7
JOBIM,9,Caminhos cruzados,major,72,1,5
JOBIM,9,Caminhos cruzados,major,73,1,5
JOBIM,9,Caminhos cruzados,major,74,7,#11
JOBIM,9,Caminhos cruzados,major,75,2,b9/#9
JOBIM,9,Caminhos cruzados,major,76,1,b9/#9
JOBIM,9,Caminhos cruzados,major,77,7,1
JOBIM,9,Caminhos cruzados,major,78,6,7
JOBIM,9,Caminhos cruzados,major,79,#5/b6,b9/#9
JOBIM,9,Caminhos cruzados,major,80,#6/b7,1
JOBIM,9,Caminhos cruzados,major,81,6,7
JOBIM,9,Caminhos cruzados,major,82,5,x
JOBIM,9,Caminhos cruzados,major,83,4,x
JOBIM,9,Caminhos cruzados,major,84,3,9
JOBIM,9,Caminhos cruzados,major,85,#6/b7,b9/#9
JOBIM,9,Caminhos cruzados,major,86,6,1
JOBIM,9,Caminhos cruzados,major,87,5,7
JOBIM,9,Caminhos cruzados,major,88,4,x
JOBIM,9,Caminhos cruzados,major,89,3,9
JOBIM,9,Caminhos cruzados,major,90,3,9
JOBIM,9,Caminhos cruzados,major,91,2,x
JOBIM,9,Caminhos cruzados,major,92,3,13
JOBIM,11,Chega de saudade,minor,1,3,3
JOBIM,11,Chega de saudade,minor,2,5,5
JOBIM,11,Chega de saudade,minor,3,1,1
JOBIM,11,Chega de saudade,minor,4,3,3
JOBIM,11,Chega de saudade,minor,5,2,1
JOBIM,11,Chega de saudade,minor,6,#6,5
JOBIM,11,Chega de saudade,minor,7,1,7
JOBIM,11,Chega de saudade,minor,8,2,1
JOBIM,11,Chega de saudade,minor,9,3,5
JOBIM,11,Chega de saudade,minor,10,6,1
JOBIM,11,Chega de saudade,minor,11,7,3
JOBIM,11,Chega de saudade,minor,12,3,b13
JOBIM,11,Chega de saudade,minor,13,2,9
JOBIM,11,Chega de saudade,minor,14,1,1
JOBIM,11,Chega de saudade,minor,15,3,3
JOBIM,11,Chega de saudade,minor,16,2,x
JOBIM,11,Chega de saudade,minor,17,1,3
JOBIM,11,Chega de saudade,minor,18,5,#11
JOBIM,11,Chega de saudade,minor,19,3,3
JOBIM,11,Chega de saudade,minor,20,5,5
JOBIM,11,Chega de saudade,minor,21,#6,5
JOBIM,11,Chega de saudade,minor,22,1,7
JOBIM,11,Chega de saudade,minor,23,b7,3
JOBIM,11,Chega de saudade,minor,24,2,5
JOBIM,11,Chega de saudade,minor,25,2,5
JOBIM,11,Chega de saudade,minor,26,1,x
JOBIM,11,Chega de saudade,minor,27,b7,3
JOBIM,11,Chega de saudade,minor,28,b7,9
JOBIM,11,Chega de saudade,minor,29,6,1
JOBIM,11,Chega de saudade,minor,30,3,5
JOBIM,11,Chega de saudade,minor,31,2,x
JOBIM,11,Chega de saudade,minor,32,1,3
JOBIM,11,Chega de saudade,minor,33,1,3
JOBIM,11,Chega de saudade,minor,34,7,3
JOBIM,11,Chega de saudade,minor,35,2,5
JOBIM,11,Chega de saudade,minor,36,7,3
JOBIM,11,Chega de saudade,minor,37,6,b9/#9
JOBIM,11,Chega de saudade,minor,38,3,3
JOBIM,11,Chega de saudade,minor,39,5,5
JOBIM,11,Chega de saudade,minor,40,1,1
JOBIM,11,Chega de saudade,minor,41,3,3
JOBIM,11,Chega de saudade,minor,42,2,1
JOBIM,11,Chega de saudade,minor,43,#6,5
JOBIM,11,Chega de saudade,minor,44,1,7
JOBIM,11,Chega de saudade,minor,45,2,x
JOBIM,11,Chega de saudade,minor,46,3,5
JOBIM,11,Chega de saudade,minor,47,6,1
JOBIM,11,Chega de saudade,minor,48,7,3
JOBIM,11,Chega de saudade,minor,49,3,b13
JOBIM,11,Chega de saudade,minor,50,2,9
JOBIM,11,Chega de saudade,minor,51,1,1
JOBIM,11,Chega de saudade,minor,52,7,x
JOBIM,11,Chega de saudade,minor,53,1,1
JOBIM,11,Chega de saudade,minor,54,#1/b2,b9/#9
JOBIM,11,Chega de saudade,minor,55,b7,7
JOBIM,11,Chega de saudade,minor,56,#3,3
JOBIM,11,Chega de saudade,minor,57,5,5
JOBIM,11,Chega de saudade,minor,58,4,1
JOBIM,11,Chega de saudade,minor,59,6,3
JOBIM,11,Chega de saudade,minor,60,7,3
JOBIM,11,Chega de saudade,minor,61,5,1
JOBIM,11,Chega de saudade,minor,62,4,11
JOBIM,11,Chega de saudade,minor,63,3,3
JOBIM,11,Chega de saudade,minor,64,5,5
JOBIM,11,Chega de saudade,minor,65,3,3
JOBIM,11,Chega de saudade,minor,66,1,1
JOBIM,11,Chega de saudade,minor,67,2,5
JOBIM,11,Chega de saudade,minor,68,b7,3
JOBIM,11,Chega de saudade,minor,69,5,1
JOBIM,11,Chega de saudade,minor,70,2,5
JOBIM,11,Chega de saudade,minor,71,3,5
JOBIM,11,Chega de saudade,minor,72,1,3
JOBIM,11,Chega de saudade,minor,73,#6,1
JOBIM,11,Chega de saudade,minor,74,2,11
JOBIM,11,Chega de saudade,minor,75,3,5
JOBIM,11,Chega de saudade,minor,76,7,3
JOBIM,11,Chega de saudade,minor,77,6,1
JOBIM,11,Chega de saudade,minor,78,3,b13
JOBIM,11,Chega de saudade,minor,79,1,1
JOBIM,12,Corcovado,major,1,3,5
JOBIM,12,Corcovado,major,2,2,x
JOBIM,12,Corcovado,major,3,3,5
JOBIM,12,Corcovado,major,4,2,x
JOBIM,12,Corcovado,major,5,3,5
JOBIM,12,Corcovado,major,6,2,x
JOBIM,12,Corcovado,major,7,3,5
JOBIM,12,Corcovado,major,8,3,b13
JOBIM,12,Corcovado,major,9,2,x
JOBIM,12,Corcovado,major,10,3,b13
JOBIM,12,Corcovado,major,11,2,x
JOBIM,12,Corcovado,major,12,3,b13
JOBIM,12,Corcovado,major,13,2,x
JOBIM,12,Corcovado,major,14,3,b13
JOBIM,12,Corcovado,major,15,2,5
JOBIM,12,Corcovado,major,16,1,x
JOBIM,12,Corcovado,major,17,2,5
JOBIM,12,Corcovado,major,18,1,x
JOBIM,12,Corcovado,major,19,2,9
JOBIM,12,Corcovado,major,20,1,1
JOBIM,12,Corcovado,major,21,4,3
JOBIM,12,Corcovado,major,22,3,3
JOBIM,12,Corcovado,major,23,3,7
JOBIM,12,Corcovado,major,24,2,6
JOBIM,12,Corcovado,major,25,5,9
JOBIM,12,Corcovado,major,26,4,x
JOBIM,12,Corcovado,major,27,5,9
JOBIM,12,Corcovado,major,28,4,x
JOBIM,12,Corcovado,major,29,5,9
JOBIM,12,Corcovado,major,30,4,x
JOBIM,12,Corcovado,major,31,5,9
JOBIM,12,Corcovado,major,32,4,b9/#9
JOBIM,12,Corcovado,major,33,3,x
JOBIM,12,Corcovado,major,34,4,b9/#9
JOBIM,12,Corcovado,major,35,3,x
JOBIM,12,Corcovado,major,36,4,b13
JOBIM,12,Corcovado,major,37,3,x
JOBIM,12,Corcovado,major,38,4,b13
JOBIM,12,Corcovado,major,39,3,9
JOBIM,12,Corcovado,major,40,2,x
JOBIM,12,Corcovado,major,41,3,9
JOBIM,12,Corcovado,major,42,2,x
JOBIM,12,Corcovado,major,43,3,9
JOBIM,12,Corcovado,major,44,2,x
JOBIM,12,Corcovado,major,45,3,9
JOBIM,12,Corcovado,major,46,2,x
JOBIM,12,Corcovado,major,47,4,7
JOBIM,12,Corcovado,major,48,3,13
JOBIM,12,Corcovado,major,49,4,x
JOBIM,12,Corcovado,major,50,3,13
JOBIM,12,Corcovado,major,51,4,7
JOBIM,12,Corcovado,major,52,3,x
JOBIM,12,Corcovado,major,53,2,5
JOBIM,12,Corcovado,major,54,1,3
JOBIM,12,Corcovado,major,55,3,5
JOBIM,12,Corcovado,major,56,2,x
JOBIM,12,Corcovado,major,57,3,5
JOBIM,12,Corcovado,major,58,2,x
JOBIM,12,Corcovado,major,59,3,5
JOBIM,12,Corcovado,major,60,2,x
JOBIM,12,Corcovado,major,61,3,5
JOBIM,12,Corcovado,major,62,3,b13
JOBIM,12,Corcovado,major,63,2,x
JOBIM,12,Corcovado,major,64,3,b13
JOBIM,12,Corcovado,major,65,2,x
JOBIM,12,Corcovado,major,66,3,b13
JOBIM,12,Corcovado,major,67,2,x
JOBIM,12,Corcovado,major,68,3,b13
JOBIM,12,Corcovado,major,69,5,14
JOBIM,12,Corcovado,major,70,2,5
JOBIM,12,Corcovado,major,71,1,11
JOBIM,12,Corcovado,major,72,2,x
JOBIM,12,Corcovado,major,73,1,11
JOBIM,12,Corcovado,major,74,2,9
JOBIM,12,Corcovado,major,75,1,1
JOBIM,12,Corcovado,major,76,4,3
JOBIM,12,Corcovado,major,77,3,3
JOBIM,12,Corcovado,major,78,3,7
JOBIM,12,Corcovado,major,79,2,6
JOBIM,12,Corcovado,major,80,1,5
JOBIM,12,Corcovado,major,81,#6/b7,x
JOBIM,12,Corcovado,major,82,#5/b6,3
JOBIM,12,Corcovado,major,83,5,x
JOBIM,12,Corcovado,major,84,4,1
JOBIM,12,Corcovado,major,85,3,x
JOBIM,12,Corcovado,major,86,2,6
JOBIM,12,Corcovado,major,87,7,5
JOBIM,12,Corcovado,major,88,6,x
JOBIM,12,Corcovado,major,89,5,3
JOBIM,12,Corcovado,major,90,4,x
JOBIM,12,Corcovado,major,91,3,1
JOBIM,12,Corcovado,major,92,2,x
JOBIM,12,Corcovado,major,93,1,3
JOBIM,12,Corcovado,major,94,6,5
JOBIM,12,Corcovado,major,95,5,x
JOBIM,12,Corcovado,major,96,4,3
JOBIM,12,Corcovado,major,97,3,x
JOBIM,12,Corcovado,major,98,2,1
JOBIM,12,Corcovado,major,99,1,3
JOBIM,12,Corcovado,major,100,7,5
JOBIM,12,Corcovado,major,101,1,x
JOBIM,12,Corcovado,major,102,2,7
JOBIM,12,Corcovado,major,103,5,b9/#9
JOBIM,12,Corcovado,major,104,6,5
JOBIM,12,Corcovado,major,105,5,x
JOBIM,12,Corcovado,major,106,4,3
JOBIM,12,Corcovado,major,107,3,x
JOBIM,12,Corcovado,major,108,2,1
JOBIM,12,Corcovado,major,109,1,3
JOBIM,12,Corcovado,major,110,7,3
JOBIM,12,Corcovado,major,111,1,x
JOBIM,12,Corcovado,major,112,2,5
JOBIM,12,Corcovado,major,113,1,1
JOBIM,15,Desafinado,major,1,5,6
JOBIM,15,Desafinado,major,2,6,x
JOBIM,15,Desafinado,major,3,7,x
JOBIM,15,Desafinado,major,4,1,1
JOBIM,15,Desafinado,major,5,7,7
JOBIM,15,Desafinado,major,6,6,6
JOBIM,15,Desafinado,major,7,#5/b6,x
JOBIM,15,Desafinado,major,8,6,6
JOBIM,15,Desafinado,major,9,1,7
JOBIM,15,Desafinado,major,10,#5/b6,#11
JOBIM,15,Desafinado,major,11,5,x
JOBIM,15,Desafinado,major,12,7,x
JOBIM,15,Desafinado,major,13,1,7
JOBIM,15,Desafinado,major,14,2,x
JOBIM,15,Desafinado,major,15,1,7
JOBIM,15,Desafinado,major,16,7,3
JOBIM,15,Desafinado,major,17,#6/b7,x
JOBIM,15,Desafinado,major,18,7,3
JOBIM,15,Desafinado,major,19,5,3
JOBIM,15,Desafinado,major,20,#6/b7,5
JOBIM,15,Desafinado,major,21,6,1
JOBIM,15,Desafinado,major,22,5,7
JOBIM,15,Desafinado,major,23,4,3
JOBIM,15,Desafinado,major,24,3,x
JOBIM,15,Desafinado,major,25,2,1
JOBIM,15,Desafinado,major,26,4,b9/#9
JOBIM,15,Desafinado,major,27,3,1
JOBIM,15,Desafinado,major,28,#6/b7,#11
JOBIM,15,Desafinado,major,29,7,5
JOBIM,15,Desafinado,major,30,#1/b2,3
JOBIM,15,Desafinado,major,31,3,5
JOBIM,15,Desafinado,major,32,#1/b2,3
JOBIM,15,Desafinado,major,33,#5/b6,7
JOBIM,15,Desafinado,major,34,#6/b7,b9/#9
JOBIM,15,Desafinado,major,35,3,9
JOBIM,15,Desafinado,major,36,2,x
JOBIM,15,Desafinado,major,37,1,7
JOBIM,15,Desafinado,major,38,6,5
JOBIM,15,Desafinado,major,39,#2/b3,b9/#9
JOBIM,15,Desafinado,major,40,2,1
JOBIM,15,Desafinado,major,41,1,7
JOBIM,15,Desafinado,major,42,6,5
JOBIM,15,Desafinado,major,43,1,7
JOBIM,15,Desafinado,major,44,#5/b6,5
JOBIM,15,Desafinado,major,45,5,5
JOBIM,15,Desafinado,major,46,6,x
JOBIM,15,Desafinado,major,47,7,7
JOBIM,15,Desafinado,major,48,1,x
JOBIM,15,Desafinado,major,49,7,7
JOBIM,15,Desafinado,major,50,6,6
JOBIM,15,Desafinado,major,51,#5/b6,x
JOBIM,15,Desafinado,major,52,6,6
JOBIM,15,Desafinado,major,53,1,7
JOBIM,15,Desafinado,major,54,#5/b6,#11
JOBIM,15,Desafinado,major,55,6,5
JOBIM,15,Desafinado,major,56,7,x
JOBIM,15,Desafinado,major,57,1,7
JOBIM,15,Desafinado,major,58,2,x
JOBIM,15,Desafinado,major,59,1,7
JOBIM,15,Desafinado,major,60,7,3
JOBIM,15,Desafinado,major,61,#6/b7,x
JOBIM,15,Desafinado,major,62,7,3
JOBIM,15,Desafinado,major,63,6,11
JOBIM,15,Desafinado,major,64,#6/b7,5
JOBIM,15,Desafinado,major,65,#6/b7,b9/#9
JOBIM,15,Desafinado,major,66,5,11
JOBIM,15,Desafinado,major,67,4,3
JOBIM,15,Desafinado,major,68,3,x
JOBIM,15,Desafinado,major,69,2,1
JOBIM,15,Desafinado,major,70,4,b9/#9
JOBIM,15,Desafinado,major,71,3,1
JOBIM,15,Desafinado,major,72,2,7
JOBIM,15,Desafinado,major,73,1,b13
JOBIM,15,Desafinado,major,74,2,11
JOBIM,15,Desafinado,major,75,1,3
JOBIM,15,Desafinado,major,76,2,11
JOBIM,15,Desafinado,major,77,2,b9/#9
JOBIM,15,Desafinado,major,78,5,5
JOBIM,15,Desafinado,major,79,6,x
JOBIM,15,Desafinado,major,80,5,5
JOBIM,15,Desafinado,major,81,6,x
JOBIM,15,Desafinado,major,82,5,b13
JOBIM,15,Desafinado,major,83,5,b13
JOBIM,15,Desafinado,major,84,#2/b3,3
JOBIM,15,Desafinado,major,85,4,x
JOBIM,15,Desafinado,major,86,5,13
JOBIM,15,Desafinado,major,87,#5/b6,x
JOBIM,15,Desafinado,major,88,5,13
JOBIM,15,Desafinado,major,89,#5/b6,x
JOBIM,15,Desafinado,major,90,5,7
JOBIM,15,Desafinado,major,91,3,#11
JOBIM,15,Desafinado,major,92,5,5
JOBIM,15,Desafinado,major,93,6,x
JOBIM,15,Desafinado,major,94,5,5
JOBIM,15,Desafinado,major,95,6,x
JOBIM,15,Desafinado,major,96,5,5
JOBIM,15,Desafinado,major,97,4,x
JOBIM,15,Desafinado,major,98,3,3
JOBIM,15,Desafinado,major,99,4,x
JOBIM,15,Desafinado,major,100,5,11
JOBIM,15,Desafinado,major,101,2,1
JOBIM,15,Desafinado,major,102,5,11
JOBIM,15,Desafinado,major,103,5,1
JOBIM,15,Desafinado,major,104,3,13
JOBIM,15,Desafinado,major,105,5,5
JOBIM,15,Desafinado,major,106,6,x
JOBIM,15,Desafinado,major,107,7,7
JOBIM,15,Desafinado,major,108,1,x
JOBIM,15,Desafinado,major,109,2,9
JOBIM,15,Desafinado,major,110,3,1
JOBIM,15,Desafinado,major,111,5,3
JOBIM,15,Desafinado,major,112,6,x
JOBIM,15,Desafinado,major,113,7,11
JOBIM,15,Desafinado,major,114,1,x
JOBIM,15,Desafinado,major,115,7,11
JOBIM,15,Desafinado,major,116,1,x
JOBIM,15,Desafinado,major,117,7,#11
JOBIM,15,Desafinado,major,118,2,5
JOBIM,15,Desafinado,major,119,3,x
JOBIM,15,Desafinado,major,120,2,5
JOBIM,15,Desafinado,major,121,3,x
JOBIM,15,Desafinado,major,122,2,5
JOBIM,15,Desafinado,major,123,1,x
JOBIM,15,Desafinado,major,124,7,3
JOBIM,15,Desafinado,major,125,1,x
JOBIM,15,Desafinado,major,126,2,11
JOBIM,15,Desafinado,major,127,6,1
JOBIM,15,Desafinado,major,128,2,11
JOBIM,15,Desafinado,major,129,2,1
JOBIM,15,Desafinado,major,130,3,x
JOBIM,15,Desafinado,major,131,4,3
JOBIM,15,Desafinado,major,132,3,x
JOBIM,15,Desafinado,major,133,4,3
JOBIM,15,Desafinado,major,134,3,9
JOBIM,15,Desafinado,major,135,5,6
JOBIM,15,Desafinado,major,136,4,5
JOBIM,15,Desafinado,major,137,3,x
JOBIM,15,Desafinado,major,138,4,5
JOBIM,15,Desafinado,major,139,2,1
JOBIM,15,Desafinado,major,140,2,5
JOBIM,17,Discussao,major,1,7,7
JOBIM,17,Discussao,major,2,6,x
JOBIM,17,Discussao,major,3,7,7
JOBIM,17,Discussao,major,4,6,x
JOBIM,17,Discussao,major,5,7,7
JOBIM,17,Discussao,major,6,6,5
JOBIM,17,Discussao,major,7,7,b13
JOBIM,17,Discussao,major,8,2,14
JOBIM,17,Discussao,major,9,1,7
JOBIM,17,Discussao,major,10,7,6
JOBIM,17,Discussao,major,11,1,x
JOBIM,17,Discussao,major,12,7,6
JOBIM,17,Discussao,major,13,1,7
JOBIM,17,Discussao,major,14,7,x
JOBIM,17,Discussao,major,15,1,5
JOBIM,17,Discussao,major,16,3,b9/#9
JOBIM,17,Discussao,major,17,2,9
JOBIM,17,Discussao,major,18,1,1
JOBIM,17,Discussao,major,19,2,x
JOBIM,17,Discussao,major,20,1,1
JOBIM,17,Discussao,major,21,2,7
JOBIM,17,Discussao,major,22,1,x
JOBIM,17,Discussao,major,23,2,7
JOBIM,17,Discussao,major,24,4,b9/#9
JOBIM,17,Discussao,major,25,3,7
JOBIM,17,Discussao,major,26,2,6
JOBIM,17,Discussao,major,27,3,x
JOBIM,17,Discussao,major,28,2,6
JOBIM,17,Discussao,major,29,3,7
JOBIM,17,Discussao,major,30,2,x
JOBIM,17,Discussao,major,31,3,7
JOBIM,17,Discussao,major,32,4,1
JOBIM,17,Discussao,major,33,7,7
JOBIM,17,Discussao,major,34,6,x
JOBIM,17,Discussao,major,35,7,7
JOBIM,17,Discussao,major,36,6,6
JOBIM,17,Discussao,major,37,7,7
JOBIM,17,Discussao,major,38,6,5
JOBIM,17,Discussao,major,39,7,b13
JOBIM,17,Discussao,major,40,6,x
JOBIM,17,Discussao,major,41,5,1
JOBIM,17,Discussao,major,42,4,7
JOBIM,17,Discussao,major,43,5,x
JOBIM,17,Discussao,major,44,4,7
JOBIM,17,Discussao,major,45,5,1
JOBIM,17,Discussao,major,46,4,x
JOBIM,17,Discussao,major,47,5,7
JOBIM,17,Discussao,major,48,4,x
JOBIM,17,Discussao,major,49,3,5
JOBIM,17,Discussao,major,50,2,1
JOBIM,17,Discussao,major,51,3,x
JOBIM,17,Discussao,major,52,2,1
JOBIM,17,Discussao,major,53,3,9
JOBIM,17,Discussao,major,54,2,x
JOBIM,17,Discussao,major,55,3,5
JOBIM,17,Discussao,major,56,2,11
JOBIM,17,Discussao,major,57,1,7
JOBIM,17,Discussao,major,58,7,6
JOBIM,17,Discussao,major,59,1,x
JOBIM,17,Discussao,major,60,7,6
JOBIM,17,Discussao,major,61,1,7
JOBIM,17,Discussao,major,62,7,3
JOBIM,17,Discussao,major,63,2,5
JOBIM,17,Discussao,major,64,1,x
JOBIM,17,Discussao,major,65,7,7
JOBIM,17,Discussao,major,66,6,6
JOBIM,17,Discussao,major,67,7,x
JOBIM,17,Discussao,major,68,6,6
JOBIM,17,Discussao,major,69,7,b13
JOBIM,17,Discussao,major,70,6,5
JOBIM,17,Discussao,major,71,7,b13
JOBIM,17,Discussao,major,72,2,14
JOBIM,17,Discussao,major,73,1,7
JOBIM,17,Discussao,major,74,7,6
JOBIM,17,Discussao,major,75,1,x
JOBIM,17,Discussao,major,76,7,6
JOBIM,17,Discussao,major,77,1,7
JOBIM,17,Discussao,major,78,7,x
JOBIM,17,Discussao,major,79,1,5
JOBIM,17,Discussao,major,80,3,b9/#9
JOBIM,17,Discussao,major,81,2,9
JOBIM,17,Discussao,major,82,1,1
JOBIM,17,Discussao,major,83,2,x
JOBIM,17,Discussao,major,84,1,1
JOBIM,17,Discussao,major,85,2,9
JOBIM,17,Discussao,major,86,1,x
JOBIM,17,Discussao,major,87,2,7
JOBIM,17,Discussao,major,88,4,b9/#9
JOBIM,17,Discussao,major,89,3,7
JOBIM,17,Discussao,major,90,2,6
JOBIM,17,Discussao,major,91,3,x
JOBIM,17,Discussao,major,92,2,6
JOBIM,17,Discussao,major,93,3,7
JOBIM,17,Discussao,major,94,2,x
JOBIM,17,Discussao,major,95,3,7
JOBIM,17,Discussao,major,96,4,1
JOBIM,17,Discussao,major,97,7,7
JOBIM,17,Discussao,major,98,6,x
JOBIM,17,Discussao,major,99,7,7
JOBIM,17,Discussao,major,100,6,x
JOBIM,17,Discussao,major,101,7,b13
JOBIM,17,Discussao,major,102,6,x
JOBIM,17,Discussao,major,103,7,b13
JOBIM,17,Discussao,major,104,6,x
JOBIM,17,Discussao,major,105,5,1
JOBIM,17,Discussao,major,106,4,7
JOBIM,17,Discussao,major,107,5,x
JOBIM,17,Discussao,major,108,4,7
JOBIM,17,Discussao,major,109,5,1
JOBIM,17,Discussao,major,110,4,x
JOBIM,17,Discussao,major,111,5,7
JOBIM,17,Discussao,major,112,4,x
JOBIM,17,Discussao,major,113,3,5
JOBIM,17,Discussao,major,114,2,x
JOBIM,17,Discussao,major,115,3,5
JOBIM,17,Discussao,major,116,2,x
JOBIM,17,Discussao,major,117,3,9
JOBIM,17,Discussao,major,118,2,x
JOBIM,17,Discussao,major,119,1,7
JOBIM,17,Discussao,major,120,7,6
JOBIM,17,Discussao,major,121,2,9
JOBIM,17,Discussao,major,122,1,5
JOBIM,17,Discussao,major,123,7,x
JOBIM,17,Discussao,major,124,1,1
JOBIM,19,Ela e carioca,major,1,7,7
JOBIM,19,Ela e carioca,major,2,1,x
JOBIM,19,Ela e carioca,major,3,2,9
JOBIM,19,Ela e carioca,major,4,1,x
JOBIM,19,Ela e carioca,major,5,2,9
JOBIM,19,Ela e carioca,major,6,2,9
JOBIM,19,Ela e carioca,major,7,7,7
JOBIM,19,Ela e carioca,major,8,1,x
JOBIM,19,Ela e carioca,major,9,2,11
JOBIM,19,Ela e carioca,major,10,1,x
JOBIM,19,Ela e carioca,major,11,2,11
JOBIM,19,Ela e carioca,major,12,3,9
JOBIM,19,Ela e carioca,major,13,7,13
JOBIM,19,Ela e carioca,major,14,#6/b7,b13
JOBIM,19,Ela e carioca,major,15,2,1
JOBIM,19,Ela e carioca,major,16,6,5
JOBIM,19,Ela e carioca,major,17,3,9
JOBIM,19,Ela e carioca,major,18,4,x
JOBIM,19,Ela e carioca,major,19,3,9
JOBIM,19,Ela e carioca,major,20,4,3
JOBIM,19,Ela e carioca,major,21,3,9
JOBIM,19,Ela e carioca,major,22,5,6
JOBIM,19,Ela e carioca,major,23,4,5
JOBIM,19,Ela e carioca,major,24,6,5
JOBIM,19,Ela e carioca,major,25,6,5
JOBIM,19,Ela e carioca,major,26,1,7
JOBIM,19,Ela e carioca,major,27,2,5
JOBIM,19,Ela e carioca,major,28,3,13
JOBIM,19,Ela e carioca,major,29,4,3
JOBIM,19,Ela e carioca,major,30,3,3
JOBIM,19,Ela e carioca,major,31,5,5
JOBIM,19,Ela e carioca,major,32,4,3
JOBIM,19,Ela e carioca,major,33,3,3
JOBIM,19,Ela e carioca,major,34,2,9
JOBIM,19,Ela e carioca,major,35,4,x
JOBIM,19,Ela e carioca,major,36,3,3
JOBIM,19,Ela e carioca,major,37,2,1
JOBIM,19,Ela e carioca,major,38,6,5
JOBIM,19,Ela e carioca,major,39,2,1
JOBIM,19,Ela e carioca,major,40,1,5
JOBIM,19,Ela e carioca,major,41,7,x
JOBIM,19,Ela e carioca,major,42,1,5
JOBIM,19,Ela e carioca,major,43,2,9
JOBIM,19,Ela e carioca,major,44,1,x
JOBIM,19,Ela e carioca,major,45,2,b9/#9
JOBIM,19,Ela e carioca,major,46,6,7
JOBIM,19,Ela e carioca,major,47,#6/b7,x
JOBIM,19,Ela e carioca,major,48,1,9
JOBIM,19,Ela e carioca,major,49,#6/b7,x
JOBIM,19,Ela e carioca,major,50,1,b9/#9
JOBIM,19,Ela e carioca,major,51,5,7
JOBIM,19,Ela e carioca,major,52,#5/b6,x
JOBIM,19,Ela e carioca,major,53,#6/b7,9
JOBIM,19,Ela e carioca,major,54,#5/b6,x
JOBIM,19,Ela e carioca,major,55,#6/b7,9
JOBIM,21,Este seu olhar,major,1,3,3
JOBIM,21,Este seu olhar,major,2,4,x
JOBIM,21,Este seu olhar,major,3,5,5
JOBIM,21,Este seu olhar,major,4,6,x
JOBIM,21,Este seu olhar,major,5,5,5
JOBIM,21,Este seu olhar,major,6,4,3
JOBIM,21,Este seu olhar,major,7,5,x
JOBIM,21,Este seu olhar,major,8,6,5
JOBIM,21,Este seu olhar,major,9,7,x
JOBIM,21,Este seu olhar,major,10,6,5
JOBIM,21,Este seu olhar,major,11,5,5
JOBIM,21,Este seu olhar,major,12,6,x
JOBIM,21,Este seu olhar,major,13,7,7
JOBIM,21,Este seu olhar,major,14,1,x
JOBIM,21,Este seu olhar,major,15,7,5
JOBIM,21,Este seu olhar,major,16,1,x
JOBIM,21,Este seu olhar,major,17,2,7
JOBIM,21,Este seu olhar,major,18,3,x
JOBIM,21,Este seu olhar,major,19,2,6
JOBIM,21,Este seu olhar,major,20,1,x
JOBIM,21,Este seu olhar,major,21,2,x
JOBIM,21,Este seu olhar,major,22,3,7
JOBIM,21,Este seu olhar,major,23,2,6
JOBIM,21,Este seu olhar,major,24,2,9
JOBIM,21,Este seu olhar,major,25,1,x
JOBIM,21,Este seu olhar,major,26,7,7
JOBIM,21,Este seu olhar,major,27,1,7
JOBIM,21,Este seu olhar,major,28,7,x
JOBIM,21,Este seu olhar,major,29,6,5
JOBIM,21,Este seu olhar,major,30,1,7
JOBIM,21,Este seu olhar,major,31,7,x
JOBIM,21,Este seu olhar,major,32,6,5
JOBIM,21,Este seu olhar,major,33,7,3
JOBIM,21,Este seu olhar,major,34,7,5
JOBIM,21,Este seu olhar,major,35,6,x
JOBIM,21,Este seu olhar,major,36,5,3
JOBIM,21,Este seu olhar,major,37,6,1
JOBIM,21,Este seu olhar,major,38,#2/b3,x
JOBIM,21,Este seu olhar,major,39,3,5
JOBIM,21,Este seu olhar,major,40,6,5
JOBIM,21,Este seu olhar,major,41,5,x
JOBIM,21,Este seu olhar,major,42,4,3
JOBIM,21,Este seu olhar,major,43,5,1
JOBIM,21,Este seu olhar,major,44,3,3
JOBIM,21,Este seu olhar,major,45,4,x
JOBIM,21,Este seu olhar,major,46,5,5
JOBIM,21,Este seu olhar,major,47,6,x
JOBIM,21,Este seu olhar,major,48,5,5
JOBIM,21,Este seu olhar,major,49,4,3
JOBIM,21,Este seu olhar,major,50,5,x
JOBIM,21,Este seu olhar,major,51,6,5
JOBIM,21,Este seu olhar,major,52,7,x
JOBIM,21,Este seu olhar,major,53,6,5
JOBIM,21,Este seu olhar,major,54,5,5
JOBIM,21,Este seu olhar,major,55,6,x
JOBIM,21,Este seu olhar,major,56,7,7
JOBIM,21,Este seu olhar,major,57,1,x
JOBIM,21,Este seu olhar,major,58,7,5
JOBIM,21,Este seu olhar,major,59,1,x
JOBIM,21,Este seu olhar,major,60,2,7
JOBIM,21,Este seu olhar,major,61,3,x
JOBIM,21,Este seu olhar,major,62,2,6
JOBIM,21,Este seu olhar,major,63,3,x
JOBIM,21,Este seu olhar,major,64,2,6
JOBIM,21,Este seu olhar,major,65,3,x
JOBIM,21,Este seu olhar,major,66,2,6
JOBIM,21,Este seu olhar,major,67,2,14
JOBIM,21,Este seu olhar,major,68,1,7
JOBIM,21,Este seu olhar,major,69,7,x
JOBIM,21,Este seu olhar,major,70,1,7
JOBIM,21,Este seu olhar,major,71,7,x
JOBIM,21,Este seu olhar,major,72,6,5
JOBIM,21,Este seu olhar,major,73,5,1
JOBIM,21,Este seu olhar,major,74,#5/b6,b13
JOBIM,21,Este seu olhar,major,75,6,x
JOBIM,21,Este seu olhar,major,76,2,1
JOBIM,21,Este seu olhar,major,77,2,x
JOBIM,21,Este seu olhar,major,78,3,13
JOBIM,21,Este seu olhar,major,79,1,1
JOBIM,24,Eu sei que vou te amar,major,1,5,5
JOBIM,24,Eu sei que vou te amar,major,2,7,7
JOBIM,24,Eu sei que vou te amar,major,3,7,b13
JOBIM,24,Eu sei que vou te amar,major,4,6,x
JOBIM,24,Eu sei que vou te amar,major,5,7,b13
JOBIM,24,Eu sei que vou te amar,major,6,1,x
JOBIM,24,Eu sei que vou te amar,major,7,7,b13
JOBIM,24,Eu sei que vou te amar,major,8,6,11
JOBIM,24,Eu sei que vou te amar,major,9,1,7
JOBIM,24,Eu sei que vou te amar,major,10,7,7
JOBIM,24,Eu sei que vou te amar,major,11,7,x
JOBIM,24,Eu sei que vou te amar,major,12,1,7
JOBIM,24,Eu sei que vou te amar,major,13,2,x
JOBIM,24,Eu sei que vou te amar,major,14,1,7
JOBIM,24,Eu sei que vou te amar,major,15,7,b13
JOBIM,24,Eu sei que vou te amar,major,16,2,7
JOBIM,24,Eu sei que vou te amar,major,17,2,7
JOBIM,24,Eu sei que vou te amar,major,18,1,x
JOBIM,24,Eu sei que vou te amar,major,19,2,7
JOBIM,24,Eu sei que vou te amar,major,20,3,x
JOBIM,24,Eu sei que vou te amar,major,21,2,7
JOBIM,24,Eu sei que vou te amar,major,22,1,b13
JOBIM,24,Eu sei que vou te amar,major,23,3,7
JOBIM,24,Eu sei que vou te amar,major,24,3,7
JOBIM,24,Eu sei que vou te amar,major,25,4,x
JOBIM,24,Eu sei que vou te amar,major,26,5,3
JOBIM,24,Eu sei que vou te amar,major,27,1,x
JOBIM,24,Eu sei que vou te amar,major,28,7,1
JOBIM,24,Eu sei que vou te amar,major,29,6,7
JOBIM,24,Eu sei que vou te amar,major,30,4,3
JOBIM,24,Eu sei que vou te amar,major,31,7,x
JOBIM,24,Eu sei que vou te amar,major,32,6,9
JOBIM,24,Eu sei que vou te amar,major,33,5,1
JOBIM,24,Eu sei que vou te amar,major,34,3,1
JOBIM,24,Eu sei que vou te amar,major,35,3,x
JOBIM,24,Eu sei que vou te amar,major,36,4,b13
JOBIM,24,Eu sei que vou te amar,major,37,3,x
JOBIM,24,Eu sei que vou te amar,major,38,2,1
JOBIM,24,Eu sei que vou te amar,major,39,#2/b3,b13
JOBIM,24,Eu sei que vou te amar,major,40,5,1
JOBIM,24,Eu sei que vou te amar,major,41,7,7
JOBIM,24,Eu sei que vou te amar,major,42,7,b13
JOBIM,24,Eu sei que vou te amar,major,43,6,x
JOBIM,24,Eu sei que vou te amar,major,44,7,b13
JOBIM,24,Eu sei que vou te amar,major,45,1,x
JOBIM,24,Eu sei que vou te amar,major,46,7,b13
JOBIM,24,Eu sei que vou te amar,major,47,6,5
JOBIM,24,Eu sei que vou te amar,major,48,1,7
JOBIM,24,Eu sei que vou te amar,major,49,1,7
JOBIM,24,Eu sei que vou te amar,major,50,7,x
JOBIM,24,Eu sei que vou te amar,major,51,1,7
JOBIM,24,Eu sei que vou te amar,major,52,2,x
JOBIM,24,Eu sei que vou te amar,major,53,1,7
JOBIM,24,Eu sei que vou te amar,major,54,7,b13
JOBIM,24,Eu sei que vou te amar,major,55,2,5
JOBIM,24,Eu sei que vou te amar,major,56,2,9
JOBIM,24,Eu sei que vou te amar,major,57,1,x
JOBIM,24,Eu sei que vou te amar,major,58,2,9
JOBIM,24,Eu sei que vou te amar,major,59,3,x
JOBIM,24,Eu sei que vou te amar,major,60,2,9
JOBIM,24,Eu sei que vou te amar,major,61,1,x
JOBIM,24,Eu sei que vou te amar,major,62,3,7
JOBIM,24,Eu sei que vou te amar,major,63,5,9
JOBIM,24,Eu sei que vou te amar,major,64,7,7
JOBIM,24,Eu sei que vou te amar,major,65,7,b13
JOBIM,24,Eu sei que vou te amar,major,66,6,x
JOBIM,24,Eu sei que vou te amar,major,67,7,b13
JOBIM,24,Eu sei que vou te amar,major,68,1,x
JOBIM,24,Eu sei que vou te amar,major,69,7,b13
JOBIM,24,Eu sei que vou te amar,major,70,6,5
JOBIM,24,Eu sei que vou te amar,major,71,5,3
JOBIM,24,Eu sei que vou te amar,major,72,5,7
JOBIM,24,Eu sei que vou te amar,major,73,3,x
JOBIM,24,Eu sei que vou te amar,major,74,4,b13
JOBIM,24,Eu sei que vou te amar,major,75,5,x
JOBIM,24,Eu sei que vou te amar,major,76,4,b13
JOBIM,24,Eu sei que vou te amar,major,77,3,5
JOBIM,24,Eu sei que vou te amar,major,78,1,7
JOBIM,24,Eu sei que vou te amar,major,79,1,3
JOBIM,24,Eu sei que vou te amar,major,80,7,x
JOBIM,24,Eu sei que vou te amar,major,81,1,3
JOBIM,24,Eu sei que vou te amar,major,82,2,x
JOBIM,24,Eu sei que vou te amar,major,83,1,3
JOBIM,24,Eu sei que vou te amar,major,84,7,3
JOBIM,24,Eu sei que vou te amar,major,85,2,1
JOBIM,24,Eu sei que vou te amar,major,86,1,7
JOBIM,24,Eu sei que vou te amar,major,87,1,5
JOBIM,24,Eu sei que vou te amar,major,88,1,1
JOBIM,26,Garota de Ipanema,major,1,2,9
JOBIM,26,Garota de Ipanema,major,2,7,7
JOBIM,26,Garota de Ipanema,major,3,6,6
JOBIM,26,Garota de Ipanema,major,4,2,9
JOBIM,26,Garota de Ipanema,major,5,7,7
JOBIM,26,Garota de Ipanema,major,6,6,6
JOBIM,26,Garota de Ipanema,major,7,2,1
JOBIM,26,Garota de Ipanema,major,8,7,13
JOBIM,26,Garota de Ipanema,major,9,6,5
JOBIM,26,Garota de Ipanema,major,10,2,1
JOBIM,26,Garota de Ipanema,major,11,7,5
JOBIM,26,Garota de Ipanema,major,12,6,13
JOBIM,26,Garota de Ipanema,major,13,1,7
JOBIM,26,Garota de Ipanema,major,14,6,5
JOBIM,26,Garota de Ipanema,major,15,4,11
JOBIM,26,Garota de Ipanema,major,16,7,7
JOBIM,26,Garota de Ipanema,major,17,5,#11
JOBIM,26,Garota de Ipanema,major,18,4,3
JOBIM,26,Garota de Ipanema,major,19,5,5
JOBIM,26,Garota de Ipanema,major,20,7,7
JOBIM,26,Garota de Ipanema,major,21,1,x
JOBIM,26,Garota de Ipanema,major,22,7,7
JOBIM,26,Garota de Ipanema,major,23,6,6
JOBIM,26,Garota de Ipanema,major,24,7,x
JOBIM,26,Garota de Ipanema,major,25,6,6
JOBIM,26,Garota de Ipanema,major,26,5,9
JOBIM,26,Garota de Ipanema,major,27,6,3
JOBIM,26,Garota de Ipanema,major,28,7,7
JOBIM,26,Garota de Ipanema,major,29,1,x
JOBIM,26,Garota de Ipanema,major,30,7,7
JOBIM,26,Garota de Ipanema,major,31,6,6
JOBIM,26,Garota de Ipanema,major,32,7,x
JOBIM,26,Garota de Ipanema,major,33,6,6
JOBIM,26,Garota de Ipanema,major,34,5,9
JOBIM,26,Garota de Ipanema,major,35,6,3
JOBIM,26,Garota de Ipanema,major,36,3,9
JOBIM,26,Garota de Ipanema,major,37,4,x
JOBIM,26,Garota de Ipanema,major,38,3,9
JOBIM,26,Garota de Ipanema,major,39,2,1
JOBIM,26,Garota de Ipanema,major,40,3,x
JOBIM,26,Garota de Ipanema,major,41,2,1
JOBIM,26,Garota de Ipanema,major,42,1,9
JOBIM,26,Garota de Ipanema,major,43,2,3
JOBIM,26,Garota de Ipanema,major,44,3,x
JOBIM,26,Garota de Ipanema,major,45,4,3
JOBIM,26,Garota de Ipanema,major,46,5,3
JOBIM,26,Garota de Ipanema,major,47,6,x
JOBIM,26,Garota de Ipanema,major,48,7,5
JOBIM,26,Garota de Ipanema,major,49,1,x
JOBIM,26,Garota de Ipanema,major,50,2,7
JOBIM,26,Garota de Ipanema,major,51,#2/b3,#11
JOBIM,26,Garota de Ipanema,major,52,3,5
JOBIM,26,Garota de Ipanema,major,53,4,3
JOBIM,26,Garota de Ipanema,major,54,5,x
JOBIM,26,Garota de Ipanema,major,55,6,5
JOBIM,26,Garota de Ipanema,major,56,7,x
JOBIM,26,Garota de Ipanema,major,57,1,7
JOBIM,26,Garota de Ipanema,major,58,#1/b2,#11
JOBIM,26,Garota de Ipanema,major,59,2,5
JOBIM,28,Insensatez,minor,1,5,5
JOBIM,28,Insensatez,minor,2,6,x
JOBIM,28,Insensatez,minor,3,5,5
JOBIM,28,Insensatez,minor,4,6,x
JOBIM,28,Insensatez,minor,5,5,b13
JOBIM,28,Insensatez,minor,6,6,x
JOBIM,28,Insensatez,minor,7,5,b13
JOBIM,28,Insensatez,minor,8,6,x
JOBIM,28,Insensatez,minor,9,5,6
JOBIM,28,Insensatez,minor,10,#4/b5,x
JOBIM,28,Insensatez,minor,11,5,6
JOBIM,28,Insensatez,minor,12,b7,5
JOBIM,28,Insensatez,minor,13,#6,x
JOBIM,28,Insensatez,minor,14,6,x
JOBIM,28,Insensatez,minor,15,5,3
JOBIM,28,Insensatez,minor,16,5,9
JOBIM,28,Insensatez,minor,17,4,1
JOBIM,28,Insensatez,minor,18,4,6
JOBIM,28,Insensatez,minor,19,5,7
JOBIM,28,Insensatez,minor,20,4,6
JOBIM,28,Insensatez,minor,21,5,7
JOBIM,28,Insensatez,minor,22,4,3
JOBIM,28,Insensatez,minor,23,5,#11
JOBIM,28,Insensatez,minor,24,4,3
JOBIM,28,Insensatez,minor,25,5,#11
JOBIM,28,Insensatez,minor,26,4,3
JOBIM,28,Insensatez,minor,27,#3,x
JOBIM,28,Insensatez,minor,28,4,3
JOBIM,28,Insensatez,minor,29,6,b9/#9
JOBIM,28,Insensatez,minor,30,5,x
JOBIM,28,Insensatez,minor,31,#4/b5,x
JOBIM,28,Insensatez,minor,32,4,7
JOBIM,28,Insensatez,minor,33,4,11
JOBIM,28,Insensatez,minor,34,3,3
JOBIM,28,Insensatez,minor,35,3,1
JOBIM,28,Insensatez,minor,36,4,x
JOBIM,28,Insensatez,minor,37,3,1
JOBIM,28,Insensatez,minor,38,4,x
JOBIM,28,Insensatez,minor,39,3,5
JOBIM,28,Insensatez,minor,40,4,x
JOBIM,28,Insensatez,minor,41,3,5
JOBIM,28,Insensatez,minor,42,4,x
JOBIM,28,Insensatez,minor,43,5,9
JOBIM,28,Insensatez,minor,44,3,7
JOBIM,28,Insensatez,minor,45,1,3
JOBIM,28,Insensatez,minor,46,2,x
JOBIM,28,Insensatez,minor,47,1,3
JOBIM,28,Insensatez,minor,48,2,x
JOBIM,28,Insensatez,minor,49,3,3
JOBIM,28,Insensatez,minor,50,3,1
JOBIM,28,Insensatez,minor,51,4,x
JOBIM,28,Insensatez,minor,52,3,1
JOBIM,28,Insensatez,minor,53,4,x
JOBIM,28,Insensatez,minor,54,2,1
JOBIM,28,Insensatez,minor,55,3,b9/#9
JOBIM,28,Insensatez,minor,56,2,1
JOBIM,28,Insensatez,minor,57,3,b9/#9
JOBIM,28,Insensatez,minor,58,2,6
JOBIM,28,Insensatez,minor,59,#1/b2,x
JOBIM,28,Insensatez,minor,60,2,6
JOBIM,28,Insensatez,minor,61,4,7
JOBIM,28,Insensatez,minor,62,#3,x
JOBIM,28,Insensatez,minor,63,3,x
JOBIM,28,Insensatez,minor,64,2,5
JOBIM,28,Insensatez,minor,65,2,#11
JOBIM,28,Insensatez,minor,66,1,5
JOBIM,31,Ligia,major,1,5,x
JOBIM,31,Ligia,major,2,6,5
JOBIM,31,Ligia,major,3,5,x
JOBIM,31,Ligia,major,4,6,5
JOBIM,31,Ligia,major,5,5,x
JOBIM,31,Ligia,major,6,6,9
JOBIM,31,Ligia,major,7,5,x
JOBIM,31,Ligia,major,8,6,9
JOBIM,31,Ligia,major,9,5,x
JOBIM,31,Ligia,major,10,7,5
JOBIM,31,Ligia,major,11,6,x
JOBIM,31,Ligia,major,12,7,5
JOBIM,31,Ligia,major,13,6,x
JOBIM,31,Ligia,major,14,7,b13
JOBIM,31,Ligia,major,15,6,5
JOBIM,31,Ligia,major,16,1,7
JOBIM,31,Ligia,major,17,7,5
JOBIM,31,Ligia,major,18,5,11
JOBIM,31,Ligia,major,19,4,x
JOBIM,31,Ligia,major,20,5,11
JOBIM,31,Ligia,major,21,4,x
JOBIM,31,Ligia,major,22,3,13
JOBIM,31,Ligia,major,23,2,x
JOBIM,31,Ligia,major,24,3,13
JOBIM,31,Ligia,major,25,7,3
JOBIM,31,Ligia,major,26,1,x
JOBIM,31,Ligia,major,27,2,7
JOBIM,31,Ligia,major,28,3,1
JOBIM,31,Ligia,major,29,1,5
JOBIM,31,Ligia,major,30,2,x
JOBIM,31,Ligia,major,31,3,7
JOBIM,31,Ligia,major,32,1,5
JOBIM,31,Ligia,major,33,2,x
JOBIM,31,Ligia,major,34,3,7
JOBIM,31,Ligia,major,35,1,5
JOBIM,31,Ligia,major,36,2,x
JOBIM,31,Ligia,major,37,#2/b3,7
JOBIM,31,Ligia,major,38,1,5
JOBIM,31,Ligia,major,39,#2/b3,7
JOBIM,31,Ligia,major,40,1,5
JOBIM,31,Ligia,major,41,7,5
JOBIM,31,Ligia,major,42,1,x
JOBIM,31,Ligia,major,43,6,x
JOBIM,31,Ligia,major,44,7,5
JOBIM,31,Ligia,major,45,5,3
JOBIM,31,Ligia,major,46,6,11
JOBIM,31,Ligia,major,47,3,5
JOBIM,31,Ligia,major,48,5,7
JOBIM,31,Ligia,major,49,6,x
JOBIM,31,Ligia,major,50,7,9
JOBIM,31,Ligia,major,51,1,5
JOBIM,31,Ligia,major,52,6,3
JOBIM,31,Ligia,major,53,7,11
JOBIM,31,Ligia,major,54,1,5
JOBIM,31,Ligia,major,55,6,3
JOBIM,31,Ligia,major,56,7,11
JOBIM,31,Ligia,major,57,1,5
JOBIM,31,Ligia,major,58,6,3
JOBIM,31,Ligia,major,59,7,1
JOBIM,31,Ligia,major,60,1,b9/#9
JOBIM,31,Ligia,major,61,6,7
JOBIM,31,Ligia,major,62,7,1
JOBIM,31,Ligia,major,63,1,b9/#9
JOBIM,31,Ligia,major,64,6,7
JOBIM,31,Ligia,major,65,7,5
JOBIM,31,Ligia,major,66,7,9
JOBIM,31,Ligia,major,67,6,5
JOBIM,31,Ligia,major,68,7,x
JOBIM,31,Ligia,major,69,6,5
JOBIM,31,Ligia,major,70,#5/b6,5
JOBIM,31,Ligia,major,71,#6/b7,x
JOBIM,31,Ligia,major,72,#5/b6,5
JOBIM,35,Meditacao,major,1,6,6
JOBIM,35,Meditacao,major,2,5,5
JOBIM,35,Meditacao,major,3,6,1
JOBIM,35,Meditacao,major,4,#6/b7,x
JOBIM,35,Meditacao,major,5,6,7
JOBIM,35,Meditacao,major,6,#4/b5,x
JOBIM,35,Meditacao,major,7,5,13
JOBIM,35,Meditacao,major,8,6,6
JOBIM,35,Meditacao,major,9,5,5
JOBIM,35,Meditacao,major,10,7,7
JOBIM,35,Meditacao,major,11,5,5
JOBIM,35,Meditacao,major,12,6,11
JOBIM,35,Meditacao,major,13,7,5
JOBIM,35,Meditacao,major,14,6,11
JOBIM,35,Meditacao,major,15,6,1
JOBIM,35,Meditacao,major,16,4,3
JOBIM,35,Meditacao,major,17,3,9
JOBIM,35,Meditacao,major,18,5,9
JOBIM,35,Meditacao,major,19,#4/b5,x
JOBIM,35,Meditacao,major,20,4,1
JOBIM,35,Meditacao,major,21,1,5
JOBIM,35,Meditacao,major,22,2,x
JOBIM,35,Meditacao,major,23,3,1
JOBIM,35,Meditacao,major,24,#2/b3,x
JOBIM,35,Meditacao,major,25,3,1
JOBIM,35,Meditacao,major,26,4,b13
JOBIM,35,Meditacao,major,27,3,5
JOBIM,35,Meditacao,major,28,4,x
JOBIM,35,Meditacao,major,29,5,11
JOBIM,35,Meditacao,major,30,#4/b5,x
JOBIM,35,Meditacao,major,31,5,11
JOBIM,35,Meditacao,major,32,6,9
JOBIM,35,Meditacao,major,33,1,5
JOBIM,35,Meditacao,major,34,7,#11
JOBIM,35,Meditacao,major,35,2,6
JOBIM,35,Meditacao,major,36,#1/b2,x
JOBIM,35,Meditacao,major,37,2,5
JOBIM,35,Meditacao,major,38,7,#11
JOBIM,35,Meditacao,major,39,2,9
JOBIM,35,Meditacao,major,40,#1/b2,x
JOBIM,35,Meditacao,major,41,1,1
JOBIM,35,Meditacao,major,42,7,7
JOBIM,35,Meditacao,major,43,2,14
JOBIM,35,Meditacao,major,44,#1/b2,x
JOBIM,35,Meditacao,major,45,1,7
JOBIM,35,Meditacao,major,46,7,11
JOBIM,35,Meditacao,major,47,6,5
JOBIM,35,Meditacao,major,48,6,9
JOBIM,37,O amor em paz,major,1,6,5
JOBIM,37,O amor em paz,major,2,5,9
JOBIM,37,O amor em paz,major,3,3,1
JOBIM,37,O amor em paz,major,4,4,b13
JOBIM,37,O amor em paz,major,5,5,x
JOBIM,37,O amor em paz,major,6,6,5
JOBIM,37,O amor em paz,major,7,6,5
JOBIM,37,O amor em paz,major,8,1,7
JOBIM,37,O amor em paz,major,9,7,x
JOBIM,37,O amor em paz,major,10,6,5
JOBIM,37,O amor em paz,major,11,7,5
JOBIM,37,O amor em paz,major,12,5,3
JOBIM,37,O amor em paz,major,13,3,1
JOBIM,37,O amor em paz,major,14,5,5
JOBIM,37,O amor em paz,major,15,5,9
JOBIM,37,O amor em paz,major,16,4,1
JOBIM,37,O amor em paz,major,17,2,3
JOBIM,37,O amor em paz,major,18,2,3
JOBIM,37,O amor em paz,major,19,3,x
JOBIM,37,O amor em paz,major,20,4,5
JOBIM,37,O amor em paz,major,21,5,b13
JOBIM,37,O amor em paz,major,22,4,x
JOBIM,37,O amor em paz,major,23,3,1
JOBIM,37,O amor em paz,major,24,2,7
JOBIM,37,O amor em paz,major,25,4,b9/#9
JOBIM,37,O amor em paz,major,26,3,x
JOBIM,37,O amor em paz,major,27,2,x
JOBIM,37,O amor em paz,major,28,#1/b2,3
JOBIM,37,O amor em paz,major,29,4,b13
JOBIM,37,O amor em paz,major,30,3,5
JOBIM,37,O amor em paz,major,31,6,5
JOBIM,37,O amor em paz,major,32,6,9
JOBIM,37,O amor em paz,major,33,5,1
JOBIM,37,O amor em paz,major,34,3,3
JOBIM,37,O amor em paz,major,35,4,b13
JOBIM,37,O amor em paz,major,36,5,x
JOBIM,37,O amor em paz,major,37,6,5
JOBIM,37,O amor em paz,major,38,6,5
JOBIM,37,O amor em paz,major,39,1,7
JOBIM,37,O amor em paz,major,40,7,x
JOBIM,37,O amor em paz,major,41,6,5
JOBIM,37,O amor em paz,major,42,7,5
JOBIM,37,O amor em paz,major,43,5,3
JOBIM,37,O amor em paz,major,44,3,1
JOBIM,37,O amor em paz,major,45,5,5
JOBIM,37,O amor em paz,major,46,4,11
JOBIM,37,O amor em paz,major,47,2,3
JOBIM,37,O amor em paz,major,48,2,3
JOBIM,37,O amor em paz,major,49,3,x
JOBIM,37,O amor em paz,major,50,4,5
JOBIM,37,O amor em paz,major,51,3,11
JOBIM,37,O amor em paz,major,52,5,b13
JOBIM,37,O amor em paz,major,53,4,x
JOBIM,37,O amor em paz,major,54,3,1
JOBIM,37,O amor em paz,major,55,2,7
JOBIM,37,O amor em paz,major,56,4,b9/#9
JOBIM,37,O amor em paz,major,57,3,1
JOBIM,37,O amor em paz,major,58,4,x
JOBIM,37,O amor em paz,major,59,3,3
JOBIM,37,O amor em paz,major,60,5,5
JOBIM,37,O amor em paz,major,61,4,1
JOBIM,37,O amor em paz,major,62,#2/b3,7
JOBIM,37,O amor em paz,major,63,5,9
JOBIM,37,O amor em paz,major,64,4,1
JOBIM,37,O amor em paz,major,65,3,3
JOBIM,37,O amor em paz,major,66,5,5
JOBIM,37,O amor em paz,major,67,4,11
JOBIM,37,O amor em paz,major,68,6,3
JOBIM,37,O amor em paz,major,69,6,3
JOBIM,37,O amor em paz,major,70,7,x
JOBIM,37,O amor em paz,major,71,1,5
JOBIM,37,O amor em paz,major,72,7,11
JOBIM,37,O amor em paz,major,73,2,b13
JOBIM,37,O amor em paz,major,74,#1/b2,x
JOBIM,37,O amor em paz,major,75,1,5
JOBIM,37,O amor em paz,major,76,7,x
JOBIM,37,O amor em paz,major,77,1,5
JOBIM,37,O amor em paz,major,78,#5/b6,3
JOBIM,37,O amor em paz,major,79,7,9
JOBIM,37,O amor em paz,major,80,6,11
JOBIM,37,O amor em paz,major,81,6,#11
JOBIM,37,O amor em paz,major,82,6,#11
JOBIM,37,O amor em paz,major,83,7,b13
JOBIM,37,O amor em paz,major,84,1,7
JOBIM,37,O amor em paz,major,85,7,13
JOBIM,37,O amor em paz,major,86,2,1
JOBIM,37,O amor em paz,major,87,#1/b2,x
JOBIM,37,O amor em paz,major,88,1,7
JOBIM,37,O amor em paz,major,89,7,x
JOBIM,37,O amor em paz,major,90,1,7
JOBIM,37,O amor em paz,major,91,#5/b6,#11
JOBIM,37,O amor em paz,major,92,7,9
JOBIM,37,O amor em paz,major,93,6,1
JOBIM,37,O amor em paz,major,94,6,7
JOBIM,40,Samba de uma nota so,major,1,5,3
JOBIM,40,Samba de uma nota so,major,2,5,3
JOBIM,40,Samba de uma nota so,major,3,5,11
JOBIM,40,Samba de uma nota so,major,4,5,#11
JOBIM,40,Samba de uma nota so,major,5,5,3
JOBIM,40,Samba de uma nota so,major,6,5,3
JOBIM,40,Samba de uma nota so,major,7,5,11
JOBIM,40,Samba de uma nota so,major,8,5,#11
JOBIM,40,Samba de uma nota so,major,9,1,11
JOBIM,40,Samba de uma nota so,major,10,1,#11
JOBIM,40,Samba de uma nota so,major,11,1,5
JOBIM,40,Samba de uma nota so,major,12,1,5
JOBIM,40,Samba de uma nota so,major,13,5,9
JOBIM,40,Samba de uma nota so,major,14,5,3
JOBIM,40,Samba de uma nota so,major,15,5,3
JOBIM,40,Samba de uma nota so,major,16,5,11
JOBIM,40,Samba de uma nota so,major,17,5,#11
JOBIM,40,Samba de uma nota so,major,18,5,#11
JOBIM,40,Samba de uma nota so,major,19,1,1
JOBIM,40,Samba de uma nota so,major,20,6,5
JOBIM,40,Samba de uma nota so,major,21,7,x
JOBIM,40,Samba de uma nota so,major,22,1,7
JOBIM,40,Samba de uma nota so,major,23,2,x
JOBIM,40,Samba de uma nota so,major,24,1,7
JOBIM,40,Samba de uma nota so,major,25,7,x
JOBIM,40,Samba de uma nota so,major,26,6,5
JOBIM,40,Samba de uma nota so,major,27,5,x
JOBIM,40,Samba de uma nota so,major,28,4,7
JOBIM,40,Samba de uma nota so,major,29,3,x
JOBIM,40,Samba de uma nota so,major,30,2,5
JOBIM,40,Samba de uma nota so,major,31,1,x
JOBIM,40,Samba de uma nota so,major,32,7,3
JOBIM,40,Samba de uma nota so,major,33,1,x
JOBIM,40,Samba de uma nota so,major,34,2,5
JOBIM,40,Samba de uma nota so,major,35,3,13
JOBIM,40,Samba de uma nota so,major,36,7,7
JOBIM,40,Samba de uma nota so,major,37,6,3
JOBIM,40,Samba de uma nota so,major,38,7,x
JOBIM,40,Samba de uma nota so,major,39,1,5
JOBIM,40,Samba de uma nota so,major,40,3,7
JOBIM,40,Samba de uma nota so,major,41,7,7
JOBIM,40,Samba de uma nota so,major,42,6,3
JOBIM,40,Samba de uma nota so,major,43,6,5
JOBIM,40,Samba de uma nota so,major,44,7,x
JOBIM,40,Samba de uma nota so,major,45,1,7
JOBIM,40,Samba de uma nota so,major,46,2,x
JOBIM,40,Samba de uma nota so,major,47,1,7
JOBIM,40,Samba de uma nota so,major,48,7,x
JOBIM,40,Samba de uma nota so,major,49,6,5
JOBIM,40,Samba de uma nota so,major,50,5,x
JOBIM,40,Samba de uma nota so,major,51,4,7
JOBIM,40,Samba de uma nota so,major,52,3,x
JOBIM,40,Samba de uma nota so,major,53,2,5
JOBIM,40,Samba de uma nota so,major,54,1,x
JOBIM,40,Samba de uma nota so,major,55,7,3
JOBIM,40,Samba de uma nota so,major,56,1,x
JOBIM,40,Samba de uma nota so,major,57,2,5
JOBIM,40,Samba de uma nota so,major,58,3,13
JOBIM,40,Samba de uma nota so,major,59,7,7
JOBIM,40,Samba de uma nota so,major,60,6,3
JOBIM,40,Samba de uma nota so,major,61,7,x
JOBIM,40,Samba de uma nota so,major,62,1,5
JOBIM,40,Samba de uma nota so,major,63,3,7
JOBIM,40,Samba de uma nota so,major,64,5,5
JOBIM,40,Samba de uma nota so,major,65,5,#11
JOBIM,40,Samba de uma nota so,major,66,5,3
JOBIM,40,Samba de uma nota so,major,67,5,3
JOBIM,40,Samba de uma nota so,major,68,5,11
JOBIM,40,Samba de uma nota so,major,69,5,#11
JOBIM,40,Samba de uma nota so,major,70,5,3
JOBIM,40,Samba de uma nota so,major,71,5,3
JOBIM,40,Samba de uma nota so,major,72,5,11
JOBIM,40,Samba de uma nota so,major,73,5,#11
JOBIM,40,Samba de uma nota so,major,74,1,11
JOBIM,40,Samba de uma nota so,major,75,1,#11
JOBIM,40,Samba de uma nota so,major,76,1,5
JOBIM,40,Samba de uma nota so,major,77,1,5
JOBIM,40,Samba de uma nota so,major,78,1,6
JOBIM,40,Samba de uma nota so,major,79,1,7
JOBIM,40,Samba de uma nota so,major,80,1,7
JOBIM,40,Samba de uma nota so,major,81,1,7
JOBIM,40,Samba de uma nota so,major,82,1,1
JOBIM,41,Samba do aviao,major,1,7,7
JOBIM,41,Samba do aviao,major,2,6,x
JOBIM,41,Samba do aviao,major,3,#5/b6,1
JOBIM,41,Samba do aviao,major,4,6,b9/#9
JOBIM,41,Samba do aviao,major,5,1,7
JOBIM,41,Samba do aviao,major,6,7,b13
JOBIM,41,Samba do aviao,major,7,2,7
JOBIM,41,Samba do aviao,major,8,1,x
JOBIM,41,Samba do aviao,major,9,7,5
JOBIM,41,Samba do aviao,major,10,1,x
JOBIM,41,Samba do aviao,major,11,2,7
JOBIM,41,Samba do aviao,major,12,3,1
JOBIM,41,Samba do aviao,major,13,3,7
JOBIM,41,Samba do aviao,major,14,2,6
JOBIM,41,Samba do aviao,major,15,5,9
JOBIM,41,Samba do aviao,major,16,7,7
JOBIM,41,Samba do aviao,major,17,6,6
JOBIM,41,Samba do aviao,major,18,2,14
JOBIM,41,Samba do aviao,major,19,#1/b2,x
JOBIM,41,Samba do aviao,major,20,1,x
JOBIM,41,Samba do aviao,major,21,7,b13
JOBIM,41,Samba do aviao,major,22,5,3
JOBIM,41,Samba do aviao,major,23,6,1
JOBIM,41,Samba do aviao,major,24,3,9
JOBIM,41,Samba do aviao,major,25,3,b9/#9
JOBIM,41,Samba do aviao,major,26,3,13
JOBIM,41,Samba do aviao,major,27,3,6
JOBIM,41,Samba do aviao,major,28,3,13
JOBIM,41,Samba do aviao,major,29,7,7
JOBIM,41,Samba do aviao,major,30,6,6
JOBIM,41,Samba do aviao,major,31,#5/b6,1
JOBIM,41,Samba do aviao,major,32,6,b9/#9
JOBIM,41,Samba do aviao,major,33,1,7
JOBIM,41,Samba do aviao,major,34,7,b13
JOBIM,41,Samba do aviao,major,35,#6/b7,x
JOBIM,41,Samba do aviao,major,36,7,b13
JOBIM,41,Samba do aviao,major,37,2,7
JOBIM,41,Samba do aviao,major,38,1,x
JOBIM,41,Samba do aviao,major,39,7,5
JOBIM,41,Samba do aviao,major,40,1,x
JOBIM,41,Samba do aviao,major,41,2,7
JOBIM,41,Samba do aviao,major,42,3,1
JOBIM,41,Samba do aviao,major,43,3,7
JOBIM,41,Samba do aviao,major,44,2,6
JOBIM,41,Samba do aviao,major,45,5,9
JOBIM,41,Samba do aviao,major,46,#4/b5,x
JOBIM,41,Samba do aviao,major,47,4,1
JOBIM,41,Samba do aviao,major,48,1,5
JOBIM,41,Samba do aviao,major,49,5,9
JOBIM,41,Samba do aviao,major,50,#4/b5,x
JOBIM,41,Samba do aviao,major,51,4,1
JOBIM,41,Samba do aviao,major,52,2,9
JOBIM,41,Samba do aviao,major,53,#1/b2,x
JOBIM,41,Samba do aviao,major,54,1,1
JOBIM,41,Samba do aviao,major,55,5,5
JOBIM,41,Samba do aviao,major,56,2,14
JOBIM,41,Samba do aviao,major,57,#1/b2,x
JOBIM,41,Samba do aviao,major,58,1,1
JOBIM,41,Samba do aviao,major,59,5,9
JOBIM,41,Samba do aviao,major,60,#4/b5,x
JOBIM,41,Samba do aviao,major,61,4,1
JOBIM,41,Samba do aviao,major,62,1,5
JOBIM,41,Samba do aviao,major,63,5,9
JOBIM,41,Samba do aviao,major,64,#4/b5,x
JOBIM,41,Samba do aviao,major,65,4,1
JOBIM,41,Samba do aviao,major,66,3,1
JOBIM,41,Samba do aviao,major,67,4,b13
JOBIM,41,Samba do aviao,major,68,2,1
JOBIM,41,Samba do aviao,major,69,3,13
JOBIM,41,Samba do aviao,major,70,5,3
JOBIM,41,Samba do aviao,major,71,6,11
JOBIM,41,Samba do aviao,major,72,4,b13
JOBIM,41,Samba do aviao,major,73,5,7
JOBIM,41,Samba do aviao,major,74,6,5
JOBIM,41,Samba do aviao,major,75,4,3
JOBIM,41,Samba do aviao,major,76,6,5
JOBIM,41,Samba do aviao,major,77,1,7
JOBIM,41,Samba do aviao,major,78,6,5
JOBIM,41,Samba do aviao,major,79,1,7
JOBIM,41,Samba do aviao,major,80,3,9
JOBIM,41,Samba do aviao,major,81,1,7
JOBIM,41,Samba do aviao,major,82,3,9
JOBIM,41,Samba do aviao,major,83,5,11
JOBIM,41,Samba do aviao,major,84,3,9
JOBIM,41,Samba do aviao,major,85,5,11
JOBIM,41,Samba do aviao,major,86,7,6
JOBIM,41,Samba do aviao,major,87,1,7
JOBIM,41,Samba do aviao,major,88,6,5
JOBIM,41,Samba do aviao,major,89,1,7
JOBIM,41,Samba do aviao,major,90,7,7
JOBIM,41,Samba do aviao,major,91,1,1
JOBIM,44,So tinha de ser com voce,major,1,5,5
JOBIM,44,So tinha de ser com voce,major,2,#6/b7,b9/#9
JOBIM,44,So tinha de ser com voce,major,3,#5/b6,b9/#9
JOBIM,44,So tinha de ser com voce,major,4,5,5
JOBIM,44,So tinha de ser com voce,major,5,7,7
JOBIM,44,So tinha de ser com voce,major,6,6,13
JOBIM,44,So tinha de ser com voce,major,7,5,1
JOBIM,44,So tinha de ser com voce,major,8,6,13
JOBIM,44,So tinha de ser com voce,major,9,5,5
JOBIM,44,So tinha de ser com voce,major,10,3,7
JOBIM,44,So tinha de ser com voce,major,11,5,9
JOBIM,44,So tinha de ser com voce,major,12,1,5
JOBIM,44,So tinha de ser com voce,major,13,3,1
JOBIM,44,So tinha de ser com voce,major,14,5,7
JOBIM,44,So tinha de ser com voce,major,15,1,b9/#9
JOBIM,44,So tinha de ser com voce,major,16,3,9
JOBIM,44,So tinha de ser com voce,major,17,5,1
JOBIM,44,So tinha de ser com voce,major,18,1,3
JOBIM,44,So tinha de ser com voce,major,19,3,3
JOBIM,44,So tinha de ser com voce,major,20,7,7
JOBIM,44,So tinha de ser com voce,major,21,6,x
JOBIM,44,So tinha de ser com voce,major,22,7,13
JOBIM,44,So tinha de ser com voce,major,23,6,x
JOBIM,44,So tinha de ser com voce,major,24,7,7
JOBIM,44,So tinha de ser com voce,major,25,6,6
JOBIM,44,So tinha de ser com voce,major,26,1,7
JOBIM,44,So tinha de ser com voce,major,27,1,7
JOBIM,44,So tinha de ser com voce,major,28,7,7
JOBIM,44,So tinha de ser com voce,major,29,7,7
JOBIM,44,So tinha de ser com voce,major,30,5,1
JOBIM,44,So tinha de ser com voce,major,31,4,7
JOBIM,44,So tinha de ser com voce,major,32,5,1
JOBIM,44,So tinha de ser com voce,major,33,6,13
JOBIM,44,So tinha de ser com voce,major,34,5,5
JOBIM,44,So tinha de ser com voce,major,35,6,3
JOBIM,44,So tinha de ser com voce,major,36,5,9
JOBIM,44,So tinha de ser com voce,major,37,4,1
JOBIM,44,So tinha de ser com voce,major,38,5,b9/#9
JOBIM,44,So tinha de ser com voce,major,39,1,b13
JOBIM,44,So tinha de ser com voce,major,40,4,b13
JOBIM,44,So tinha de ser com voce,major,41,#1/b2,3
JOBIM,44,So tinha de ser com voce,major,42,3,9
JOBIM,44,So tinha de ser com voce,major,43,1,7
JOBIM,44,So tinha de ser com voce,major,44,#2/b3,b13
JOBIM,44,So tinha de ser com voce,major,45,7,3
JOBIM,44,So tinha de ser com voce,major,46,1,1
JOBIM,44,So tinha de ser com voce,major,47,4,1
JOBIM,44,So tinha de ser com voce,major,48,1,9
JOBIM,44,So tinha de ser com voce,major,49,#2/b3,1
JOBIM,44,So tinha de ser com voce,major,50,1,13
JOBIM,44,So tinha de ser com voce,major,51,1,b9/#9
JOBIM,44,So tinha de ser com voce,major,52,#2/b3,b13
JOBIM,44,So tinha de ser com voce,major,53,2,9
JOBIM,44,So tinha de ser com voce,major,54,1,1
JOBIM,44,So tinha de ser com voce,major,55,2,6
JOBIM,44,So tinha de ser com voce,major,56,1,5
JOBIM,44,So tinha de ser com voce,major,57,2,9
JOBIM,44,So tinha de ser com voce,major,58,1,1
JOBIM,44,So tinha de ser com voce,major,59,#2/b3,b9/#9
JOBIM,44,So tinha de ser com voce,major,60,#2/b3,b13
JOBIM,44,So tinha de ser com voce,major,61,2,5
JOBIM,44,So tinha de ser com voce,major,62,2,9
JOBIM,44,So tinha de ser com voce,major,63,1,1
JOBIM,44,So tinha de ser com voce,major,64,#6/b7,b9/#9
JOBIM,44,So tinha de ser com voce,major,65,#5/b6,b9/#9
JOBIM,44,So tinha de ser com voce,major,66,#6/b7,7
JOBIM,44,So tinha de ser com voce,major,67,1,1
JOBIM,44,So tinha de ser com voce,major,68,6,13
JOBIM,44,So tinha de ser com voce,major,69,1,5
JOBIM,44,So tinha de ser com voce,major,70,6,9
JOBIM,44,So tinha de ser com voce,major,71,4,1
JOBIM,44,So tinha de ser com voce,major,72,1,b13
JOBIM,44,So tinha de ser com voce,major,73,4,b9/#9
JOBIM,44,So tinha de ser com voce,major,74,1,b13
JOBIM,44,So tinha de ser com voce,major,75,#2/b3,5
JOBIM,44,So tinha de ser com voce,major,76,1,3
JOBIM,44,So tinha de ser com voce,major,77,5,#11
JOBIM,44,So tinha de ser com voce,major,78,1,7
JOBIM,44,So tinha de ser com voce,major,79,3,3
JOBIM,44,So tinha de ser com voce,major,80,1,1
JOBIM,47,Triste,major,1,1,1
JOBIM,47,Triste,major,2,7,x
JOBIM,47,Triste,major,3,1,1
JOBIM,47,Triste,major,4,7,7
JOBIM,47,Triste,major,5,6,6
JOBIM,47,Triste,major,6,3,3
JOBIM,47,Triste,major,7,4,x
JOBIM,47,Triste,major,8,5,7
JOBIM,47,Triste,major,9,1,1
JOBIM,47,Triste,major,10,7,x
JOBIM,47,Triste,major,11,1,1
JOBIM,47,Triste,major,12,7,7
JOBIM,47,Triste,major,13,6,6
JOBIM,47,Triste,major,14,3,3
JOBIM,47,Triste,major,15,4,x
JOBIM,47,Triste,major,16,5,3
JOBIM,47,Triste,major,17,5,7
JOBIM,47,Triste,major,18,6,5
JOBIM,47,Triste,major,19,5,11
JOBIM,47,Triste,major,20,6,x
JOBIM,47,Triste,major,21,5,b13
JOBIM,47,Triste,major,22,4,x
JOBIM,47,Triste,major,23,3,3
JOBIM,47,Triste,major,24,7,5
JOBIM,47,Triste,major,25,2,11
JOBIM,47,Triste,major,26,7,9
JOBIM,47,Triste,major,27,1,3
JOBIM,47,Triste,major,28,3,5
JOBIM,47,Triste,major,29,5,7
JOBIM,47,Triste,major,30,7,9
JOBIM,47,Triste,major,31,2,b9/#9
JOBIM,47,Triste,major,32,1,b9/#9
JOBIM,47,Triste,major,33,2,7
JOBIM,47,Triste,major,34,7,5
JOBIM,47,Triste,major,35,7,1
JOBIM,47,Triste,major,36,#5/b6,13
JOBIM,47,Triste,major,37,4,b9/#9
JOBIM,47,Triste,major,38,3,1
JOBIM,47,Triste,major,39,3,5
JOBIM,47,Triste,major,40,6,5
JOBIM,47,Triste,major,41,5,11
JOBIM,47,Triste,major,42,5,1
JOBIM,47,Triste,major,43,1,1
JOBIM,47,Triste,major,44,7,x
JOBIM,47,Triste,major,45,1,1
JOBIM,47,Triste,major,46,7,7
JOBIM,47,Triste,major,47,6,6
JOBIM,47,Triste,major,48,3,3
JOBIM,47,Triste,major,49,4,x
JOBIM,47,Triste,major,50,5,5
JOBIM,47,Triste,major,51,1,1
JOBIM,47,Triste,major,52,7,x
JOBIM,47,Triste,major,53,1,1
JOBIM,47,Triste,major,54,7,7
JOBIM,47,Triste,major,55,6,6
JOBIM,47,Triste,major,56,3,3
JOBIM,47,Triste,major,57,4,x
JOBIM,47,Triste,major,58,5,1
JOBIM,47,Triste,major,59,5,5
JOBIM,47,Triste,major,60,1,5
JOBIM,47,Triste,major,61,1,5
JOBIM,47,Triste,major,62,2,x
JOBIM,47,Triste,major,63,3,7
JOBIM,47,Triste,major,64,4,x
JOBIM,47,Triste,major,65,5,9
JOBIM,47,Triste,major,66,#4/b5,x
JOBIM,47,Triste,major,67,4,1
JOBIM,47,Triste,major,68,5,3
JOBIM,47,Triste,major,69,4,x
JOBIM,47,Triste,major,70,3,1
JOBIM,47,Triste,major,71,2,7
JOBIM,47,Triste,major,72,1,x
JOBIM,47,Triste,major,73,2,14
JOBIM,47,Triste,major,74,4,3
JOBIM,47,Triste,major,75,1,x
JOBIM,47,Triste,major,76,4,3
JOBIM,47,Triste,major,77,2,5
JOBIM,47,Triste,major,78,3,13
JOBIM,47,Triste,major,79,1,3
JOBIM,47,Triste,major,80,2,x
JOBIM,47,Triste,major,81,1,1
JOBIM,49,Voce vai ver,major,1,3,b9/#9
JOBIM,49,Voce vai ver,major,2,5,#11
JOBIM,49,Voce vai ver,major,3,6,b13
JOBIM,49,Voce vai ver,major,4,3,3
JOBIM,49,Voce vai ver,major,5,5,5
JOBIM,49,Voce vai ver,major,6,6,x
JOBIM,49,Voce vai ver,major,7,7,7
JOBIM,49,Voce vai ver,major,8,1,1
JOBIM,49,Voce vai ver,major,9,6,6
JOBIM,49,Voce vai ver,major,10,7,11
JOBIM,49,Voce vai ver,major,11,1,5
JOBIM,49,Voce vai ver,major,12,6,3
JOBIM,49,Voce vai ver,major,13,7,x
JOBIM,49,Voce vai ver,major,14,1,5
JOBIM,49,Voce vai ver,major,15,6,3
JOBIM,49,Voce vai ver,major,16,7,1
JOBIM,49,Voce vai ver,major,17,#4/b5,5
JOBIM,49,Voce vai ver,major,18,6,7
JOBIM,49,Voce vai ver,major,19,#6/b7,1
JOBIM,49,Voce vai ver,major,20,5,6
JOBIM,49,Voce vai ver,major,21,3,#11
JOBIM,49,Voce vai ver,major,22,4,5
JOBIM,49,Voce vai ver,major,23,5,x
JOBIM,49,Voce vai ver,major,24,6,7
JOBIM,49,Voce vai ver,major,25,3,#11
JOBIM,49,Voce vai ver,major,26,5,7
JOBIM,49,Voce vai ver,major,27,2,1
JOBIM,49,Voce vai ver,major,28,3,9
JOBIM,49,Voce vai ver,major,29,1,7
JOBIM,49,Voce vai ver,major,30,2,1
JOBIM,49,Voce vai ver,major,31,3,9
JOBIM,49,Voce vai ver,major,32,1,7
JOBIM,49,Voce vai ver,major,33,2,5
JOBIM,49,Voce vai ver,major,34,3,x
JOBIM,49,Voce vai ver,major,35,4,7
JOBIM,49,Voce vai ver,major,36,6,x
JOBIM,49,Voce vai ver,major,37,7,7
JOBIM,49,Voce vai ver,major,38,5,5
JOBIM,49,Voce vai ver,major,39,6,6
JOBIM,49,Voce vai ver,major,40,7,7
JOBIM,49,Voce vai ver,major,41,5,5
JOBIM,49,Voce vai ver,major,42,6,6
JOBIM,49,Voce vai ver,major,43,7,11
JOBIM,49,Voce vai ver,major,44,1,5
JOBIM,49,Voce vai ver,major,45,6,x
JOBIM,49,Voce vai ver,major,46,7,11
JOBIM,49,Voce vai ver,major,47,1,5
JOBIM,49,Voce vai ver,major,48,6,x
JOBIM,49,Voce vai ver,major,49,7,1
JOBIM,49,Voce vai ver,major,50,6,7
JOBIM,49,Voce vai ver,major,51,4,x
JOBIM,49,Voce vai ver,major,52,#4/b5,5
JOBIM,49,Voce vai ver,major,53,7,5
JOBIM,49,Voce vai ver,major,54,#6/b7,5
JOBIM,49,Voce vai ver,major,55,6,5
JOBIM,49,Voce vai ver,major,56,3,9
JOBIM,49,Voce vai ver,major,57,5,#11
JOBIM,49,Voce vai ver,major,58,6,b13
JOBIM,49,Voce vai ver,major,59,3,3
JOBIM,49,Voce vai ver,major,60,5,5
JOBIM,49,Voce vai ver,major,61,6,x
JOBIM,49,Voce vai ver,major,62,7,7
JOBIM,49,Voce vai ver,major,63,1,1
JOBIM,49,Voce vai ver,major,64,6,x
JOBIM,49,Voce vai ver,major,65,7,11
JOBIM,49,Voce vai ver,major,66,1,5
JOBIM,49,Voce vai ver,major,67,6,x
JOBIM,49,Voce vai ver,major,68,7,11
JOBIM,49,Voce vai ver,major,69,1,5
JOBIM,49,Voce vai ver,major,70,6,x
JOBIM,49,Voce vai ver,major,71,7,1
JOBIM,49,Voce vai ver,major,72,#4/b5,5
JOBIM,49,Voce vai ver,major,73,6,7
JOBIM,49,Voce vai ver,major,74,#6/b7,1
JOBIM,49,Voce vai ver,major,75,5,6
JOBIM,49,Voce vai ver,major,76,3,#11
JOBIM,49,Voce vai ver,major,77,4,5
JOBIM,49,Voce vai ver,major,78,5,x
JOBIM,49,Voce vai ver,major,79,6,7
JOBIM,49,Voce vai ver,major,80,3,#11
JOBIM,49,Voce vai ver,major,81,5,7
JOBIM,49,Voce vai ver,major,82,2,1
JOBIM,49,Voce vai ver,major,83,3,9
JOBIM,49,Voce vai ver,major,84,1,7
JOBIM,49,Voce vai ver,major,85,2,1
JOBIM,49,Voce vai ver,major,86,3,9
JOBIM,49,Voce vai ver,major,87,1,x
JOBIM,49,Voce vai ver,major,88,2,5
JOBIM,49,Voce vai ver,major,89,3,13
JOBIM,49,Voce vai ver,major,90,4,7
JOBIM,49,Voce vai ver,major,91,6,11
JOBIM,49,Voce vai ver,major,92,7,5
JOBIM,49,Voce vai ver,major,93,5,x
JOBIM,49,Voce vai ver,major,94,6,11
JOBIM,49,Voce vai ver,major,95,7,5
JOBIM,49,Voce vai ver,major,96,5,x
JOBIM,49,Voce vai ver,major,97,6,1
JOBIM,49,Voce vai ver,major,98,7,9
JOBIM,49,Voce vai ver,major,99,1,x
JOBIM,49,Voce vai ver,major,100,#1/b2,x
JOBIM,49,Voce vai ver,major,101,2,1
JOBIM,49,Voce vai ver,major,102,3,9
JOBIM,49,Voce vai ver,major,103,1,7
JOBIM,49,Voce vai ver,major,104,2,1
JOBIM,49,Voce vai ver,major,105,6,5
JOBIM,49,Voce vai ver,major,106,7,x
JOBIM,49,Voce vai ver,major,107,1,7
JOBIM,49,Voce vai ver,major,108,2,1
JOBIM,49,Voce vai ver,major,109,1,x
JOBIM,49,Voce vai ver,major,110,7,3
JOBIM,49,Voce vai ver,major,111,3,1
JOBIM,49,Voce vai ver,major,112,5,7
JOBIM,49,Voce vai ver,major,113,4,x
JOBIM,49,Voce vai ver,major,114,3,5
JOBIM,49,Voce vai ver,major,115,2,1
JOBIM,49,Voce vai ver,major,116,3,9
JOBIM,49,Voce vai ver,major,117,1,7
JOBIM,49,Voce vai ver,major,118,2,1
JOBIM,49,Voce vai ver,major,119,6,5
JOBIM,49,Voce vai ver,major,120,7,x
JOBIM,49,Voce vai ver,major,121,1,3
JOBIM,49,Voce vai ver,major,122,2,5
JOBIM,49,Voce vai ver,major,123,1,x
JOBIM,49,Voce vai ver,major,124,7,3
JOBIM,49,Voce vai ver,major,125,1,5
JOBIM,50,Wave,major,1,6,3
JOBIM,50,Wave,major,2,1,5
JOBIM,50,Wave,major,3,7,x
JOBIM,50,Wave,major,4,5,5
JOBIM,50,Wave,major,5,3,3
JOBIM,50,Wave,major,6,4,5
JOBIM,50,Wave,major,7,#5/b6,1
JOBIM,50,Wave,major,8,7,3
JOBIM,50,Wave,major,9,2,5
JOBIM,50,Wave,major,10,4,x
JOBIM,50,Wave,major,11,3,b13
JOBIM,50,Wave,major,12,5,1
JOBIM,50,Wave,major,13,5,5
JOBIM,50,Wave,major,14,6,x
JOBIM,50,Wave,major,15,5,9
JOBIM,50,Wave,major,16,4,1
JOBIM,50,Wave,major,17,3,x
JOBIM,50,Wave,major,18,4,1
JOBIM,50,Wave,major,19,3,x
JOBIM,50,Wave,major,20,4,1
JOBIM,50,Wave,major,21,5,9
JOBIM,50,Wave,major,22,3,1
JOBIM,50,Wave,major,23,3,5
JOBIM,50,Wave,major,24,5,7
JOBIM,50,Wave,major,25,#4/b5,x
JOBIM,50,Wave,major,26,4,b13
JOBIM,50,Wave,major,27,3,5
JOBIM,50,Wave,major,28,3,9
JOBIM,50,Wave,major,29,1,7
JOBIM,50,Wave,major,30,6,5
JOBIM,50,Wave,major,31,1,7
JOBIM,50,Wave,major,32,2,x
JOBIM,50,Wave,major,33,#2/b3,5
JOBIM,50,Wave,major,34,1,3
JOBIM,50,Wave,major,35,#6/b7,9
JOBIM,50,Wave,major,36,#4/b5,7
JOBIM,50,Wave,major,37,4,7
JOBIM,50,Wave,major,38,#2/b3,b13
JOBIM,50,Wave,major,39,#2/b3,3
JOBIM,50,Wave,major,40,1,1
JOBIM,50,Wave,major,41,6,5
JOBIM,50,Wave,major,42,5,11
JOBIM,50,Wave,major,43,4,x
JOBIM,50,Wave,major,44,3,9
JOBIM,50,Wave,major,45,2,1
JOBIM,50,Wave,major,46,3,9
JOBIM,50,Wave,major,47,4,3
JOBIM,50,Wave,major,48,6,5
JOBIM,50,Wave,major,49,5,3
JOBIM,50,Wave,major,50,6,9
JOBIM,50,Wave,major,51,5,1
JOBIM,50,Wave,major,52,4,7
JOBIM,50,Wave,major,53,3,x
JOBIM,50,Wave,major,54,2,1
JOBIM,50,Wave,major,55,3,9
JOBIM,50,Wave,major,56,4,3
JOBIM,50,Wave,major,57,6,5
JOBIM,50,Wave,major,58,5,3
LINS,2,A noite,major,1,5,1
LINS,2,A noite,major,2,5,5
LINS,2,A noite,major,3,4,x
LINS,2,A noite,major,4,3,3
LINS,2,A noite,major,5,2,x
LINS,2,A noite,major,6,1,1
LINS,2,A noite,major,7,5,9
LINS,2,A noite,major,8,6,3
LINS,2,A noite,major,9,4,7
LINS,2,A noite,major,10,3,13
LINS,2,A noite,major,11,2,x
LINS,2,A noite,major,12,1,5
LINS,2,A noite,major,13,5,9
LINS,2,A noite,major,14,#5/b6,3
LINS,2,A noite,major,15,4,1
LINS,2,A noite,major,16,#2/b3,7
LINS,2,A noite,major,17,2,x
LINS,2,A noite,major,18,1,5
LINS,2,A noite,major,19,5,9
LINS,2,A noite,major,20,#5/b6,3
LINS,2,A noite,major,21,4,1
LINS,2,A noite,major,22,#2/b3,7
LINS,2,A noite,major,23,2,x
LINS,2,A noite,major,24,1,5
LINS,2,A noite,major,25,4,5
LINS,2,A noite,major,26,5,6
LINS,2,A noite,major,27,#2/b3,1
LINS,2,A noite,major,28,#1/b2,7
LINS,2,A noite,major,29,1,x
LINS,2,A noite,major,30,#6/b7,5
LINS,2,A noite,major,31,4,3
LINS,2,A noite,major,32,5,11
LINS,2,A noite,major,33,3,13
LINS,2,A noite,major,34,2,5
LINS,2,A noite,major,35,7,3
LINS,2,A noite,major,36,5,5
LINS,2,A noite,major,37,5,1
LINS,2,A noite,major,38,5,5
LINS,2,A noite,major,39,5,9
LINS,2,A noite,major,40,4,x
LINS,2,A noite,major,41,3,7
LINS,2,A noite,major,42,4,5
LINS,2,A noite,major,43,#5/b6,7
LINS,2,A noite,major,44,5,13
LINS,2,A noite,major,45,3,3
LINS,2,A noite,major,46,3,1
LINS,2,A noite,major,47,3,5
LINS,2,A noite,major,48,3,3
LINS,2,A noite,major,49,3,7
LINS,2,A noite,major,50,2,x
LINS,2,A noite,major,51,1,5
LINS,2,A noite,major,52,2,b9/#9
LINS,2,A noite,major,53,1,b9/#9
LINS,2,A noite,major,54,2,b9/#9
LINS,2,A noite,major,55,7,5
LINS,2,A noite,major,56,5,1
LINS,2,A noite,major,57,3,13
LINS,2,A noite,major,58,2,5
LINS,2,A noite,major,59,3,13
LINS,2,A noite,major,60,1,5
LINS,2,A noite,major,61,1,7
LINS,2,A noite,major,62,1,7
LINS,2,A noite,major,63,1,1
LINS,8,Amor,major,1,1,1
LINS,8,Amor,major,2,3,3
LINS,8,Amor,major,3,2,x
LINS,8,Amor,major,4,1,3
LINS,8,Amor,major,5,3,5
LINS,8,Amor,major,6,2,x
LINS,8,Amor,major,7,1,3
LINS,8,Amor,major,8,7,5
LINS,8,Amor,major,9,2,7
LINS,8,Amor,major,10,6,7
LINS,8,Amor,major,11,#6/b7,x
LINS,8,Amor,major,12,1,9
LINS,8,Amor,major,13,#6/b7,x
LINS,8,Amor,major,14,6,13
LINS,8,Amor,major,15,#6/b7,x
LINS,8,Amor,major,16,1,1
LINS,8,Amor,major,17,#6/b7,x
LINS,8,Amor,major,18,6,3
LINS,8,Amor,major,19,1,5
LINS,8,Amor,major,20,6,3
LINS,8,Amor,major,21,6,7
LINS,8,Amor,major,22,#5/b6,x
LINS,8,Amor,major,23,6,7
LINS,8,Amor,major,24,7,1
LINS,8,Amor,major,25,#6/b7,x
LINS,8,Amor,major,26,6,3
LINS,8,Amor,major,27,#5/b6,x
LINS,8,Amor,major,28,6,3
LINS,8,Amor,major,29,7,5
LINS,8,Amor,major,30,6,x
LINS,8,Amor,major,31,#5/b6,7
LINS,8,Amor,major,32,#4/b5,#11
LINS,8,Amor,major,33,6,7
LINS,8,Amor,major,34,#5/b6,5
LINS,8,Amor,major,35,5,x
LINS,8,Amor,major,36,#5/b6,5
LINS,8,Amor,major,37,#6/b7,6
LINS,8,Amor,major,38,6,x
LINS,8,Amor,major,39,#5/b6,5
LINS,8,Amor,major,40,5,x
LINS,8,Amor,major,41,#5/b6,b9/#9
LINS,8,Amor,major,42,5,1
LINS,8,Amor,major,43,#6/b7,b9/#9
LINS,8,Amor,major,44,#5/b6,x
LINS,8,Amor,major,45,5,5
LINS,8,Amor,major,46,1,1
LINS,8,Amor,major,47,1,5
LINS,8,Amor,major,48,7,#11
LINS,8,Amor,major,49,5,9
LINS,8,Amor,major,50,3,7
LINS,8,Amor,major,51,1,5
LINS,8,Amor,major,52,5,13
LINS,8,Amor,major,53,1,9
LINS,8,Amor,major,54,3,#11
LINS,8,Amor,major,55,6,6
LINS,8,Amor,major,56,7,7
LINS,8,Amor,major,57,5,5
LINS,8,Amor,major,58,4,9
LINS,8,Amor,major,59,4,3
LINS,8,Amor,major,60,3,x
LINS,8,Amor,major,61,2,1
LINS,8,Amor,major,62,1,7
LINS,8,Amor,major,63,4,3
LINS,8,Amor,major,64,5,1
LINS,8,Amor,major,65,7,3
LINS,8,Amor,major,66,2,5
LINS,8,Amor,major,67,5,1
LINS,8,Amor,major,68,4,x
LINS,8,Amor,major,69,5,5
LINS,8,Amor,major,70,3,3
LINS,9,Anjo de mim,major,1,1,1
LINS,9,Anjo de mim,major,2,3,3
LINS,9,Anjo de mim,major,3,6,5
LINS,9,Anjo de mim,major,4,1,7
LINS,9,Anjo de mim,major,5,3,9
LINS,9,Anjo de mim,major,6,6,9
LINS,9,Anjo de mim,major,7,2,5
LINS,9,Anjo de mim,major,8,7,3
LINS,9,Anjo de mim,major,9,6,6
LINS,9,Anjo de mim,major,10,1,3
LINS,9,Anjo de mim,major,11,3,5
LINS,9,Anjo de mim,major,12,6,5
LINS,9,Anjo de mim,major,13,1,7
LINS,9,Anjo de mim,major,14,3,9
LINS,9,Anjo de mim,major,15,6,9
LINS,9,Anjo de mim,major,16,5,1
LINS,9,Anjo de mim,major,17,4,x
LINS,9,Anjo de mim,major,18,3,5
LINS,9,Anjo de mim,major,19,3,3
LINS,9,Anjo de mim,major,20,6,6
LINS,9,Anjo de mim,major,21,1,5
LINS,9,Anjo de mim,major,22,3,9
LINS,9,Anjo de mim,major,23,6,5
LINS,9,Anjo de mim,major,24,1,9
LINS,9,Anjo de mim,major,25,5,13
LINS,9,Anjo de mim,major,26,4,x
LINS,9,Anjo de mim,major,27,3,1
LINS,9,Anjo de mim,major,28,4,b13
LINS,9,Anjo de mim,major,29,3,x
LINS,9,Anjo de mim,major,30,4,9
LINS,9,Anjo de mim,major,31,4,13
LINS,9,Anjo de mim,major,32,3,x
LINS,9,Anjo de mim,major,33,4,3
LINS,9,Anjo de mim,major,34,5,11
LINS,9,Anjo de mim,major,35,2,7
LINS,9,Anjo de mim,major,36,1,3
LINS,9,Anjo de mim,major,37,6,5
LINS,9,Anjo de mim,major,38,5,1
LINS,9,Anjo de mim,major,39,6,9
LINS,9,Anjo de mim,major,40,6,1
LINS,9,Anjo de mim,major,41,5,11
LINS,9,Anjo de mim,major,42,6,5
LINS,9,Anjo de mim,major,43,6,1
LINS,9,Anjo de mim,major,44,5,11
LINS,9,Anjo de mim,major,45,6,5
LINS,9,Anjo de mim,major,46,6,3
LINS,10,Aos nossos filhos,major,1,6,1
LINS,10,Aos nossos filhos,major,2,3,9
LINS,10,Aos nossos filhos,major,3,4,3
LINS,10,Aos nossos filhos,major,4,6,5
LINS,10,Aos nossos filhos,major,5,2,5
LINS,10,Aos nossos filhos,major,6,6,9
LINS,10,Aos nossos filhos,major,7,3,9
LINS,10,Aos nossos filhos,major,8,4,3
LINS,10,Aos nossos filhos,major,9,6,5
LINS,10,Aos nossos filhos,major,10,2,5
LINS,10,Aos nossos filhos,major,11,5,1
LINS,10,Aos nossos filhos,major,12,2,5
LINS,10,Aos nossos filhos,major,13,1,1
LINS,10,Aos nossos filhos,major,14,5,5
LINS,10,Aos nossos filhos,major,15,6,3
LINS,10,Aos nossos filhos,major,16,2,3
LINS,10,Aos nossos filhos,major,17,2,3
LINS,10,Aos nossos filhos,major,18,#1/b2,x
LINS,10,Aos nossos filhos,major,19,1,x
LINS,10,Aos nossos filhos,major,20,7,5
LINS,10,Aos nossos filhos,major,21,#5/b6,3
LINS,10,Aos nossos filhos,major,22,3,6
LINS,10,Aos nossos filhos,major,23,1,1
LINS,10,Aos nossos filhos,major,24,1,5
LINS,10,Aos nossos filhos,major,25,7,#11
LINS,10,Aos nossos filhos,major,26,6,3
LINS,10,Aos nossos filhos,major,27,2,5
LINS,10,Aos nossos filhos,major,28,5,1
LINS,10,Aos nossos filhos,major,29,3,3
LINS,10,Aos nossos filhos,major,30,2,9
LINS,10,Aos nossos filhos,major,31,1,1
LINS,10,Aos nossos filhos,major,32,5,5
LINS,10,Aos nossos filhos,major,33,5,13
LINS,10,Aos nossos filhos,major,34,#6/b7,1
LINS,10,Aos nossos filhos,major,35,1,9
LINS,10,Aos nossos filhos,major,36,2,3
LINS,10,Aos nossos filhos,major,37,5,3
LINS,10,Aos nossos filhos,major,38,5,13
LINS,10,Aos nossos filhos,major,39,#6/b7,1
LINS,10,Aos nossos filhos,major,40,1,9
LINS,10,Aos nossos filhos,major,41,2,3
LINS,10,Aos nossos filhos,major,42,5,5
LINS,11,Bilhete,major,1,5,5
LINS,11,Bilhete,major,2,1,1
LINS,11,Bilhete,major,3,3,3
LINS,11,Bilhete,major,4,5,5
LINS,11,Bilhete,major,5,1,1
LINS,11,Bilhete,major,6,3,3
LINS,11,Bilhete,major,7,4,7
LINS,11,Bilhete,major,8,3,1
LINS,11,Bilhete,major,9,4,b9/#9
LINS,11,Bilhete,major,10,3,x
LINS,11,Bilhete,major,11,2,7
LINS,11,Bilhete,major,12,3,5
LINS,11,Bilhete,major,13,5,7
LINS,11,Bilhete,major,14,1,3
LINS,11,Bilhete,major,15,3,5
LINS,11,Bilhete,major,16,4,7
LINS,11,Bilhete,major,17,2,5
LINS,11,Bilhete,major,18,4,7
LINS,11,Bilhete,major,19,3,x
LINS,11,Bilhete,major,20,2,5
LINS,11,Bilhete,major,21,5,1
LINS,11,Bilhete,major,22,3,13
LINS,11,Bilhete,major,23,5,1
LINS,11,Bilhete,major,24,4,x
LINS,11,Bilhete,major,25,3,13
LINS,11,Bilhete,major,26,6,3
LINS,11,Bilhete,major,27,6,1
LINS,11,Bilhete,major,28,5,7
LINS,11,Bilhete,major,29,6,3
LINS,11,Bilhete,major,30,1,5
LINS,11,Bilhete,major,31,4,1
LINS,11,Bilhete,major,32,6,3
LINS,11,Bilhete,major,33,7,11
LINS,11,Bilhete,major,34,6,7
LINS,11,Bilhete,major,35,7,x
LINS,11,Bilhete,major,36,1,b9/#9
LINS,11,Bilhete,major,37,7,x
LINS,11,Bilhete,major,38,6,7
LINS,11,Bilhete,major,39,1,1
LINS,11,Bilhete,major,40,#5/b6,x
LINS,11,Bilhete,major,41,#6/b7,5
LINS,11,Bilhete,major,42,1,6
LINS,11,Bilhete,major,43,#6/b7,5
LINS,11,Bilhete,major,44,#5/b6,x
LINS,11,Bilhete,major,45,5,11
LINS,11,Bilhete,major,46,4,x
LINS,11,Bilhete,major,47,5,5
LINS,11,Bilhete,major,48,6,3
LINS,11,Bilhete,major,49,5,x
LINS,11,Bilhete,major,50,#4/b5,x
LINS,11,Bilhete,major,51,4,5
LINS,11,Bilhete,major,52,3,x
LINS,11,Bilhete,major,53,4,5
LINS,11,Bilhete,major,54,5,b9/#9
LINS,11,Bilhete,major,55,4,b9/#9
LINS,11,Bilhete,major,56,3,1
LINS,11,Bilhete,major,57,3,5
LINS,14,Daquilo que eu sei,major,1,3,13
LINS,14,Daquilo que eu sei,major,2,4,x
LINS,14,Daquilo que eu sei,major,3,3,13
LINS,14,Daquilo que eu sei,major,4,6,9
LINS,14,Daquilo que eu sei,major,5,5,5
LINS,14,Daquilo que eu sei,major,6,3,3
LINS,14,Daquilo que eu sei,major,7,4,7
LINS,14,Daquilo que eu sei,major,8,4,b13
LINS,14,Daquilo que eu sei,major,9,3,5
LINS,14,Daquilo que eu sei,major,10,5,9
LINS,14,Daquilo que eu sei,major,11,4,1
LINS,14,Daquilo que eu sei,major,12,3,7
LINS,14,Daquilo que eu sei,major,13,4,b9/#9
LINS,14,Daquilo que eu sei,major,14,3,1
LINS,14,Daquilo que eu sei,major,15,2,11
LINS,14,Daquilo que eu sei,major,16,1,3
LINS,14,Daquilo que eu sei,major,17,3,5
LINS,14,Daquilo que eu sei,major,18,4,7
LINS,14,Daquilo que eu sei,major,19,2,9
LINS,14,Daquilo que eu sei,major,20,1,1
LINS,14,Daquilo que eu sei,major,21,2,13
LINS,14,Daquilo que eu sei,major,22,1,5
LINS,14,Daquilo que eu sei,major,23,3,3
LINS,14,Daquilo que eu sei,major,24,1,1
LINS,14,Daquilo que eu sei,major,25,5,9
LINS,14,Daquilo que eu sei,major,26,5,1
LINS,14,Daquilo que eu sei,major,27,2,5
LINS,14,Daquilo que eu sei,major,28,2,5
LINS,14,Daquilo que eu sei,major,29,5,1
LINS,14,Daquilo que eu sei,major,30,5,5
LINS,14,Daquilo que eu sei,major,31,3,3
LINS,14,Daquilo que eu sei,major,32,6,1
LINS,14,Daquilo que eu sei,major,33,6,3
LINS,14,Daquilo que eu sei,major,34,#5/b6,x
LINS,14,Daquilo que eu sei,major,35,6,3
LINS,14,Daquilo que eu sei,major,36,#4/b5,1
LINS,14,Daquilo que eu sei,major,37,7,1
LINS,14,Daquilo que eu sei,major,38,7,5
LINS,14,Daquilo que eu sei,major,39,6,5
LINS,14,Daquilo que eu sei,major,40,6,b9/#9
LINS,14,Daquilo que eu sei,major,41,#5/b6,1
LINS,14,Daquilo que eu sei,major,42,7,5
LINS,14,Daquilo que eu sei,major,43,6,11
LINS,14,Daquilo que eu sei,major,44,#4/b5,x
LINS,14,Daquilo que eu sei,major,45,5,3
LINS,14,Daquilo que eu sei,major,46,#4/b5,13
LINS,14,Daquilo que eu sei,major,47,5,7
LINS,14,Daquilo que eu sei,major,48,2,5
LINS,14,Daquilo que eu sei,major,49,7,3
LINS,14,Daquilo que eu sei,major,50,3,3
LINS,14,Daquilo que eu sei,major,51,2,1
LINS,14,Daquilo que eu sei,major,52,7,13
LINS,14,Daquilo que eu sei,major,53,3,5
LINS,14,Daquilo que eu sei,major,54,#4/b5,5
LINS,14,Daquilo que eu sei,major,55,2,7
LINS,14,Daquilo que eu sei,major,56,7,5
LINS,14,Daquilo que eu sei,major,57,6,1
LINS,14,Daquilo que eu sei,major,58,7,9
LINS,14,Daquilo que eu sei,major,59,#6/b7,x
LINS,14,Daquilo que eu sei,major,60,6,5
LINS,14,Daquilo que eu sei,major,61,5,1
LINS,16,Dinorah Dinorah,minor,1,5,11
LINS,16,Dinorah Dinorah,minor,2,#4/b5,x
LINS,16,Dinorah Dinorah,minor,3,4,7
LINS,16,Dinorah Dinorah,minor,4,3,b13
LINS,16,Dinorah Dinorah,minor,5,5,11
LINS,16,Dinorah Dinorah,minor,6,3,9
LINS,16,Dinorah Dinorah,minor,7,4,11
LINS,16,Dinorah Dinorah,minor,8,#3,11
LINS,16,Dinorah Dinorah,minor,9,3,11
LINS,16,Dinorah Dinorah,minor,10,1,9
LINS,16,Dinorah Dinorah,minor,11,3,1
LINS,16,Dinorah Dinorah,minor,12,4,x
LINS,16,Dinorah Dinorah,minor,13,5,11
LINS,16,Dinorah Dinorah,minor,14,5,5
LINS,16,Dinorah Dinorah,minor,15,4,11
LINS,16,Dinorah Dinorah,minor,16,3,x
LINS,16,Dinorah Dinorah,minor,17,4,11
LINS,16,Dinorah Dinorah,minor,18,3,7
LINS,16,Dinorah Dinorah,minor,19,2,x
LINS,16,Dinorah Dinorah,minor,20,1,5
LINS,16,Dinorah Dinorah,minor,21,5,11
LINS,16,Dinorah Dinorah,minor,22,#4/b5,x
LINS,16,Dinorah Dinorah,minor,23,4,7
LINS,16,Dinorah Dinorah,minor,24,3,b13
LINS,16,Dinorah Dinorah,minor,25,5,11
LINS,16,Dinorah Dinorah,minor,26,3,9
LINS,16,Dinorah Dinorah,minor,27,4,11
LINS,16,Dinorah Dinorah,minor,28,#3,11
LINS,16,Dinorah Dinorah,minor,29,3,11
LINS,16,Dinorah Dinorah,minor,30,1,9
LINS,16,Dinorah Dinorah,minor,31,3,1
LINS,16,Dinorah Dinorah,minor,32,4,x
LINS,16,Dinorah Dinorah,minor,33,5,11
LINS,16,Dinorah Dinorah,minor,34,5,5
LINS,16,Dinorah Dinorah,minor,35,4,11
LINS,16,Dinorah Dinorah,minor,36,3,x
LINS,16,Dinorah Dinorah,minor,37,4,11
LINS,16,Dinorah Dinorah,minor,38,3,7
LINS,16,Dinorah Dinorah,minor,39,2,x
LINS,16,Dinorah Dinorah,minor,40,1,5
LINS,17,Doce presenca,major,1,6,5
LINS,17,Doce presenca,major,2,1,7
LINS,17,Doce presenca,major,3,3,9
LINS,17,Doce presenca,major,4,5,1
LINS,17,Doce presenca,major,5,3,13
LINS,17,Doce presenca,major,6,2,9
LINS,17,Doce presenca,major,7,1,x
LINS,17,Doce presenca,major,8,7,7
LINS,17,Doce presenca,major,9,5,5
LINS,17,Doce presenca,major,10,3,3
LINS,17,Doce presenca,major,11,2,x
LINS,17,Doce presenca,major,12,3,3
LINS,17,Doce presenca,major,13,5,5
LINS,17,Doce presenca,major,14,5,7
LINS,17,Doce presenca,major,15,6,5
LINS,17,Doce presenca,major,16,1,7
LINS,17,Doce presenca,major,17,3,9
LINS,17,Doce presenca,major,18,5,1
LINS,17,Doce presenca,major,19,3,13
LINS,17,Doce presenca,major,20,2,5
LINS,17,Doce presenca,major,21,1,x
LINS,17,Doce presenca,major,22,7,7
LINS,17,Doce presenca,major,23,5,5
LINS,17,Doce presenca,major,24,3,3
LINS,17,Doce presenca,major,25,2,x
LINS,17,Doce presenca,major,26,3,11
LINS,17,Doce presenca,major,27,4,1
LINS,17,Doce presenca,major,28,3,5
LINS,17,Doce presenca,major,29,2,11
LINS,17,Doce presenca,major,30,6,5
LINS,17,Doce presenca,major,31,2,1
LINS,17,Doce presenca,major,32,3,9
LINS,17,Doce presenca,major,33,1,7
LINS,17,Doce presenca,major,34,2,x
LINS,17,Doce presenca,major,35,3,5
LINS,17,Doce presenca,major,36,2,11
LINS,17,Doce presenca,major,37,6,1
LINS,17,Doce presenca,major,38,2,1
LINS,17,Doce presenca,major,39,3,9
LINS,17,Doce presenca,major,40,6,5
LINS,17,Doce presenca,major,41,1,7
LINS,17,Doce presenca,major,42,2,x
LINS,17,Doce presenca,major,43,3,7
LINS,17,Doce presenca,major,44,6,3
LINS,17,Doce presenca,major,45,2,7
LINS,17,Doce presenca,major,46,5,3
LINS,17,Doce presenca,major,47,1,7
LINS,17,Doce presenca,major,48,6,9
LINS,17,Doce presenca,major,49,5,5
LINS,17,Doce presenca,major,50,7,9
LINS,17,Doce presenca,major,51,1,x
LINS,17,Doce presenca,major,52,7,9
LINS,17,Doce presenca,major,53,3,5
LINS,17,Doce presenca,major,54,6,5
LINS,17,Doce presenca,major,55,5,x
LINS,17,Doce presenca,major,56,6,x
LINS,17,Doce presenca,major,57,7,3
LINS,17,Doce presenca,major,58,1,x
LINS,17,Doce presenca,major,59,7,3
LINS,17,Doce presenca,major,60,3,13
LINS,17,Doce presenca,major,61,6,9
LINS,17,Doce presenca,major,62,5,1
LINS,17,Doce presenca,major,63,6,x
LINS,17,Doce presenca,major,64,7,7
LINS,17,Doce presenca,major,65,1,x
LINS,17,Doce presenca,major,66,7,7
LINS,17,Doce presenca,major,67,3,3
LINS,17,Doce presenca,major,68,7,1
LINS,17,Doce presenca,major,69,3,11
LINS,17,Doce presenca,major,70,2,7
LINS,17,Doce presenca,major,71,1,x
LINS,17,Doce presenca,major,72,7,5
LINS,17,Doce presenca,major,73,1,3
LINS,17,Doce presenca,major,74,5,11
LINS,17,Doce presenca,major,75,#5/b6,x
LINS,17,Doce presenca,major,76,5,11
LINS,17,Doce presenca,major,77,#5/b6,5
LINS,17,Doce presenca,major,78,#5/b6,1
LINS,17,Doce presenca,major,79,#5/b6,b9/#9
LINS,17,Doce presenca,major,80,5,1
LINS,17,Doce presenca,major,81,4,x
LINS,17,Doce presenca,major,82,3,3
LINS,17,Doce presenca,major,83,5,b9/#9
LINS,17,Doce presenca,major,84,2,7
LINS,17,Doce presenca,major,85,3,1
LINS,17,Doce presenca,major,86,5,7
LINS,17,Doce presenca,major,87,5,3
LINS,17,Doce presenca,major,88,#4/b5,x
LINS,17,Doce presenca,major,89,4,x
LINS,17,Doce presenca,major,90,3,1
LINS,17,Doce presenca,major,91,5,3
LINS,17,Doce presenca,major,92,#4/b5,x
LINS,17,Doce presenca,major,93,4,x
LINS,17,Doce presenca,major,94,3,1
LINS,17,Doce presenca,major,95,3,5
LINS,20,Guarde nos olhos,major,1,5,5
LINS,20,Guarde nos olhos,major,2,3,3
LINS,20,Guarde nos olhos,major,3,5,5
LINS,20,Guarde nos olhos,major,4,3,3
LINS,20,Guarde nos olhos,major,5,5,5
LINS,20,Guarde nos olhos,major,6,3,3
LINS,20,Guarde nos olhos,major,7,5,7
LINS,20,Guarde nos olhos,major,8,3,5
LINS,20,Guarde nos olhos,major,9,2,11
LINS,20,Guarde nos olhos,major,10,1,3
LINS,20,Guarde nos olhos,major,11,5,7
LINS,20,Guarde nos olhos,major,12,3,7
LINS,20,Guarde nos olhos,major,13,2,x
LINS,20,Guarde nos olhos,major,14,1,5
LINS,20,Guarde nos olhos,major,15,7,#11
LINS,20,Guarde nos olhos,major,16,1,x
LINS,20,Guarde nos olhos,major,17,7,3
LINS,20,Guarde nos olhos,major,18,6,x
LINS,20,Guarde nos olhos,major,19,5,1
LINS,20,Guarde nos olhos,major,20,3,3
LINS,20,Guarde nos olhos,major,21,3,13
LINS,20,Guarde nos olhos,major,22,4,x
LINS,20,Guarde nos olhos,major,23,3,13
LINS,20,Guarde nos olhos,major,24,2,5
LINS,20,Guarde nos olhos,major,25,2,7
LINS,20,Guarde nos olhos,major,26,3,1
LINS,20,Guarde nos olhos,major,27,1,3
LINS,20,Guarde nos olhos,major,28,3,5
LINS,20,Guarde nos olhos,major,29,1,3
LINS,20,Guarde nos olhos,major,30,7,5
LINS,20,Guarde nos olhos,major,31,6,3
LINS,20,Guarde nos olhos,major,32,1,5
LINS,20,Guarde nos olhos,major,33,5,9
LINS,20,Guarde nos olhos,major,34,6,3
LINS,20,Guarde nos olhos,major,35,5,3
LINS,20,Guarde nos olhos,major,36,6,x
LINS,20,Guarde nos olhos,major,37,5,7
LINS,20,Guarde nos olhos,major,38,3,5
LINS,20,Guarde nos olhos,major,39,1,3
LINS,20,Guarde nos olhos,major,40,2,1
LINS,21,Ituverava,major,1,3,3
LINS,21,Ituverava,major,2,5,5
LINS,21,Ituverava,major,3,4,1
LINS,21,Ituverava,major,4,6,3
LINS,21,Ituverava,major,5,5,5
LINS,21,Ituverava,major,6,4,x
LINS,21,Ituverava,major,7,3,3
LINS,21,Ituverava,major,8,6,3
LINS,21,Ituverava,major,9,1,5
LINS,21,Ituverava,major,10,5,3
LINS,21,Ituverava,major,11,1,7
LINS,21,Ituverava,major,12,4,3
LINS,21,Ituverava,major,13,2,3
LINS,21,Ituverava,major,14,2,3
LINS,21,Ituverava,major,15,3,3
LINS,21,Ituverava,major,16,4,9
LINS,21,Ituverava,major,17,4,13
LINS,21,Ituverava,major,18,5,11
LINS,21,Ituverava,major,19,7,3
LINS,21,Ituverava,major,20,4,7
LINS,21,Ituverava,major,21,7,3
LINS,21,Ituverava,major,22,3,3
LINS,21,Ituverava,major,23,5,5
LINS,21,Ituverava,major,24,5,9
LINS,21,Ituverava,major,25,3,3
LINS,21,Ituverava,major,26,5,5
LINS,21,Ituverava,major,27,4,1
LINS,21,Ituverava,major,28,6,3
LINS,21,Ituverava,major,29,5,1
LINS,21,Ituverava,major,30,4,x
LINS,21,Ituverava,major,31,3,3
LINS,21,Ituverava,major,32,6,3
LINS,21,Ituverava,major,33,1,5
LINS,21,Ituverava,major,34,5,3
LINS,21,Ituverava,major,35,1,6
LINS,21,Ituverava,major,36,4,3
LINS,21,Ituverava,major,37,2,3
LINS,21,Ituverava,major,38,2,3
LINS,21,Ituverava,major,39,3,5
LINS,21,Ituverava,major,40,4,9
LINS,21,Ituverava,major,41,4,13
LINS,21,Ituverava,major,42,#5/b6,1
LINS,21,Ituverava,major,43,4,x
LINS,21,Ituverava,major,44,5,11
LINS,21,Ituverava,major,45,7,3
LINS,21,Ituverava,major,46,4,7
LINS,21,Ituverava,major,47,7,3
LINS,21,Ituverava,major,48,3,3
LINS,21,Ituverava,major,49,5,5
LINS,23,Joana dos barcos,major,1,3,3
LINS,23,Joana dos barcos,major,2,5,5
LINS,23,Joana dos barcos,major,3,1,1
LINS,23,Joana dos barcos,major,4,3,3
LINS,23,Joana dos barcos,major,5,2,x
LINS,23,Joana dos barcos,major,6,1,1
LINS,23,Joana dos barcos,major,7,2,9
LINS,23,Joana dos barcos,major,8,4,3
LINS,23,Joana dos barcos,major,9,5,5
LINS,23,Joana dos barcos,major,10,3,3
LINS,23,Joana dos barcos,major,11,5,5
LINS,23,Joana dos barcos,major,12,1,1
LINS,23,Joana dos barcos,major,13,3,3
LINS,23,Joana dos barcos,major,14,2,x
LINS,23,Joana dos barcos,major,15,1,1
LINS,23,Joana dos barcos,major,16,2,9
LINS,23,Joana dos barcos,major,17,4,3
LINS,23,Joana dos barcos,major,18,5,5
LINS,23,Joana dos barcos,major,19,6,13
LINS,23,Joana dos barcos,major,20,6,3
LINS,23,Joana dos barcos,major,21,1,5
LINS,23,Joana dos barcos,major,22,7,x
LINS,23,Joana dos barcos,major,23,6,3
LINS,23,Joana dos barcos,major,24,7,5
LINS,23,Joana dos barcos,major,25,1,6
LINS,23,Joana dos barcos,major,26,7,5
LINS,23,Joana dos barcos,major,27,7,x
LINS,23,Joana dos barcos,major,28,6,x
LINS,23,Joana dos barcos,major,29,5,3
LINS,23,Joana dos barcos,major,30,7,x
LINS,23,Joana dos barcos,major,31,1,7
LINS,23,Joana dos barcos,major,32,6,5
LINS,23,Joana dos barcos,major,33,5,x
LINS,23,Joana dos barcos,major,34,4,3
LINS,23,Joana dos barcos,major,35,3,9
LINS,23,Joana dos barcos,major,36,5,3
LINS,23,Joana dos barcos,major,37,2,7
LINS,23,Joana dos barcos,major,38,1,x
LINS,23,Joana dos barcos,major,39,2,7
LINS,23,Joana dos barcos,major,40,3,7
LINS,23,Joana dos barcos,major,41,4,x
LINS,23,Joana dos barcos,major,42,3,7
LINS,23,Joana dos barcos,major,43,2,x
LINS,23,Joana dos barcos,major,44,1,5
LINS,23,Joana dos barcos,major,45,7,5
LINS,23,Joana dos barcos,major,46,2,7
LINS,23,Joana dos barcos,major,47,5,3
LINS,23,Joana dos barcos,major,48,5,3
LINS,23,Joana dos barcos,major,49,#5/b6,x
LINS,23,Joana dos barcos,major,50,5,3
LINS,23,Joana dos barcos,major,51,#4/b5,3
LINS,23,Joana dos barcos,major,52,5,x
LINS,23,Joana dos barcos,major,53,#4/b5,3
LINS,23,Joana dos barcos,major,54,4,3
LINS,23,Joana dos barcos,major,55,5,#11
LINS,23,Joana dos barcos,major,56,3,3
LINS,24,Lembra de mim,major,1,3,3
LINS,24,Lembra de mim,major,2,2,x
LINS,24,Lembra de mim,major,3,3,3
LINS,24,Lembra de mim,major,4,3,3
LINS,24,Lembra de mim,major,5,2,x
LINS,24,Lembra de mim,major,6,3,3
LINS,24,Lembra de mim,major,7,4,b9/#9
LINS,24,Lembra de mim,major,8,3,x
LINS,24,Lembra de mim,major,9,2,7
LINS,24,Lembra de mim,major,10,1,x
LINS,24,Lembra de mim,major,11,2,11
LINS,24,Lembra de mim,major,12,1,x
LINS,24,Lembra de mim,major,13,2,11
LINS,24,Lembra de mim,major,14,2,11
LINS,24,Lembra de mim,major,15,1,x
LINS,24,Lembra de mim,major,16,2,11
LINS,24,Lembra de mim,major,17,3,3
LINS,24,Lembra de mim,major,18,2,x
LINS,24,Lembra de mim,major,19,1,1
LINS,24,Lembra de mim,major,20,7,x
LINS,24,Lembra de mim,major,21,1,5
LINS,24,Lembra de mim,major,22,7,x
LINS,24,Lembra de mim,major,23,1,5
LINS,24,Lembra de mim,major,24,1,5
LINS,24,Lembra de mim,major,25,7,x
LINS,24,Lembra de mim,major,26,1,5
LINS,24,Lembra de mim,major,27,2,b9/#9
LINS,24,Lembra de mim,major,28,1,x
LINS,24,Lembra de mim,major,29,7,1
LINS,24,Lembra de mim,major,30,6,x
LINS,24,Lembra de mim,major,31,7,5
LINS,24,Lembra de mim,major,32,6,x
LINS,24,Lembra de mim,major,33,7,5
LINS,24,Lembra de mim,major,34,5,11
LINS,24,Lembra de mim,major,35,4,x
LINS,24,Lembra de mim,major,36,5,11
LINS,24,Lembra de mim,major,37,5,5
LINS,24,Lembra de mim,major,38,4,x
LINS,24,Lembra de mim,major,39,5,5
LINS,24,Lembra de mim,major,40,6,3
LINS,24,Lembra de mim,major,41,5,x
LINS,24,Lembra de mim,major,42,4,1
LINS,24,Lembra de mim,major,43,3,x
LINS,24,Lembra de mim,major,44,4,5
LINS,24,Lembra de mim,major,45,3,x
LINS,24,Lembra de mim,major,46,4,5
LINS,24,Lembra de mim,major,47,4,b9/#9
LINS,24,Lembra de mim,major,48,3,x
LINS,24,Lembra de mim,major,49,4,b9/#9
LINS,24,Lembra de mim,major,50,5,b9/#9
LINS,24,Lembra de mim,major,51,4,x
LINS,24,Lembra de mim,major,52,3,1
LINS,24,Lembra de mim,major,53,2,x
LINS,24,Lembra de mim,major,54,3,5
LINS,24,Lembra de mim,major,55,2,x
LINS,24,Lembra de mim,major,56,3,5
LINS,24,Lembra de mim,major,57,3,9
LINS,24,Lembra de mim,major,58,2,9
LINS,24,Lembra de mim,major,59,3,9
LINS,24,Lembra de mim,major,60,6,5
LINS,24,Lembra de mim,major,61,2,5
LINS,24,Lembra de mim,major,62,1,x
LINS,24,Lembra de mim,major,63,2,5
LINS,27,Madalena,major,1,5,5
LINS,27,Madalena,major,2,1,1
LINS,27,Madalena,major,3,2,x
LINS,27,Madalena,major,4,3,3
LINS,27,Madalena,major,5,5,5
LINS,27,Madalena,major,6,5,5
LINS,27,Madalena,major,7,3,3
LINS,27,Madalena,major,8,4,3
LINS,27,Madalena,major,9,3,x
LINS,27,Madalena,major,10,2,5
LINS,27,Madalena,major,11,5,1
LINS,27,Madalena,major,12,3,3
LINS,27,Madalena,major,13,5,5
LINS,27,Madalena,major,14,3,3
LINS,27,Madalena,major,15,4,3
LINS,27,Madalena,major,16,3,x
LINS,27,Madalena,major,17,2,1
LINS,27,Madalena,major,18,1,3
LINS,27,Madalena,major,19,3,3
LINS,27,Madalena,major,20,5,5
LINS,27,Madalena,major,21,5,5
LINS,27,Madalena,major,22,3,3
LINS,27,Madalena,major,23,4,3
LINS,27,Madalena,major,24,3,x
LINS,27,Madalena,major,25,2,1
LINS,27,Madalena,major,26,3,13
LINS,27,Madalena,major,27,5,5
LINS,27,Madalena,major,28,6,13
LINS,27,Madalena,major,29,1,1
LINS,27,Madalena,major,30,3,3
LINS,27,Madalena,major,31,6,13
LINS,27,Madalena,major,32,5,5
LINS,27,Madalena,major,33,3,3
LINS,27,Madalena,major,34,6,13
LINS,27,Madalena,major,35,3,3
LINS,27,Madalena,major,36,4,7
LINS,27,Madalena,major,37,3,x
LINS,27,Madalena,major,38,2,5
LINS,27,Madalena,major,39,1,3
LINS,27,Madalena,major,40,3,13
LINS,27,Madalena,major,41,3,3
LINS,27,Madalena,major,42,4,7
LINS,27,Madalena,major,43,3,x
LINS,27,Madalena,major,44,2,5
LINS,27,Madalena,major,45,1,3
LINS,27,Madalena,major,46,3,13
LINS,27,Madalena,major,47,3,3
LINS,27,Madalena,major,48,4,7
LINS,27,Madalena,major,49,3,x
LINS,27,Madalena,major,50,2,5
LINS,27,Madalena,major,51,1,3
LINS,27,Madalena,major,52,3,13
LINS,27,Madalena,major,53,3,11
LINS,27,Madalena,major,54,6,1
LINS,27,Madalena,major,55,5,7
LINS,27,Madalena,major,56,4,x
LINS,27,Madalena,major,57,3,9
LINS,27,Madalena,major,58,4,3
LINS,27,Madalena,major,59,3,x
LINS,27,Madalena,major,60,4,11
LINS,27,Madalena,major,61,5,5
LINS,27,Madalena,major,62,3,x
LINS,27,Madalena,major,63,2,13
LINS,27,Madalena,major,64,3,11
LINS,27,Madalena,major,65,3,1
LINS,27,Madalena,major,66,4,x
LINS,27,Madalena,major,67,3,1
LINS,27,Madalena,major,68,2,7
LINS,27,Madalena,major,69,2,11
LINS,27,Madalena,major,70,3,5
LINS,27,Madalena,major,71,2,11
LINS,27,Madalena,major,72,1,x
LINS,27,Madalena,major,73,2,11
LINS,27,Madalena,major,74,3,x
LINS,27,Madalena,major,75,2,11
LINS,27,Madalena,major,76,1,3
LINS,27,Madalena,major,77,7,11
LINS,27,Madalena,major,78,5,1
LINS,27,Madalena,major,79,5,5
LINS,27,Madalena,major,80,3,3
LINS,27,Madalena,major,81,4,3
LINS,27,Madalena,major,82,6,5
LINS,27,Madalena,major,83,1,7
LINS,27,Madalena,major,84,7,5
LINS,27,Madalena,major,85,5,3
LINS,27,Madalena,major,86,7,3
LINS,27,Madalena,major,87,2,5
LINS,27,Madalena,major,88,5,1
LINS,27,Madalena,major,89,7,3
LINS,27,Madalena,major,90,1,7
LINS,27,Madalena,major,91,7,x
LINS,27,Madalena,major,92,6,5
LINS,27,Madalena,major,93,3,9
LINS,27,Madalena,major,94,2,5
LINS,27,Madalena,major,95,5,1
LINS,29,Mudanca dos ventos,major,1,7,3
LINS,29,Mudanca dos ventos,major,2,1,x
LINS,29,Mudanca dos ventos,major,3,7,3
LINS,29,Mudanca dos ventos,major,4,6,x
LINS,29,Mudanca dos ventos,major,5,5,1
LINS,29,Mudanca dos ventos,major,6,3,3
LINS,29,Mudanca dos ventos,major,7,7,7
LINS,29,Mudanca dos ventos,major,8,1,x
LINS,29,Mudanca dos ventos,major,9,7,7
LINS,29,Mudanca dos ventos,major,10,6,6
LINS,29,Mudanca dos ventos,major,11,3,3
LINS,29,Mudanca dos ventos,major,12,2,5
LINS,29,Mudanca dos ventos,major,13,5,1
LINS,29,Mudanca dos ventos,major,14,7,#11
LINS,29,Mudanca dos ventos,major,15,1,x
LINS,29,Mudanca dos ventos,major,16,7,#11
LINS,29,Mudanca dos ventos,major,17,6,3
LINS,29,Mudanca dos ventos,major,18,5,9
LINS,29,Mudanca dos ventos,major,19,3,1
LINS,29,Mudanca dos ventos,major,20,1,1
LINS,29,Mudanca dos ventos,major,21,3,3
LINS,29,Mudanca dos ventos,major,22,5,5
LINS,29,Mudanca dos ventos,major,23,1,1
LINS,29,Mudanca dos ventos,major,24,1,5
LINS,29,Mudanca dos ventos,major,25,7,x
LINS,29,Mudanca dos ventos,major,26,1,5
LINS,29,Mudanca dos ventos,major,27,7,x
LINS,29,Mudanca dos ventos,major,28,6,3
LINS,29,Mudanca dos ventos,major,29,5,b9/#9
LINS,29,Mudanca dos ventos,major,30,3,1
LINS,29,Mudanca dos ventos,major,31,1,6
LINS,29,Mudanca dos ventos,major,32,3,1
LINS,29,Mudanca dos ventos,major,33,5,3
LINS,29,Mudanca dos ventos,major,34,2,7
LINS,29,Mudanca dos ventos,major,35,2,11
LINS,29,Mudanca dos ventos,major,36,1,x
LINS,29,Mudanca dos ventos,major,37,7,9
LINS,29,Mudanca dos ventos,major,38,6,1
LINS,29,Mudanca dos ventos,major,39,6,11
LINS,29,Mudanca dos ventos,major,40,#6/b7,x
LINS,29,Mudanca dos ventos,major,41,6,1
LINS,29,Mudanca dos ventos,major,42,5,x
LINS,29,Mudanca dos ventos,major,43,4,5
LINS,29,Mudanca dos ventos,major,44,3,9
LINS,29,Mudanca dos ventos,major,45,6,9
LINS,29,Mudanca dos ventos,major,46,5,x
LINS,29,Mudanca dos ventos,major,47,4,7
LINS,29,Mudanca dos ventos,major,48,3,x
LINS,29,Mudanca dos ventos,major,49,2,1
LINS,29,Mudanca dos ventos,major,50,2,9
LINS,29,Mudanca dos ventos,major,51,#6/b7,7
LINS,29,Mudanca dos ventos,major,52,6,x
LINS,29,Mudanca dos ventos,major,53,5,5
LINS,29,Mudanca dos ventos,major,54,4,x
LINS,29,Mudanca dos ventos,major,55,3,3
LINS,29,Mudanca dos ventos,major,56,3,7
LINS,29,Mudanca dos ventos,major,57,2,6
LINS,29,Mudanca dos ventos,major,58,1,x
LINS,29,Mudanca dos ventos,major,59,7,x
LINS,29,Mudanca dos ventos,major,60,6,3
LINS,29,Mudanca dos ventos,major,61,5,9
LINS,29,Mudanca dos ventos,major,62,5,3
LINS,29,Mudanca dos ventos,major,63,2,x
LINS,29,Mudanca dos ventos,major,64,1,13
LINS,29,Mudanca dos ventos,major,65,7,x
LINS,29,Mudanca dos ventos,major,66,#6/b7,5
LINS,29,Mudanca dos ventos,major,67,#4/b5,x
LINS,29,Mudanca dos ventos,major,68,5,11
LINS,31,Novo tempo,major,1,1,3
LINS,31,Novo tempo,major,2,3,13
LINS,31,Novo tempo,major,3,5,1
LINS,31,Novo tempo,major,4,5,5
LINS,31,Novo tempo,major,5,3,3
LINS,31,Novo tempo,major,6,3,3
LINS,31,Novo tempo,major,7,4,x
LINS,31,Novo tempo,major,8,5,5
LINS,31,Novo tempo,major,9,4,x
LINS,31,Novo tempo,major,10,3,3
LINS,31,Novo tempo,major,11,2,9
LINS,31,Novo tempo,major,12,1,1
LINS,31,Novo tempo,major,13,1,5
LINS,31,Novo tempo,major,14,3,7
LINS,31,Novo tempo,major,15,5,9
LINS,31,Novo tempo,major,16,5,5
LINS,31,Novo tempo,major,17,1,1
LINS,31,Novo tempo,major,18,3,3
LINS,31,Novo tempo,major,19,5,5
LINS,31,Novo tempo,major,20,6,11
LINS,31,Novo tempo,major,21,7,5
LINS,31,Novo tempo,major,22,3,1
LINS,31,Novo tempo,major,23,5,3
LINS,31,Novo tempo,major,24,7,9
LINS,31,Novo tempo,major,25,7,9
LINS,31,Novo tempo,major,26,6,x
LINS,31,Novo tempo,major,27,5,7
LINS,31,Novo tempo,major,28,1,3
LINS,31,Novo tempo,major,29,5,11
LINS,31,Novo tempo,major,30,4,5
LINS,31,Novo tempo,major,31,3,x
LINS,31,Novo tempo,major,32,2,7
LINS,31,Novo tempo,major,33,1,13
LINS,31,Novo tempo,major,34,1,3
LINS,31,Novo tempo,major,35,7,11
LINS,31,Novo tempo,major,36,6,x
LINS,31,Novo tempo,major,37,5,5
LINS,31,Novo tempo,major,38,6,x
LINS,31,Novo tempo,major,39,5,9
LINS,31,Novo tempo,major,40,1,3
LINS,31,Novo tempo,major,41,3,13
LINS,31,Novo tempo,major,42,5,1
LINS,31,Novo tempo,major,43,5,1
LINS,31,Novo tempo,major,44,3,3
LINS,31,Novo tempo,major,45,3,3
LINS,31,Novo tempo,major,46,4,x
LINS,31,Novo tempo,major,47,5,5
LINS,31,Novo tempo,major,48,4,x
LINS,31,Novo tempo,major,49,3,3
LINS,31,Novo tempo,major,50,2,9
LINS,31,Novo tempo,major,51,1,1
LINS,31,Novo tempo,major,52,1,5
LINS,31,Novo tempo,major,53,3,7
LINS,31,Novo tempo,major,54,5,9
LINS,31,Novo tempo,major,55,5,5
LINS,31,Novo tempo,major,56,1,1
LINS,31,Novo tempo,major,57,3,3
LINS,31,Novo tempo,major,58,5,5
LINS,31,Novo tempo,major,59,6,11
LINS,31,Novo tempo,major,60,7,5
LINS,31,Novo tempo,major,61,3,1
LINS,31,Novo tempo,major,62,5,3
LINS,31,Novo tempo,major,63,7,9
LINS,31,Novo tempo,major,64,7,9
LINS,31,Novo tempo,major,65,6,x
LINS,31,Novo tempo,major,66,5,7
LINS,31,Novo tempo,major,67,1,3
LINS,31,Novo tempo,major,68,5,11
LINS,31,Novo tempo,major,69,4,5
LINS,31,Novo tempo,major,70,3,x
LINS,31,Novo tempo,major,71,2,7
LINS,31,Novo tempo,major,72,1,13
LINS,31,Novo tempo,major,73,1,3
LINS,31,Novo tempo,major,74,7,11
LINS,31,Novo tempo,major,75,6,x
LINS,31,Novo tempo,major,76,5,5
LINS,31,Novo tempo,major,77,6,x
LINS,31,Novo tempo,major,78,5,9
LINS,31,Novo tempo,major,79,4,7
LINS,31,Novo tempo,major,80,3,x
LINS,31,Novo tempo,major,81,2,5
LINS,31,Novo tempo,major,82,1,x
LINS,31,Novo tempo,major,83,7,3
LINS,31,Novo tempo,major,84,6,3
LINS,31,Novo tempo,major,85,5,9
LINS,31,Novo tempo,major,86,4,7
LINS,31,Novo tempo,major,87,3,x
LINS,31,Novo tempo,major,88,2,5
LINS,31,Novo tempo,major,89,1,x
LINS,31,Novo tempo,major,90,7,3
LINS,31,Novo tempo,major,91,6,3
LINS,31,Novo tempo,major,92,5,9
LINS,31,Novo tempo,major,93,4,x
LINS,31,Novo tempo,major,94,3,3
LINS,31,Novo tempo,major,95,2,9
LINS,31,Novo tempo,major,96,1,x
LINS,31,Novo tempo,major,97,7,7
LINS,31,Novo tempo,major,98,6,1
LINS,31,Novo tempo,major,99,6,1
LINS,31,Novo tempo,major,100,5,x
LINS,31,Novo tempo,major,101,#4/b5,3
LINS,31,Novo tempo,major,102,3,9
LINS,31,Novo tempo,major,103,2,x
LINS,31,Novo tempo,major,104,1,7
LINS,31,Novo tempo,major,105,7,5
LINS,31,Novo tempo,major,106,7,5
LINS,31,Novo tempo,major,107,7,9
LINS,31,Novo tempo,major,108,7,5
LINS,31,Novo tempo,major,109,7,9
LINS,31,Novo tempo,major,110,#1/b2,3
LINS,31,Novo tempo,major,111,2,5
LINS,31,Novo tempo,major,112,2,9
LINS,31,Novo tempo,major,113,3,3
LINS,31,Novo tempo,major,114,1,3
LINS,32,O amor e meu pais,major,1,3,3
LINS,32,O amor e meu pais,major,2,5,5
LINS,32,O amor e meu pais,major,3,1,x
LINS,32,O amor e meu pais,major,4,2,9
LINS,32,O amor e meu pais,major,5,3,3
LINS,32,O amor e meu pais,major,6,5,5
LINS,32,O amor e meu pais,major,7,1,x
LINS,32,O amor e meu pais,major,8,2,9
LINS,32,O amor e meu pais,major,9,3,3
LINS,32,O amor e meu pais,major,10,5,5
LINS,32,O amor e meu pais,major,11,1,x
LINS,32,O amor e meu pais,major,12,2,9
LINS,32,O amor e meu pais,major,13,3,3
LINS,32,O amor e meu pais,major,14,5,5
LINS,32,O amor e meu pais,major,15,1,1
LINS,32,O amor e meu pais,major,16,3,3
LINS,32,O amor e meu pais,major,17,5,x
LINS,32,O amor e meu pais,major,18,6,3
LINS,32,O amor e meu pais,major,19,6,3
LINS,32,O amor e meu pais,major,20,5,9
LINS,32,O amor e meu pais,major,21,6,x
LINS,32,O amor e meu pais,major,22,5,5
LINS,32,O amor e meu pais,major,23,5,5
LINS,32,O amor e meu pais,major,24,1,1
LINS,32,O amor e meu pais,major,25,6,x
LINS,32,O amor e meu pais,major,26,5,7
LINS,32,O amor e meu pais,major,27,5,x
LINS,32,O amor e meu pais,major,28,4,5
LINS,32,O amor e meu pais,major,29,4,3
LINS,32,O amor e meu pais,major,30,6,3
LINS,32,O amor e meu pais,major,31,1,5
LINS,32,O amor e meu pais,major,32,4,1
LINS,32,O amor e meu pais,major,33,6,3
LINS,32,O amor e meu pais,major,34,6,9
LINS,32,O amor e meu pais,major,35,7,3
LINS,32,O amor e meu pais,major,36,2,5
LINS,32,O amor e meu pais,major,37,6,9
LINS,32,O amor e meu pais,major,38,5,3
LINS,32,O amor e meu pais,major,39,2,9
LINS,32,O amor e meu pais,major,40,3,3
LINS,32,O amor e meu pais,major,41,4,7
LINS,32,O amor e meu pais,major,42,5,1
LINS,32,O amor e meu pais,major,43,6,9
LINS,32,O amor e meu pais,major,44,3,13
LINS,32,O amor e meu pais,major,45,2,5
LINS,32,O amor e meu pais,major,46,1,x
LINS,32,O amor e meu pais,major,47,7,7
LINS,32,O amor e meu pais,major,48,6,x
LINS,32,O amor e meu pais,major,49,5,5
LINS,32,O amor e meu pais,major,50,2,9
LINS,32,O amor e meu pais,major,51,3,x
LINS,32,O amor e meu pais,major,52,4,7
LINS,32,O amor e meu pais,major,53,5,1
LINS,32,O amor e meu pais,major,54,6,9
LINS,32,O amor e meu pais,major,55,3,13
LINS,32,O amor e meu pais,major,56,2,5
LINS,32,O amor e meu pais,major,57,1,x
LINS,32,O amor e meu pais,major,58,7,7
LINS,32,O amor e meu pais,major,59,6,x
LINS,32,O amor e meu pais,major,60,5,5
LINS,32,O amor e meu pais,major,61,2,9
LINS,32,O amor e meu pais,major,62,3,x
LINS,32,O amor e meu pais,major,63,2,5
LINS,32,O amor e meu pais,major,64,1,x
LINS,32,O amor e meu pais,major,65,2,5
LINS,32,O amor e meu pais,major,66,1,x
LINS,32,O amor e meu pais,major,67,2,5
LINS,32,O amor e meu pais,major,68,1,x
LINS,32,O amor e meu pais,major,69,2,5
LINS,32,O amor e meu pais,major,70,3,3
LINS,32,O amor e meu pais,major,71,2,x
LINS,32,O amor e meu pais,major,72,3,3
LINS,32,O amor e meu pais,major,73,2,x
LINS,32,O amor e meu pais,major,74,3,3
LINS,32,O amor e meu pais,major,75,1,1
LINS,32,O amor e meu pais,major,76,3,3
LINS,32,O amor e meu pais,major,77,#4/b5,1
LINS,32,O amor e meu pais,major,78,5,x
LINS,32,O amor e meu pais,major,79,#4/b5,1
LINS,32,O amor e meu pais,major,80,5,x
LINS,32,O amor e meu pais,major,81,#4/b5,5
LINS,32,O amor e meu pais,major,82,7,1
LINS,32,O amor e meu pais,major,83,7,1
LINS,32,O amor e meu pais,major,84,6,7
LINS,32,O amor e meu pais,major,85,5,11
LINS,32,O amor e meu pais,major,86,7,x
LINS,32,O amor e meu pais,major,87,6,11
LINS,32,O amor e meu pais,major,88,5,3
LINS,32,O amor e meu pais,major,89,3,1
LINS,32,O amor e meu pais,major,90,3,3
LINS,32,O amor e meu pais,major,91,#4/b5,x
LINS,32,O amor e meu pais,major,92,5,5
LINS,32,O amor e meu pais,major,93,#4/b5,#11
LINS,32,O amor e meu pais,major,94,5,x
LINS,32,O amor e meu pais,major,95,#4/b5,#11
LINS,32,O amor e meu pais,major,96,3,5
LINS,32,O amor e meu pais,major,97,2,x
LINS,32,O amor e meu pais,major,98,3,11
LINS,32,O amor e meu pais,major,99,5,5
LINS,32,O amor e meu pais,major,100,2,9
LINS,32,O amor e meu pais,major,101,7,7
LINS,32,O amor e meu pais,major,102,6,x
LINS,32,O amor e meu pais,major,103,5,x
LINS,32,O amor e meu pais,major,104,6,5
LINS,32,O amor e meu pais,major,105,5,3
LINS,32,O amor e meu pais,major,106,7,3
LINS,32,O amor e meu pais,major,107,6,x
LINS,32,O amor e meu pais,major,108,5,1
LINS,32,O amor e meu pais,major,109,1,3
LINS,32,O amor e meu pais,major,110,7,3
LINS,32,O amor e meu pais,major,111,6,9
LINS,32,O amor e meu pais,major,112,5,1
LINS,32,O amor e meu pais,major,113,5,5
LINS,32,O amor e meu pais,major,114,1,1
LINS,32,O amor e meu pais,major,115,3,3
LINS,32,O amor e meu pais,major,116,5,x
LINS,32,O amor e meu pais,major,117,6,5
LINS,36,Saindo de mim,major,1,5,5
LINS,36,Saindo de mim,major,2,6,x
LINS,36,Saindo de mim,major,3,7,7
LINS,36,Saindo de mim,major,4,1,b13
LINS,36,Saindo de mim,major,5,2,x
LINS,36,Saindo de mim,major,6,3,1
LINS,36,Saindo de mim,major,7,5,7
LINS,36,Saindo de mim,major,8,6,1
LINS,36,Saindo de mim,major,9,3,5
LINS,36,Saindo de mim,major,10,#1/b2,3
LINS,36,Saindo de mim,major,11,6,1
LINS,36,Saindo de mim,major,12,3,x
LINS,36,Saindo de mim,major,13,4,3
LINS,36,Saindo de mim,major,14,2,1
LINS,36,Saindo de mim,major,15,3,x
LINS,36,Saindo de mim,major,16,4,3
LINS,36,Saindo de mim,major,17,3,x
LINS,36,Saindo de mim,major,18,2,1
LINS,36,Saindo de mim,major,19,4,3
LINS,36,Saindo de mim,major,20,3,3
LINS,36,Saindo de mim,major,21,2,9
LINS,36,Saindo de mim,major,22,5,5
LINS,36,Saindo de mim,major,23,7,7
LINS,36,Saindo de mim,major,24,2,3
LINS,36,Saindo de mim,major,25,5,9
LINS,36,Saindo de mim,major,26,4,5
LINS,36,Saindo de mim,major,27,3,3
LINS,36,Saindo de mim,major,28,5,9
LINS,36,Saindo de mim,major,29,5,5
LINS,36,Saindo de mim,major,30,6,x
LINS,36,Saindo de mim,major,31,7,7
LINS,36,Saindo de mim,major,32,1,b13
LINS,36,Saindo de mim,major,33,2,x
LINS,36,Saindo de mim,major,34,3,1
LINS,36,Saindo de mim,major,35,5,7
LINS,36,Saindo de mim,major,36,6,1
LINS,36,Saindo de mim,major,37,3,5
LINS,36,Saindo de mim,major,38,#1/b2,3
LINS,36,Saindo de mim,major,39,6,1
LINS,36,Saindo de mim,major,40,3,x
LINS,36,Saindo de mim,major,41,4,3
LINS,36,Saindo de mim,major,42,2,1
LINS,36,Saindo de mim,major,43,3,x
LINS,36,Saindo de mim,major,44,4,3
LINS,36,Saindo de mim,major,45,3,x
LINS,36,Saindo de mim,major,46,2,1
LINS,36,Saindo de mim,major,47,4,7
LINS,36,Saindo de mim,major,48,5,1
LINS,36,Saindo de mim,major,49,7,3
LINS,36,Saindo de mim,major,50,2,5
LINS,36,Saindo de mim,major,51,5,9
LINS,36,Saindo de mim,major,52,4,5
LINS,36,Saindo de mim,major,53,3,3
LINS,36,Saindo de mim,major,54,1,#11
LINS,36,Saindo de mim,major,55,6,3
LINS,36,Saindo de mim,major,56,4,1
LINS,36,Saindo de mim,major,57,5,x
LINS,36,Saindo de mim,major,58,6,9
LINS,36,Saindo de mim,major,59,2,5
LINS,36,Saindo de mim,major,60,7,3
LINS,36,Saindo de mim,major,61,5,5
LINS,36,Saindo de mim,major,62,3,3
LINS,36,Saindo de mim,major,63,4,x
LINS,36,Saindo de mim,major,64,5,13
LINS,36,Saindo de mim,major,65,4,x
LINS,36,Saindo de mim,major,66,3,3
LINS,36,Saindo de mim,major,67,6,3
LINS,36,Saindo de mim,major,68,#4/b5,1
LINS,36,Saindo de mim,major,69,5,x
LINS,36,Saindo de mim,major,70,6,7
LINS,36,Saindo de mim,major,71,2,b9/#9
LINS,36,Saindo de mim,major,72,7,1
LINS,36,Saindo de mim,major,73,5,5
LINS,36,Saindo de mim,major,74,5,11
LINS,36,Saindo de mim,major,75,3,3
LINS,36,Saindo de mim,major,76,4,5
LINS,36,Saindo de mim,major,77,5,x
LINS,36,Saindo de mim,major,78,4,5
LINS,36,Saindo de mim,major,79,6,7
LINS,36,Saindo de mim,major,80,6,1
LINS,36,Saindo de mim,major,81,6,5
LINS,36,Saindo de mim,major,82,6,9
LINS,36,Saindo de mim,major,83,4,7
LINS,36,Saindo de mim,major,84,5,x
LINS,36,Saindo de mim,major,85,6,9
LINS,36,Saindo de mim,major,86,2,5
LINS,36,Saindo de mim,major,87,7,3
LINS,36,Saindo de mim,major,88,5,5
LINS,36,Saindo de mim,major,89,3,3
LINS,36,Saindo de mim,major,90,4,5
LINS,36,Saindo de mim,major,91,5,x
LINS,36,Saindo de mim,major,92,4,x
LINS,36,Saindo de mim,major,93,3,3
LINS,36,Saindo de mim,major,94,6,3
LINS,36,Saindo de mim,major,95,#4/b5,1
LINS,36,Saindo de mim,major,96,5,x
LINS,36,Saindo de mim,major,97,6,7
LINS,36,Saindo de mim,major,98,#4/b5,5
LINS,36,Saindo de mim,major,99,2,b9/#9
LINS,36,Saindo de mim,major,100,7,1
LINS,36,Saindo de mim,major,101,5,5
LINS,36,Saindo de mim,major,102,5,11
LINS,36,Saindo de mim,major,103,1,9
LINS,36,Saindo de mim,major,104,7,9
LINS,36,Saindo de mim,major,105,6,1
LINS,36,Saindo de mim,major,106,5,7
LINS,36,Saindo de mim,major,107,6,1
LINS,36,Saindo de mim,major,108,3,9
LINS,36,Saindo de mim,major,109,6,9
LINS,36,Saindo de mim,major,110,#5/b6,9
LINS,36,Saindo de mim,major,111,4,7
LINS,36,Saindo de mim,major,112,3,13
LINS,36,Saindo de mim,major,113,2,x
LINS,36,Saindo de mim,major,114,1,1
LINS,40,Um fado,major,1,1,1
LINS,40,Um fado,major,2,7,x
LINS,40,Um fado,major,3,1,3
LINS,40,Um fado,major,4,2,x
LINS,40,Um fado,major,5,3,3
LINS,40,Um fado,major,6,4,1
LINS,40,Um fado,major,7,3,x
LINS,40,Um fado,major,8,4,5
LINS,40,Um fado,major,9,5,x
LINS,40,Um fado,major,10,6,3
LINS,40,Um fado,major,11,1,1
LINS,40,Um fado,major,12,7,7
LINS,40,Um fado,major,13,5,7
LINS,40,Um fado,major,14,3,5
LINS,40,Um fado,major,15,1,7
LINS,40,Um fado,major,16,3,9
LINS,40,Um fado,major,17,2,5
LINS,40,Um fado,major,18,1,x
LINS,40,Um fado,major,19,7,x
LINS,40,Um fado,major,20,1,1
LINS,40,Um fado,major,21,5,1
LINS,40,Um fado,major,22,1,1
LINS,40,Um fado,major,23,7,x
LINS,40,Um fado,major,24,1,3
LINS,40,Um fado,major,25,2,x
LINS,40,Um fado,major,26,3,3
LINS,40,Um fado,major,27,4,7
LINS,40,Um fado,major,28,4,1
LINS,40,Um fado,major,29,3,x
LINS,40,Um fado,major,30,4,5
LINS,40,Um fado,major,31,5,x
LINS,40,Um fado,major,32,6,3
LINS,40,Um fado,major,33,1,9
LINS,40,Um fado,major,34,1,1
LINS,40,Um fado,major,35,7,7
LINS,40,Um fado,major,36,5,7
LINS,40,Um fado,major,37,3,5
LINS,40,Um fado,major,38,1,7
LINS,40,Um fado,major,39,3,9
LINS,40,Um fado,major,40,2,5
LINS,40,Um fado,major,41,1,x
LINS,40,Um fado,major,42,7,x
LINS,40,Um fado,major,43,1,1
LINS,40,Um fado,major,44,1,1
LINS,40,Um fado,major,45,7,x
LINS,40,Um fado,major,46,1,3
LINS,40,Um fado,major,47,2,x
LINS,40,Um fado,major,48,3,3
LINS,40,Um fado,major,49,3,13
LINS,40,Um fado,major,50,5,3
LINS,40,Um fado,major,51,#4/b5,x
LINS,40,Um fado,major,52,5,7
LINS,40,Um fado,major,53,6,x
LINS,40,Um fado,major,54,#6/b7,5
LINS,40,Um fado,major,55,1,x
LINS,40,Um fado,major,56,#6/b7,b9/#9
LINS,40,Um fado,major,57,6,5
LINS,40,Um fado,major,58,#4/b5,3
LINS,40,Um fado,major,59,3,9
LINS,40,Um fado,major,60,2,1
LINS,40,Um fado,major,61,6,5
LINS,40,Um fado,major,62,#4/b5,3
LINS,40,Um fado,major,63,3,9
LINS,40,Um fado,major,64,2,1
LINS,40,Um fado,major,65,2,5
LINS,40,Um fado,major,66,7,3
LINS,40,Um fado,major,67,6,9
LINS,40,Um fado,major,68,5,1
LINS,40,Um fado,major,69,6,9
LINS,40,Um fado,major,70,#5/b6,5
LINS,40,Um fado,major,71,1,1
LINS,40,Um fado,major,72,7,x
LINS,40,Um fado,major,73,1,3
LINS,40,Um fado,major,74,2,x
LINS,40,Um fado,major,75,3,3
LINS,40,Um fado,major,76,4,1
LINS,40,Um fado,major,77,3,x
LINS,40,Um fado,major,78,4,5
LINS,40,Um fado,major,79,5,x
LINS,40,Um fado,major,80,6,3
LINS,40,Um fado,major,81,1,1
LINS,40,Um fado,major,82,7,7
LINS,40,Um fado,major,83,5,7
LINS,40,Um fado,major,84,6,x
LINS,40,Um fado,major,85,5,7
LINS,40,Um fado,major,86,3,5
LINS,40,Um fado,major,87,1,7
LINS,40,Um fado,major,88,3,9
LINS,40,Um fado,major,89,2,5
LINS,40,Um fado,major,90,1,x
LINS,40,Um fado,major,91,7,x
LINS,40,Um fado,major,92,1,7
LINS,40,Um fado,major,93,1,3
LINS,40,Um fado,major,94,1,7
LINS,40,Um fado,major,95,1,3
LINS,40,Um fado,major,96,1,7
LINS,40,Um fado,major,97,1,3
LINS,40,Um fado,major,98,1,1
LINS,41,Velas icadas,major,1,3,9
LINS,41,Velas icadas,major,2,5,11
LINS,41,Velas icadas,major,3,1,7
LINS,41,Velas icadas,major,4,3,9
LINS,41,Velas icadas,major,5,6,9
LINS,41,Velas icadas,major,6,1,3
LINS,41,Velas icadas,major,7,4,1
LINS,41,Velas icadas,major,8,6,3
LINS,41,Velas icadas,major,9,5,5
LINS,41,Velas icadas,major,10,3,3
LINS,41,Velas icadas,major,11,3,9
LINS,41,Velas icadas,major,12,5,11
LINS,41,Velas icadas,major,13,1,7
LINS,41,Velas icadas,major,14,3,9
LINS,41,Velas icadas,major,15,6,9
LINS,41,Velas icadas,major,16,1,3
LINS,41,Velas icadas,major,17,4,7
LINS,41,Velas icadas,major,18,6,9
LINS,41,Velas icadas,major,19,5,3
LINS,41,Velas icadas,major,20,5,9
LINS,41,Velas icadas,major,21,#6/b7,11
LINS,41,Velas icadas,major,22,#2/b3,7
LINS,41,Velas icadas,major,23,5,9
LINS,41,Velas icadas,major,24,1,9
LINS,41,Velas icadas,major,25,#2/b3,3
LINS,41,Velas icadas,major,26,#5/b6,7
LINS,41,Velas icadas,major,27,1,9
LINS,41,Velas icadas,major,28,#6/b7,5
LINS,41,Velas icadas,major,29,5,3
LINS,41,Velas icadas,major,30,3,9
LINS,41,Velas icadas,major,31,5,11
LINS,41,Velas icadas,major,32,1,7
LINS,41,Velas icadas,major,33,3,9
LINS,41,Velas icadas,major,34,6,9
LINS,41,Velas icadas,major,35,1,3
LINS,41,Velas icadas,major,36,4,7
LINS,41,Velas icadas,major,37,7,3
LINS,41,Velas icadas,major,38,3,3
LINS,41,Velas icadas,major,39,3,11
LINS,41,Velas icadas,major,40,2,3
LINS,41,Velas icadas,major,41,4,b9/#9
LINS,41,Velas icadas,major,42,3,x
LINS,41,Velas icadas,major,43,2,7
LINS,41,Velas icadas,major,44,7,x
LINS,41,Velas icadas,major,45,1,3
LINS,41,Velas icadas,major,46,#5/b6,5
LINS,41,Velas icadas,major,47,5,11
LINS,41,Velas icadas,major,48,#6/b7,b9/#9
LINS,41,Velas icadas,major,49,#5/b6,x
LINS,41,Velas icadas,major,50,5,1
LINS,41,Velas icadas,major,51,4,x
LINS,41,Velas icadas,major,52,5,5
LINS,41,Velas icadas,major,53,3,11
LINS,41,Velas icadas,major,54,2,3
LINS,41,Velas icadas,major,55,4,b9/#9
LINS,41,Velas icadas,major,56,3,x
LINS,41,Velas icadas,major,57,2,7
LINS,41,Velas icadas,major,58,7,9
LINS,41,Velas icadas,major,59,3,5
LINS,41,Velas icadas,major,60,3,13
LINS,41,Velas icadas,major,61,5,3
LINS,41,Velas icadas,major,62,1,7
LINS,41,Velas icadas,major,63,3,9
LINS,41,Velas icadas,major,64,6,9
LINS,41,Velas icadas,major,65,1,11
LINS,41,Velas icadas,major,66,4,7
LINS,41,Velas icadas,major,67,6,9
LINS,41,Velas icadas,major,68,5,5
LINS,41,Velas icadas,major,69,3,3
LINS,41,Velas icadas,major,70,3,9
LINS,41,Velas icadas,major,71,5,3
LINS,41,Velas icadas,major,72,1,7
LINS,41,Velas icadas,major,73,3,9
LINS,41,Velas icadas,major,74,6,9
LINS,41,Velas icadas,major,75,5,1
LINS,41,Velas icadas,major,76,1,11
LINS,41,Velas icadas,major,77,1,1
LINS,41,Velas icadas,major,78,#6/b7,3
LINS,41,Velas icadas,major,79,6,x
LINS,41,Velas icadas,major,80,5,1
LINS,41,Velas icadas,major,81,1,1
LINS,42,Vitoriosa,major,1,3,3
LINS,42,Vitoriosa,major,2,2,x
LINS,42,Vitoriosa,major,3,1,1
LINS,42,Vitoriosa,major,4,1,x
LINS,42,Vitoriosa,major,5,2,5
LINS,42,Vitoriosa,major,6,3,13
LINS,42,Vitoriosa,major,7,4,x
LINS,42,Vitoriosa,major,8,5,1
LINS,42,Vitoriosa,major,9,2,5
LINS,42,Vitoriosa,major,10,1,1
LINS,42,Vitoriosa,major,11,3,3
LINS,42,Vitoriosa,major,12,2,5
LINS,42,Vitoriosa,major,13,1,x
LINS,42,Vitoriosa,major,14,2,5
LINS,42,Vitoriosa,major,15,3,13
LINS,42,Vitoriosa,major,16,4,x
LINS,42,Vitoriosa,major,17,5,1
LINS,42,Vitoriosa,major,18,2,5
LINS,42,Vitoriosa,major,19,3,3
LINS,42,Vitoriosa,major,20,3,3
LINS,42,Vitoriosa,major,21,4,3
LINS,42,Vitoriosa,major,22,3,9
LINS,42,Vitoriosa,major,23,2,3
LINS,42,Vitoriosa,major,24,#1/b2,x
LINS,42,Vitoriosa,major,25,2,7
LINS,42,Vitoriosa,major,26,3,1
LINS,42,Vitoriosa,major,27,1,3
LINS,42,Vitoriosa,major,28,6,5
LINS,42,Vitoriosa,major,29,5,11
LINS,42,Vitoriosa,major,30,5,1
LINS,42,Vitoriosa,major,31,2,11
LINS,42,Vitoriosa,major,32,1,3
LINS,42,Vitoriosa,major,33,7,5
LINS,42,Vitoriosa,major,34,6,11
LINS,42,Vitoriosa,major,35,5,3
LINS,42,Vitoriosa,major,36,#4/b5,9
LINS,42,Vitoriosa,major,37,3,5
LINS,42,Vitoriosa,major,38,2,11
LINS,42,Vitoriosa,major,39,1,3
LINS,42,Vitoriosa,major,40,7,5
LINS,42,Vitoriosa,major,41,6,11
LINS,42,Vitoriosa,major,42,5,3
LINS,42,Vitoriosa,major,43,#4/b5,9
LINS,42,Vitoriosa,major,44,3,1
LINS,42,Vitoriosa,major,45,1,5
LINS,42,Vitoriosa,major,46,7,x
LINS,42,Vitoriosa,major,47,1,5
LINS,42,Vitoriosa,major,48,2,x
LINS,42,Vitoriosa,major,49,3,7
LINS,42,Vitoriosa,major,50,7,x
LINS,42,Vitoriosa,major,51,#6/b7,x
LINS,42,Vitoriosa,major,52,6,x
LINS,42,Vitoriosa,major,53,#5/b6,b9/#9
LINS,42,Vitoriosa,major,54,5,x
LINS,42,Vitoriosa,major,55,#5/b6,b9/#9
LINS,42,Vitoriosa,major,56,#6/b7,b9/#9
LINS,42,Vitoriosa,major,57,5,5
LINS,42,Vitoriosa,major,58,3,3
LINS,42,Vitoriosa,major,59,3,x
LINS,42,Vitoriosa,major,60,4,7
LINS,42,Vitoriosa,major,61,3,13
LINS,42,Vitoriosa,major,62,5,5
LINS,42,Vitoriosa,major,63,5,7
LINS,42,Vitoriosa,major,64,7,x
LINS,42,Vitoriosa,major,65,1,7
LINS,42,Vitoriosa,major,66,7,13
LINS,42,Vitoriosa,major,67,2,5
LINS,43,Antes que seja tarde,minor,1,1,1
LINS,43,Antes que seja tarde,minor,2,2,x
LINS,43,Antes que seja tarde,minor,3,1,1
LINS,43,Antes que seja tarde,minor,4,b7,7
LINS,43,Antes que seja tarde,minor,5,5,5
LINS,43,Antes que seja tarde,minor,6,#6,6
LINS,43,Antes que seja tarde,minor,7,1,1
LINS,43,Antes que seja tarde,minor,8,#6,6
LINS,43,Antes que seja tarde,minor,9,4,x
LINS,43,Antes que seja tarde,minor,10,3,3
LINS,43,Antes que seja tarde,minor,11,1,1
LINS,43,Antes que seja tarde,minor,12,2,x
LINS,43,Antes que seja tarde,minor,13,3,3
LINS,43,Antes que seja tarde,minor,14,5,5
LINS,43,Antes que seja tarde,minor,15,3,3
LINS,43,Antes que seja tarde,minor,16,2,x
LINS,43,Antes que seja tarde,minor,17,1,1
LINS,43,Antes que seja tarde,minor,18,3,3
LINS,43,Antes que seja tarde,minor,19,2,9
LINS,43,Antes que seja tarde,minor,20,5,5
LINS,43,Antes que seja tarde,minor,21,1,1
LINS,43,Antes que seja tarde,minor,22,b7,7
LINS,43,Antes que seja tarde,minor,23,1,1
LINS,43,Antes que seja tarde,minor,24,1,5
LINS,43,Antes que seja tarde,minor,25,4,5
LINS,43,Antes que seja tarde,minor,26,6,7
LINS,43,Antes que seja tarde,minor,27,1,9
LINS,43,Antes que seja tarde,minor,28,3,x
LINS,43,Antes que seja tarde,minor,29,2,3
LINS,43,Antes que seja tarde,minor,30,2,7
LINS,43,Antes que seja tarde,minor,31,6,7
LINS,43,Antes que seja tarde,minor,32,b7,x
LINS,43,Antes que seja tarde,minor,33,1,9
LINS,43,Antes que seja tarde,minor,34,3,1
LINS,43,Antes que seja tarde,minor,35,4,x
LINS,43,Antes que seja tarde,minor,36,3,5
LINS,43,Antes que seja tarde,minor,37,2,1
LINS,43,Antes que seja tarde,minor,38,1,x
LINS,43,Antes que seja tarde,minor,39,7,6
LINS,43,Antes que seja tarde,minor,40,6,b9/#9
LINS,43,Antes que seja tarde,minor,41,5,x
LINS,43,Antes que seja tarde,minor,42,4,11
LINS,43,Antes que seja tarde,minor,43,3,3
LINS,45,Aparecida,minor,1,3,3
LINS,45,Aparecida,minor,2,3,7
LINS,45,Aparecida,minor,3,2,3
LINS,45,Aparecida,minor,4,b7,1
LINS,45,Aparecida,minor,5,5,3
LINS,45,Aparecida,minor,6,5,1
LINS,45,Aparecida,minor,7,3,3
LINS,45,Aparecida,minor,8,2,x
LINS,45,Aparecida,minor,9,3,3
LINS,45,Aparecida,minor,10,2,9
LINS,45,Aparecida,minor,11,1,1
LINS,45,Aparecida,minor,12,b7,7
LINS,45,Aparecida,minor,13,5,9
LINS,45,Aparecida,minor,14,1,5
LINS,45,Aparecida,minor,15,1,9
LINS,45,Aparecida,minor,16,b7,x
LINS,45,Aparecida,minor,17,6,7
LINS,45,Aparecida,minor,18,5,13
LINS,45,Aparecida,minor,19,4,5
LINS,45,Aparecida,minor,20,b7,1
LINS,45,Aparecida,minor,21,1,13
LINS,45,Aparecida,minor,22,b7,5
LINS,45,Aparecida,minor,23,5,3
LINS,45,Aparecida,minor,24,3,1
LINS,45,Aparecida,minor,25,#4/b5,3
LINS,45,Aparecida,minor,26,4,b9/#9
LINS,45,Aparecida,minor,27,3,b9/#9
LINS,45,Aparecida,minor,28,#4/b5,3
LINS,45,Aparecida,minor,29,4,b9/#9
LINS,45,Aparecida,minor,30,3,b9/#9
LINS,45,Aparecida,minor,31,6,1
LINS,45,Aparecida,minor,32,3,5
LINS,45,Aparecida,minor,33,1,3
LINS,45,Aparecida,minor,34,5,1
LINS,45,Aparecida,minor,35,3,3
LINS,45,Aparecida,minor,36,3,7
LINS,45,Aparecida,minor,37,2,3
LINS,45,Aparecida,minor,38,b7,1
LINS,45,Aparecida,minor,39,5,3
LINS,45,Aparecida,minor,40,#1/b2,5
LINS,45,Aparecida,minor,41,#4/b5,x
LINS,45,Aparecida,minor,42,5,5
LINS,45,Aparecida,minor,43,1,1
LINS,45,Aparecida,minor,44,5,5
LINS,45,Aparecida,minor,45,1,5
LINS,50,Cartomante,minor,1,3,3
LINS,50,Cartomante,minor,2,5,5
LINS,50,Cartomante,minor,3,1,1
LINS,50,Cartomante,minor,4,3,3
LINS,50,Cartomante,minor,5,3,3
LINS,50,Cartomante,minor,6,2,x
LINS,50,Cartomante,minor,7,3,5
LINS,50,Cartomante,minor,8,5,7
LINS,50,Cartomante,minor,9,1,3
LINS,50,Cartomante,minor,10,3,5
LINS,50,Cartomante,minor,11,3,x
LINS,50,Cartomante,minor,12,2,3
LINS,50,Cartomante,minor,13,#1/b2,1
LINS,50,Cartomante,minor,14,3,9
LINS,50,Cartomante,minor,15,5,3
LINS,50,Cartomante,minor,16,#1/b2,7
LINS,50,Cartomante,minor,17,#1/b2,x
LINS,50,Cartomante,minor,18,1,7
LINS,50,Cartomante,minor,19,1,7
LINS,50,Cartomante,minor,20,2,1
LINS,50,Cartomante,minor,21,#4/b5,3
LINS,50,Cartomante,minor,22,1,7
LINS,50,Cartomante,minor,23,1,x
LINS,50,Cartomante,minor,24,7,3
LINS,50,Cartomante,minor,25,3,3
LINS,50,Cartomante,minor,26,5,5
LINS,50,Cartomante,minor,27,1,1
LINS,50,Cartomante,minor,28,3,3
LINS,50,Cartomante,minor,29,3,3
LINS,50,Cartomante,minor,30,2,x
LINS,50,Cartomante,minor,31,3,5
LINS,50,Cartomante,minor,32,5,7
LINS,50,Cartomante,minor,33,1,3
LINS,50,Cartomante,minor,34,3,5
LINS,50,Cartomante,minor,35,3,x
LINS,50,Cartomante,minor,36,2,3
LINS,50,Cartomante,minor,37,#1/b2,1
LINS,50,Cartomante,minor,38,3,9
LINS,50,Cartomante,minor,39,5,3
LINS,50,Cartomante,minor,40,#1/b2,7
LINS,50,Cartomante,minor,41,#1/b2,x
LINS,50,Cartomante,minor,42,1,7
LINS,50,Cartomante,minor,43,1,7
LINS,50,Cartomante,minor,44,2,1
LINS,50,Cartomante,minor,45,#4/b5,3
LINS,50,Cartomante,minor,46,1,7
LINS,50,Cartomante,minor,47,1,x
LINS,50,Cartomante,minor,48,7,3
LINS,50,Cartomante,minor,49,1,1
MILTON,1,A sede do peixe,minor,1,5,5
MILTON,1,A sede do peixe,minor,2,b7,7
MILTON,1,A sede do peixe,minor,3,1,1
MILTON,1,A sede do peixe,minor,4,2,9
MILTON,1,A sede do peixe,minor,5,3,3
MILTON,1,A sede do peixe,minor,6,2,x
MILTON,1,A sede do peixe,minor,7,1,1
MILTON,1,A sede do peixe,minor,8,b7,7
MILTON,1,A sede do peixe,minor,9,1,7
MILTON,1,A sede do peixe,minor,10,b7,x
MILTON,1,A sede do peixe,minor,11,6,5
MILTON,1,A sede do peixe,minor,12,b7,6
MILTON,1,A sede do peixe,minor,13,1,7
MILTON,1,A sede do peixe,minor,14,b7,5
MILTON,1,A sede do peixe,minor,15,5,3
MILTON,1,A sede do peixe,minor,16,1,5
MILTON,1,A sede do peixe,minor,17,3,7
MILTON,1,A sede do peixe,minor,18,4,x
MILTON,1,A sede do peixe,minor,19,5,1
MILTON,1,A sede do peixe,minor,20,4,7
MILTON,1,A sede do peixe,minor,21,3,x
MILTON,1,A sede do peixe,minor,22,2,5
MILTON,1,A sede do peixe,minor,23,b7,3
MILTON,1,A sede do peixe,minor,24,1,5
MILTON,1,A sede do peixe,minor,25,b7,11
MILTON,1,A sede do peixe,minor,26,2,x
MILTON,1,A sede do peixe,minor,27,1,5
MILTON,1,A sede do peixe,minor,28,1,11
MILTON,1,A sede do peixe,minor,29,1,9
MILTON,1,A sede do peixe,minor,30,b7,1
MILTON,1,A sede do peixe,minor,31,2,3
MILTON,1,A sede do peixe,minor,32,4,5
MILTON,1,A sede do peixe,minor,33,#3,3
MILTON,1,A sede do peixe,minor,34,1,1
MILTON,2,A terceira margem do rio,minor,1,1,1
MILTON,2,A terceira margem do rio,minor,2,3,3
MILTON,2,A terceira margem do rio,minor,3,5,5
MILTON,2,A terceira margem do rio,minor,4,2,9
MILTON,2,A terceira margem do rio,minor,5,1,1
MILTON,2,A terceira margem do rio,minor,6,3,3
MILTON,2,A terceira margem do rio,minor,7,5,5
MILTON,2,A terceira margem do rio,minor,8,2,9
MILTON,2,A terceira margem do rio,minor,9,1,1
MILTON,2,A terceira margem do rio,minor,10,b7,7
MILTON,2,A terceira margem do rio,minor,11,1,1
MILTON,2,A terceira margem do rio,minor,12,3,3
MILTON,2,A terceira margem do rio,minor,13,5,5
MILTON,2,A terceira margem do rio,minor,14,2,9
MILTON,2,A terceira margem do rio,minor,15,1,1
MILTON,2,A terceira margem do rio,minor,16,3,3
MILTON,2,A terceira margem do rio,minor,17,5,5
MILTON,2,A terceira margem do rio,minor,18,2,9
MILTON,2,A terceira margem do rio,minor,19,1,1
MILTON,2,A terceira margem do rio,minor,20,b7,7
MILTON,3,Amor amigo,minor,1,3,3
MILTON,3,Amor amigo,minor,2,4,11
MILTON,3,Amor amigo,minor,3,3,3
MILTON,3,Amor amigo,minor,4,1,1
MILTON,3,Amor amigo,minor,5,1,7
MILTON,3,Amor amigo,minor,6,b7,b13
MILTON,3,Amor amigo,minor,7,6,x
MILTON,3,Amor amigo,minor,8,b7,5
MILTON,3,Amor amigo,minor,9,b7,#11
MILTON,3,Amor amigo,minor,10,b7,b9/#9
MILTON,3,Amor amigo,minor,11,b7,7
MILTON,3,Amor amigo,minor,12,4,11
MILTON,3,Amor amigo,minor,13,5,5
MILTON,3,Amor amigo,minor,14,4,11
MILTON,3,Amor amigo,minor,15,2,9
MILTON,3,Amor amigo,minor,16,1,1
MILTON,3,Amor amigo,minor,17,1,3
MILTON,3,Amor amigo,minor,18,3,5
MILTON,3,Amor amigo,minor,19,2,#11
MILTON,3,Amor amigo,minor,20,3,5
MILTON,3,Amor amigo,minor,21,2,x
MILTON,3,Amor amigo,minor,22,3,5
MILTON,3,Amor amigo,minor,23,1,3
MILTON,3,Amor amigo,minor,24,3,5
MILTON,3,Amor amigo,minor,25,1,x
MILTON,3,Amor amigo,minor,26,b7,5
MILTON,3,Amor amigo,minor,27,6,x
MILTON,3,Amor amigo,minor,28,b7,5
MILTON,3,Amor amigo,minor,29,6,x
MILTON,3,Amor amigo,minor,30,b7,5
MILTON,3,Amor amigo,minor,31,1,11
MILTON,3,Amor amigo,minor,32,b7,3
MILTON,3,Amor amigo,minor,33,5,1
MILTON,3,Amor amigo,minor,34,4,x
MILTON,3,Amor amigo,minor,35,5,1
MILTON,3,Amor amigo,minor,36,3,x
MILTON,3,Amor amigo,minor,37,4,11
MILTON,3,Amor amigo,minor,38,5,5
MILTON,3,Amor amigo,minor,39,3,3
MILTON,3,Amor amigo,minor,40,4,x
MILTON,3,Amor amigo,minor,41,5,9
MILTON,3,Amor amigo,minor,42,3,7
MILTON,3,Amor amigo,minor,43,1,5
MILTON,3,Amor amigo,minor,44,1,5
MILTON,3,Amor amigo,minor,45,2,x
MILTON,3,Amor amigo,minor,46,1,5
MILTON,3,Amor amigo,minor,47,1,11
MILTON,3,Amor amigo,minor,48,2,x
MILTON,3,Amor amigo,minor,49,1,1
MILTON,3,Amor amigo,minor,50,2,9
MILTON,3,Amor amigo,minor,51,1,1
MILTON,4,Cais,minor,1,4,11
MILTON,4,Cais,minor,2,3,3
MILTON,4,Cais,minor,3,4,x
MILTON,4,Cais,minor,4,5,5
MILTON,4,Cais,minor,5,#6,6
MILTON,4,Cais,minor,6,b7,x
MILTON,4,Cais,minor,7,1,1
MILTON,4,Cais,minor,8,5,5
MILTON,4,Cais,minor,9,#6,6
MILTON,4,Cais,minor,10,b7,x
MILTON,4,Cais,minor,11,1,1
MILTON,4,Cais,minor,12,5,#11
MILTON,4,Cais,minor,13,4,3
MILTON,4,Cais,minor,14,6,5
MILTON,4,Cais,minor,15,1,7
MILTON,4,Cais,minor,16,#1/b2,x
MILTON,4,Cais,minor,17,3,7
MILTON,4,Cais,minor,18,1,5
MILTON,4,Cais,minor,19,b7,11
MILTON,4,Cais,minor,20,1,5
MILTON,4,Cais,minor,21,2,7
MILTON,4,Cais,minor,22,3,1
MILTON,4,Cais,minor,23,4,9
MILTON,4,Cais,minor,24,1,9
MILTON,4,Cais,minor,25,#1/b2,3
MILTON,4,Cais,minor,26,3,x
MILTON,4,Cais,minor,27,4,7
MILTON,4,Cais,minor,28,1,9
MILTON,4,Cais,minor,29,#1/b2,3
MILTON,4,Cais,minor,30,3,x
MILTON,4,Cais,minor,31,4,7
MILTON,4,Cais,minor,32,3,3
MILTON,4,Cais,minor,33,2,x
MILTON,4,Cais,minor,34,1,1
MILTON,5,Cancao amiga,minor,1,1,1
MILTON,5,Cancao amiga,minor,2,3,3
MILTON,5,Cancao amiga,minor,3,2,9
MILTON,5,Cancao amiga,minor,4,1,1
MILTON,5,Cancao amiga,minor,5,b7,3
MILTON,5,Cancao amiga,minor,6,1,11
MILTON,5,Cancao amiga,minor,7,b7,3
MILTON,5,Cancao amiga,minor,8,5,1
MILTON,5,Cancao amiga,minor,9,5,x
MILTON,5,Cancao amiga,minor,10,4,1
MILTON,5,Cancao amiga,minor,11,5,9
MILTON,5,Cancao amiga,minor,12,4,1
MILTON,5,Cancao amiga,minor,13,3,7
MILTON,5,Cancao amiga,minor,14,3,5
MILTON,5,Cancao amiga,minor,15,1,3
MILTON,5,Cancao amiga,minor,16,3,5
MILTON,5,Cancao amiga,minor,17,4,7
MILTON,5,Cancao amiga,minor,18,5,6
MILTON,5,Cancao amiga,minor,19,b7,1
MILTON,5,Cancao amiga,minor,20,1,9
MILTON,5,Cancao amiga,minor,21,1,1
MILTON,5,Cancao amiga,minor,22,3,3
MILTON,5,Cancao amiga,minor,23,4,x
MILTON,5,Cancao amiga,minor,24,3,3
MILTON,5,Cancao amiga,minor,25,1,1
MILTON,5,Cancao amiga,minor,26,2,x
MILTON,5,Cancao amiga,minor,27,1,11
MILTON,5,Cancao amiga,minor,28,b7,3
MILTON,5,Cancao amiga,minor,29,5,1
MILTON,5,Cancao amiga,minor,30,4,7
MILTON,5,Cancao amiga,minor,31,4,x
MILTON,5,Cancao amiga,minor,32,5,9
MILTON,5,Cancao amiga,minor,33,3,7
MILTON,5,Cancao amiga,minor,34,4,1
MILTON,5,Cancao amiga,minor,35,4,x
MILTON,5,Cancao amiga,minor,36,3,5
MILTON,5,Cancao amiga,minor,37,3,3
MILTON,5,Cancao amiga,minor,38,1,9
MILTON,5,Cancao amiga,minor,39,b7,1
MILTON,5,Cancao amiga,minor,40,1,9
MILTON,5,Cancao amiga,minor,41,1,1
MILTON,6,Catavento,major,1,6,3
MILTON,6,Catavento,major,2,7,x
MILTON,6,Catavento,major,3,1,5
MILTON,6,Catavento,major,4,2,x
MILTON,6,Catavento,major,5,1,b13
MILTON,6,Catavento,major,6,7,x
MILTON,6,Catavento,major,7,6,x
MILTON,6,Catavento,major,8,5,b9/#9
MILTON,6,Catavento,major,9,4,x
MILTON,6,Catavento,major,10,3,9
MILTON,6,Catavento,major,11,2,1
MILTON,6,Catavento,major,12,2,9
MILTON,6,Catavento,major,13,1,1
MILTON,6,Catavento,major,14,2,x
MILTON,6,Catavento,major,15,3,3
MILTON,6,Catavento,major,16,1,1
MILTON,6,Catavento,major,17,2,x
MILTON,6,Catavento,major,18,3,3
MILTON,6,Catavento,major,19,1,1
MILTON,6,Catavento,major,20,2,x
MILTON,6,Catavento,major,21,3,3
MILTON,6,Catavento,major,22,1,1
MILTON,6,Catavento,major,23,1,5
MILTON,6,Catavento,major,24,#6/b7,1
MILTON,6,Catavento,major,25,5,x
MILTON,6,Catavento,major,26,#6/b7,1
MILTON,6,Catavento,major,27,5,5
MILTON,6,Catavento,major,28,6,3
MILTON,6,Catavento,major,29,7,x
MILTON,6,Catavento,major,30,1,5
MILTON,6,Catavento,major,31,2,x
MILTON,6,Catavento,major,32,1,5
MILTON,6,Catavento,major,33,7,3
MILTON,6,Catavento,major,34,6,x
MILTON,6,Catavento,major,35,5,1
MILTON,6,Catavento,major,36,3,13
MILTON,6,Catavento,major,37,5,3
MILTON,6,Catavento,major,38,3,1
MILTON,6,Catavento,major,39,6,11
MILTON,6,Catavento,major,40,5,3
MILTON,6,Catavento,major,41,1,1
MILTON,6,Catavento,major,42,2,x
MILTON,6,Catavento,major,43,3,3
MILTON,6,Catavento,major,44,4,x
MILTON,6,Catavento,major,45,3,3
MILTON,6,Catavento,major,46,2,x
MILTON,6,Catavento,major,47,1,1
MILTON,6,Catavento,major,48,2,x
MILTON,6,Catavento,major,49,3,3
MILTON,6,Catavento,major,50,4,x
MILTON,6,Catavento,major,51,3,3
MILTON,6,Catavento,major,52,2,x
MILTON,6,Catavento,major,53,1,1
MILTON,6,Catavento,major,54,2,x
MILTON,6,Catavento,major,55,3,x
MILTON,6,Catavento,major,56,4,3
MILTON,6,Catavento,major,57,3,x
MILTON,6,Catavento,major,58,2,3
MILTON,6,Catavento,major,59,1,x
MILTON,6,Catavento,major,60,1,5
MILTON,6,Catavento,major,61,#6/b7,1
MILTON,6,Catavento,major,62,6,x
MILTON,6,Catavento,major,63,#6/b7,1
MILTON,6,Catavento,major,64,1,1
MILTON,7,Caxanga,minor,1,3,3
MILTON,7,Caxanga,minor,2,4,1
MILTON,7,Caxanga,minor,3,3,3
MILTON,7,Caxanga,minor,4,4,1
MILTON,7,Caxanga,minor,5,5,9
MILTON,7,Caxanga,minor,6,5,5
MILTON,7,Caxanga,minor,7,b7,9
MILTON,7,Caxanga,minor,8,5,7
MILTON,7,Caxanga,minor,9,4,x
MILTON,7,Caxanga,minor,10,3,5
MILTON,7,Caxanga,minor,11,1,9
MILTON,7,Caxanga,minor,12,b7,x
MILTON,7,Caxanga,minor,13,1,9
MILTON,7,Caxanga,minor,14,1,3
MILTON,7,Caxanga,minor,15,b7,9
MILTON,7,Caxanga,minor,16,5,7
MILTON,7,Caxanga,minor,17,4,x
MILTON,7,Caxanga,minor,18,3,5
MILTON,7,Caxanga,minor,19,1,9
MILTON,7,Caxanga,minor,20,b7,x
MILTON,7,Caxanga,minor,21,1,9
MILTON,7,Caxanga,minor,22,1,1
MILTON,7,Caxanga,minor,23,3,3
MILTON,7,Caxanga,minor,24,4,1
MILTON,7,Caxanga,minor,25,5,9
MILTON,7,Caxanga,minor,26,5,5
MILTON,7,Caxanga,minor,27,b7,9
MILTON,7,Caxanga,minor,28,5,7
MILTON,7,Caxanga,minor,29,4,x
MILTON,7,Caxanga,minor,30,3,5
MILTON,7,Caxanga,minor,31,1,9
MILTON,7,Caxanga,minor,32,b7,x
MILTON,7,Caxanga,minor,33,1,9
MILTON,7,Caxanga,minor,34,1,3
MILTON,7,Caxanga,minor,35,b7,9
MILTON,7,Caxanga,minor,36,5,7
MILTON,7,Caxanga,minor,37,4,x
MILTON,7,Caxanga,minor,38,3,5
MILTON,7,Caxanga,minor,39,1,9
MILTON,7,Caxanga,minor,40,b7,x
MILTON,7,Caxanga,minor,41,1,9
MILTON,7,Caxanga,minor,42,1,1
MILTON,8,Clube da Esquina 2,major,1,7,#11
MILTON,8,Clube da Esquina 2,major,2,1,5
MILTON,8,Clube da Esquina 2,major,3,4,1
MILTON,8,Clube da Esquina 2,major,4,3,1
MILTON,8,Clube da Esquina 2,major,5,1,6
MILTON,8,Clube da Esquina 2,major,6,6,11
MILTON,8,Clube da Esquina 2,major,7,5,3
MILTON,8,Clube da Esquina 2,major,8,6,11
MILTON,8,Clube da Esquina 2,major,9,6,x
MILTON,8,Clube da Esquina 2,major,10,5,11
MILTON,8,Clube da Esquina 2,major,11,1,7
MILTON,8,Clube da Esquina 2,major,12,4,3
MILTON,8,Clube da Esquina 2,major,13,3,9
MILTON,8,Clube da Esquina 2,major,14,4,x
MILTON,8,Clube da Esquina 2,major,15,3,1
MILTON,8,Clube da Esquina 2,major,16,5,9
MILTON,8,Clube da Esquina 2,major,17,6,3
MILTON,8,Clube da Esquina 2,major,18,7,#11
MILTON,8,Clube da Esquina 2,major,19,5,9
MILTON,8,Clube da Esquina 2,major,20,3,7
MILTON,8,Clube da Esquina 2,major,21,2,x
MILTON,8,Clube da Esquina 2,major,22,3,1
MILTON,8,Clube da Esquina 2,major,23,4,x
MILTON,8,Clube da Esquina 2,major,24,3,1
MILTON,8,Clube da Esquina 2,major,25,1,6
MILTON,8,Clube da Esquina 2,major,26,7,x
MILTON,8,Clube da Esquina 2,major,27,1,6
MILTON,8,Clube da Esquina 2,major,28,7,x
MILTON,8,Clube da Esquina 2,major,29,1,6
MILTON,8,Clube da Esquina 2,major,30,7,x
MILTON,8,Clube da Esquina 2,major,31,1,3
MILTON,8,Clube da Esquina 2,major,32,2,5
MILTON,8,Clube da Esquina 2,major,33,3,13
MILTON,8,Clube da Esquina 2,major,34,4,3
MILTON,8,Clube da Esquina 2,major,35,1,5
MILTON,8,Clube da Esquina 2,major,36,7,3
MILTON,8,Clube da Esquina 2,major,37,3,3
MILTON,8,Clube da Esquina 2,major,38,7,7
MILTON,8,Clube da Esquina 2,major,39,6,3
MILTON,8,Clube da Esquina 2,major,40,3,13
MILTON,8,Clube da Esquina 2,major,41,6,3
MILTON,8,Clube da Esquina 2,major,42,5,1
MILTON,9,Coracao civil,major,1,5,5
MILTON,9,Coracao civil,major,2,4,x
MILTON,9,Coracao civil,major,3,3,3
MILTON,9,Coracao civil,major,4,1,1
MILTON,9,Coracao civil,major,5,1,5
MILTON,9,Coracao civil,major,6,4,1
MILTON,9,Coracao civil,major,7,2,1
MILTON,9,Coracao civil,major,8,5,5
MILTON,9,Coracao civil,major,9,4,x
MILTON,9,Coracao civil,major,10,3,3
MILTON,9,Coracao civil,major,11,1,1
MILTON,9,Coracao civil,major,12,1,5
MILTON,9,Coracao civil,major,13,4,1
MILTON,9,Coracao civil,major,14,2,1
MILTON,9,Coracao civil,major,15,3,x
MILTON,9,Coracao civil,major,16,4,5
MILTON,9,Coracao civil,major,17,3,x
MILTON,9,Coracao civil,major,18,2,3
MILTON,9,Coracao civil,major,19,1,5
MILTON,9,Coracao civil,major,20,3,3
MILTON,9,Coracao civil,major,21,1,1
MILTON,9,Coracao civil,major,22,2,x
MILTON,9,Coracao civil,major,23,3,3
MILTON,9,Coracao civil,major,24,3,5
MILTON,9,Coracao civil,major,25,2,x
MILTON,9,Coracao civil,major,26,1,3
MILTON,9,Coracao civil,major,27,6,1
MILTON,9,Coracao civil,major,28,2,1
MILTON,9,Coracao civil,major,29,2,5
MILTON,9,Coracao civil,major,30,1,1
MILTON,10,Credo,major,1,1,1
MILTON,10,Credo,major,2,6,6
MILTON,10,Credo,major,3,6,x
MILTON,10,Credo,major,4,5,5
MILTON,10,Credo,major,5,5,9
MILTON,10,Credo,major,6,3,7
MILTON,10,Credo,major,7,3,6
MILTON,10,Credo,major,8,2,x
MILTON,10,Credo,major,9,3,6
MILTON,10,Credo,major,10,2,5
MILTON,10,Credo,major,11,1,5
MILTON,10,Credo,major,12,1,1
MILTON,10,Credo,major,13,6,6
MILTON,10,Credo,major,14,#6/b7,7
MILTON,10,Credo,major,15,6,x
MILTON,10,Credo,major,16,#6/b7,7
MILTON,10,Credo,major,17,6,x
MILTON,10,Credo,major,18,5,9
MILTON,10,Credo,major,19,3,7
MILTON,10,Credo,major,20,3,13
MILTON,10,Credo,major,21,5,9
MILTON,10,Credo,major,22,#2/b3,3
MILTON,10,Credo,major,23,2,1
MILTON,10,Credo,major,24,1,1
MILTON,11,Crenca,minor,1,1,1
MILTON,11,Crenca,minor,2,3,3
MILTON,11,Crenca,minor,3,5,5
MILTON,11,Crenca,minor,4,b7,7
MILTON,11,Crenca,minor,5,1,1
MILTON,11,Crenca,minor,6,b7,7
MILTON,11,Crenca,minor,7,1,1
MILTON,11,Crenca,minor,8,3,9
MILTON,11,Crenca,minor,9,1,7
MILTON,11,Crenca,minor,10,b7,x
MILTON,11,Crenca,minor,11,6,5
MILTON,11,Crenca,minor,12,5,#11
MILTON,11,Crenca,minor,13,b7,6
MILTON,11,Crenca,minor,14,1,1
MILTON,11,Crenca,minor,15,5,5
MILTON,11,Crenca,minor,16,5,x
MILTON,11,Crenca,minor,17,4,9
MILTON,11,Crenca,minor,18,5,3
MILTON,11,Crenca,minor,19,b7,5
MILTON,11,Crenca,minor,20,5,3
MILTON,11,Crenca,minor,21,4,9
MILTON,11,Crenca,minor,22,4,1
MILTON,11,Crenca,minor,23,3,x
MILTON,11,Crenca,minor,24,4,1
MILTON,11,Crenca,minor,25,5,9
MILTON,11,Crenca,minor,26,4,1
MILTON,11,Crenca,minor,27,3,x
MILTON,11,Crenca,minor,28,2,x
MILTON,11,Crenca,minor,29,1,1
MILTON,12,Danca dos meninos,major,1,5,1
MILTON,12,Danca dos meninos,major,2,4,x
MILTON,12,Danca dos meninos,major,3,3,3
MILTON,12,Danca dos meninos,major,4,2,x
MILTON,12,Danca dos meninos,major,5,3,3
MILTON,12,Danca dos meninos,major,6,2,6
MILTON,12,Danca dos meninos,major,7,3,x
MILTON,12,Danca dos meninos,major,8,4,1
MILTON,12,Danca dos meninos,major,9,4,3
MILTON,12,Danca dos meninos,major,10,5,1
MILTON,12,Danca dos meninos,major,11,4,x
MILTON,12,Danca dos meninos,major,12,3,3
MILTON,12,Danca dos meninos,major,13,2,x
MILTON,12,Danca dos meninos,major,14,3,3
MILTON,12,Danca dos meninos,major,15,5,1
MILTON,12,Danca dos meninos,major,16,4,x
MILTON,12,Danca dos meninos,major,17,5,1
MILTON,12,Danca dos meninos,major,18,4,7
MILTON,12,Danca dos meninos,major,19,5,1
MILTON,12,Danca dos meninos,major,20,4,7
MILTON,12,Danca dos meninos,major,21,#6/b7,3
MILTON,12,Danca dos meninos,major,22,6,x
MILTON,12,Danca dos meninos,major,23,#6/b7,3
MILTON,12,Danca dos meninos,major,24,6,3
MILTON,12,Danca dos meninos,major,25,5,x
MILTON,12,Danca dos meninos,major,26,4,1
MILTON,12,Danca dos meninos,major,27,3,3
MILTON,12,Danca dos meninos,major,28,5,1
MILTON,12,Danca dos meninos,major,29,4,x
MILTON,12,Danca dos meninos,major,30,3,3
MILTON,12,Danca dos meninos,major,31,5,5
MILTON,12,Danca dos meninos,major,32,4,x
MILTON,12,Danca dos meninos,major,33,3,3
MILTON,12,Danca dos meninos,major,34,5,5
MILTON,12,Danca dos meninos,major,35,4,x
MILTON,12,Danca dos meninos,major,36,3,3
MILTON,12,Danca dos meninos,major,37,5,5
MILTON,12,Danca dos meninos,major,38,2,5
MILTON,12,Danca dos meninos,major,39,7,3
MILTON,12,Danca dos meninos,major,40,6,x
MILTON,12,Danca dos meninos,major,41,5,1
MILTON,12,Danca dos meninos,major,42,2,5
MILTON,12,Danca dos meninos,major,43,4,x
MILTON,12,Danca dos meninos,major,44,3,3
MILTON,12,Danca dos meninos,major,45,4,x
MILTON,12,Danca dos meninos,major,46,5,5
MILTON,12,Danca dos meninos,major,47,6,6
MILTON,12,Danca dos meninos,major,48,1,1
MILTON,12,Danca dos meninos,major,49,5,5
MILTON,12,Danca dos meninos,major,50,6,6
MILTON,12,Danca dos meninos,major,51,1,1
MILTON,12,Danca dos meninos,major,52,6,x
MILTON,12,Danca dos meninos,major,53,5,5
MILTON,12,Danca dos meninos,major,54,6,6
MILTON,12,Danca dos meninos,major,55,1,1
MILTON,12,Danca dos meninos,major,56,5,5
MILTON,12,Danca dos meninos,major,57,6,6
MILTON,12,Danca dos meninos,major,58,1,1
MILTON,12,Danca dos meninos,major,59,2,5
MILTON,13,E dai,major,1,5,5
MILTON,13,E dai,major,2,6,6
MILTON,13,E dai,major,3,7,x
MILTON,13,E dai,major,4,1,1
MILTON,13,E dai,major,5,7,7
MILTON,13,E dai,major,6,6,x
MILTON,13,E dai,major,7,5,5
MILTON,13,E dai,major,8,5,7
MILTON,13,E dai,major,9,6,1
MILTON,13,E dai,major,10,5,7
MILTON,13,E dai,major,11,5,5
MILTON,13,E dai,major,12,4,x
MILTON,13,E dai,major,13,3,3
MILTON,13,E dai,major,14,2,x
MILTON,13,E dai,major,15,1,1
MILTON,13,E dai,major,16,3,7
MILTON,13,E dai,major,17,4,1
MILTON,13,E dai,major,18,3,7
MILTON,13,E dai,major,19,3,9
MILTON,13,E dai,major,20,2,x
MILTON,13,E dai,major,21,1,7
MILTON,13,E dai,major,22,1,6
MILTON,13,E dai,major,23,6,11
MILTON,13,E dai,major,24,5,7
MILTON,13,E dai,major,25,5,1
MILTON,13,E dai,major,26,3,13
MILTON,13,E dai,major,27,5,1
MILTON,13,E dai,major,28,6,9
MILTON,13,E dai,major,29,5,1
MILTON,13,E dai,major,30,2,5
MILTON,13,E dai,major,31,3,13
MILTON,13,E dai,major,32,5,6
MILTON,13,E dai,major,33,2,3
MILTON,13,E dai,major,34,1,x
MILTON,13,E dai,major,35,#6/b7,1
MILTON,13,E dai,major,36,2,3
MILTON,13,E dai,major,37,2,6
MILTON,13,E dai,major,38,1,5
MILTON,13,E dai,major,39,2,5
MILTON,13,E dai,major,40,1,x
MILTON,13,E dai,major,41,7,3
MILTON,13,E dai,major,42,6,x
MILTON,13,E dai,major,43,5,1
MILTON,14,Maria Maria,major,1,5,5
MILTON,14,Maria Maria,major,2,1,1
MILTON,14,Maria Maria,major,3,2,x
MILTON,14,Maria Maria,major,4,1,1
MILTON,14,Maria Maria,major,5,5,1
MILTON,14,Maria Maria,major,6,#5/b6,x
MILTON,14,Maria Maria,major,7,5,3
MILTON,14,Maria Maria,major,8,1,5
MILTON,14,Maria Maria,major,9,4,1
MILTON,14,Maria Maria,major,10,4,3
MILTON,14,Maria Maria,major,11,3,3
MILTON,14,Maria Maria,major,12,1,1
MILTON,14,Maria Maria,major,13,3,3
MILTON,14,Maria Maria,major,14,1,1
MILTON,14,Maria Maria,major,15,3,5
MILTON,14,Maria Maria,major,16,5,x
MILTON,14,Maria Maria,major,17,6,1
MILTON,14,Maria Maria,major,18,3,7
MILTON,14,Maria Maria,major,19,1,5
MILTON,14,Maria Maria,major,20,2,3
MILTON,14,Maria Maria,major,21,2,x
MILTON,14,Maria Maria,major,22,1,b9/#9
MILTON,14,Maria Maria,major,23,1,5
MILTON,14,Maria Maria,major,24,4,1
MILTON,14,Maria Maria,major,25,3,3
MILTON,14,Maria Maria,major,26,2,x
MILTON,14,Maria Maria,major,27,1,1
MILTON,14,Maria Maria,major,28,5,5
MILTON,14,Maria Maria,major,29,5,1
MILTON,14,Maria Maria,major,30,5,3
MILTON,14,Maria Maria,major,31,5,9
MILTON,14,Maria Maria,major,32,4,1
MILTON,14,Maria Maria,major,33,4,3
MILTON,14,Maria Maria,major,34,3,3
MILTON,14,Maria Maria,major,35,1,1
MILTON,14,Maria Maria,major,36,3,3
MILTON,14,Maria Maria,major,37,1,1
MILTON,14,Maria Maria,major,38,3,5
MILTON,14,Maria Maria,major,39,5,x
MILTON,14,Maria Maria,major,40,6,1
MILTON,14,Maria Maria,major,41,3,7
MILTON,14,Maria Maria,major,42,1,5
MILTON,14,Maria Maria,major,43,2,3
MILTON,14,Maria Maria,major,44,1,b9/#9
MILTON,14,Maria Maria,major,45,1,5
MILTON,14,Maria Maria,major,46,4,1
MILTON,14,Maria Maria,major,47,3,3
MILTON,14,Maria Maria,major,48,2,x
MILTON,14,Maria Maria,major,49,1,1
MILTON,15,Maria tres filhos,major,1,1,1
MILTON,15,Maria tres filhos,major,2,5,5
MILTON,15,Maria tres filhos,major,3,1,6
MILTON,15,Maria tres filhos,major,4,1,1
MILTON,15,Maria tres filhos,major,5,5,5
MILTON,15,Maria tres filhos,major,6,1,6
MILTON,15,Maria tres filhos,major,7,#6/b7,x
MILTON,15,Maria tres filhos,major,8,1,x
MILTON,15,Maria tres filhos,major,9,2,9
MILTON,15,Maria tres filhos,major,10,1,x
MILTON,15,Maria tres filhos,major,11,#6/b7,7
MILTON,15,Maria tres filhos,major,12,6,x
MILTON,15,Maria tres filhos,major,13,5,3
MILTON,15,Maria tres filhos,major,14,4,b9/#9
MILTON,15,Maria tres filhos,major,15,#6/b7,7
MILTON,15,Maria tres filhos,major,16,6,x
MILTON,15,Maria tres filhos,major,17,5,5
MILTON,15,Maria tres filhos,major,18,4,x
MILTON,15,Maria tres filhos,major,19,3,1
MILTON,15,Maria tres filhos,major,20,4,3
MILTON,15,Maria tres filhos,major,21,3,1
MILTON,15,Maria tres filhos,major,22,2,7
MILTON,15,Maria tres filhos,major,23,2,9
MILTON,16,Milagre dos peixes,major,1,5,1
MILTON,16,Milagre dos peixes,major,2,7,7
MILTON,16,Milagre dos peixes,major,3,5,5
MILTON,16,Milagre dos peixes,major,4,5,b13
MILTON,16,Milagre dos peixes,major,5,#6/b7,7
MILTON,16,Milagre dos peixes,major,6,#4/b5,5
MILTON,16,Milagre dos peixes,major,7,#5/b6,x
MILTON,16,Milagre dos peixes,major,8,6,9
MILTON,16,Milagre dos peixes,major,9,4,7
MILTON,16,Milagre dos peixes,major,10,4,9
MILTON,16,Milagre dos peixes,major,11,#5/b6,11
MILTON,16,Milagre dos peixes,major,12,5,1
MILTON,16,Milagre dos peixes,major,13,5,b9/#9
MILTON,16,Milagre dos peixes,major,14,5,9
MILTON,16,Milagre dos peixes,major,15,5,b9/#9
MILTON,16,Milagre dos peixes,major,16,5,1
MILTON,16,Milagre dos peixes,major,17,5,5
MILTON,16,Milagre dos peixes,major,18,1,1
MILTON,16,Milagre dos peixes,major,19,3,3
MILTON,16,Milagre dos peixes,major,20,2,x
MILTON,16,Milagre dos peixes,major,21,3,9
MILTON,16,Milagre dos peixes,major,22,#6/b7,5
MILTON,16,Milagre dos peixes,major,23,#2/b3,1
MILTON,16,Milagre dos peixes,major,24,5,3
MILTON,16,Milagre dos peixes,major,25,5,x
MILTON,16,Milagre dos peixes,major,26,4,1
MILTON,16,Milagre dos peixes,major,27,5,x
MILTON,16,Milagre dos peixes,major,28,4,1
MILTON,16,Milagre dos peixes,major,29,4,x
MILTON,16,Milagre dos peixes,major,30,#2/b3,1
MILTON,16,Milagre dos peixes,major,31,2,1
MILTON,16,Milagre dos peixes,major,32,1,7
MILTON,16,Milagre dos peixes,major,33,1,1
MILTON,17,Morro Velho,major,1,3,3
MILTON,17,Morro Velho,major,2,1,1
MILTON,17,Morro Velho,major,3,3,3
MILTON,17,Morro Velho,major,4,5,5
MILTON,17,Morro Velho,major,5,4,3
MILTON,17,Morro Velho,major,6,2,9
MILTON,17,Morro Velho,major,7,5,5
MILTON,17,Morro Velho,major,8,1,1
MILTON,17,Morro Velho,major,9,5,5
MILTON,17,Morro Velho,major,10,6,6
MILTON,17,Morro Velho,major,11,5,5
MILTON,17,Morro Velho,major,12,#4/b5,#11
MILTON,17,Morro Velho,major,13,3,x
MILTON,17,Morro Velho,major,14,2,9
MILTON,17,Morro Velho,major,15,1,1
MILTON,17,Morro Velho,major,16,#6/b7,7
MILTON,17,Morro Velho,major,17,5,5
MILTON,17,Morro Velho,major,18,1,1
MILTON,17,Morro Velho,major,19,5,5
MILTON,17,Morro Velho,major,20,6,3
MILTON,17,Morro Velho,major,21,6,3
MILTON,17,Morro Velho,major,22,5,b9/#9
MILTON,17,Morro Velho,major,23,4,x
MILTON,17,Morro Velho,major,24,3,7
MILTON,17,Morro Velho,major,25,2,x
MILTON,17,Morro Velho,major,26,1,#11
MILTON,17,Morro Velho,major,27,#5/b6,7
MILTON,17,Morro Velho,major,28,5,9
MILTON,17,Morro Velho,major,29,4,x
MILTON,17,Morro Velho,major,30,3,#11
MILTON,17,Morro Velho,major,31,2,9
MILTON,17,Morro Velho,major,32,1,1
MILTON,17,Morro Velho,major,33,5,5
MILTON,17,Morro Velho,major,34,1,1
MILTON,17,Morro Velho,major,35,#6/b7,7
MILTON,17,Morro Velho,major,36,5,5
MILTON,17,Morro Velho,major,37,1,1
MILTON,17,Morro Velho,major,38,5,5
MILTON,17,Morro Velho,major,39,1,1
MILTON,17,Morro Velho,major,40,5,5
MILTON,17,Morro Velho,major,41,1,1
MILTON,17,Morro Velho,major,42,5,5
MILTON,17,Morro Velho,major,43,3,x
MILTON,17,Morro Velho,major,44,2,3
MILTON,17,Morro Velho,major,45,7,1
MILTON,17,Morro Velho,major,46,2,3
MILTON,17,Morro Velho,major,47,4,5
MILTON,17,Morro Velho,major,48,2,9
MILTON,17,Morro Velho,major,49,1,3
MILTON,17,Morro Velho,major,50,5,5
MILTON,17,Morro Velho,major,51,3,3
MILTON,17,Morro Velho,major,52,6,7
MILTON,17,Morro Velho,major,53,5,x
MILTON,17,Morro Velho,major,54,#4/b5,x
MILTON,17,Morro Velho,major,55,3,11
MILTON,17,Morro Velho,major,56,2,3
MILTON,17,Morro Velho,major,57,5,6
MILTON,17,Morro Velho,major,58,5,11
MILTON,17,Morro Velho,major,59,4,x
MILTON,17,Morro Velho,major,60,3,9
MILTON,17,Morro Velho,major,61,3,3
MILTON,17,Morro Velho,major,62,3,11
MILTON,18,Nada sera como antes,minor,1,1,1
MILTON,18,Nada sera como antes,minor,2,2,9
MILTON,18,Nada sera como antes,minor,3,1,1
MILTON,18,Nada sera como antes,minor,4,2,9
MILTON,18,Nada sera como antes,minor,5,1,1
MILTON,18,Nada sera como antes,minor,6,2,9
MILTON,18,Nada sera como antes,minor,7,1,x
MILTON,18,Nada sera como antes,minor,8,b7,7
MILTON,18,Nada sera como antes,minor,9,4,5
MILTON,18,Nada sera como antes,minor,10,6,7
MILTON,18,Nada sera como antes,minor,11,b7,5
MILTON,18,Nada sera como antes,minor,12,1,13
MILTON,18,Nada sera como antes,minor,13,b7,5
MILTON,18,Nada sera como antes,minor,14,6,x
MILTON,18,Nada sera como antes,minor,15,5,7
MILTON,18,Nada sera como antes,minor,16,6,1
MILTON,18,Nada sera como antes,minor,17,4,x
MILTON,18,Nada sera como antes,minor,18,5,7
MILTON,18,Nada sera como antes,minor,19,1,7
MILTON,18,Nada sera como antes,minor,20,3,9
MILTON,18,Nada sera como antes,minor,21,4,1
MILTON,18,Nada sera como antes,minor,22,5,9
MILTON,18,Nada sera como antes,minor,23,1,5
MILTON,18,Nada sera como antes,minor,24,3,7
MILTON,18,Nada sera como antes,minor,25,4,x
MILTON,18,Nada sera como antes,minor,26,5,9
MILTON,18,Nada sera como antes,minor,27,b7,11
MILTON,18,Nada sera como antes,minor,28,1,1
MILTON,18,Nada sera como antes,minor,29,2,9
MILTON,18,Nada sera como antes,minor,30,5,5
MILTON,18,Nada sera como antes,minor,31,b7,7
MILTON,18,Nada sera como antes,minor,32,2,9
MILTON,18,Nada sera como antes,minor,33,1,1
MILTON,18,Nada sera como antes,minor,34,2,x
MILTON,18,Nada sera como antes,minor,35,3,3
MILTON,18,Nada sera como antes,minor,36,2,x
MILTON,18,Nada sera como antes,minor,37,1,1
MILTON,18,Nada sera como antes,minor,38,2,x
MILTON,18,Nada sera como antes,minor,39,3,7
MILTON,18,Nada sera como antes,minor,40,2,x
MILTON,18,Nada sera como antes,minor,41,1,5
MILTON,18,Nada sera como antes,minor,42,2,x
MILTON,18,Nada sera como antes,minor,43,3,7
MILTON,18,Nada sera como antes,minor,44,2,7
MILTON,18,Nada sera como antes,minor,45,#1/b2,7
MILTON,18,Nada sera como antes,minor,46,1,7
MILTON,18,Nada sera como antes,minor,47,1,7
MILTON,19,Olha,minor,1,5,5
MILTON,19,Olha,minor,2,3,3
MILTON,19,Olha,minor,3,2,9
MILTON,19,Olha,minor,4,4,11
MILTON,19,Olha,minor,5,3,x
MILTON,19,Olha,minor,6,2,1
MILTON,19,Olha,minor,7,1,7
MILTON,19,Olha,minor,8,4,3
MILTON,19,Olha,minor,9,5,5
MILTON,19,Olha,minor,10,3,3
MILTON,19,Olha,minor,11,2,9
MILTON,19,Olha,minor,12,b7,7
MILTON,19,Olha,minor,13,#6,5
MILTON,19,Olha,minor,14,4,3
MILTON,19,Olha,minor,15,#3,9
MILTON,19,Olha,minor,16,1,7
MILTON,19,Olha,minor,17,3,5
MILTON,19,Olha,minor,18,b7,9
MILTON,19,Olha,minor,19,6,1
MILTON,19,Olha,minor,20,4,6
MILTON,19,Olha,minor,21,5,9
MILTON,19,Olha,minor,22,3,1
MILTON,19,Olha,minor,23,4,9
MILTON,19,Olha,minor,24,2,3
MILTON,19,Olha,minor,25,b7,1
MILTON,19,Olha,minor,26,4,5
MILTON,19,Olha,minor,27,#3,3
MILTON,19,Olha,minor,28,1,1
MILTON,19,Olha,minor,29,b7,7
MILTON,19,Olha,minor,30,2,3
MILTON,19,Olha,minor,31,1,1
MILTON,20,Os povos,major,1,3,3
MILTON,20,Os povos,major,2,4,x
MILTON,20,Os povos,major,3,3,3
MILTON,20,Os povos,major,4,4,x
MILTON,20,Os povos,major,5,3,3
MILTON,20,Os povos,major,6,2,9
MILTON,20,Os povos,major,7,2,6
MILTON,20,Os povos,major,8,4,1
MILTON,20,Os povos,major,9,3,3
MILTON,20,Os povos,major,10,#4/b5,#11
MILTON,20,Os povos,major,11,3,3
MILTON,20,Os povos,major,12,3,x
MILTON,20,Os povos,major,13,#4/b5,#11
MILTON,20,Os povos,major,14,3,3
MILTON,20,Os povos,major,15,3,x
MILTON,20,Os povos,major,16,2,6
MILTON,20,Os povos,major,17,4,1
MILTON,20,Os povos,major,18,1,3
MILTON,20,Os povos,major,19,2,x
MILTON,20,Os povos,major,20,1,3
MILTON,20,Os povos,major,21,2,x
MILTON,20,Os povos,major,22,1,3
MILTON,20,Os povos,major,23,7,5
MILTON,20,Os povos,major,24,3,1
MILTON,20,Os povos,major,25,1,9
MILTON,20,Os povos,major,26,2,3
MILTON,20,Os povos,major,27,4,5
MILTON,20,Os povos,major,28,5,x
MILTON,20,Os povos,major,29,6,7
MILTON,20,Os povos,major,30,1,9
MILTON,20,Os povos,major,31,2,9
MILTON,20,Os povos,major,32,3,3
MILTON,21,Outubro,minor,1,5,5
MILTON,21,Outubro,minor,2,4,11
MILTON,21,Outubro,minor,3,2,9
MILTON,21,Outubro,minor,4,2,x
MILTON,21,Outubro,minor,5,1,1
MILTON,21,Outubro,minor,6,b7,7
MILTON,21,Outubro,minor,7,1,1
MILTON,21,Outubro,minor,8,5,5
MILTON,21,Outubro,minor,9,4,11
MILTON,21,Outubro,minor,10,2,9
MILTON,21,Outubro,minor,11,2,x
MILTON,21,Outubro,minor,12,1,x
MILTON,21,Outubro,minor,13,b7,7
MILTON,21,Outubro,minor,14,5,3
MILTON,21,Outubro,minor,15,5,7
MILTON,21,Outubro,minor,16,1,5
MILTON,21,Outubro,minor,17,b7,11
MILTON,21,Outubro,minor,18,b7,1
MILTON,21,Outubro,minor,19,5,13
MILTON,21,Outubro,minor,20,4,5
MILTON,21,Outubro,minor,21,3,x
MILTON,21,Outubro,minor,22,4,5
MILTON,21,Outubro,minor,23,#6,11
MILTON,21,Outubro,minor,24,#4/b5,13
MILTON,21,Outubro,minor,25,5,7
MILTON,21,Outubro,minor,26,5,1
MILTON,21,Outubro,minor,27,3,6
MILTON,21,Outubro,minor,28,2,5
MILTON,21,Outubro,minor,29,1,3
MILTON,21,Outubro,minor,30,b7,x
MILTON,21,Outubro,minor,31,1,3
MILTON,22,Pieta,minor,1,3,3
MILTON,22,Pieta,minor,2,1,1
MILTON,22,Pieta,minor,3,b7,7
MILTON,22,Pieta,minor,4,5,5
MILTON,22,Pieta,minor,5,4,x
MILTON,22,Pieta,minor,6,5,5
MILTON,22,Pieta,minor,7,1,x
MILTON,22,Pieta,minor,8,b7,7
MILTON,22,Pieta,minor,9,3,3
MILTON,22,Pieta,minor,10,1,1
MILTON,22,Pieta,minor,11,b7,7
MILTON,22,Pieta,minor,12,5,5
MILTON,22,Pieta,minor,13,4,x
MILTON,22,Pieta,minor,14,5,5
MILTON,22,Pieta,minor,15,4,x
MILTON,22,Pieta,minor,16,3,3
MILTON,22,Pieta,minor,17,1,1
MILTON,22,Pieta,minor,18,3,3
MILTON,22,Pieta,minor,19,1,1
MILTON,22,Pieta,minor,20,3,1
MILTON,22,Pieta,minor,21,1,6
MILTON,22,Pieta,minor,22,3,1
MILTON,22,Pieta,minor,23,1,6
MILTON,22,Pieta,minor,24,3,1
MILTON,22,Pieta,minor,25,1,6
MILTON,22,Pieta,minor,26,3,1
MILTON,22,Pieta,minor,27,1,6
MILTON,22,Pieta,minor,28,4,x
MILTON,22,Pieta,minor,29,3,3
MILTON,22,Pieta,minor,30,1,1
MILTON,22,Pieta,minor,31,b7,7
MILTON,22,Pieta,minor,32,1,1
MILTON,22,Pieta,minor,33,3,7
MILTON,22,Pieta,minor,34,4,x
MILTON,22,Pieta,minor,35,#4/b5,b13
MILTON,22,Pieta,minor,36,4,x
MILTON,22,Pieta,minor,37,3,3
MILTON,22,Pieta,minor,38,1,1
MILTON,22,Pieta,minor,39,b7,7
MILTON,22,Pieta,minor,40,4,x
MILTON,22,Pieta,minor,41,3,1
MILTON,22,Pieta,minor,42,1,6
MILTON,22,Pieta,minor,43,b7,5
MILTON,22,Pieta,minor,44,1,6
MILTON,23,Primeiro de maio,minor,1,3,3
MILTON,23,Primeiro de maio,minor,2,5,5
MILTON,23,Primeiro de maio,minor,3,#6,x
MILTON,23,Primeiro de maio,minor,4,7,7
MILTON,23,Primeiro de maio,minor,5,1,x
MILTON,23,Primeiro de maio,minor,6,2,9
MILTON,23,Primeiro de maio,minor,7,3,3
MILTON,23,Primeiro de maio,minor,8,3,x
MILTON,23,Primeiro de maio,minor,9,2,1
MILTON,23,Primeiro de maio,minor,10,3,x
MILTON,23,Primeiro de maio,minor,11,4,3
MILTON,23,Primeiro de maio,minor,12,#3,9
MILTON,23,Primeiro de maio,minor,13,3,x
MILTON,23,Primeiro de maio,minor,14,2,1
MILTON,23,Primeiro de maio,minor,15,6,#11
MILTON,23,Primeiro de maio,minor,16,5,3
MILTON,23,Primeiro de maio,minor,17,#4/b5,3
MILTON,23,Primeiro de maio,minor,18,5,x
MILTON,23,Primeiro de maio,minor,19,6,#11
MILTON,23,Primeiro de maio,minor,20,#6,5
MILTON,23,Primeiro de maio,minor,21,b7,x
MILTON,23,Primeiro de maio,minor,22,7,1
MILTON,23,Primeiro de maio,minor,23,2,9
MILTON,23,Primeiro de maio,minor,24,#1/b2,x
MILTON,23,Primeiro de maio,minor,25,1,1
MILTON,23,Primeiro de maio,minor,26,7,x
MILTON,23,Primeiro de maio,minor,27,b7,7
MILTON,23,Primeiro de maio,minor,28,#6,6
MILTON,23,Primeiro de maio,minor,29,6,x
MILTON,23,Primeiro de maio,minor,30,5,6
MILTON,23,Primeiro de maio,minor,31,b7,1
MILTON,23,Primeiro de maio,minor,32,#6,7
MILTON,23,Primeiro de maio,minor,33,6,x
MILTON,23,Primeiro de maio,minor,34,5,6
MILTON,23,Primeiro de maio,minor,35,b7,1
MILTON,23,Primeiro de maio,minor,36,#6,x
MILTON,23,Primeiro de maio,minor,37,6,7
MILTON,23,Primeiro de maio,minor,38,b7,5
MILTON,23,Primeiro de maio,minor,39,5,7
MILTON,23,Primeiro de maio,minor,40,3,5
MILTON,23,Primeiro de maio,minor,41,4,x
MILTON,23,Primeiro de maio,minor,42,5,1
MILTON,23,Primeiro de maio,minor,43,4,7
MILTON,23,Primeiro de maio,minor,44,#1/b2,5
MILTON,23,Primeiro de maio,minor,45,3,x
MILTON,23,Primeiro de maio,minor,46,4,7
MILTON,23,Primeiro de maio,minor,47,#4/b5,1
MILTON,23,Primeiro de maio,minor,48,4,x
MILTON,23,Primeiro de maio,minor,49,#4/b5,1
MILTON,23,Primeiro de maio,minor,50,4,3
MILTON,23,Primeiro de maio,minor,51,2,#11
MILTON,23,Primeiro de maio,minor,52,3,5
MILTON,23,Primeiro de maio,minor,53,6,5
MILTON,23,Primeiro de maio,minor,54,5,3
MILTON,23,Primeiro de maio,minor,55,#4/b5,3
MILTON,23,Primeiro de maio,minor,56,4,7
MILTON,23,Primeiro de maio,minor,57,3,3
MILTON,24,Rio vermelho,minor,1,b7,3
MILTON,24,Rio vermelho,minor,2,#6,3
MILTON,24,Rio vermelho,minor,3,b7,x
MILTON,24,Rio vermelho,minor,4,#6,3
MILTON,24,Rio vermelho,minor,5,4,1
MILTON,24,Rio vermelho,minor,6,2,5
MILTON,24,Rio vermelho,minor,7,b7,3
MILTON,24,Rio vermelho,minor,8,2,5
MILTON,24,Rio vermelho,minor,9,4,1
MILTON,24,Rio vermelho,minor,10,5,x
MILTON,24,Rio vermelho,minor,11,4,1
MILTON,24,Rio vermelho,minor,12,4,7
MILTON,24,Rio vermelho,minor,13,5,x
MILTON,24,Rio vermelho,minor,14,4,7
MILTON,24,Rio vermelho,minor,15,2,6
MILTON,24,Rio vermelho,minor,16,b7,x
MILTON,24,Rio vermelho,minor,17,1,11
MILTON,24,Rio vermelho,minor,18,2,5
MILTON,24,Rio vermelho,minor,19,4,7
MILTON,24,Rio vermelho,minor,20,2,x
MILTON,24,Rio vermelho,minor,21,1,5
MILTON,24,Rio vermelho,minor,22,1,11
MILTON,24,Rio vermelho,minor,23,2,x
MILTON,24,Rio vermelho,minor,24,1,11
MILTON,24,Rio vermelho,minor,25,b7,3
MILTON,24,Rio vermelho,minor,26,1,11
MILTON,24,Rio vermelho,minor,27,#6,9
MILTON,24,Rio vermelho,minor,28,b7,11
MILTON,24,Rio vermelho,minor,29,1,x
MILTON,24,Rio vermelho,minor,30,b7,11
MILTON,24,Rio vermelho,minor,31,3,7
MILTON,24,Rio vermelho,minor,32,1,5
MILTON,24,Rio vermelho,minor,33,b7,x
MILTON,24,Rio vermelho,minor,34,1,5
MILTON,24,Rio vermelho,minor,35,b7,11
MILTON,24,Rio vermelho,minor,36,5,9
MILTON,24,Rio vermelho,minor,37,4,1
MILTON,24,Rio vermelho,minor,38,b7,b13
MILTON,24,Rio vermelho,minor,39,5,11
MILTON,24,Rio vermelho,minor,40,4,7
MILTON,24,Rio vermelho,minor,41,5,1
MILTON,24,Rio vermelho,minor,42,b7,b9/#9
MILTON,24,Rio vermelho,minor,43,b7,3
MILTON,24,Rio vermelho,minor,44,1,11
MILTON,24,Rio vermelho,minor,45,1,5
MILTON,24,Rio vermelho,minor,46,1,11
MILTON,25,River Phoenix,major,1,1,1
MILTON,25,River Phoenix,major,2,7,x
MILTON,25,River Phoenix,major,3,6,6
MILTON,25,River Phoenix,major,4,7,x
MILTON,25,River Phoenix,major,5,1,1
MILTON,25,River Phoenix,major,6,7,#11
MILTON,25,River Phoenix,major,7,5,9
MILTON,25,River Phoenix,major,8,6,3
MILTON,25,River Phoenix,major,9,5,x
MILTON,25,River Phoenix,major,10,4,1
MILTON,25,River Phoenix,major,11,5,9
MILTON,25,River Phoenix,major,12,6,3
MILTON,25,River Phoenix,major,13,6,x
MILTON,25,River Phoenix,major,14,5,11
MILTON,25,River Phoenix,major,15,2,1
MILTON,25,River Phoenix,major,16,4,3
MILTON,25,River Phoenix,major,17,3,x
MILTON,25,River Phoenix,major,18,2,1
MILTON,25,River Phoenix,major,19,3,x
MILTON,25,River Phoenix,major,20,4,3
MILTON,25,River Phoenix,major,21,3,x
MILTON,25,River Phoenix,major,22,2,5
MILTON,25,River Phoenix,major,23,6,9
MILTON,25,River Phoenix,major,24,5,1
MILTON,25,River Phoenix,major,25,3,9
MILTON,25,River Phoenix,major,26,2,x
MILTON,25,River Phoenix,major,27,1,7
MILTON,25,River Phoenix,major,28,2,5
MILTON,25,River Phoenix,major,29,3,x
MILTON,25,River Phoenix,major,30,2,5
MILTON,25,River Phoenix,major,31,1,1
MILTON,25,River Phoenix,major,32,3,3
MILTON,25,River Phoenix,major,33,2,x
MILTON,25,River Phoenix,major,34,1,1
MILTON,25,River Phoenix,major,35,2,x
MILTON,25,River Phoenix,major,36,3,3
MILTON,25,River Phoenix,major,37,2,x
MILTON,25,River Phoenix,major,38,1,3
MILTON,25,River Phoenix,major,39,5,1
MILTON,25,River Phoenix,major,40,4,x
MILTON,25,River Phoenix,major,41,3,x
MILTON,25,River Phoenix,major,42,2,5
MILTON,25,River Phoenix,major,43,4,x
MILTON,25,River Phoenix,major,44,3,7
MILTON,25,River Phoenix,major,45,2,x
MILTON,25,River Phoenix,major,46,3,7
MILTON,25,River Phoenix,major,47,4,1
MILTON,25,River Phoenix,major,48,3,x
MILTON,25,River Phoenix,major,49,2,6
MILTON,25,River Phoenix,major,50,6,11
MILTON,26,Roupa nova,major,1,5,5
MILTON,26,Roupa nova,major,2,3,3
MILTON,26,Roupa nova,major,3,1,1
MILTON,26,Roupa nova,major,4,#6/b7,7
MILTON,26,Roupa nova,major,5,6,x
MILTON,26,Roupa nova,major,6,5,5
MILTON,26,Roupa nova,major,7,3,3
MILTON,26,Roupa nova,major,8,1,1
MILTON,26,Roupa nova,major,9,#1/b2,b9/#9
MILTON,26,Roupa nova,major,10,1,1
MILTON,26,Roupa nova,major,11,#6/b7,x
MILTON,26,Roupa nova,major,12,1,1
MILTON,26,Roupa nova,major,13,1,5
MILTON,26,Roupa nova,major,14,6,3
MILTON,26,Roupa nova,major,15,4,1
MILTON,26,Roupa nova,major,16,#1/b2,b13
MILTON,26,Roupa nova,major,17,1,5
MILTON,26,Roupa nova,major,18,7,x
MILTON,26,Roupa nova,major,19,1,5
MILTON,26,Roupa nova,major,20,1,1
MILTON,26,Roupa nova,major,21,#6/b7,7
MILTON,26,Roupa nova,major,22,6,x
MILTON,26,Roupa nova,major,23,5,5
MILTON,26,Roupa nova,major,24,#6/b7,3
MILTON,26,Roupa nova,major,25,6,9
MILTON,26,Roupa nova,major,26,5,3
MILTON,26,Roupa nova,major,27,7,#11
MILTON,26,Roupa nova,major,28,6,3
MILTON,26,Roupa nova,major,29,1,x
MILTON,26,Roupa nova,major,30,7,3
MILTON,26,Roupa nova,major,31,7,#11
MILTON,26,Roupa nova,major,32,6,3
MILTON,26,Roupa nova,major,33,#6/b7,#11
MILTON,26,Roupa nova,major,34,6,x
MILTON,26,Roupa nova,major,35,#5/b6,3
MILTON,26,Roupa nova,major,36,5,3
MILTON,26,Roupa nova,major,37,#6/b7,5
MILTON,26,Roupa nova,major,38,5,3
MILTON,26,Roupa nova,major,39,5,1
MILTON,26,Roupa nova,major,40,4,7
MILTON,26,Roupa nova,major,41,3,x
MILTON,26,Roupa nova,major,42,2,5
MILTON,27,Saudades dos avioes da Panair,minor,1,5,5
MILTON,27,Saudades dos avioes da Panair,minor,2,b7,7
MILTON,27,Saudades dos avioes da Panair,minor,3,#6,x
MILTON,27,Saudades dos avioes da Panair,minor,4,5,5
MILTON,27,Saudades dos avioes da Panair,minor,5,4,11
MILTON,27,Saudades dos avioes da Panair,minor,6,3,x
MILTON,27,Saudades dos avioes da Panair,minor,7,2,9
MILTON,27,Saudades dos avioes da Panair,minor,8,3,5
MILTON,27,Saudades dos avioes da Panair,minor,9,b7,9
MILTON,27,Saudades dos avioes da Panair,minor,10,6,x
MILTON,27,Saudades dos avioes da Panair,minor,11,5,x
MILTON,27,Saudades dos avioes da Panair,minor,12,4,5
MILTON,27,Saudades dos avioes da Panair,minor,13,b7,1
MILTON,27,Saudades dos avioes da Panair,minor,14,b7,5
MILTON,27,Saudades dos avioes da Panair,minor,15,6,x
MILTON,27,Saudades dos avioes da Panair,minor,16,5,3
MILTON,27,Saudades dos avioes da Panair,minor,17,3,1
MILTON,27,Saudades dos avioes da Panair,minor,18,3,7
MILTON,27,Saudades dos avioes da Panair,minor,19,4,1
MILTON,27,Saudades dos avioes da Panair,minor,20,4,5
MILTON,27,Saudades dos avioes da Panair,minor,21,3,x
MILTON,27,Saudades dos avioes da Panair,minor,22,2,3
MILTON,27,Saudades dos avioes da Panair,minor,23,b7,1
MILTON,27,Saudades dos avioes da Panair,minor,24,1,5
MILTON,27,Saudades dos avioes da Panair,minor,25,b7,1
MILTON,27,Saudades dos avioes da Panair,minor,26,1,1
MILTON,27,Saudades dos avioes da Panair,minor,27,b7,7
MILTON,27,Saudades dos avioes da Panair,minor,28,1,1
MILTON,27,Saudades dos avioes da Panair,minor,29,b7,x
MILTON,27,Saudades dos avioes da Panair,minor,30,1,1
MILTON,27,Saudades dos avioes da Panair,minor,31,b7,5
MILTON,27,Saudades dos avioes da Panair,minor,32,6,3
MILTON,27,Saudades dos avioes da Panair,minor,33,b7,5
MILTON,27,Saudades dos avioes da Panair,minor,34,6,3
MILTON,27,Saudades dos avioes da Panair,minor,35,1,7
MILTON,27,Saudades dos avioes da Panair,minor,36,b7,6
MILTON,27,Saudades dos avioes da Panair,minor,37,1,7
MILTON,27,Saudades dos avioes da Panair,minor,38,b7,7
MILTON,28,Tarde,minor,1,5,1
MILTON,28,Tarde,minor,2,1,x
MILTON,28,Tarde,minor,3,2,9
MILTON,28,Tarde,minor,4,3,3
MILTON,28,Tarde,minor,5,2,1
MILTON,28,Tarde,minor,6,1,7
MILTON,28,Tarde,minor,7,2,1
MILTON,28,Tarde,minor,8,1,x
MILTON,28,Tarde,minor,9,b7,b13
MILTON,28,Tarde,minor,10,1,1
MILTON,28,Tarde,minor,11,2,x
MILTON,28,Tarde,minor,12,1,1
MILTON,28,Tarde,minor,13,b7,7
MILTON,28,Tarde,minor,14,1,1
MILTON,28,Tarde,minor,15,b7,x
MILTON,28,Tarde,minor,16,6,b13
MILTON,28,Tarde,minor,17,b7,11
MILTON,28,Tarde,minor,18,1,5
MILTON,28,Tarde,minor,19,b7,1
MILTON,28,Tarde,minor,20,6,7
MILTON,28,Tarde,minor,21,b7,1
MILTON,28,Tarde,minor,22,1,x
MILTON,28,Tarde,minor,23,b7,1
MILTON,28,Tarde,minor,24,5,3
MILTON,28,Tarde,minor,25,5,7
MILTON,28,Tarde,minor,26,6,1
MILTON,28,Tarde,minor,27,5,11
MILTON,28,Tarde,minor,28,4,1
MILTON,28,Tarde,minor,29,5,9
MILTON,28,Tarde,minor,30,4,5
MILTON,28,Tarde,minor,31,3,x
MILTON,28,Tarde,minor,32,4,5
MILTON,28,Tarde,minor,33,3,x
MILTON,28,Tarde,minor,34,2,3
MILTON,28,Tarde,minor,35,3,1
MILTON,28,Tarde,minor,36,4,9
MILTON,28,Tarde,minor,37,3,5
MILTON,28,Tarde,minor,38,2,x
MILTON,28,Tarde,minor,39,3,5
MILTON,28,Tarde,minor,40,2,x
MILTON,28,Tarde,minor,41,1,3
MILTON,28,Tarde,minor,42,3,#11
MILTON,28,Tarde,minor,43,4,b13
MILTON,28,Tarde,minor,44,3,b9/#9
MILTON,28,Tarde,minor,45,2,1
MILTON,28,Tarde,minor,46,3,x
MILTON,28,Tarde,minor,47,2,1
MILTON,28,Tarde,minor,48,1,7
MILTON,28,Tarde,minor,49,2,5
MILTON,29,Tema de Tostao,major,1,1,1
MILTON,29,Tema de Tostao,major,2,1,9
MILTON,29,Tema de Tostao,major,3,1,1
MILTON,29,Tema de Tostao,major,4,1,9
MILTON,29,Tema de Tostao,major,5,1,1
MILTON,29,Tema de Tostao,major,6,6,5
MILTON,29,Tema de Tostao,major,7,6,x
MILTON,29,Tema de Tostao,major,8,5,5
MILTON,29,Tema de Tostao,major,9,4,1
MILTON,29,Tema de Tostao,major,10,3,3
MILTON,29,Tema de Tostao,major,11,5,1
MILTON,29,Tema de Tostao,major,12,6,5
MILTON,29,Tema de Tostao,major,13,4,1
MILTON,29,Tema de Tostao,major,14,3,3
MILTON,29,Tema de Tostao,major,15,5,1
MILTON,29,Tema de Tostao,major,16,6,5
MILTON,30,Travessia,major,1,5,5
MILTON,30,Travessia,major,2,1,1
MILTON,30,Travessia,major,3,5,5
MILTON,30,Travessia,major,4,6,x
MILTON,30,Travessia,major,5,6,3
MILTON,30,Travessia,major,6,7,3
MILTON,30,Travessia,major,7,6,6
MILTON,30,Travessia,major,8,5,5
MILTON,30,Travessia,major,9,3,3
MILTON,30,Travessia,major,10,5,1
MILTON,30,Travessia,major,11,5,5
MILTON,30,Travessia,major,12,3,3
MILTON,30,Travessia,major,13,5,1
MILTON,30,Travessia,major,14,5,5
MILTON,30,Travessia,major,15,1,1
MILTON,30,Travessia,major,16,5,5
MILTON,30,Travessia,major,17,5,1
MILTON,30,Travessia,major,18,1,3
MILTON,30,Travessia,major,19,2,11
MILTON,30,Travessia,major,20,2,1
MILTON,30,Travessia,major,21,1,7
MILTON,30,Travessia,major,22,6,13
MILTON,30,Travessia,major,23,1,1
MILTON,30,Travessia,major,24,6,6
MILTON,30,Travessia,major,25,1,5
MILTON,30,Travessia,major,26,6,3
MILTON,30,Travessia,major,27,1,9
MILTON,30,Travessia,major,28,2,3
MILTON,30,Travessia,major,29,2,7
MILTON,30,Travessia,major,30,3,1
MILTON,30,Travessia,major,31,3,5
MILTON,30,Travessia,major,32,2,x
MILTON,30,Travessia,major,33,1,3
MILTON,30,Travessia,major,34,6,1
MILTON,30,Travessia,major,35,1,5
MILTON,30,Travessia,major,36,6,3
MILTON,30,Travessia,major,37,6,9
MILTON,30,Travessia,major,38,5,5
MILTON,30,Travessia,major,39,3,3
MILTON,30,Travessia,major,40,1,3
MILTON,30,Travessia,major,41,6,9
MILTON,30,Travessia,major,42,5,5
MILTON,30,Travessia,major,43,3,3
MILTON,30,Travessia,major,44,3,5
MILTON,30,Travessia,major,45,2,x
MILTON,30,Travessia,major,46,1,7
MILTON,30,Travessia,major,47,3,6
MILTON,30,Travessia,major,48,2,5
MILTON,30,Travessia,major,49,1,1
MILTON,31,Tres Pontas,major,1,#6/b7,7
MILTON,31,Tres Pontas,major,2,6,x
MILTON,31,Tres Pontas,major,3,#6/b7,7
MILTON,31,Tres Pontas,major,4,1,1
MILTON,31,Tres Pontas,major,5,6,1
MILTON,31,Tres Pontas,major,6,5,7
MILTON,31,Tres Pontas,major,7,3,5
MILTON,31,Tres Pontas,major,8,1,3
MILTON,31,Tres Pontas,major,9,2,x
MILTON,31,Tres Pontas,major,10,1,1
MILTON,31,Tres Pontas,major,11,2,9
MILTON,31,Tres Pontas,major,12,5,7
MILTON,31,Tres Pontas,major,13,3,5
MILTON,31,Tres Pontas,major,14,5,x
MILTON,31,Tres Pontas,major,15,6,1
MILTON,31,Tres Pontas,major,16,1,3
MILTON,31,Tres Pontas,major,17,2,9
MILTON,31,Tres Pontas,major,18,1,1
MILTON,31,Tres Pontas,major,19,6,7
MILTON,31,Tres Pontas,major,20,2,3
MILTON,31,Tres Pontas,major,21,1,3
MILTON,31,Tres Pontas,major,22,2,11
MILTON,31,Tres Pontas,major,23,1,3
MILTON,31,Tres Pontas,major,24,6,1
MILTON,31,Tres Pontas,major,25,#4/b5,5
MILTON,31,Tres Pontas,major,26,2,3
MILTON,31,Tres Pontas,major,27,#4/b5,5
MILTON,31,Tres Pontas,major,28,6,7
MILTON,31,Tres Pontas,major,29,1,5
MILTON,31,Tres Pontas,major,30,2,6
MILTON,31,Tres Pontas,major,31,1,x
MILTON,31,Tres Pontas,major,32,2,6
MILTON,31,Tres Pontas,major,33,#2/b3,11
MILTON,31,Tres Pontas,major,34,#1/b2,3
MILTON,31,Tres Pontas,major,35,3,3
MILTON,31,Tres Pontas,major,36,1,1
MILTON,31,Tres Pontas,major,37,3,x
MILTON,31,Tres Pontas,major,38,4,3
MILTON,31,Tres Pontas,major,39,5,5
MILTON,31,Tres Pontas,major,40,4,x
MILTON,31,Tres Pontas,major,41,5,5
MILTON,31,Tres Pontas,major,42,6,13
MILTON,31,Tres Pontas,major,43,5,5
MILTON,31,Tres Pontas,major,44,2,9
MILTON,31,Tres Pontas,major,45,1,x
MILTON,31,Tres Pontas,major,46,2,9
MILTON,31,Tres Pontas,major,47,1,x
MILTON,31,Tres Pontas,major,48,2,9
MILTON,31,Tres Pontas,major,49,3,x
MILTON,31,Tres Pontas,major,50,4,7
MILTON,31,Tres Pontas,major,51,3,13
MILTON,31,Tres Pontas,major,52,2,5
MILTON,31,Tres Pontas,major,53,1,1
MILTON,31,Tres Pontas,major,54,#6/b7,7
MILTON,32,Tristesse,minor,1,5,5
MILTON,32,Tristesse,minor,2,4,x
MILTON,32,Tristesse,minor,3,3,3
MILTON,32,Tristesse,minor,4,3,5
MILTON,32,Tristesse,minor,5,2,x
MILTON,32,Tristesse,minor,6,1,1
MILTON,32,Tristesse,minor,7,2,9
MILTON,32,Tristesse,minor,8,5,7
MILTON,32,Tristesse,minor,9,5,5
MILTON,32,Tristesse,minor,10,4,x
MILTON,32,Tristesse,minor,11,3,3
MILTON,32,Tristesse,minor,12,b7,9
MILTON,32,Tristesse,minor,13,6,x
MILTON,32,Tristesse,minor,14,5,5
MILTON,32,Tristesse,minor,15,3,3
MILTON,32,Tristesse,minor,16,4,11
MILTON,32,Tristesse,minor,17,4,6
MILTON,32,Tristesse,minor,18,5,5
MILTON,32,Tristesse,minor,19,4,x
MILTON,32,Tristesse,minor,20,3,3
MILTON,32,Tristesse,minor,21,b7,1
MILTON,32,Tristesse,minor,22,6,7
MILTON,32,Tristesse,minor,23,6,5
MILTON,32,Tristesse,minor,24,5,x
MILTON,32,Tristesse,minor,25,5,#11
MILTON,32,Tristesse,minor,26,6,6
MILTON,32,Tristesse,minor,27,5,x
MILTON,32,Tristesse,minor,28,#4/b5,3
MILTON,32,Tristesse,minor,29,2,1
MILTON,32,Tristesse,minor,30,4,7
MILTON,32,Tristesse,minor,31,3,b13
MILTON,32,Tristesse,minor,32,1,1
MILTON,33,Um gosto de sol,major,1,5,5
MILTON,33,Um gosto de sol,major,2,1,1
MILTON,33,Um gosto de sol,major,3,1,x
MILTON,33,Um gosto de sol,major,4,2,5
MILTON,33,Um gosto de sol,major,5,2,5
MILTON,33,Um gosto de sol,major,6,1,x
MILTON,33,Um gosto de sol,major,7,#6/b7,3
MILTON,33,Um gosto de sol,major,8,1,11
MILTON,33,Um gosto de sol,major,9,1,5
MILTON,33,Um gosto de sol,major,10,5,5
MILTON,33,Um gosto de sol,major,11,4,x
MILTON,33,Um gosto de sol,major,12,3,3
MILTON,33,Um gosto de sol,major,13,4,7
MILTON,33,Um gosto de sol,major,14,4,x
MILTON,33,Um gosto de sol,major,15,3,5
MILTON,33,Um gosto de sol,major,16,2,x
MILTON,33,Um gosto de sol,major,17,3,3
MILTON,33,Um gosto de sol,major,18,2,9
MILTON,33,Um gosto de sol,major,19,1,x
MILTON,33,Um gosto de sol,major,20,2,1
MILTON,33,Um gosto de sol,major,21,2,6
MILTON,33,Um gosto de sol,major,22,1,5
MILTON,33,Um gosto de sol,major,23,#6/b7,x
MILTON,33,Um gosto de sol,major,24,1,1
MILTON,33,Um gosto de sol,major,25,3,3
MILTON,33,Um gosto de sol,major,26,2,9
MILTON,33,Um gosto de sol,major,27,1,x
MILTON,33,Um gosto de sol,major,28,2,1
MILTON,33,Um gosto de sol,major,29,2,6
MILTON,33,Um gosto de sol,major,30,1,5
MILTON,33,Um gosto de sol,major,31,#6/b7,x
MILTON,33,Um gosto de sol,major,32,1,3
MILTON,33,Um gosto de sol,major,33,5,7
MILTON,33,Um gosto de sol,major,34,5,5
MILTON,33,Um gosto de sol,major,35,4,x
MILTON,33,Um gosto de sol,major,36,3,3
MILTON,33,Um gosto de sol,major,37,4,7
MILTON,33,Um gosto de sol,major,38,4,x
MILTON,33,Um gosto de sol,major,39,3,5
MILTON,33,Um gosto de sol,major,40,2,x
MILTON,33,Um gosto de sol,major,41,1,1
MILTON,34,Vera Cruz,minor,1,2,9
MILTON,34,Vera Cruz,minor,2,3,3
MILTON,34,Vera Cruz,minor,3,2,x
MILTON,34,Vera Cruz,minor,4,1,1
MILTON,34,Vera Cruz,minor,5,b7,7
MILTON,34,Vera Cruz,minor,6,1,x
MILTON,34,Vera Cruz,minor,7,2,9
MILTON,34,Vera Cruz,minor,8,3,3
MILTON,34,Vera Cruz,minor,9,2,x
MILTON,34,Vera Cruz,minor,10,1,1
MILTON,34,Vera Cruz,minor,11,2,x
MILTON,34,Vera Cruz,minor,12,3,5
MILTON,34,Vera Cruz,minor,13,5,5
MILTON,34,Vera Cruz,minor,14,4,7
MILTON,34,Vera Cruz,minor,15,3,x
MILTON,34,Vera Cruz,minor,16,2,5
MILTON,34,Vera Cruz,minor,17,3,7
MILTON,34,Vera Cruz,minor,18,6,3
MILTON,34,Vera Cruz,minor,19,5,x
MILTON,34,Vera Cruz,minor,20,4,1
MILTON,34,Vera Cruz,minor,21,3,7
MILTON,34,Vera Cruz,minor,22,4,x
MILTON,34,Vera Cruz,minor,23,5,3
MILTON,34,Vera Cruz,minor,24,6,x
MILTON,34,Vera Cruz,minor,25,5,3
MILTON,34,Vera Cruz,minor,26,4,9
MILTON,34,Vera Cruz,minor,27,3,x
MILTON,34,Vera Cruz,minor,28,4,9
MILTON,34,Vera Cruz,minor,29,5,7
MILTON,34,Vera Cruz,minor,30,4,6
MILTON,34,Vera Cruz,minor,31,3,x
MILTON,34,Vera Cruz,minor,32,2,5
MILTON,34,Vera Cruz,minor,33,1,x
MILTON,34,Vera Cruz,minor,34,b7,3
MILTON,34,Vera Cruz,minor,35,1,1
MILTON,34,Vera Cruz,minor,36,2,9
MILTON,34,Vera Cruz,minor,37,3,3
MILTON,34,Vera Cruz,minor,38,4,9
MILTON,34,Vera Cruz,minor,39,#4/b5,3
MILTON,34,Vera Cruz,minor,40,4,9
MILTON,34,Vera Cruz,minor,41,#3,9
MILTON,34,Vera Cruz,minor,42,4,3
MILTON,34,Vera Cruz,minor,43,#3,x
MILTON,34,Vera Cruz,minor,44,3,9
MILTON,34,Vera Cruz,minor,45,3,3
MILTON,34,Vera Cruz,minor,46,5,5
MILTON,34,Vera Cruz,minor,47,#6,7
MILTON,34,Vera Cruz,minor,48,7,x
MILTON,34,Vera Cruz,minor,49,#6,7
MILTON,34,Vera Cruz,minor,50,#4/b5,5
MILTON,34,Vera Cruz,minor,51,2,3
MILTON,34,Vera Cruz,minor,52,#4/b5,5
MILTON,34,Vera Cruz,minor,53,5,1
MILTON,34,Vera Cruz,minor,54,#6,x
MILTON,34,Vera Cruz,minor,55,5,1
MILTON,34,Vera Cruz,minor,56,#3,13
MILTON,34,Vera Cruz,minor,57,1,3
MILTON,34,Vera Cruz,minor,58,#3,13
MILTON,34,Vera Cruz,minor,59,4,1
MILTON,35,Vida,minor,1,5,5
MILTON,35,Vida,minor,2,5,9
MILTON,35,Vida,minor,3,4,1
MILTON,35,Vida,minor,4,3,3
MILTON,35,Vida,minor,5,2,9
MILTON,35,Vida,minor,6,4,11
MILTON,35,Vida,minor,7,3,7
MILTON,35,Vida,minor,8,2,9
MILTON,35,Vida,minor,9,1,1
MILTON,35,Vida,minor,10,3,3
MILTON,35,Vida,minor,11,2,13
MILTON,35,Vida,minor,12,1,5
MILTON,35,Vida,minor,13,2,9
MILTON,35,Vida,minor,14,5,5
MILTON,35,Vida,minor,15,5,9
MILTON,35,Vida,minor,16,4,1
MILTON,35,Vida,minor,17,5,x
MILTON,35,Vida,minor,18,4,1
MILTON,35,Vida,minor,19,4,11
MILTON,35,Vida,minor,20,3,3
MILTON,35,Vida,minor,21,2,x
MILTON,35,Vida,minor,22,1,3
MILTON,35,Vida,minor,23,3,5
MILTON,35,Vida,minor,24,3,3
MILTON,35,Vida,minor,25,2,x
MILTON,35,Vida,minor,26,1,9
MILTON,35,Vida,minor,27,b7,7
MILTON,35,Vida,minor,28,1,1
MILTON,36,Vidro e corte,minor,1,3,3
MILTON,36,Vidro e corte,minor,2,4,x
MILTON,36,Vidro e corte,minor,3,5,5
MILTON,36,Vidro e corte,minor,4,1,1
MILTON,36,Vidro e corte,minor,5,5,5
MILTON,36,Vidro e corte,minor,6,5,7
MILTON,36,Vidro e corte,minor,7,1,3
MILTON,36,Vidro e corte,minor,8,5,7
MILTON,36,Vidro e corte,minor,9,5,x
MILTON,36,Vidro e corte,minor,10,6,5
MILTON,36,Vidro e corte,minor,11,5,3
MILTON,36,Vidro e corte,minor,12,5,1
MILTON,36,Vidro e corte,minor,13,5,5
MILTON,36,Vidro e corte,minor,14,6,x
MILTON,36,Vidro e corte,minor,15,b7,1
MILTON,36,Vidro e corte,minor,16,6,x
MILTON,36,Vidro e corte,minor,17,5,x
MILTON,36,Vidro e corte,minor,18,4,5
MILTON,36,Vidro e corte,minor,19,b7,1
MILTON,36,Vidro e corte,minor,20,b7,9
MILTON,36,Vidro e corte,minor,21,3,5
MILTON,36,Vidro e corte,minor,22,b7,9
MILTON,36,Vidro e corte,minor,23,b7,b13
MILTON,36,Vidro e corte,minor,24,7,3
MILTON,36,Vidro e corte,minor,25,7,x
MILTON,36,Vidro e corte,minor,26,1,1
MILTON,36,Vidro e corte,minor,27,b7,7
MILTON,36,Vidro e corte,minor,28,5,5
MILTON,36,Vidro e corte,minor,29,1,3
MILTON,36,Vidro e corte,minor,30,b7,9
MILTON,36,Vidro e corte,minor,31,5,7
MILTON,36,Vidro e corte,minor,32,b7,b13
MILTON,36,Vidro e corte,minor,33,6,5
MILTON,36,Vidro e corte,minor,34,5,x
MILTON,36,Vidro e corte,minor,35,4,3
MILTON,36,Vidro e corte,minor,36,5,5
MILTON,36,Vidro e corte,minor,37,6,x
MILTON,36,Vidro e corte,minor,38,b7,1
MILTON,36,Vidro e corte,minor,39,6,x
MILTON,36,Vidro e corte,minor,40,5,x
MILTON,36,Vidro e corte,minor,41,4,5
MILTON,36,Vidro e corte,minor,42,5,x
MILTON,36,Vidro e corte,minor,43,6,1
MILTON,36,Vidro e corte,minor,44,5,x
MILTON,36,Vidro e corte,minor,45,4,x
MILTON,36,Vidro e corte,minor,46,3,5
MILTON,36,Vidro e corte,minor,47,4,3
MILTON,36,Vidro e corte,minor,48,5,x
MILTON,36,Vidro e corte,minor,49,5,3
MILTON,37,Pelo amor de Deus,minor,1,#1/b2,5
MILTON,37,Pelo amor de Deus,minor,2,#6,3
MILTON,37,Pelo amor de Deus,minor,3,5,5
MILTON,37,Pelo amor de Deus,minor,4,3,3
MILTON,37,Pelo amor de Deus,minor,5,5,5
MILTON,37,Pelo amor de Deus,minor,6,b7,7
MILTON,37,Pelo amor de Deus,minor,7,#1/b2,5
MILTON,37,Pelo amor de Deus,minor,8,#6,3
MILTON,37,Pelo amor de Deus,minor,9,5,5
MILTON,37,Pelo amor de Deus,minor,10,3,3
MILTON,37,Pelo amor de Deus,minor,11,5,5
MILTON,37,Pelo amor de Deus,minor,12,b7,7
MILTON,37,Pelo amor de Deus,minor,13,2,9
MILTON,37,Pelo amor de Deus,minor,14,3,1
MILTON,37,Pelo amor de Deus,minor,15,4,x
MILTON,37,Pelo amor de Deus,minor,16,5,3
MILTON,37,Pelo amor de Deus,minor,17,4,9
MILTON,37,Pelo amor de Deus,minor,18,6,5
MILTON,37,Pelo amor de Deus,minor,19,5,1
MILTON,37,Pelo amor de Deus,minor,20,6,5
MILTON,37,Pelo amor de Deus,minor,21,5,x
MILTON,37,Pelo amor de Deus,minor,22,6,5
MILTON,37,Pelo amor de Deus,minor,23,5,#11
MILTON,37,Pelo amor de Deus,minor,24,6,7
MILTON,37,Pelo amor de Deus,minor,25,5,6
MILTON,37,Pelo amor de Deus,minor,26,6,7
MILTON,37,Pelo amor de Deus,minor,27,5,5
MILTON,37,Pelo amor de Deus,minor,28,2,9
MILTON,38,Cravo e canela,major,1,2,6
MILTON,38,Cravo e canela,major,2,1,1
MILTON,38,Cravo e canela,major,3,6,9
MILTON,38,Cravo e canela,major,4,5,x
MILTON,38,Cravo e canela,major,5,4,1
MILTON,38,Cravo e canela,major,6,6,6
MILTON,38,Cravo e canela,major,7,5,1
MILTON,38,Cravo e canela,major,8,4,1
MILTON,38,Cravo e canela,major,9,1,5
MILTON,38,Cravo e canela,major,10,4,x
MILTON,38,Cravo e canela,major,11,3,3
MILTON,38,Cravo e canela,major,12,2,x
MILTON,38,Cravo e canela,major,13,3,x
MILTON,38,Cravo e canela,major,14,2,6
MILTON,38,Cravo e canela,major,15,2,9
MILTON,38,Cravo e canela,major,16,3,3
MILTON,38,Cravo e canela,major,17,2,x
MILTON,38,Cravo e canela,major,18,3,3
MILTON,38,Cravo e canela,major,19,2,x
MILTON,38,Cravo e canela,major,20,3,3
MILTON,38,Cravo e canela,major,21,2,9
MILTON,38,Cravo e canela,major,22,5,x
MILTON,38,Cravo e canela,major,23,#4/b5,x
MILTON,38,Cravo e canela,major,24,3,11
MILTON,38,Cravo e canela,major,25,2,3
MILTON,38,Cravo e canela,major,26,5,x
MILTON,38,Cravo e canela,major,27,#4/b5,5
MILTON,38,Cravo e canela,major,28,3,x
MILTON,38,Cravo e canela,major,29,2,11
MILTON,38,Cravo e canela,major,30,3,5
MILTON,38,Cravo e canela,major,31,3,11
MILTON,39,Saidas e bandeiras,major,1,2,9
MILTON,39,Saidas e bandeiras,major,2,4,3
MILTON,39,Saidas e bandeiras,major,3,3,x
MILTON,39,Saidas e bandeiras,major,4,2,x
MILTON,39,Saidas e bandeiras,major,5,1,1
MILTON,39,Saidas e bandeiras,major,6,#6/b7,7
MILTON,39,Saidas e bandeiras,major,7,6,x
MILTON,39,Saidas e bandeiras,major,8,5,5
MILTON,39,Saidas e bandeiras,major,9,2,9
MILTON,39,Saidas e bandeiras,major,10,4,3
MILTON,39,Saidas e bandeiras,major,11,3,x
MILTON,39,Saidas e bandeiras,major,12,2,x
MILTON,39,Saidas e bandeiras,major,13,1,1
MILTON,39,Saidas e bandeiras,major,14,#6/b7,7
MILTON,39,Saidas e bandeiras,major,15,1,1
MILTON,39,Saidas e bandeiras,major,16,2,9
MILTON,39,Saidas e bandeiras,major,17,4,x
MILTON,39,Saidas e bandeiras,major,18,5,5
MILTON,39,Saidas e bandeiras,major,19,4,11
MILTON,39,Saidas e bandeiras,major,20,5,5
MILTON,39,Saidas e bandeiras,major,21,4,x
MILTON,39,Saidas e bandeiras,major,22,#2/b3,3
MILTON,39,Saidas e bandeiras,major,23,2,x
MILTON,39,Saidas e bandeiras,major,24,1,1
MILTON,39,Saidas e bandeiras,major,25,2,9
MILTON,39,Saidas e bandeiras,major,26,1,1
MILTON,39,Saidas e bandeiras,major,27,#6/b7,7
MILTON,39,Saidas e bandeiras,major,28,5,5
MILTON,40,San Vicente,major,1,3,3
MILTON,40,San Vicente,major,2,4,1
MILTON,40,San Vicente,major,3,5,x
MILTON,40,San Vicente,major,4,4,1
MILTON,40,San Vicente,major,5,2,7
MILTON,40,San Vicente,major,6,5,5
MILTON,40,San Vicente,major,7,5,1
MILTON,40,San Vicente,major,8,5,9
MILTON,40,San Vicente,major,9,4,1
MILTON,40,San Vicente,major,10,5,x
MILTON,40,San Vicente,major,11,6,x
MILTON,40,San Vicente,major,12,5,1
MILTON,40,San Vicente,major,13,5,5
MILTON,40,San Vicente,major,14,1,1
MILTON,40,San Vicente,major,15,7,#11
MILTON,40,San Vicente,major,16,6,3
MILTON,40,San Vicente,major,17,5,9
MILTON,40,San Vicente,major,18,4,1
MILTON,40,San Vicente,major,19,3,7
MILTON,40,San Vicente,major,20,3,3
MILTON,40,San Vicente,major,21,2,x
MILTON,40,San Vicente,major,22,3,3
MILTON,40,San Vicente,major,23,4,1
MILTON,40,San Vicente,major,24,3,3
MILTON,40,San Vicente,major,25,2,6
MILTON,40,San Vicente,major,26,1,1
MILTON,40,San Vicente,major,27,3,3
MILTON,40,San Vicente,major,28,4,x
MILTON,40,San Vicente,major,29,5,1
MILTON,40,San Vicente,major,30,4,7
MILTON,40,San Vicente,major,31,3,x
MILTON,40,San Vicente,major,32,2,5
MILTON,40,San Vicente,major,33,7,#11
MILTON,40,San Vicente,major,34,1,1
MILTON,40,San Vicente,major,35,6,6
MILTON,40,San Vicente,major,36,1,1
MILTON,40,San Vicente,major,37,7,11
MILTON,40,San Vicente,major,38,6,3
MILTON,40,San Vicente,major,39,5,9
MILTON,40,San Vicente,major,40,4,1
MILTON,40,San Vicente,major,41,3,x
MILTON,40,San Vicente,major,42,2,6
MILTON,40,San Vicente,major,43,7,#11
MILTON,40,San Vicente,major,44,1,1
MILTON,41,A lagrima e o rio,major,1,3,3
MILTON,41,A lagrima e o rio,major,2,2,x
MILTON,41,A lagrima e o rio,major,3,3,3
MILTON,41,A lagrima e o rio,major,4,2,x
MILTON,41,A lagrima e o rio,major,5,3,1
MILTON,41,A lagrima e o rio,major,6,5,3
MILTON,41,A lagrima e o rio,major,7,4,x
MILTON,41,A lagrima e o rio,major,8,3,1
MILTON,41,A lagrima e o rio,major,9,2,1
MILTON,41,A lagrima e o rio,major,10,3,x
MILTON,41,A lagrima e o rio,major,11,4,1
MILTON,41,A lagrima e o rio,major,12,3,3
MILTON,41,A lagrima e o rio,major,13,2,x
MILTON,41,A lagrima e o rio,major,14,3,3
MILTON,41,A lagrima e o rio,major,15,2,x
MILTON,41,A lagrima e o rio,major,16,3,1
MILTON,41,A lagrima e o rio,major,17,5,3
MILTON,41,A lagrima e o rio,major,18,4,x
MILTON,41,A lagrima e o rio,major,19,3,1
MILTON,41,A lagrima e o rio,major,20,2,1
MILTON,41,A lagrima e o rio,major,21,3,x
MILTON,41,A lagrima e o rio,major,22,4,1
MILTON,41,A lagrima e o rio,major,23,1,5
MILTON,41,A lagrima e o rio,major,24,2,x
MILTON,41,A lagrima e o rio,major,25,3,9
MILTON,41,A lagrima e o rio,major,26,2,1
MILTON,41,A lagrima e o rio,major,27,1,11
MILTON,41,A lagrima e o rio,major,28,#6/b7,3
MILTON,41,A lagrima e o rio,major,29,6,x
MILTON,41,A lagrima e o rio,major,30,5,1
MILTON,41,A lagrima e o rio,major,31,4,7
MILTON,41,A lagrima e o rio,major,32,6,9
MILTON,41,A lagrima e o rio,major,33,2,1
MILTON,41,A lagrima e o rio,major,34,3,x
MILTON,41,A lagrima e o rio,major,35,4,7
MILTON,41,A lagrima e o rio,major,36,5,1
MILTON,41,A lagrima e o rio,major,37,6,9
MILTON,41,A lagrima e o rio,major,38,1,x
MILTON,41,A lagrima e o rio,major,39,7,7
MILTON,41,A lagrima e o rio,major,40,5,5
MILTON,42,Ao que vai nascer,major,1,1,1
MILTON,42,Ao que vai nascer,major,2,3,3
MILTON,42,Ao que vai nascer,major,3,4,11
MILTON,42,Ao que vai nascer,major,4,#2/b3,3
MILTON,42,Ao que vai nascer,major,5,3,3
MILTON,42,Ao que vai nascer,major,6,4,11
MILTON,42,Ao que vai nascer,major,7,1,1
MILTON,42,Ao que vai nascer,major,8,#6/b7,7
MILTON,42,Ao que vai nascer,major,9,1,1
MILTON,42,Ao que vai nascer,major,10,5,5
MILTON,42,Ao que vai nascer,major,11,4,3
MILTON,42,Ao que vai nascer,major,12,#6/b7,7
MILTON,42,Ao que vai nascer,major,13,6,x
MILTON,42,Ao que vai nascer,major,14,#6/b7,7
MILTON,42,Ao que vai nascer,major,15,1,1
MILTON,42,Ao que vai nascer,major,16,2,9
MILTON,42,Ao que vai nascer,major,17,4,x
MILTON,42,Ao que vai nascer,major,18,5,3
MILTON,42,Ao que vai nascer,major,19,4,5
MILTON,42,Ao que vai nascer,major,20,3,3
MILTON,42,Ao que vai nascer,major,21,2,1
MILTON,43,Cade,major,1,5,1
MILTON,43,Cade,major,2,7,x
MILTON,43,Cade,major,3,1,3
MILTON,43,Cade,major,4,2,5
MILTON,43,Cade,major,5,5,1
MILTON,43,Cade,major,6,1,5
MILTON,43,Cade,major,7,#6/b7,7
MILTON,43,Cade,major,8,6,x
MILTON,43,Cade,major,9,5,5
MILTON,43,Cade,major,10,#6/b7,7
MILTON,43,Cade,major,11,2,9
MILTON,43,Cade,major,12,1,7
MILTON,43,Cade,major,13,6,5
MILTON,43,Cade,major,14,5,3
MILTON,43,Cade,major,15,6,3
MILTON,43,Cade,major,16,1,b13
MILTON,43,Cade,major,17,#6/b7,3
MILTON,43,Cade,major,18,2,9
MILTON,43,Cade,major,19,1,1
MILTON,43,Cade,major,20,1,7
MILTON,43,Cade,major,21,6,5
MILTON,43,Cade,major,22,5,3
MILTON,43,Cade,major,23,6,3
MILTON,43,Cade,major,24,1,6
MILTON,43,Cade,major,25,#6/b7,5
MILTON,43,Cade,major,26,1,x
MILTON,43,Cade,major,27,2,9
MILTON,44,Coisas de Minas,major,1,1,1
MILTON,44,Coisas de Minas,major,2,2,5
MILTON,44,Coisas de Minas,major,3,1,1
MILTON,44,Coisas de Minas,major,4,6,x
MILTON,44,Coisas de Minas,major,5,5,5
MILTON,44,Coisas de Minas,major,6,1,1
MILTON,44,Coisas de Minas,major,7,6,9
MILTON,44,Coisas de Minas,major,8,1,1
MILTON,44,Coisas de Minas,major,9,6,x
MILTON,44,Coisas de Minas,major,10,5,5
MILTON,44,Coisas de Minas,major,11,#6/b7,b9/#9
MILTON,44,Coisas de Minas,major,12,6,x
MILTON,44,Coisas de Minas,major,13,5,5
MILTON,44,Coisas de Minas,major,14,1,1
MILTON,44,Coisas de Minas,major,15,5,1
MILTON,44,Coisas de Minas,major,16,4,x
MILTON,44,Coisas de Minas,major,17,3,3
MILTON,44,Coisas de Minas,major,18,#6/b7,b9/#9
MILTON,44,Coisas de Minas,major,19,6,x
MILTON,44,Coisas de Minas,major,20,5,5
MILTON,44,Coisas de Minas,major,21,1,1
MILTON,44,Coisas de Minas,major,22,#2/b3,b13
MILTON,44,Coisas de Minas,major,23,2,x
MILTON,44,Coisas de Minas,major,24,1,1
MILTON,44,Coisas de Minas,major,25,3,9
MILTON,44,Coisas de Minas,major,26,3,5
MILTON,44,Coisas de Minas,major,27,5,x
MILTON,44,Coisas de Minas,major,28,6,5
MILTON,44,Coisas de Minas,major,29,3,7
MILTON,44,Coisas de Minas,major,30,6,11
MILTON,44,Coisas de Minas,major,31,1,x
MILTON,44,Coisas de Minas,major,32,2,7
MILTON,44,Coisas de Minas,major,33,5,7
MILTON,44,Coisas de Minas,major,34,6,1
MILTON,44,Coisas de Minas,major,35,1,x
MILTON,44,Coisas de Minas,major,36,2,1
MILTON,44,Coisas de Minas,major,37,6,3
MILTON,44,Coisas de Minas,major,38,1,5
MILTON,44,Coisas de Minas,major,39,2,x
MILTON,44,Coisas de Minas,major,40,1,1
MILTON,44,Coisas de Minas,major,41,6,x
MILTON,44,Coisas de Minas,major,42,5,5
MILTON,45,O cavaleiro,minor,1,1,5
MILTON,45,O cavaleiro,minor,2,5,x
MILTON,45,O cavaleiro,minor,3,4,1
MILTON,45,O cavaleiro,minor,4,2,3
MILTON,45,O cavaleiro,minor,5,4,5
MILTON,45,O cavaleiro,minor,6,2,3
MILTON,45,O cavaleiro,minor,7,4,5
MILTON,45,O cavaleiro,minor,8,2,3
MILTON,45,O cavaleiro,minor,9,1,3
MILTON,45,O cavaleiro,minor,10,b7,9
MILTON,45,O cavaleiro,minor,11,5,7
MILTON,45,O cavaleiro,minor,12,b7,9
MILTON,45,O cavaleiro,minor,13,5,7
MILTON,45,O cavaleiro,minor,14,4,1
MILTON,45,O cavaleiro,minor,15,1,x
MILTON,45,O cavaleiro,minor,16,b7,11
MILTON,45,O cavaleiro,minor,17,5,9
MILTON,45,O cavaleiro,minor,18,b7,11
MILTON,45,O cavaleiro,minor,19,1,5
MILTON,45,O cavaleiro,minor,20,7,13
MILTON,45,O cavaleiro,minor,21,5,3
MILTON,45,O cavaleiro,minor,22,1,7
MILTON,45,O cavaleiro,minor,23,3,b13
MILTON,45,O cavaleiro,minor,24,4,7
MILTON,45,O cavaleiro,minor,25,5,1
MILTON,45,O cavaleiro,minor,26,4,5
MILTON,45,O cavaleiro,minor,27,6,7
MILTON,45,O cavaleiro,minor,28,5,13
MILTON,45,O cavaleiro,minor,29,b7,1
MILTON,45,O cavaleiro,minor,30,5,13
MILTON,45,O cavaleiro,minor,31,b7,1
MILTON,45,O cavaleiro,minor,32,5,13
MILTON,45,O cavaleiro,minor,33,4,5
MILTON,46,Estrelada,major,1,3,3
MILTON,46,Estrelada,major,2,5,5
MILTON,46,Estrelada,major,3,4,5
MILTON,46,Estrelada,major,4,3,3
MILTON,46,Estrelada,major,5,5,5
MILTON,46,Estrelada,major,6,4,5
MILTON,46,Estrelada,major,7,2,3
MILTON,46,Estrelada,major,8,4,5
MILTON,46,Estrelada,major,9,2,6
MILTON,46,Estrelada,major,10,1,9
MILTON,46,Estrelada,major,11,4,5
MILTON,46,Estrelada,major,12,3,3
MILTON,46,Estrelada,major,13,5,5
MILTON,46,Estrelada,major,14,4,5
MILTON,46,Estrelada,major,15,3,3
MILTON,46,Estrelada,major,16,5,5
MILTON,46,Estrelada,major,17,4,5
MILTON,46,Estrelada,major,18,2,3
MILTON,46,Estrelada,major,19,4,5
MILTON,46,Estrelada,major,20,2,6
MILTON,46,Estrelada,major,21,1,5
MILTON,46,Estrelada,major,22,4,5
MILTON,46,Estrelada,major,23,3,x
MILTON,46,Estrelada,major,24,2,6
MILTON,46,Estrelada,major,25,1,1
MILTON,46,Estrelada,major,26,3,3
MILTON,46,Estrelada,major,27,5,5
MILTON,46,Estrelada,major,28,4,7
MILTON,46,Estrelada,major,29,4,3
MILTON,46,Estrelada,major,30,3,9
MILTON,46,Estrelada,major,31,1,3
MILTON,46,Estrelada,major,32,3,3
MILTON,46,Estrelada,major,33,5,5
MILTON,46,Estrelada,major,34,4,7
MILTON,46,Estrelada,major,35,4,3
MILTON,46,Estrelada,major,36,3,5
MILTON,46,Estrelada,major,37,7,3
MILTON,46,Estrelada,major,38,2,5
MILTON,46,Estrelada,major,39,1,7
MILTON,46,Estrelada,major,40,7,3
MILTON,46,Estrelada,major,41,2,5
MILTON,46,Estrelada,major,42,1,1
MILTON,46,Estrelada,major,43,5,5
MILTON,46,Estrelada,major,44,1,5
MILTON,46,Estrelada,major,45,6,3
MILTON,46,Estrelada,major,46,#6/b7,7
MILTON,46,Estrelada,major,47,6,5
MILTON,46,Estrelada,major,48,1,1
MILTON,47,Gira girou,minor,1,1,1
MILTON,47,Gira girou,minor,2,3,x
MILTON,47,Gira girou,minor,3,4,11
MILTON,47,Gira girou,minor,4,5,5
MILTON,47,Gira girou,minor,5,b7,x
MILTON,47,Gira girou,minor,6,1,1
MILTON,47,Gira girou,minor,7,b7,7
MILTON,47,Gira girou,minor,8,1,1
MILTON,47,Gira girou,minor,9,2,9
MILTON,47,Gira girou,minor,10,b7,7
MILTON,47,Gira girou,minor,11,5,5
MILTON,47,Gira girou,minor,12,b7,x
MILTON,47,Gira girou,minor,13,#6,6
MILTON,47,Gira girou,minor,14,b7,x
MILTON,47,Gira girou,minor,15,6,3
MILTON,47,Gira girou,minor,16,5,x
MILTON,47,Gira girou,minor,17,4,1
MILTON,47,Gira girou,minor,18,2,5
MILTON,47,Gira girou,minor,19,b7,3
MILTON,47,Gira girou,minor,20,2,5
MILTON,47,Gira girou,minor,21,4,7
MILTON,47,Gira girou,minor,22,6,x
MILTON,47,Gira girou,minor,23,5,11
MILTON,47,Gira girou,minor,24,2,5
MILTON,47,Gira girou,minor,25,4,7
MILTON,47,Gira girou,minor,26,#3,3
MILTON,48,Leila,major,1,1,x
MILTON,48,Leila,major,2,7,7
MILTON,48,Leila,major,3,5,5
MILTON,48,Leila,major,4,5,x
MILTON,48,Leila,major,5,6,7
MILTON,48,Leila,major,6,5,7
MILTON,48,Leila,major,7,#5/b6,x
MILTON,48,Leila,major,8,5,7
MILTON,48,Leila,major,9,#5/b6,x
MILTON,48,Leila,major,10,5,7
MILTON,48,Leila,major,11,#5/b6,x
MILTON,48,Leila,major,12,5,7
MILTON,48,Leila,major,13,#5/b6,1
MILTON,48,Leila,major,14,#5/b6,7
MILTON,48,Leila,major,15,#6/b7,1
MILTON,48,Leila,major,16,#5/b6,11
MILTON,48,Leila,major,17,#6/b7,x
MILTON,48,Leila,major,18,#5/b6,11
MILTON,48,Leila,major,19,#6/b7,x
MILTON,48,Leila,major,20,#5/b6,11
MILTON,48,Leila,major,21,#6/b7,x
MILTON,48,Leila,major,22,1,6
MILTON,48,Leila,major,23,#6/b7,x
MILTON,48,Leila,major,24,1,6
MILTON,48,Leila,major,25,#6/b7,x
MILTON,48,Leila,major,26,1,6
MILTON,48,Leila,major,27,#6/b7,x
MILTON,48,Leila,major,28,1,6
MILTON,48,Leila,major,29,#5/b6,x
MILTON,48,Leila,major,30,#6/b7,b13
MILTON,48,Leila,major,31,#5/b6,9
MILTON,48,Leila,major,32,#6/b7,x
MILTON,48,Leila,major,33,#5/b6,9
MILTON,48,Leila,major,34,#6/b7,x
MILTON,48,Leila,major,35,7,x
MILTON,48,Leila,major,36,1,1
MILTON,48,Leila,major,37,#6/b7,7
MILTON,48,Leila,major,38,7,x
MILTON,48,Leila,major,39,#6/b7,7
MILTON,48,Leila,major,40,7,x
MILTON,48,Leila,major,41,#6/b7,7
MILTON,48,Leila,major,42,7,1
MILTON,48,Leila,major,43,7,x
MILTON,48,Leila,major,44,1,1
MILTON,49,Lilia,minor,1,b7,7
MILTON,49,Lilia,minor,2,1,6
MILTON,49,Lilia,minor,3,1,9
MILTON,49,Lilia,minor,4,1,1
MILTON,49,Lilia,minor,5,b7,7
MILTON,49,Lilia,minor,6,#6,6
MILTON,49,Lilia,minor,7,b7,x
MILTON,49,Lilia,minor,8,#6,6
MILTON,49,Lilia,minor,9,5,5
MILTON,49,Lilia,minor,10,b7,5
MILTON,49,Lilia,minor,11,1,5
MILTON,49,Lilia,minor,12,1,1
MILTON,49,Lilia,minor,13,2,3
MILTON,49,Lilia,minor,14,1,x
MILTON,49,Lilia,minor,15,b7,1
MILTON,49,Lilia,minor,16,2,3
MILTON,49,Lilia,minor,17,3,x
MILTON,49,Lilia,minor,18,2,x
MILTON,49,Lilia,minor,19,1,3
MILTON,49,Lilia,minor,20,3,5
MILTON,49,Lilia,minor,21,2,x
MILTON,49,Lilia,minor,22,1,11
MILTON,49,Lilia,minor,23,b7,x
MILTON,49,Lilia,minor,24,1,11
MILTON,49,Lilia,minor,25,1,6
MILTON,49,Lilia,minor,26,1,9
MILTON,49,Lilia,minor,27,1,6
MILTON,49,Lilia,minor,28,1,9
MILTON,49,Lilia,minor,29,1,1
MILTON,50,Novena,minor,1,3,3
MILTON,50,Novena,minor,2,4,1
MILTON,50,Novena,minor,3,#4/b5,1
MILTON,50,Novena,minor,4,4,x
MILTON,50,Novena,minor,5,3,3
MILTON,50,Novena,minor,6,4,1
MILTON,50,Novena,minor,7,#4/b5,1
MILTON,50,Novena,minor,8,4,1
MILTON,50,Novena,minor,9,#3,1
MILTON,50,Novena,minor,10,3,3
MILTON,50,Novena,minor,11,2,1
MILTON,50,Novena,minor,12,3,b9/#9
MILTON,50,Novena,minor,13,2,1
MILTON,50,Novena,minor,14,3,b9/#9
MILTON,50,Novena,minor,15,2,1
MILTON,50,Novena,minor,16,3,b13
MILTON,50,Novena,minor,17,2,5
MILTON,50,Novena,minor,18,3,b13
MILTON,50,Novena,minor,19,1,1
MILTON,50,Novena,minor,20,4,1
MILTON,50,Novena,minor,21,5,9
MILTON,50,Novena,minor,22,b7,11
MILTON,50,Novena,minor,23,6,5
MILTON,50,Novena,minor,24,4,1
MILTON,50,Novena,minor,25,5,9
MILTON,50,Novena,minor,26,b7,11
MILTON,50,Novena,minor,27,6,3
MILTON,50,Novena,minor,28,6,9
MILTON,50,Novena,minor,29,6,3
MILTON,50,Novena,minor,30,5,9
MILTON,50,Novena,minor,31,4,1
MILTON,50,Novena,minor,32,6,3
MILTON,50,Novena,minor,33,5,x
MILTON,50,Novena,minor,34,4,1
MILTON,50,Novena,minor,35,6,1
MILTON,50,Novena,minor,36,5,14
MILTON,50,Novena,minor,37,4,7
MILTON,50,Novena,minor,38,5,3
MILTON,50,Novena,minor,39,4,9
MILTON,50,Novena,minor,40,3,1
MILTON,50,Novena,minor,41,#4/b5,1
MILTON,50,Novena,minor,42,4,14
MILTON,50,Novena,minor,43,3,5
MILTON,50,Novena,minor,44,2,x
MILTON,50,Novena,minor,45,3,b13
MILTON,50,Novena,minor,46,2,5
MILTON,50,Novena,minor,47,1,1
RITA,1,Agora e moda,minor,1,3,x
RITA,1,Agora e moda,minor,2,1,x
RITA,1,Agora e moda,minor,3,3,3
RITA,1,Agora e moda,minor,4,b7,1
RITA,1,Agora e moda,minor,5,5,3
RITA,1,Agora e moda,minor,6,b7,7
RITA,1,Agora e moda,minor,7,5,5
RITA,1,Agora e moda,minor,8,b7,7
RITA,1,Agora e moda,minor,9,5,5
RITA,1,Agora e moda,minor,10,b7,7
RITA,1,Agora e moda,minor,11,5,5
RITA,1,Agora e moda,minor,12,b7,7
RITA,1,Agora e moda,minor,13,3,3
RITA,1,Agora e moda,minor,14,1,1
RITA,1,Agora e moda,minor,15,3,3
RITA,1,Agora e moda,minor,16,5,1
RITA,1,Agora e moda,minor,17,b7,7
RITA,1,Agora e moda,minor,18,5,5
RITA,1,Agora e moda,minor,19,b7,7
RITA,1,Agora e moda,minor,20,5,5
RITA,1,Agora e moda,minor,21,b7,7
RITA,1,Agora e moda,minor,22,5,5
RITA,1,Agora e moda,minor,23,3,3
RITA,1,Agora e moda,minor,24,1,1
RITA,1,Agora e moda,minor,25,b7,1
RITA,1,Agora e moda,minor,26,6,7
RITA,1,Agora e moda,minor,27,4,9
RITA,1,Agora e moda,minor,28,3,1
RITA,1,Agora e moda,minor,29,#1/b2,3
RITA,1,Agora e moda,minor,30,b7,1
RITA,1,Agora e moda,minor,31,5,3
RITA,1,Agora e moda,minor,32,5,5
RITA,1,Agora e moda,minor,33,4,11
RITA,1,Agora e moda,minor,34,3,3
RITA,1,Agora e moda,minor,35,1,1
RITA,1,Agora e moda,minor,36,b7,7
RITA,1,Agora e moda,minor,37,5,3
RITA,1,Agora e moda,minor,38,4,x
RITA,1,Agora e moda,minor,39,3,3
RITA,1,Agora e moda,minor,40,1,1
RITA,2,Agora so falta voce,major,1,3,5
RITA,2,Agora so falta voce,major,2,2,x
RITA,2,Agora so falta voce,major,3,1,5
RITA,2,Agora so falta voce,major,4,6,5
RITA,2,Agora so falta voce,major,5,1,7
RITA,2,Agora so falta voce,major,6,6,5
RITA,2,Agora so falta voce,major,7,1,7
RITA,2,Agora so falta voce,major,8,6,5
RITA,2,Agora so falta voce,major,9,1,7
RITA,2,Agora so falta voce,major,10,3,x
RITA,2,Agora so falta voce,major,11,2,5
RITA,2,Agora so falta voce,major,12,1,x
RITA,2,Agora so falta voce,major,13,3,13
RITA,2,Agora so falta voce,major,14,2,5
RITA,2,Agora so falta voce,major,15,3,5
RITA,2,Agora so falta voce,major,16,2,6
RITA,2,Agora so falta voce,major,17,1,5
RITA,2,Agora so falta voce,major,18,6,1
RITA,2,Agora so falta voce,major,19,1,3
RITA,2,Agora so falta voce,major,20,6,1
RITA,2,Agora so falta voce,major,21,3,13
RITA,2,Agora so falta voce,major,22,2,5
RITA,2,Agora so falta voce,major,23,3,x
RITA,2,Agora so falta voce,major,24,2,5
RITA,2,Agora so falta voce,major,25,1,5
RITA,2,Agora so falta voce,major,26,6,3
RITA,2,Agora so falta voce,major,27,3,9
RITA,2,Agora so falta voce,major,28,2,x
RITA,2,Agora so falta voce,major,29,1,7
RITA,2,Agora so falta voce,major,30,3,#11
RITA,2,Agora so falta voce,major,31,2,6
RITA,2,Agora so falta voce,major,32,1,5
RITA,2,Agora so falta voce,major,33,6,3
RITA,2,Agora so falta voce,major,34,3,3
RITA,2,Agora so falta voce,major,35,2,x
RITA,2,Agora so falta voce,major,36,1,1
RITA,3,Bandido corazon,major,1,6,5
RITA,3,Bandido corazon,major,2,1,7
RITA,3,Bandido corazon,major,3,7,6
RITA,3,Bandido corazon,major,4,2,5
RITA,3,Bandido corazon,major,5,3,13
RITA,3,Bandido corazon,major,6,2,5
RITA,3,Bandido corazon,major,7,1,x
RITA,3,Bandido corazon,major,8,7,7
RITA,3,Bandido corazon,major,9,1,1
RITA,3,Bandido corazon,major,10,6,6
RITA,3,Bandido corazon,major,11,7,3
RITA,3,Bandido corazon,major,12,6,9
RITA,3,Bandido corazon,major,13,5,1
RITA,3,Bandido corazon,major,14,5,11
RITA,3,Bandido corazon,major,15,4,x
RITA,3,Bandido corazon,major,16,5,11
RITA,3,Bandido corazon,major,17,4,x
RITA,3,Bandido corazon,major,18,5,11
RITA,3,Bandido corazon,major,19,4,x
RITA,3,Bandido corazon,major,20,5,1
RITA,3,Bandido corazon,major,21,3,1
RITA,3,Bandido corazon,major,22,7,5
RITA,3,Bandido corazon,major,23,6,x
RITA,3,Bandido corazon,major,24,7,5
RITA,3,Bandido corazon,major,25,6,x
RITA,3,Bandido corazon,major,26,7,x
RITA,3,Bandido corazon,major,27,6,1
RITA,3,Bandido corazon,major,28,2,1
RITA,3,Bandido corazon,major,29,6,5
RITA,3,Bandido corazon,major,30,5,x
RITA,3,Bandido corazon,major,31,6,x
RITA,3,Bandido corazon,major,32,5,11
RITA,3,Bandido corazon,major,33,4,7
RITA,3,Bandido corazon,major,34,4,x
RITA,3,Bandido corazon,major,35,3,3
RITA,3,Bandido corazon,major,36,5,11
RITA,3,Bandido corazon,major,37,5,x
RITA,3,Bandido corazon,major,38,4,7
RITA,3,Bandido corazon,major,39,6,1
RITA,3,Bandido corazon,major,40,7,5
RITA,3,Bandido corazon,major,41,6,x
RITA,3,Bandido corazon,major,42,7,5
RITA,3,Bandido corazon,major,43,6,x
RITA,3,Bandido corazon,major,44,#5/b6,x
RITA,3,Bandido corazon,major,45,6,1
RITA,3,Bandido corazon,major,46,3,5
RITA,4,Banho de espuma,major,1,3,13
RITA,4,Banho de espuma,major,2,4,x
RITA,4,Banho de espuma,major,3,#4/b5,x
RITA,4,Banho de espuma,major,4,5,1
RITA,4,Banho de espuma,major,5,7,3
RITA,4,Banho de espuma,major,6,6,x
RITA,4,Banho de espuma,major,7,5,1
RITA,4,Banho de espuma,major,8,7,3
RITA,4,Banho de espuma,major,9,6,x
RITA,4,Banho de espuma,major,10,5,1
RITA,4,Banho de espuma,major,11,4,x
RITA,4,Banho de espuma,major,12,3,3
RITA,4,Banho de espuma,major,13,3,5
RITA,4,Banho de espuma,major,14,4,x
RITA,4,Banho de espuma,major,15,#4/b5,x
RITA,4,Banho de espuma,major,16,5,11
RITA,4,Banho de espuma,major,17,2,1
RITA,4,Banho de espuma,major,18,3,x
RITA,4,Banho de espuma,major,19,4,7
RITA,4,Banho de espuma,major,20,3,x
RITA,4,Banho de espuma,major,21,2,5
RITA,4,Banho de espuma,major,22,5,11
RITA,4,Banho de espuma,major,23,2,1
RITA,4,Banho de espuma,major,24,3,x
RITA,4,Banho de espuma,major,25,4,7
RITA,4,Banho de espuma,major,26,5,x
RITA,4,Banho de espuma,major,27,6,3
RITA,4,Banho de espuma,major,28,#5/b6,3
RITA,4,Banho de espuma,major,29,7,5
RITA,4,Banho de espuma,major,30,1,5
RITA,4,Banho de espuma,major,31,7,x
RITA,4,Banho de espuma,major,32,6,3
RITA,4,Banho de espuma,major,33,1,5
RITA,4,Banho de espuma,major,34,6,3
RITA,4,Banho de espuma,major,35,6,3
RITA,4,Banho de espuma,major,36,7,x
RITA,4,Banho de espuma,major,37,1,5
RITA,4,Banho de espuma,major,38,7,x
RITA,4,Banho de espuma,major,39,6,3
RITA,4,Banho de espuma,major,40,5,5
RITA,4,Banho de espuma,major,41,5,1
RITA,4,Banho de espuma,major,42,5,7
RITA,4,Banho de espuma,major,43,4,x
RITA,4,Banho de espuma,major,44,3,x
RITA,4,Banho de espuma,major,45,2,1
RITA,4,Banho de espuma,major,46,6,5
RITA,4,Banho de espuma,major,47,6,9
RITA,4,Banho de espuma,major,48,4,7
RITA,4,Banho de espuma,major,49,2,5
RITA,4,Banho de espuma,major,50,1,1
RITA,5,Bwana,major,1,3,3
RITA,5,Bwana,major,2,2,9
RITA,5,Bwana,major,3,1,1
RITA,5,Bwana,major,4,3,5
RITA,5,Bwana,major,5,4,x
RITA,5,Bwana,major,6,3,5
RITA,5,Bwana,major,7,4,1
RITA,5,Bwana,major,8,3,7
RITA,5,Bwana,major,9,2,6
RITA,5,Bwana,major,10,3,x
RITA,5,Bwana,major,11,4,7
RITA,5,Bwana,major,12,3,x
RITA,5,Bwana,major,13,4,7
RITA,5,Bwana,major,14,3,x
RITA,5,Bwana,major,15,4,7
RITA,5,Bwana,major,16,3,x
RITA,5,Bwana,major,17,4,7
RITA,5,Bwana,major,18,5,1
RITA,5,Bwana,major,19,3,x
RITA,5,Bwana,major,20,2,5
RITA,5,Bwana,major,21,5,5
RITA,5,Bwana,major,22,6,x
RITA,5,Bwana,major,23,7,7
RITA,5,Bwana,major,24,2,9
RITA,5,Bwana,major,25,1,1
RITA,5,Bwana,major,26,1,x
RITA,5,Bwana,major,27,7,7
RITA,5,Bwana,major,28,1,x
RITA,5,Bwana,major,29,2,9
RITA,5,Bwana,major,30,1,1
RITA,5,Bwana,major,31,7,x
RITA,5,Bwana,major,32,1,1
RITA,5,Bwana,major,33,7,#11
RITA,5,Bwana,major,34,6,3
RITA,5,Bwana,major,35,2,5
RITA,5,Bwana,major,36,5,1
RITA,5,Bwana,major,37,4,1
RITA,5,Bwana,major,38,3,13
RITA,5,Bwana,major,39,2,5
RITA,5,Bwana,major,40,3,3
RITA,5,Bwana,major,41,4,x
RITA,5,Bwana,major,42,3,1
RITA,5,Bwana,major,43,2,7
RITA,5,Bwana,major,44,2,x
RITA,5,Bwana,major,45,1,3
RITA,6,Com a boca no mundo,major,1,3,3
RITA,6,Com a boca no mundo,major,2,3,x
RITA,6,Com a boca no mundo,major,3,2,5
RITA,6,Com a boca no mundo,major,4,1,5
RITA,6,Com a boca no mundo,major,5,2,5
RITA,6,Com a boca no mundo,major,6,1,1
RITA,6,Com a boca no mundo,major,7,3,3
RITA,6,Com a boca no mundo,major,8,5,5
RITA,6,Com a boca no mundo,major,9,3,3
RITA,6,Com a boca no mundo,major,10,5,5
RITA,6,Com a boca no mundo,major,11,#5/b6,x
RITA,6,Com a boca no mundo,major,12,6,3
RITA,6,Com a boca no mundo,major,13,1,5
RITA,6,Com a boca no mundo,major,14,2,5
RITA,6,Com a boca no mundo,major,15,1,1
RITA,6,Com a boca no mundo,major,16,3,3
RITA,6,Com a boca no mundo,major,17,3,x
RITA,6,Com a boca no mundo,major,18,2,5
RITA,6,Com a boca no mundo,major,19,3,7
RITA,6,Com a boca no mundo,major,20,1,5
RITA,6,Com a boca no mundo,major,21,6,3
RITA,6,Com a boca no mundo,major,22,1,3
RITA,6,Com a boca no mundo,major,23,6,9
RITA,6,Com a boca no mundo,major,24,1,1
RITA,7,Dancar pra nao dancar,major,1,6,x
RITA,7,Dancar pra nao dancar,major,2,5,5
RITA,7,Dancar pra nao dancar,major,3,3,3
RITA,7,Dancar pra nao dancar,major,4,2,x
RITA,7,Dancar pra nao dancar,major,5,1,1
RITA,7,Dancar pra nao dancar,major,6,6,6
RITA,7,Dancar pra nao dancar,major,7,5,5
RITA,7,Dancar pra nao dancar,major,8,5,1
RITA,7,Dancar pra nao dancar,major,9,4,x
RITA,7,Dancar pra nao dancar,major,10,5,1
RITA,7,Dancar pra nao dancar,major,11,6,9
RITA,7,Dancar pra nao dancar,major,12,3,x
RITA,7,Dancar pra nao dancar,major,13,2,5
RITA,7,Dancar pra nao dancar,major,14,6,x
RITA,7,Dancar pra nao dancar,major,15,5,5
RITA,7,Dancar pra nao dancar,major,16,6,x
RITA,7,Dancar pra nao dancar,major,17,5,5
RITA,7,Dancar pra nao dancar,major,18,6,3
RITA,7,Dancar pra nao dancar,major,19,5,9
RITA,7,Dancar pra nao dancar,major,20,#2/b3,5
RITA,7,Dancar pra nao dancar,major,21,1,3
RITA,7,Dancar pra nao dancar,major,22,2,x
RITA,7,Dancar pra nao dancar,major,23,1,9
RITA,7,Dancar pra nao dancar,major,24,6,x
RITA,7,Dancar pra nao dancar,major,25,5,5
RITA,7,Dancar pra nao dancar,major,26,#2/b3,b9/#9
RITA,7,Dancar pra nao dancar,major,27,2,x
RITA,7,Dancar pra nao dancar,major,28,1,1
RITA,7,Dancar pra nao dancar,major,29,6,6
RITA,7,Dancar pra nao dancar,major,30,5,5
RITA,7,Dancar pra nao dancar,major,31,4,3
RITA,7,Dancar pra nao dancar,major,32,5,x
RITA,7,Dancar pra nao dancar,major,33,6,5
RITA,7,Dancar pra nao dancar,major,34,1,7
RITA,7,Dancar pra nao dancar,major,35,7,x
RITA,7,Dancar pra nao dancar,major,36,6,5
RITA,7,Dancar pra nao dancar,major,37,7,6
RITA,8,Desculpe o aue,major,1,#2/b3,b13
RITA,8,Desculpe o aue,major,2,5,1
RITA,8,Desculpe o aue,major,3,#2/b3,b13
RITA,8,Desculpe o aue,major,4,3,3
RITA,8,Desculpe o aue,major,5,1,1
RITA,8,Desculpe o aue,major,6,7,9
RITA,8,Desculpe o aue,major,7,6,1
RITA,8,Desculpe o aue,major,8,5,x
RITA,8,Desculpe o aue,major,9,6,9
RITA,8,Desculpe o aue,major,10,5,1
RITA,8,Desculpe o aue,major,11,2,5
RITA,8,Desculpe o aue,major,12,5,1
RITA,8,Desculpe o aue,major,13,2,5
RITA,8,Desculpe o aue,major,14,3,3
RITA,8,Desculpe o aue,major,15,2,x
RITA,8,Desculpe o aue,major,16,3,3
RITA,8,Desculpe o aue,major,17,5,5
RITA,8,Desculpe o aue,major,18,2,9
RITA,8,Desculpe o aue,major,19,3,1
RITA,8,Desculpe o aue,major,20,6,11
RITA,8,Desculpe o aue,major,21,5,7
RITA,8,Desculpe o aue,major,22,3,5
RITA,8,Desculpe o aue,major,23,3,9
RITA,8,Desculpe o aue,major,24,2,1
RITA,8,Desculpe o aue,major,25,#2/b3,7
RITA,8,Desculpe o aue,major,26,2,x
RITA,8,Desculpe o aue,major,27,1,1
RITA,8,Desculpe o aue,major,28,6,1
RITA,8,Desculpe o aue,major,29,4,3
RITA,8,Desculpe o aue,major,30,3,x
RITA,8,Desculpe o aue,major,31,4,3
RITA,8,Desculpe o aue,major,32,3,x
RITA,8,Desculpe o aue,major,33,2,5
RITA,8,Desculpe o aue,major,34,1,x
RITA,8,Desculpe o aue,major,35,2,5
RITA,8,Desculpe o aue,major,36,3,3
RITA,8,Desculpe o aue,major,37,5,5
RITA,8,Desculpe o aue,major,38,3,3
RITA,8,Desculpe o aue,major,39,2,11
RITA,8,Desculpe o aue,major,40,1,3
RITA,8,Desculpe o aue,major,41,2,x
RITA,8,Desculpe o aue,major,42,3,5
RITA,8,Desculpe o aue,major,43,4,3
RITA,8,Desculpe o aue,major,44,3,x
RITA,8,Desculpe o aue,major,45,4,3
RITA,8,Desculpe o aue,major,46,3,13
RITA,8,Desculpe o aue,major,47,2,5
RITA,9,Doce vampiro,major,1,3,13
RITA,9,Doce vampiro,major,2,2,5
RITA,9,Doce vampiro,major,3,4,7
RITA,9,Doce vampiro,major,4,2,5
RITA,9,Doce vampiro,major,5,4,7
RITA,9,Doce vampiro,major,6,6,9
RITA,9,Doce vampiro,major,7,5,5
RITA,9,Doce vampiro,major,8,3,3
RITA,9,Doce vampiro,major,9,2,x
RITA,9,Doce vampiro,major,10,1,1
RITA,9,Doce vampiro,major,11,6,5
RITA,9,Doce vampiro,major,12,6,x
RITA,9,Doce vampiro,major,13,5,5
RITA,9,Doce vampiro,major,14,5,x
RITA,9,Doce vampiro,major,15,4,1
RITA,9,Doce vampiro,major,16,6,3
RITA,9,Doce vampiro,major,17,1,5
RITA,9,Doce vampiro,major,18,1,1
RITA,9,Doce vampiro,major,19,6,5
RITA,9,Doce vampiro,major,20,6,6
RITA,9,Doce vampiro,major,21,5,5
RITA,9,Doce vampiro,major,22,5,x
RITA,9,Doce vampiro,major,23,4,1
RITA,9,Doce vampiro,major,24,1,5
RITA,9,Doce vampiro,major,25,2,x
RITA,9,Doce vampiro,major,26,1,5
RITA,9,Doce vampiro,major,27,5,1
RITA,9,Doce vampiro,major,28,3,13
RITA,9,Doce vampiro,major,29,2,5
RITA,9,Doce vampiro,major,30,2,x
RITA,9,Doce vampiro,major,31,1,1
RITA,9,Doce vampiro,major,32,2,x
RITA,9,Doce vampiro,major,33,3,3
RITA,9,Doce vampiro,major,34,3,9
RITA,9,Doce vampiro,major,35,1,7
RITA,9,Doce vampiro,major,36,1,x
RITA,9,Doce vampiro,major,37,7,3
RITA,9,Doce vampiro,major,38,1,x
RITA,9,Doce vampiro,major,39,2,5
RITA,9,Doce vampiro,major,40,1,5
RITA,9,Doce vampiro,major,41,2,x
RITA,9,Doce vampiro,major,42,1,1
RITA,9,Doce vampiro,major,43,5,5
RITA,9,Doce vampiro,major,44,3,3
RITA,9,Doce vampiro,major,45,2,x
RITA,9,Doce vampiro,major,46,3,3
RITA,9,Doce vampiro,major,47,1,1
RITA,9,Doce vampiro,major,48,6,5
RITA,9,Doce vampiro,major,49,1,7
RITA,9,Doce vampiro,major,50,2,5
RITA,9,Doce vampiro,major,51,1,x
RITA,9,Doce vampiro,major,52,7,3
RITA,9,Doce vampiro,major,53,1,1
RITA,10,Esse tal de Roque Enrow,major,1,1,1
RITA,10,Esse tal de Roque Enrow,major,2,2,5
RITA,10,Esse tal de Roque Enrow,major,3,1,x
RITA,10,Esse tal de Roque Enrow,major,4,7,3
RITA,10,Esse tal de Roque Enrow,major,5,5,1
RITA,10,Esse tal de Roque Enrow,major,6,1,5
RITA,10,Esse tal de Roque Enrow,major,7,#6/b7,x
RITA,10,Esse tal de Roque Enrow,major,8,6,3
RITA,10,Esse tal de Roque Enrow,major,9,4,1
RITA,10,Esse tal de Roque Enrow,major,10,1,5
RITA,10,Esse tal de Roque Enrow,major,11,2,5
RITA,10,Esse tal de Roque Enrow,major,12,1,x
RITA,10,Esse tal de Roque Enrow,major,13,7,3
RITA,10,Esse tal de Roque Enrow,major,14,5,1
RITA,10,Esse tal de Roque Enrow,major,15,1,5
RITA,10,Esse tal de Roque Enrow,major,16,#2/b3,7
RITA,10,Esse tal de Roque Enrow,major,17,1,5
RITA,10,Esse tal de Roque Enrow,major,18,3,x
RITA,10,Esse tal de Roque Enrow,major,19,4,3
RITA,10,Esse tal de Roque Enrow,major,20,1,7
RITA,10,Esse tal de Roque Enrow,major,21,1,7
RITA,10,Esse tal de Roque Enrow,major,22,1,1
RITA,10,Esse tal de Roque Enrow,major,23,1,7
RITA,10,Esse tal de Roque Enrow,major,24,2,5
RITA,10,Esse tal de Roque Enrow,major,25,#2/b3,7
RITA,10,Esse tal de Roque Enrow,major,26,3,3
RITA,10,Esse tal de Roque Enrow,major,27,#2/b3,b9/#9
RITA,10,Esse tal de Roque Enrow,major,28,#2/b3,7
RITA,10,Esse tal de Roque Enrow,major,29,1,5
RITA,10,Esse tal de Roque Enrow,major,30,3,3
RITA,10,Esse tal de Roque Enrow,major,31,#2/b3,7
RITA,10,Esse tal de Roque Enrow,major,32,2,x
RITA,10,Esse tal de Roque Enrow,major,33,1,5
RITA,10,Esse tal de Roque Enrow,major,34,6,5
RITA,10,Esse tal de Roque Enrow,major,35,#5/b6,5
RITA,11,Flagra,major,1,5,1
RITA,11,Flagra,major,2,1,1
RITA,11,Flagra,major,3,2,x
RITA,11,Flagra,major,4,1,1
RITA,11,Flagra,major,5,3,3
RITA,11,Flagra,major,6,2,x
RITA,11,Flagra,major,7,3,3
RITA,11,Flagra,major,8,2,x
RITA,11,Flagra,major,9,3,3
RITA,11,Flagra,major,10,1,1
RITA,11,Flagra,major,11,4,1
RITA,11,Flagra,major,12,5,x
RITA,11,Flagra,major,13,4,1
RITA,11,Flagra,major,14,6,3
RITA,11,Flagra,major,15,5,x
RITA,11,Flagra,major,16,4,1
RITA,11,Flagra,major,17,#5/b6,3
RITA,11,Flagra,major,18,5,1
RITA,11,Flagra,major,19,1,1
RITA,11,Flagra,major,20,3,3
RITA,11,Flagra,major,21,6,6
RITA,11,Flagra,major,22,3,3
RITA,11,Flagra,major,23,2,9
RITA,11,Flagra,major,24,3,3
RITA,11,Flagra,major,25,1,1
RITA,11,Flagra,major,26,2,9
RITA,11,Flagra,major,27,4,1
RITA,11,Flagra,major,28,6,3
RITA,11,Flagra,major,29,5,x
RITA,11,Flagra,major,30,4,1
RITA,11,Flagra,major,31,#5/b6,3
RITA,11,Flagra,major,32,6,3
RITA,11,Flagra,major,33,5,3
RITA,11,Flagra,major,34,3,1
RITA,11,Flagra,major,35,5,3
RITA,11,Flagra,major,36,3,1
RITA,11,Flagra,major,37,5,3
RITA,11,Flagra,major,38,6,1
RITA,11,Flagra,major,39,3,5
RITA,11,Flagra,major,40,2,1
RITA,11,Flagra,major,41,1,x
RITA,11,Flagra,major,42,2,1
RITA,11,Flagra,major,43,1,x
RITA,11,Flagra,major,44,2,7
RITA,11,Flagra,major,45,1,3
RITA,11,Flagra,major,46,6,x
RITA,11,Flagra,major,47,5,1
RITA,11,Flagra,major,48,1,3
RITA,11,Flagra,major,49,6,x
RITA,11,Flagra,major,50,5,7
RITA,11,Flagra,major,51,1,3
RITA,11,Flagra,major,52,6,x
RITA,11,Flagra,major,53,5,1
RITA,12,Jardins da Babilonia,major,1,1,1
RITA,12,Jardins da Babilonia,major,2,6,6
RITA,12,Jardins da Babilonia,major,3,#2/b3,b9/#9
RITA,12,Jardins da Babilonia,major,4,1,1
RITA,12,Jardins da Babilonia,major,5,6,6
RITA,12,Jardins da Babilonia,major,6,#2/b3,b9/#9
RITA,12,Jardins da Babilonia,major,7,1,1
RITA,12,Jardins da Babilonia,major,8,2,x
RITA,12,Jardins da Babilonia,major,9,#2/b3,x
RITA,12,Jardins da Babilonia,major,10,2,x
RITA,12,Jardins da Babilonia,major,11,1,1
RITA,12,Jardins da Babilonia,major,12,4,1
RITA,12,Jardins da Babilonia,major,13,5,5
RITA,12,Jardins da Babilonia,major,14,3,3
RITA,12,Jardins da Babilonia,major,15,1,1
RITA,12,Jardins da Babilonia,major,16,6,6
RITA,12,Jardins da Babilonia,major,17,2,x
RITA,12,Jardins da Babilonia,major,18,3,13
RITA,12,Jardins da Babilonia,major,19,2,x
RITA,12,Jardins da Babilonia,major,20,1,5
RITA,12,Jardins da Babilonia,major,21,6,3
RITA,12,Jardins da Babilonia,major,22,5,1
RITA,12,Jardins da Babilonia,major,23,6,9
RITA,12,Jardins da Babilonia,major,24,5,1
RITA,12,Jardins da Babilonia,major,25,1,1
RITA,12,Jardins da Babilonia,major,26,6,6
RITA,12,Jardins da Babilonia,major,27,#2/b3,b9/#9
RITA,12,Jardins da Babilonia,major,28,1,1
RITA,12,Jardins da Babilonia,major,29,6,6
RITA,12,Jardins da Babilonia,major,30,#2/b3,b9/#9
RITA,12,Jardins da Babilonia,major,31,1,1
RITA,12,Jardins da Babilonia,major,32,2,x
RITA,12,Jardins da Babilonia,major,33,#2/b3,x
RITA,12,Jardins da Babilonia,major,34,2,x
RITA,12,Jardins da Babilonia,major,35,1,5
RITA,12,Jardins da Babilonia,major,36,#4/b5,x
RITA,12,Jardins da Babilonia,major,37,5,5
RITA,12,Jardins da Babilonia,major,38,3,3
RITA,12,Jardins da Babilonia,major,39,1,1
RITA,12,Jardins da Babilonia,major,40,6,6
RITA,12,Jardins da Babilonia,major,41,2,1
RITA,12,Jardins da Babilonia,major,42,3,9
RITA,12,Jardins da Babilonia,major,43,3,13
RITA,12,Jardins da Babilonia,major,44,2,x
RITA,12,Jardins da Babilonia,major,45,1,1
RITA,13,Mamae natureza,major,1,5,5
RITA,13,Mamae natureza,major,2,4,1
RITA,13,Mamae natureza,major,3,#2/b3,7
RITA,13,Mamae natureza,major,4,4,1
RITA,13,Mamae natureza,major,5,#2/b3,7
RITA,13,Mamae natureza,major,6,2,x
RITA,13,Mamae natureza,major,7,1,1
RITA,13,Mamae natureza,major,8,6,x
RITA,13,Mamae natureza,major,9,5,5
RITA,13,Mamae natureza,major,10,5,1
RITA,13,Mamae natureza,major,11,5,5
RITA,13,Mamae natureza,major,12,4,1
RITA,13,Mamae natureza,major,13,#2/b3,7
RITA,13,Mamae natureza,major,14,4,1
RITA,13,Mamae natureza,major,15,#2/b3,7
RITA,13,Mamae natureza,major,16,4,1
RITA,13,Mamae natureza,major,17,#2/b3,7
RITA,13,Mamae natureza,major,18,2,x
RITA,13,Mamae natureza,major,19,1,1
RITA,13,Mamae natureza,major,20,6,x
RITA,13,Mamae natureza,major,21,5,1
RITA,13,Mamae natureza,major,22,#2/b3,7
RITA,13,Mamae natureza,major,23,1,5
RITA,13,Mamae natureza,major,24,#2/b3,7
RITA,13,Mamae natureza,major,25,1,5
RITA,13,Mamae natureza,major,26,3,3
RITA,13,Mamae natureza,major,27,#2/b3,7
RITA,13,Mamae natureza,major,28,1,5
RITA,13,Mamae natureza,major,29,2,x
RITA,13,Mamae natureza,major,30,1,5
RITA,13,Mamae natureza,major,31,6,x
RITA,13,Mamae natureza,major,32,5,5
RITA,13,Mamae natureza,major,33,#2/b3,7
RITA,13,Mamae natureza,major,34,1,5
RITA,13,Mamae natureza,major,35,2,x
RITA,13,Mamae natureza,major,36,1,5
RITA,13,Mamae natureza,major,37,3,1
RITA,13,Mamae natureza,major,38,6,1
RITA,13,Mamae natureza,major,39,#5/b6,x
RITA,13,Mamae natureza,major,40,6,3
RITA,13,Mamae natureza,major,41,5,1
RITA,14,Menino bonito,major,1,3,3
RITA,14,Menino bonito,major,2,3,7
RITA,14,Menino bonito,major,3,2,x
RITA,14,Menino bonito,major,4,1,5
RITA,14,Menino bonito,major,5,6,3
RITA,14,Menino bonito,major,6,1,5
RITA,14,Menino bonito,major,7,2,x
RITA,14,Menino bonito,major,8,3,3
RITA,14,Menino bonito,major,9,5,5
RITA,14,Menino bonito,major,10,#2/b3,x
RITA,14,Menino bonito,major,11,2,7
RITA,14,Menino bonito,major,12,1,b13
RITA,14,Menino bonito,major,13,2,x
RITA,14,Menino bonito,major,14,1,3
RITA,14,Menino bonito,major,15,2,x
RITA,14,Menino bonito,major,16,1,3
RITA,14,Menino bonito,major,17,6,1
RITA,14,Menino bonito,major,18,4,3
RITA,14,Menino bonito,major,19,6,5
RITA,14,Menino bonito,major,20,5,1
RITA,14,Menino bonito,major,21,7,3
RITA,14,Menino bonito,major,22,5,1
RITA,14,Menino bonito,major,23,1,1
RITA,14,Menino bonito,major,24,7,5
RITA,14,Menino bonito,major,25,#5/b6,3
RITA,14,Menino bonito,major,26,7,5
RITA,14,Menino bonito,major,27,6,1
RITA,14,Menino bonito,major,28,7,9
RITA,14,Menino bonito,major,29,6,1
RITA,14,Menino bonito,major,30,1,x
RITA,14,Menino bonito,major,31,7,#11
RITA,14,Menino bonito,major,32,4,7
RITA,14,Menino bonito,major,33,3,13
RITA,14,Menino bonito,major,34,7,3
RITA,14,Menino bonito,major,35,1,1
RITA,15,Miss Brasil 2000,major,1,5,5
RITA,15,Miss Brasil 2000,major,2,4,x
RITA,15,Miss Brasil 2000,major,3,3,3
RITA,15,Miss Brasil 2000,major,4,5,5
RITA,15,Miss Brasil 2000,major,5,5,3
RITA,15,Miss Brasil 2000,major,6,#2/b3,1
RITA,15,Miss Brasil 2000,major,7,5,3
RITA,15,Miss Brasil 2000,major,8,6,3
RITA,15,Miss Brasil 2000,major,9,5,x
RITA,15,Miss Brasil 2000,major,10,6,3
RITA,15,Miss Brasil 2000,major,11,5,x
RITA,15,Miss Brasil 2000,major,12,4,1
RITA,15,Miss Brasil 2000,major,13,6,3
RITA,15,Miss Brasil 2000,major,14,1,5
RITA,15,Miss Brasil 2000,major,15,1,1
RITA,15,Miss Brasil 2000,major,16,5,5
RITA,15,Miss Brasil 2000,major,17,4,x
RITA,15,Miss Brasil 2000,major,18,3,3
RITA,15,Miss Brasil 2000,major,19,1,1
RITA,15,Miss Brasil 2000,major,20,5,5
RITA,15,Miss Brasil 2000,major,21,5,3
RITA,15,Miss Brasil 2000,major,22,4,x
RITA,15,Miss Brasil 2000,major,23,#2/b3,1
RITA,15,Miss Brasil 2000,major,24,5,3
RITA,15,Miss Brasil 2000,major,25,6,3
RITA,15,Miss Brasil 2000,major,26,5,x
RITA,15,Miss Brasil 2000,major,27,4,1
RITA,15,Miss Brasil 2000,major,28,6,3
RITA,15,Miss Brasil 2000,major,29,1,5
RITA,15,Miss Brasil 2000,major,30,1,1
RITA,15,Miss Brasil 2000,major,31,#5/b6,1
RITA,15,Miss Brasil 2000,major,32,#2/b3,5
RITA,15,Miss Brasil 2000,major,33,#5/b6,1
RITA,15,Miss Brasil 2000,major,34,5,5
RITA,15,Miss Brasil 2000,major,35,4,x
RITA,15,Miss Brasil 2000,major,36,3,3
RITA,15,Miss Brasil 2000,major,37,4,x
RITA,15,Miss Brasil 2000,major,38,5,5
RITA,16,Mutante,major,1,3,3
RITA,16,Mutante,major,2,4,x
RITA,16,Mutante,major,3,5,5
RITA,16,Mutante,major,4,6,x
RITA,16,Mutante,major,5,5,5
RITA,16,Mutante,major,6,#6/b7,11
RITA,16,Mutante,major,7,6,x
RITA,16,Mutante,major,8,#5/b6,7
RITA,16,Mutante,major,9,#5/b6,11
RITA,16,Mutante,major,10,#5/b6,1
RITA,16,Mutante,major,11,#2/b3,5
RITA,16,Mutante,major,12,4,13
RITA,16,Mutante,major,13,#5/b6,1
RITA,16,Mutante,major,14,5,1
RITA,16,Mutante,major,15,6,9
RITA,16,Mutante,major,16,1,5
RITA,16,Mutante,major,17,6,3
RITA,16,Mutante,major,18,3,#11
RITA,16,Mutante,major,19,2,3
RITA,16,Mutante,major,20,1,x
RITA,16,Mutante,major,21,2,3
RITA,16,Mutante,major,22,3,#11
RITA,16,Mutante,major,23,1,3
RITA,16,Mutante,major,24,6,1
RITA,16,Mutante,major,25,3,9
RITA,16,Mutante,major,26,2,11
RITA,16,Mutante,major,27,1,x
RITA,16,Mutante,major,28,2,1
RITA,16,Mutante,major,29,3,9
RITA,16,Mutante,major,30,1,7
RITA,16,Mutante,major,31,6,5
RITA,16,Mutante,major,32,#2/b3,5
RITA,16,Mutante,major,33,2,x
RITA,16,Mutante,major,34,1,3
RITA,16,Mutante,major,35,2,5
RITA,16,Mutante,major,36,1,11
RITA,16,Mutante,major,37,7,3
RITA,16,Mutante,major,38,#6/b7,x
RITA,16,Mutante,major,39,#5/b6,9
RITA,16,Mutante,major,40,1,#11
RITA,16,Mutante,major,41,2,x
RITA,16,Mutante,major,42,1,#11
RITA,16,Mutante,major,43,6,3
RITA,16,Mutante,major,44,1,5
RITA,17,Ovelha negra,major,1,5,5
RITA,17,Ovelha negra,major,2,3,3
RITA,17,Ovelha negra,major,3,2,x
RITA,17,Ovelha negra,major,4,1,1
RITA,17,Ovelha negra,major,5,2,6
RITA,17,Ovelha negra,major,6,1,5
RITA,17,Ovelha negra,major,7,6,3
RITA,17,Ovelha negra,major,8,5,x
RITA,17,Ovelha negra,major,9,6,6
RITA,17,Ovelha negra,major,10,1,1
RITA,17,Ovelha negra,major,11,5,5
RITA,17,Ovelha negra,major,12,4,x
RITA,17,Ovelha negra,major,13,3,3
RITA,17,Ovelha negra,major,14,4,1
RITA,17,Ovelha negra,major,15,3,7
RITA,17,Ovelha negra,major,16,1,5
RITA,17,Ovelha negra,major,17,2,x
RITA,17,Ovelha negra,major,18,3,3
RITA,17,Ovelha negra,major,19,5,5
RITA,17,Ovelha negra,major,20,6,3
RITA,17,Ovelha negra,major,21,5,x
RITA,17,Ovelha negra,major,22,4,1
RITA,17,Ovelha negra,major,23,3,7
RITA,17,Ovelha negra,major,24,7,3
RITA,17,Ovelha negra,major,25,2,5
RITA,17,Ovelha negra,major,26,3,13
RITA,17,Ovelha negra,major,27,5,1
RITA,17,Ovelha negra,major,28,2,5
RITA,17,Ovelha negra,major,29,1,1
RITA,17,Ovelha negra,major,30,7,5
RITA,17,Ovelha negra,major,31,6,x
RITA,17,Ovelha negra,major,32,5,3
RITA,17,Ovelha negra,major,33,#2/b3,1
RITA,17,Ovelha negra,major,34,#6/b7,5
RITA,17,Ovelha negra,major,35,1,x
RITA,17,Ovelha negra,major,36,2,3
RITA,17,Ovelha negra,major,37,1,5
RITA,17,Ovelha negra,major,38,2,x
RITA,17,Ovelha negra,major,39,1,1
RITA,17,Ovelha negra,major,40,5,1
RITA,17,Ovelha negra,major,41,6,x
RITA,17,Ovelha negra,major,42,5,1
RITA,17,Ovelha negra,major,43,3,x
RITA,17,Ovelha negra,major,44,2,5
RITA,17,Ovelha negra,major,45,1,3
RITA,18,Pega rapaz,major,1,6,x
RITA,18,Pega rapaz,major,2,5,5
RITA,18,Pega rapaz,major,3,2,5
RITA,18,Pega rapaz,major,4,3,x
RITA,18,Pega rapaz,major,5,4,7
RITA,18,Pega rapaz,major,6,1,x
RITA,18,Pega rapaz,major,7,7,3
RITA,18,Pega rapaz,major,8,6,x
RITA,18,Pega rapaz,major,9,5,5
RITA,18,Pega rapaz,major,10,2,5
RITA,18,Pega rapaz,major,11,3,x
RITA,18,Pega rapaz,major,12,4,7
RITA,18,Pega rapaz,major,13,5,x
RITA,18,Pega rapaz,major,14,6,x
RITA,18,Pega rapaz,major,15,7,3
RITA,18,Pega rapaz,major,16,2,7
RITA,18,Pega rapaz,major,17,1,x
RITA,18,Pega rapaz,major,18,2,7
RITA,18,Pega rapaz,major,19,1,x
RITA,18,Pega rapaz,major,20,7,b13
RITA,18,Pega rapaz,major,21,6,5
RITA,18,Pega rapaz,major,22,1,x
RITA,18,Pega rapaz,major,23,7,b13
RITA,18,Pega rapaz,major,24,5,x
RITA,18,Pega rapaz,major,25,6,5
RITA,18,Pega rapaz,major,26,3,x
RITA,18,Pega rapaz,major,27,2,1
RITA,18,Pega rapaz,major,28,6,1
RITA,18,Pega rapaz,major,29,6,5
RITA,18,Pega rapaz,major,30,#5/b6,x
RITA,18,Pega rapaz,major,31,#6/b7,x
RITA,18,Pega rapaz,major,32,6,5
RITA,18,Pega rapaz,major,33,3,6
RITA,18,Pega rapaz,major,34,4,7
RITA,18,Pega rapaz,major,35,6,1
RITA,18,Pega rapaz,major,36,#1/b2,3
RITA,18,Pega rapaz,major,37,4,b13
RITA,18,Pega rapaz,major,38,3,x
RITA,18,Pega rapaz,major,39,2,1
RITA,18,Pega rapaz,major,40,6,1
RITA,18,Pega rapaz,major,41,3,5
RITA,18,Pega rapaz,major,42,2,x
RITA,18,Pega rapaz,major,43,1,7
RITA,18,Pega rapaz,major,44,6,5
RITA,18,Pega rapaz,major,45,3,9
RITA,18,Pega rapaz,major,46,2,x
RITA,18,Pega rapaz,major,47,1,7
RITA,18,Pega rapaz,major,48,2,1
RITA,18,Pega rapaz,major,49,1,x
RITA,18,Pega rapaz,major,50,7,x
RITA,18,Pega rapaz,major,51,6,9
RITA,18,Pega rapaz,major,52,1,3
RITA,18,Pega rapaz,major,53,7,x
RITA,18,Pega rapaz,major,54,6,6
RITA,18,Pega rapaz,major,55,5,5
RITA,19,Saude,major,1,4,1
RITA,19,Saude,major,2,1,5
RITA,19,Saude,major,3,3,3
RITA,19,Saude,major,4,5,1
RITA,19,Saude,major,5,#4/b5,x
RITA,19,Saude,major,6,4,7
RITA,19,Saude,major,7,2,5
RITA,19,Saude,major,8,7,3
RITA,19,Saude,major,9,5,1
RITA,19,Saude,major,10,1,1
RITA,19,Saude,major,11,2,1
RITA,19,Saude,major,12,#2/b3,1
RITA,19,Saude,major,13,3,3
RITA,19,Saude,major,14,4,1
RITA,19,Saude,major,15,3,3
RITA,19,Saude,major,16,5,1
RITA,19,Saude,major,17,#4/b5,x
RITA,19,Saude,major,18,4,7
RITA,19,Saude,major,19,2,5
RITA,19,Saude,major,20,2,x
RITA,19,Saude,major,21,1,5
RITA,19,Saude,major,22,2,x
RITA,19,Saude,major,23,1,5
RITA,19,Saude,major,24,4,7
RITA,19,Saude,major,25,3,x
RITA,19,Saude,major,26,2,5
RITA,19,Saude,major,27,1,x
RITA,19,Saude,major,28,6,9
RITA,19,Saude,major,29,3,1
RITA,19,Saude,major,30,5,5
RITA,19,Saude,major,31,3,3
RITA,19,Saude,major,32,2,x
RITA,19,Saude,major,33,1,5
RITA,19,Saude,major,34,6,3
RITA,19,Saude,major,35,4,b13
RITA,19,Saude,major,36,1,5
RITA,19,Saude,major,37,3,3
RITA,19,Saude,major,38,4,x
RITA,19,Saude,major,39,3,5
RITA,19,Saude,major,40,6,1
RITA,19,Saude,major,41,4,3
RITA,19,Saude,major,42,3,x
RITA,19,Saude,major,43,2,1
RITA,19,Saude,major,44,5,3
RITA,19,Saude,major,45,4,x
RITA,19,Saude,major,46,3,1
RITA,19,Saude,major,47,6,3
RITA,19,Saude,major,48,5,x
RITA,19,Saude,major,49,4,1
RITA,19,Saude,major,50,7,5
RITA,19,Saude,major,51,6,x
RITA,19,Saude,major,52,7,5
RITA,19,Saude,major,53,1,3
RITA,20,Shangrila,minor,1,1,1
RITA,20,Shangrila,minor,2,2,x
RITA,20,Shangrila,minor,3,3,3
RITA,20,Shangrila,minor,4,5,5
RITA,20,Shangrila,minor,5,4,11
RITA,20,Shangrila,minor,6,2,x
RITA,20,Shangrila,minor,7,3,3
RITA,20,Shangrila,minor,8,1,1
RITA,20,Shangrila,minor,9,3,3
RITA,20,Shangrila,minor,10,2,9
RITA,20,Shangrila,minor,11,5,5
RITA,20,Shangrila,minor,12,3,3
RITA,20,Shangrila,minor,13,2,9
RITA,20,Shangrila,minor,14,5,5
RITA,20,Shangrila,minor,15,3,3
RITA,20,Shangrila,minor,16,1,3
RITA,20,Shangrila,minor,17,5,x
RITA,20,Shangrila,minor,18,4,6
RITA,20,Shangrila,minor,19,3,5
RITA,20,Shangrila,minor,20,1,3
RITA,20,Shangrila,minor,21,2,1
RITA,20,Shangrila,minor,22,3,x
RITA,20,Shangrila,minor,23,4,3
RITA,20,Shangrila,minor,24,5,x
RITA,20,Shangrila,minor,25,6,5
RITA,20,Shangrila,minor,26,6,11
RITA,20,Shangrila,minor,27,b7,x
RITA,20,Shangrila,minor,28,6,11
RITA,20,Shangrila,minor,29,5,11
RITA,20,Shangrila,minor,30,#4/b5,x
RITA,20,Shangrila,minor,31,5,11
RITA,20,Shangrila,minor,32,4,7
RITA,20,Shangrila,minor,33,3,x
RITA,20,Shangrila,minor,34,2,5
RITA,20,Shangrila,minor,35,7,3
RITA,20,Shangrila,minor,36,2,9
RITA,20,Shangrila,minor,37,1,x
RITA,20,Shangrila,minor,38,2,9
RITA,20,Shangrila,minor,39,1,x
RITA,20,Shangrila,minor,40,2,9
RITA,20,Shangrila,minor,41,1,1
RITA,20,Shangrila,minor,42,2,9
RITA,20,Shangrila,minor,43,4,11
RITA,20,Shangrila,minor,44,2,9
RITA,20,Shangrila,minor,45,1,1
RITA,20,Shangrila,minor,46,2,x
RITA,20,Shangrila,minor,47,1,1
RITA,20,Shangrila,minor,48,b7,11
RITA,20,Shangrila,minor,49,6,x
RITA,20,Shangrila,minor,50,b7,11
RITA,21,Te contei,major,1,3,3
RITA,21,Te contei,major,2,4,x
RITA,21,Te contei,major,3,5,5
RITA,21,Te contei,major,4,6,x
RITA,21,Te contei,major,5,5,5
RITA,21,Te contei,major,6,7,3
RITA,21,Te contei,major,7,5,1
RITA,21,Te contei,major,8,#4/b5,x
RITA,21,Te contei,major,9,4,1
RITA,21,Te contei,major,10,6,3
RITA,21,Te contei,major,11,1,5
RITA,21,Te contei,major,12,1,1
RITA,21,Te contei,major,13,5,5
RITA,21,Te contei,major,14,6,5
RITA,21,Te contei,major,15,1,1
RITA,21,Te contei,major,16,5,5
RITA,21,Te contei,major,17,6,5
RITA,21,Te contei,major,18,7,x
RITA,21,Te contei,major,19,1,7
RITA,21,Te contei,major,20,6,5
RITA,21,Te contei,major,21,7,3
RITA,21,Te contei,major,22,5,1
RITA,21,Te contei,major,23,6,9
RITA,21,Te contei,major,24,1,1
RITA,21,Te contei,major,25,5,5
RITA,21,Te contei,major,26,6,x
RITA,21,Te contei,major,27,#6/b7,7
RITA,21,Te contei,major,28,5,5
RITA,21,Te contei,major,29,6,x
RITA,21,Te contei,major,30,#6/b7,7
RITA,21,Te contei,major,31,6,x
RITA,21,Te contei,major,32,5,5
RITA,21,Te contei,major,33,1,1
RITA,22,Vote em mim,major,1,#2/b3,7
RITA,22,Vote em mim,major,2,2,x
RITA,22,Vote em mim,major,3,1,5
RITA,22,Vote em mim,major,4,6,3
RITA,22,Vote em mim,major,5,2,x
RITA,22,Vote em mim,major,6,1,5
RITA,22,Vote em mim,major,7,#2/b3,7
RITA,22,Vote em mim,major,8,2,x
RITA,22,Vote em mim,major,9,1,5
RITA,22,Vote em mim,major,10,5,5
RITA,22,Vote em mim,major,11,1,1
RITA,22,Vote em mim,major,12,6,x
RITA,22,Vote em mim,major,13,5,5
RITA,22,Vote em mim,major,14,1,1
RITA,22,Vote em mim,major,15,2,5
RITA,22,Vote em mim,major,16,#2/b3,7
RITA,22,Vote em mim,major,17,2,x
RITA,22,Vote em mim,major,18,1,5
RITA,22,Vote em mim,major,19,6,3
RITA,22,Vote em mim,major,20,1,1
RITA,22,Vote em mim,major,21,6,x
RITA,22,Vote em mim,major,22,5,5
RITA,22,Vote em mim,major,23,#2/b3,b9/#9
RITA,22,Vote em mim,major,24,2,x
RITA,22,Vote em mim,major,25,1,1
RITA,22,Vote em mim,major,26,6,3
RITA,22,Vote em mim,major,27,2,x
RITA,22,Vote em mim,major,28,1,5
RITA,22,Vote em mim,major,29,#2/b3,7
RITA,22,Vote em mim,major,30,2,x
RITA,22,Vote em mim,major,31,1,5
RITA,22,Vote em mim,major,32,6,3
RITA,22,Vote em mim,major,33,1,1
RITA,22,Vote em mim,major,34,6,6
RITA,22,Vote em mim,major,35,5,5
RITA,22,Vote em mim,major,36,1,1
RITA,22,Vote em mim,major,37,2,5
RITA,22,Vote em mim,major,38,5,1
RITA,22,Vote em mim,major,39,#2/b3,7
RITA,22,Vote em mim,major,40,1,5
RITA,22,Vote em mim,major,41,#2/b3,7
RITA,22,Vote em mim,major,42,1,5
RITA,22,Vote em mim,major,43,#2/b3,x
RITA,22,Vote em mim,major,44,3,3
RITA,23,Chega mais,major,1,6,9
RITA,23,Chega mais,major,2,5,x
RITA,23,Chega mais,major,3,6,x
RITA,23,Chega mais,major,4,5,1
RITA,23,Chega mais,major,5,3,13
RITA,23,Chega mais,major,6,1,7
RITA,23,Chega mais,major,7,2,1
RITA,23,Chega mais,major,8,1,7
RITA,23,Chega mais,major,9,1,x
RITA,23,Chega mais,major,10,2,5
RITA,23,Chega mais,major,11,2,9
RITA,23,Chega mais,major,12,3,3
RITA,23,Chega mais,major,13,6,1
RITA,23,Chega mais,major,14,5,x
RITA,23,Chega mais,major,15,6,1
RITA,23,Chega mais,major,16,5,7
RITA,23,Chega mais,major,17,3,5
RITA,23,Chega mais,major,18,1,7
RITA,23,Chega mais,major,19,2,1
RITA,23,Chega mais,major,20,1,7
RITA,23,Chega mais,major,21,1,x
RITA,23,Chega mais,major,22,2,5
RITA,23,Chega mais,major,23,1,1
RITA,23,Chega mais,major,24,6,13
RITA,23,Chega mais,major,25,3,3
RITA,23,Chega mais,major,26,5,5
RITA,23,Chega mais,major,27,#4/b5,x
RITA,23,Chega mais,major,28,5,5
RITA,23,Chega mais,major,29,#5/b6,x
RITA,23,Chega mais,major,30,6,1
RITA,23,Chega mais,major,31,3,5
RITA,23,Chega mais,major,32,6,1
RITA,23,Chega mais,major,33,5,x
RITA,23,Chega mais,major,34,6,1
RITA,23,Chega mais,major,35,3,5
RITA,23,Chega mais,major,36,6,1
RITA,23,Chega mais,major,37,3,9
RITA,23,Chega mais,major,38,2,x
RITA,23,Chega mais,major,39,1,7
RITA,23,Chega mais,major,40,6,5
RITA,23,Chega mais,major,41,1,9
RITA,23,Chega mais,major,42,2,x
RITA,23,Chega mais,major,43,1,9
RITA,23,Chega mais,major,44,7,3
RITA,23,Chega mais,major,45,6,9
RITA,23,Chega mais,major,46,3,x
RITA,23,Chega mais,major,47,2,5
RITA,23,Chega mais,major,48,3,13
RITA,23,Chega mais,major,49,2,5
RITA,23,Chega mais,major,50,7,x
RITA,23,Chega mais,major,51,6,9
RITA,23,Chega mais,major,52,1,7
RITA,23,Chega mais,major,53,3,13
RITA,23,Chega mais,major,54,2,5
RITA,24,Alo alo marciano,minor,1,2,x
RITA,24,Alo alo marciano,minor,2,1,1
RITA,24,Alo alo marciano,minor,3,b7,7
RITA,24,Alo alo marciano,minor,4,1,1
RITA,24,Alo alo marciano,minor,5,2,9
RITA,24,Alo alo marciano,minor,6,4,7
RITA,24,Alo alo marciano,minor,7,2,5
RITA,24,Alo alo marciano,minor,8,1,x
RITA,24,Alo alo marciano,minor,9,b7,3
RITA,24,Alo alo marciano,minor,10,1,1
RITA,24,Alo alo marciano,minor,11,b7,7
RITA,24,Alo alo marciano,minor,12,1,1
RITA,24,Alo alo marciano,minor,13,2,9
RITA,24,Alo alo marciano,minor,14,4,7
RITA,24,Alo alo marciano,minor,15,1,1
RITA,24,Alo alo marciano,minor,16,b7,7
RITA,24,Alo alo marciano,minor,17,1,1
RITA,24,Alo alo marciano,minor,18,1,11
RITA,24,Alo alo marciano,minor,19,b7,x
RITA,24,Alo alo marciano,minor,20,1,11
RITA,24,Alo alo marciano,minor,21,1,1
RITA,24,Alo alo marciano,minor,22,b7,7
RITA,24,Alo alo marciano,minor,23,1,1
RITA,24,Alo alo marciano,minor,24,2,9
RITA,24,Alo alo marciano,minor,25,4,b13
RITA,24,Alo alo marciano,minor,26,2,3
RITA,24,Alo alo marciano,minor,27,4,b13
RITA,24,Alo alo marciano,minor,28,2,x
RITA,24,Alo alo marciano,minor,29,1,3
RITA,24,Alo alo marciano,minor,30,b7,x
RITA,24,Alo alo marciano,minor,31,1,3
RITA,24,Alo alo marciano,minor,32,2,#11
RITA,24,Alo alo marciano,minor,33,4,7
RITA,24,Alo alo marciano,minor,34,5,x
RITA,24,Alo alo marciano,minor,35,4,7
RITA,24,Alo alo marciano,minor,36,1,1
RITA,24,Alo alo marciano,minor,37,b7,7
RITA,24,Alo alo marciano,minor,38,1,1
RITA,24,Alo alo marciano,minor,39,1,#11
RITA,24,Alo alo marciano,minor,40,b7,x
RITA,24,Alo alo marciano,minor,41,1,#11
RITA,24,Alo alo marciano,minor,42,b7,3
RITA,24,Alo alo marciano,minor,43,5,9
RITA,24,Alo alo marciano,minor,44,4,1
RITA,24,Alo alo marciano,minor,45,2,3
RITA,24,Alo alo marciano,minor,46,1,x
RITA,24,Alo alo marciano,minor,47,b7,1
RITA,24,Alo alo marciano,minor,48,2,7
RITA,24,Alo alo marciano,minor,49,5,5
RITA,24,Alo alo marciano,minor,50,2,#11
RITA,24,Alo alo marciano,minor,51,1,3
RITA,25,Ando meio desligado,minor,1,1,1
RITA,25,Ando meio desligado,minor,2,2,x
RITA,25,Ando meio desligado,minor,3,1,1
RITA,25,Ando meio desligado,minor,4,7,x
RITA,25,Ando meio desligado,minor,5,1,1
RITA,25,Ando meio desligado,minor,6,3,3
RITA,25,Ando meio desligado,minor,7,#4/b5,#11
RITA,25,Ando meio desligado,minor,8,4,x
RITA,25,Ando meio desligado,minor,9,3,3
RITA,25,Ando meio desligado,minor,10,2,x
RITA,25,Ando meio desligado,minor,11,1,1
RITA,25,Ando meio desligado,minor,12,b7,x
RITA,25,Ando meio desligado,minor,13,1,1
RITA,25,Ando meio desligado,minor,14,2,3
RITA,25,Ando meio desligado,minor,15,1,9
RITA,25,Ando meio desligado,minor,16,b7,1
RITA,25,Ando meio desligado,minor,17,2,3
RITA,25,Ando meio desligado,minor,18,6,7
RITA,25,Ando meio desligado,minor,19,5,5
RITA,25,Ando meio desligado,minor,20,4,11
RITA,25,Ando meio desligado,minor,21,3,3
RITA,25,Ando meio desligado,minor,22,2,x
RITA,25,Ando meio desligado,minor,23,3,3
RITA,25,Ando meio desligado,minor,24,4,5
RITA,25,Ando meio desligado,minor,25,2,3
RITA,25,Ando meio desligado,minor,26,1,9
RITA,25,Ando meio desligado,minor,27,b7,1
RITA,25,Ando meio desligado,minor,28,3,3
RITA,25,Ando meio desligado,minor,29,6,7
RITA,25,Ando meio desligado,minor,30,5,5
RITA,25,Ando meio desligado,minor,31,4,11
RITA,25,Ando meio desligado,minor,32,3,3
RITA,25,Ando meio desligado,minor,33,1,1
RITA,25,Ando meio desligado,minor,34,2,x
RITA,25,Ando meio desligado,minor,35,3,5
RITA,25,Ando meio desligado,minor,36,2,3
RITA,25,Ando meio desligado,minor,37,1,x
RITA,25,Ando meio desligado,minor,38,b7,1
RITA,25,Ando meio desligado,minor,39,1,1
RITA,26,Arrombou a festa,major,1,5,5
RITA,26,Arrombou a festa,major,2,4,x
RITA,26,Arrombou a festa,major,3,3,3
RITA,26,Arrombou a festa,major,4,5,5
RITA,26,Arrombou a festa,major,5,4,x
RITA,26,Arrombou a festa,major,6,3,3
RITA,26,Arrombou a festa,major,7,5,5
RITA,26,Arrombou a festa,major,8,#4/b5,3
RITA,26,Arrombou a festa,major,9,6,5
RITA,26,Arrombou a festa,major,10,6,3
RITA,26,Arrombou a festa,major,11,#5/b6,3
RITA,26,Arrombou a festa,major,12,5,5
RITA,26,Arrombou a festa,major,13,4,1
RITA,26,Arrombou a festa,major,14,#2/b3,7
RITA,26,Arrombou a festa,major,15,4,1
RITA,26,Arrombou a festa,major,16,#2/b3,7
RITA,26,Arrombou a festa,major,17,4,1
RITA,26,Arrombou a festa,major,18,5,1
RITA,26,Arrombou a festa,major,19,4,7
RITA,26,Arrombou a festa,major,20,5,1
RITA,26,Arrombou a festa,major,21,4,7
RITA,26,Arrombou a festa,major,22,5,1
RITA,27,Baila comigo,major,1,3,3
RITA,27,Baila comigo,major,2,4,x
RITA,27,Baila comigo,major,3,5,5
RITA,27,Baila comigo,major,4,2,5
RITA,27,Baila comigo,major,5,3,x
RITA,27,Baila comigo,major,6,4,7
RITA,27,Baila comigo,major,7,3,x
RITA,27,Baila comigo,major,8,2,5
RITA,27,Baila comigo,major,9,4,x
RITA,27,Baila comigo,major,10,3,3
RITA,27,Baila comigo,major,11,2,5
RITA,27,Baila comigo,major,12,3,x
RITA,27,Baila comigo,major,13,4,7
RITA,27,Baila comigo,major,14,5,1
RITA,27,Baila comigo,major,15,6,x
RITA,27,Baila comigo,major,16,5,1
RITA,27,Baila comigo,major,17,3,3
RITA,27,Baila comigo,major,18,4,x
RITA,27,Baila comigo,major,19,5,5
RITA,27,Baila comigo,major,20,3,3
RITA,27,Baila comigo,major,21,4,3
RITA,27,Baila comigo,major,22,4,7
RITA,27,Baila comigo,major,23,2,5
RITA,27,Baila comigo,major,24,1,x
RITA,27,Baila comigo,major,25,7,7
RITA,27,Baila comigo,major,26,6,6
RITA,27,Baila comigo,major,27,4,3
RITA,27,Baila comigo,major,28,4,7
RITA,27,Baila comigo,major,29,2,5
RITA,27,Baila comigo,major,30,1,x
RITA,27,Baila comigo,major,31,7,7
RITA,27,Baila comigo,major,32,6,6
RITA,27,Baila comigo,major,33,5,5
RITA,27,Baila comigo,major,34,3,3
RITA,27,Baila comigo,major,35,5,5
RITA,27,Baila comigo,major,36,5,1
RITA,27,Baila comigo,major,37,6,x
RITA,27,Baila comigo,major,38,7,3
RITA,27,Baila comigo,major,39,1,1
RITA,28,Balada do louco,major,1,2,5
RITA,28,Balada do louco,major,2,3,x
RITA,28,Balada do louco,major,3,4,5
RITA,28,Balada do louco,major,4,2,3
RITA,28,Balada do louco,major,5,1,1
RITA,28,Balada do louco,major,6,5,5
RITA,28,Balada do louco,major,7,2,3
RITA,28,Balada do louco,major,8,3,x
RITA,28,Balada do louco,major,9,4,7
RITA,28,Balada do louco,major,10,5,1
RITA,28,Balada do louco,major,11,3,3
RITA,28,Balada do louco,major,12,2,5
RITA,28,Balada do louco,major,13,3,x
RITA,28,Balada do louco,major,14,4,5
RITA,28,Balada do louco,major,15,2,3
RITA,28,Balada do louco,major,16,1,1
RITA,28,Balada do louco,major,17,5,5
RITA,28,Balada do louco,major,18,2,3
RITA,28,Balada do louco,major,19,3,x
RITA,28,Balada do louco,major,20,4,7
RITA,28,Balada do louco,major,21,5,1
RITA,28,Balada do louco,major,22,3,5
RITA,28,Balada do louco,major,23,6,1
RITA,28,Balada do louco,major,24,1,3
RITA,28,Balada do louco,major,25,1,#11
RITA,28,Balada do louco,major,26,3,7
RITA,28,Balada do louco,major,27,3,7
RITA,28,Balada do louco,major,28,6,3
RITA,28,Balada do louco,major,29,5,5
RITA,28,Balada do louco,major,30,3,3
RITA,28,Balada do louco,major,31,3,x
RITA,28,Balada do louco,major,32,2,5
RITA,28,Balada do louco,major,33,3,13
RITA,28,Balada do louco,major,34,1,1
RITA,28,Balada do louco,major,35,5,5
RITA,28,Balada do louco,major,36,4,x
RITA,28,Balada do louco,major,37,3,3
RITA,28,Balada do louco,major,38,1,5
RITA,28,Balada do louco,major,39,4,1
RITA,28,Balada do louco,major,40,1,1
RITA,28,Balada do louco,major,41,5,5
RITA,28,Balada do louco,major,42,4,x
RITA,28,Balada do louco,major,43,3,3
RITA,28,Balada do louco,major,44,#4/b5,3
RITA,28,Balada do louco,major,45,6,5
RITA,28,Balada do louco,major,46,1,7
RITA,28,Balada do louco,major,47,2,1
RITA,28,Balada do louco,major,48,7,3
RITA,29,Barata tonta,major,1,5,1
RITA,29,Barata tonta,major,2,4,x
RITA,29,Barata tonta,major,3,3,13
RITA,29,Barata tonta,major,4,5,5
RITA,29,Barata tonta,major,5,3,3
RITA,29,Barata tonta,major,6,5,5
RITA,29,Barata tonta,major,7,4,x
RITA,29,Barata tonta,major,8,3,3
RITA,29,Barata tonta,major,9,5,3
RITA,29,Barata tonta,major,10,3,1
RITA,29,Barata tonta,major,11,3,5
RITA,29,Barata tonta,major,12,4,x
RITA,29,Barata tonta,major,13,5,7
RITA,29,Barata tonta,major,14,4,x
RITA,29,Barata tonta,major,15,3,9
RITA,29,Barata tonta,major,16,1,7
RITA,29,Barata tonta,major,17,6,5
RITA,29,Barata tonta,major,18,3,x
RITA,29,Barata tonta,major,19,2,1
RITA,29,Barata tonta,major,20,1,7
RITA,29,Barata tonta,major,21,7,3
RITA,29,Barata tonta,major,22,5,1
RITA,29,Barata tonta,major,23,7,3
RITA,29,Barata tonta,major,24,2,5
RITA,29,Barata tonta,major,25,5,5
RITA,29,Barata tonta,major,26,3,3
RITA,29,Barata tonta,major,27,6,13
RITA,29,Barata tonta,major,28,#5/b6,x
RITA,29,Barata tonta,major,29,6,13
RITA,29,Barata tonta,major,30,1,5
RITA,29,Barata tonta,major,31,6,3
RITA,29,Barata tonta,major,32,7,11
RITA,29,Barata tonta,major,33,2,3
RITA,29,Barata tonta,major,34,1,x
RITA,29,Barata tonta,major,35,7,5
RITA,29,Barata tonta,major,36,3,3
RITA,29,Barata tonta,major,37,3,5
RITA,29,Barata tonta,major,38,4,x
RITA,29,Barata tonta,major,39,5,7
RITA,29,Barata tonta,major,40,6,1
RITA,29,Barata tonta,major,41,6,5
RITA,30,Brazil com s,major,1,3,3
RITA,30,Brazil com s,major,2,4,x
RITA,30,Brazil com s,major,3,#4/b5,x
RITA,30,Brazil com s,major,4,5,3
RITA,30,Brazil com s,major,5,6,1
RITA,30,Brazil com s,major,6,2,6
RITA,30,Brazil com s,major,7,3,x
RITA,30,Brazil com s,major,8,2,5
RITA,30,Brazil com s,major,9,5,1
RITA,30,Brazil com s,major,10,6,6
RITA,30,Brazil com s,major,11,5,5
RITA,30,Brazil com s,major,12,1,1
RITA,30,Brazil com s,major,13,7,x
RITA,30,Brazil com s,major,14,#6/b7,3
RITA,30,Brazil com s,major,15,1,x
RITA,30,Brazil com s,major,16,2,5
RITA,30,Brazil com s,major,17,4,7
RITA,30,Brazil com s,major,18,3,x
RITA,30,Brazil com s,major,19,2,x
RITA,30,Brazil com s,major,20,1,1
RITA,30,Brazil com s,major,21,2,x
RITA,30,Brazil com s,major,22,3,3
RITA,30,Brazil com s,major,23,2,x
RITA,30,Brazil com s,major,24,1,1
RITA,30,Brazil com s,major,25,1,5
RITA,30,Brazil com s,major,26,6,3
RITA,30,Brazil com s,major,27,7,x
RITA,30,Brazil com s,major,28,1,5
RITA,30,Brazil com s,major,29,#5/b6,3
RITA,30,Brazil com s,major,30,4,1
RITA,30,Brazil com s,major,31,#2/b3,x
RITA,30,Brazil com s,major,32,2,6
RITA,30,Brazil com s,major,33,5,9
RITA,30,Brazil com s,major,34,6,x
RITA,30,Brazil com s,major,35,7,5
RITA,30,Brazil com s,major,36,5,3
RITA,30,Brazil com s,major,37,3,1
RITA,30,Brazil com s,major,38,2,x
RITA,30,Brazil com s,major,39,#1/b2,3
RITA,30,Brazil com s,major,40,4,5
RITA,30,Brazil com s,major,41,5,x
RITA,30,Brazil com s,major,42,6,3
RITA,30,Brazil com s,major,43,4,1
RITA,30,Brazil com s,major,44,2,6
RITA,30,Brazil com s,major,45,1,x
RITA,30,Brazil com s,major,46,7,3
RITA,30,Brazil com s,major,47,5,1
RITA,30,Brazil com s,major,48,6,x
RITA,30,Brazil com s,major,49,7,3
RITA,30,Brazil com s,major,50,3,b13
RITA,30,Brazil com s,major,51,7,3
RITA,30,Brazil com s,major,52,2,x
RITA,30,Brazil com s,major,53,1,1
RITA,31,Caso serio,minor,1,5,5
RITA,31,Caso serio,minor,2,1,1
RITA,31,Caso serio,minor,3,2,x
RITA,31,Caso serio,minor,4,3,3
RITA,31,Caso serio,minor,5,2,x
RITA,31,Caso serio,minor,6,1,1
RITA,31,Caso serio,minor,7,5,5
RITA,31,Caso serio,minor,8,b7,7
RITA,31,Caso serio,minor,9,#1/b2,b9/#9
RITA,31,Caso serio,minor,10,1,x
RITA,31,Caso serio,minor,11,b7,7
RITA,31,Caso serio,minor,12,6,x
RITA,31,Caso serio,minor,13,5,9
RITA,31,Caso serio,minor,14,4,1
RITA,31,Caso serio,minor,15,1,5
RITA,31,Caso serio,minor,16,2,x
RITA,31,Caso serio,minor,17,3,5
RITA,31,Caso serio,minor,18,2,11
RITA,31,Caso serio,minor,19,4,b9/#9
RITA,31,Caso serio,minor,20,#3,x
RITA,31,Caso serio,minor,21,3,b13
RITA,31,Caso serio,minor,22,2,5
RITA,31,Caso serio,minor,23,4,7
RITA,31,Caso serio,minor,24,#3,x
RITA,31,Caso serio,minor,25,3,x
RITA,31,Caso serio,minor,26,2,5
RITA,31,Caso serio,minor,27,7,3
RITA,31,Caso serio,minor,28,6,b9/#9
RITA,31,Caso serio,minor,29,5,x
RITA,31,Caso serio,minor,30,1,1
RITA,31,Caso serio,minor,31,5,5
RITA,31,Caso serio,minor,32,4,7
RITA,31,Caso serio,minor,33,3,b13
RITA,31,Caso serio,minor,34,2,x
RITA,31,Caso serio,minor,35,1,1
RITA,32,Cor de rosa choque,major,1,3,3
RITA,32,Cor de rosa choque,major,2,2,x
RITA,32,Cor de rosa choque,major,3,1,1
RITA,32,Cor de rosa choque,major,4,2,6
RITA,32,Cor de rosa choque,major,5,1,5
RITA,32,Cor de rosa choque,major,6,2,5
RITA,32,Cor de rosa choque,major,7,1,x
RITA,32,Cor de rosa choque,major,8,7,3
RITA,32,Cor de rosa choque,major,9,6,x
RITA,32,Cor de rosa choque,major,10,5,5
RITA,32,Cor de rosa choque,major,11,2,3
RITA,32,Cor de rosa choque,major,12,1,x
RITA,32,Cor de rosa choque,major,13,#6/b7,1
RITA,32,Cor de rosa choque,major,14,1,5
RITA,32,Cor de rosa choque,major,15,6,3
RITA,32,Cor de rosa choque,major,16,4,1
RITA,32,Cor de rosa choque,major,17,6,3
RITA,32,Cor de rosa choque,major,18,5,1
RITA,32,Cor de rosa choque,major,19,3,3
RITA,32,Cor de rosa choque,major,20,1,1
RITA,32,Cor de rosa choque,major,21,2,6
RITA,32,Cor de rosa choque,major,22,1,5
RITA,32,Cor de rosa choque,major,23,2,5
RITA,32,Cor de rosa choque,major,24,1,x
RITA,32,Cor de rosa choque,major,25,7,3
RITA,32,Cor de rosa choque,major,26,6,x
RITA,32,Cor de rosa choque,major,27,5,5
RITA,32,Cor de rosa choque,major,28,2,3
RITA,32,Cor de rosa choque,major,29,1,x
RITA,32,Cor de rosa choque,major,30,#6/b7,1
RITA,32,Cor de rosa choque,major,31,1,5
RITA,32,Cor de rosa choque,major,32,6,3
RITA,32,Cor de rosa choque,major,33,4,1
RITA,32,Cor de rosa choque,major,34,6,3
RITA,32,Cor de rosa choque,major,35,5,1
RITA,32,Cor de rosa choque,major,36,1,7
RITA,32,Cor de rosa choque,major,37,7,x
RITA,32,Cor de rosa choque,major,38,1,7
RITA,32,Cor de rosa choque,major,39,7,13
RITA,32,Cor de rosa choque,major,40,2,1
RITA,32,Cor de rosa choque,major,41,6,5
RITA,32,Cor de rosa choque,major,42,2,5
RITA,32,Cor de rosa choque,major,43,1,x
RITA,32,Cor de rosa choque,major,44,2,5
RITA,32,Cor de rosa choque,major,45,1,1
RITA,33,Eu e o meu gato,major,1,1,5
RITA,33,Eu e o meu gato,major,2,2,x
RITA,33,Eu e o meu gato,major,3,#2/b3,7
RITA,33,Eu e o meu gato,major,4,2,13
RITA,33,Eu e o meu gato,major,5,1,5
RITA,33,Eu e o meu gato,major,6,2,x
RITA,33,Eu e o meu gato,major,7,#2/b3,7
RITA,33,Eu e o meu gato,major,8,2,13
RITA,33,Eu e o meu gato,major,9,5,5
RITA,33,Eu e o meu gato,major,10,3,3
RITA,33,Eu e o meu gato,major,11,2,9
RITA,33,Eu e o meu gato,major,12,1,1
RITA,33,Eu e o meu gato,major,13,5,5
RITA,33,Eu e o meu gato,major,14,3,3
RITA,33,Eu e o meu gato,major,15,2,9
RITA,33,Eu e o meu gato,major,16,1,1
RITA,33,Eu e o meu gato,major,17,1,5
RITA,33,Eu e o meu gato,major,18,2,13
RITA,33,Eu e o meu gato,major,19,#2/b3,7
RITA,33,Eu e o meu gato,major,20,2,13
RITA,33,Eu e o meu gato,major,21,1,5
RITA,33,Eu e o meu gato,major,22,2,6
RITA,33,Eu e o meu gato,major,23,#2/b3,7
RITA,33,Eu e o meu gato,major,24,2,6
RITA,33,Eu e o meu gato,major,25,2,1
RITA,33,Eu e o meu gato,major,26,1,7
RITA,33,Eu e o meu gato,major,27,6,5
RITA,33,Eu e o meu gato,major,28,3,13
RITA,33,Eu e o meu gato,major,29,5,1
RITA,33,Eu e o meu gato,major,30,4,1
RITA,33,Eu e o meu gato,major,31,3,3
RITA,33,Eu e o meu gato,major,32,1,1
RITA,33,Eu e o meu gato,major,33,5,7
RITA,33,Eu e o meu gato,major,34,#4/b5,3
RITA,33,Eu e o meu gato,major,35,2,1
RITA,33,Eu e o meu gato,major,36,4,7
RITA,33,Eu e o meu gato,major,37,3,3
RITA,33,Eu e o meu gato,major,38,1,1
RITA,33,Eu e o meu gato,major,39,3,3
RITA,33,Eu e o meu gato,major,40,2,x
RITA,33,Eu e o meu gato,major,41,3,13
RITA,33,Eu e o meu gato,major,42,2,x
RITA,33,Eu e o meu gato,major,43,1,3
RITA,33,Eu e o meu gato,major,44,6,9
RITA,33,Eu e o meu gato,major,45,3,13
RITA,33,Eu e o meu gato,major,46,2,5
RITA,34,Lanca perfurme,major,1,3,3
RITA,34,Lanca perfurme,major,2,5,5
RITA,34,Lanca perfurme,major,3,6,x
RITA,34,Lanca perfurme,major,4,5,7
RITA,34,Lanca perfurme,major,5,6,x
RITA,34,Lanca perfurme,major,6,5,7
RITA,34,Lanca perfurme,major,7,6,5
RITA,34,Lanca perfurme,major,8,5,x
RITA,34,Lanca perfurme,major,9,6,x
RITA,34,Lanca perfurme,major,10,5,1
RITA,34,Lanca perfurme,major,11,3,3
RITA,34,Lanca perfurme,major,12,5,5
RITA,34,Lanca perfurme,major,13,6,x
RITA,34,Lanca perfurme,major,14,5,7
RITA,34,Lanca perfurme,major,15,6,x
RITA,34,Lanca perfurme,major,16,5,7
RITA,34,Lanca perfurme,major,17,1,7
RITA,34,Lanca perfurme,major,18,6,5
RITA,34,Lanca perfurme,major,19,5,11
RITA,34,Lanca perfurme,major,20,3,9
RITA,34,Lanca perfurme,major,21,6,x
RITA,34,Lanca perfurme,major,22,5,1
RITA,34,Lanca perfurme,major,23,5,3
RITA,34,Lanca perfurme,major,24,#6/b7,5
RITA,34,Lanca perfurme,major,25,1,x
RITA,34,Lanca perfurme,major,26,#6/b7,7
RITA,34,Lanca perfurme,major,27,1,x
RITA,34,Lanca perfurme,major,28,#6/b7,7
RITA,34,Lanca perfurme,major,29,1,5
RITA,34,Lanca perfurme,major,30,#6/b7,11
RITA,34,Lanca perfurme,major,31,5,13
RITA,34,Lanca perfurme,major,32,4,5
RITA,34,Lanca perfurme,major,33,5,1
RITA,34,Lanca perfurme,major,34,6,9
RITA,34,Lanca perfurme,major,35,5,x
RITA,34,Lanca perfurme,major,36,6,9
RITA,34,Lanca perfurme,major,37,1,#11
RITA,34,Lanca perfurme,major,38,3,7
RITA,34,Lanca perfurme,major,39,2,x
RITA,34,Lanca perfurme,major,40,1,5
RITA,34,Lanca perfurme,major,41,6,3
RITA,34,Lanca perfurme,major,42,5,5
RITA,34,Lanca perfurme,major,43,6,x
RITA,34,Lanca perfurme,major,44,5,5
RITA,34,Lanca perfurme,major,45,6,6
RITA,34,Lanca perfurme,major,46,1,1
RITA,34,Lanca perfurme,major,47,3,9
RITA,34,Lanca perfurme,major,48,2,5
RITA,34,Lanca perfurme,major,49,1,x
RITA,34,Lanca perfurme,major,50,6,9
RITA,34,Lanca perfurme,major,51,5,5
RITA,34,Lanca perfurme,major,52,6,x
RITA,34,Lanca perfurme,major,53,5,5
RITA,34,Lanca perfurme,major,54,6,1
RITA,34,Lanca perfurme,major,55,1,3
RITA,35,Mania de voce,minor,1,1,5
RITA,35,Mania de voce,minor,2,3,3
RITA,35,Mania de voce,minor,3,1,1
RITA,35,Mania de voce,minor,4,3,3
RITA,35,Mania de voce,minor,5,1,1
RITA,35,Mania de voce,minor,6,4,11
RITA,35,Mania de voce,minor,7,4,1
RITA,35,Mania de voce,minor,8,3,x
RITA,35,Mania de voce,minor,9,2,6
RITA,35,Mania de voce,minor,10,1,1
RITA,35,Mania de voce,minor,11,1,5
RITA,35,Mania de voce,minor,12,3,3
RITA,35,Mania de voce,minor,13,1,1
RITA,35,Mania de voce,minor,14,3,3
RITA,35,Mania de voce,minor,15,1,1
RITA,35,Mania de voce,minor,16,b7,7
RITA,35,Mania de voce,minor,17,#6,3
RITA,35,Mania de voce,minor,18,5,9
RITA,35,Mania de voce,minor,19,4,x
RITA,35,Mania de voce,minor,20,5,9
RITA,35,Mania de voce,minor,21,4,5
RITA,35,Mania de voce,minor,22,3,3
RITA,35,Mania de voce,minor,23,2,x
RITA,35,Mania de voce,minor,24,1,1
RITA,35,Mania de voce,minor,25,2,9
RITA,35,Mania de voce,minor,26,1,1
RITA,35,Mania de voce,minor,27,b7,x
RITA,35,Mania de voce,minor,28,1,5
RITA,35,Mania de voce,minor,29,b7,x
RITA,35,Mania de voce,minor,30,5,9
RITA,35,Mania de voce,minor,31,b7,x
RITA,35,Mania de voce,minor,32,5,9
RITA,35,Mania de voce,minor,33,3,3
RITA,35,Mania de voce,minor,34,2,x
RITA,35,Mania de voce,minor,35,1,1
RITA,35,Mania de voce,minor,36,2,9
RITA,35,Mania de voce,minor,37,1,1
RITA,35,Mania de voce,minor,38,b7,x
RITA,35,Mania de voce,minor,39,1,5
RITA,35,Mania de voce,minor,40,3,7
RITA,35,Mania de voce,minor,41,1,5
RITA,36,Nem luxo nem lixo,major,1,5,5
RITA,36,Nem luxo nem lixo,major,2,6,6
RITA,36,Nem luxo nem lixo,major,3,1,1
RITA,36,Nem luxo nem lixo,major,4,3,3
RITA,36,Nem luxo nem lixo,major,5,1,1
RITA,36,Nem luxo nem lixo,major,6,2,9
RITA,36,Nem luxo nem lixo,major,7,1,1
RITA,36,Nem luxo nem lixo,major,8,2,9
RITA,36,Nem luxo nem lixo,major,9,4,1
RITA,36,Nem luxo nem lixo,major,10,6,3
RITA,36,Nem luxo nem lixo,major,11,5,x
RITA,36,Nem luxo nem lixo,major,12,4,1
RITA,36,Nem luxo nem lixo,major,13,#5/b6,3
RITA,36,Nem luxo nem lixo,major,14,#5/b6,7
RITA,36,Nem luxo nem lixo,major,15,5,x
RITA,36,Nem luxo nem lixo,major,16,#5/b6,7
RITA,36,Nem luxo nem lixo,major,17,5,x
RITA,36,Nem luxo nem lixo,major,18,4,5
RITA,36,Nem luxo nem lixo,major,19,5,3
RITA,36,Nem luxo nem lixo,major,20,3,1
RITA,36,Nem luxo nem lixo,major,21,5,3
RITA,36,Nem luxo nem lixo,major,22,6,1
RITA,36,Nem luxo nem lixo,major,23,5,7
RITA,36,Nem luxo nem lixo,major,24,6,x
RITA,36,Nem luxo nem lixo,major,25,5,7
RITA,36,Nem luxo nem lixo,major,26,3,5
RITA,36,Nem luxo nem lixo,major,27,3,9
RITA,36,Nem luxo nem lixo,major,28,2,1
RITA,36,Nem luxo nem lixo,major,29,#2/b3,7
RITA,36,Nem luxo nem lixo,major,30,2,x
RITA,36,Nem luxo nem lixo,major,31,#2/b3,7
RITA,36,Nem luxo nem lixo,major,32,2,x
RITA,36,Nem luxo nem lixo,major,33,1,5
RITA,36,Nem luxo nem lixo,major,34,5,5
RITA,36,Nem luxo nem lixo,major,35,6,6
RITA,36,Nem luxo nem lixo,major,36,1,1
RITA,36,Nem luxo nem lixo,major,37,3,7
RITA,36,Nem luxo nem lixo,major,38,#2/b3,7
RITA,36,Nem luxo nem lixo,major,39,2,7
RITA,36,Nem luxo nem lixo,major,40,#1/b2,3
RITA,36,Nem luxo nem lixo,major,41,1,7
RITA,36,Nem luxo nem lixo,major,42,7,3
RITA,36,Nem luxo nem lixo,major,43,6,x
RITA,36,Nem luxo nem lixo,major,44,5,1
RITA,36,Nem luxo nem lixo,major,45,7,7
RITA,36,Nem luxo nem lixo,major,46,6,x
RITA,36,Nem luxo nem lixo,major,47,5,5
RITA,37,Orra meu,major,1,7,3
RITA,37,Orra meu,major,2,6,x
RITA,37,Orra meu,major,3,7,3
RITA,37,Orra meu,major,4,6,x
RITA,37,Orra meu,major,5,5,1
RITA,37,Orra meu,major,6,6,6
RITA,37,Orra meu,major,7,5,5
RITA,37,Orra meu,major,8,5,1
RITA,37,Orra meu,major,9,3,3
RITA,37,Orra meu,major,10,2,5
RITA,37,Orra meu,major,11,3,x
RITA,37,Orra meu,major,12,2,5
RITA,37,Orra meu,major,13,4,7
RITA,37,Orra meu,major,14,3,x
RITA,37,Orra meu,major,15,2,5
RITA,37,Orra meu,major,16,3,x
RITA,37,Orra meu,major,17,2,5
RITA,37,Orra meu,major,18,2,9
RITA,37,Orra meu,major,19,1,1
RITA,37,Orra meu,major,20,3,x
RITA,37,Orra meu,major,21,4,7
RITA,37,Orra meu,major,22,5,5
RITA,37,Orra meu,major,23,6,x
RITA,37,Orra meu,major,24,5,5
RITA,37,Orra meu,major,25,#4/b5,5
RITA,37,Orra meu,major,26,5,x
RITA,37,Orra meu,major,27,#4/b5,5
RITA,37,Orra meu,major,28,4,5
RITA,37,Orra meu,major,29,2,5
RITA,37,Orra meu,major,30,1,x
RITA,37,Orra meu,major,31,2,5
RITA,37,Orra meu,major,32,2,9
RITA,37,Orra meu,major,33,1,1
RITA,38,Papai me empresta o carro,major,1,#2/b3,b9/#9
RITA,38,Papai me empresta o carro,major,2,2,x
RITA,38,Papai me empresta o carro,major,3,1,1
RITA,38,Papai me empresta o carro,major,4,#2/b3,b9/#9
RITA,38,Papai me empresta o carro,major,5,2,6
RITA,38,Papai me empresta o carro,major,6,1,5
RITA,38,Papai me empresta o carro,major,7,#2/b3,7
RITA,38,Papai me empresta o carro,major,8,2,9
RITA,38,Papai me empresta o carro,major,9,1,1
RITA,38,Papai me empresta o carro,major,10,2,9
RITA,38,Papai me empresta o carro,major,11,3,x
RITA,38,Papai me empresta o carro,major,12,2,9
RITA,38,Papai me empresta o carro,major,13,5,1
RITA,38,Papai me empresta o carro,major,14,3,x
RITA,38,Papai me empresta o carro,major,15,2,5
RITA,38,Papai me empresta o carro,major,16,3,x
RITA,38,Papai me empresta o carro,major,17,2,5
RITA,38,Papai me empresta o carro,major,18,1,5
RITA,38,Papai me empresta o carro,major,19,2,x
RITA,38,Papai me empresta o carro,major,20,1,5
RITA,38,Papai me empresta o carro,major,21,5,1
RITA,38,Papai me empresta o carro,major,22,2,x
RITA,38,Papai me empresta o carro,major,23,1,5
RITA,38,Papai me empresta o carro,major,24,2,x
RITA,38,Papai me empresta o carro,major,25,1,5
RITA,38,Papai me empresta o carro,major,26,2,5
RITA,38,Papai me empresta o carro,major,27,3,x
RITA,38,Papai me empresta o carro,major,28,2,5
RITA,38,Papai me empresta o carro,major,29,5,1
RITA,38,Papai me empresta o carro,major,30,3,x
RITA,38,Papai me empresta o carro,major,31,2,5
RITA,38,Papai me empresta o carro,major,32,3,x
RITA,38,Papai me empresta o carro,major,33,2,5
RITA,38,Papai me empresta o carro,major,34,#2/b3,7
RITA,38,Papai me empresta o carro,major,35,2,x
RITA,38,Papai me empresta o carro,major,36,1,5
RITA,38,Papai me empresta o carro,major,37,#2/b3,7
RITA,38,Papai me empresta o carro,major,38,2,1
RITA,38,Papai me empresta o carro,major,39,5,1
RITA,39,Perigosa,major,1,3,3
RITA,39,Perigosa,major,2,4,x
RITA,39,Perigosa,major,3,5,5
RITA,39,Perigosa,major,4,3,3
RITA,39,Perigosa,major,5,2,x
RITA,39,Perigosa,major,6,1,1
RITA,39,Perigosa,major,7,5,5
RITA,39,Perigosa,major,8,6,5
RITA,39,Perigosa,major,9,2,1
RITA,39,Perigosa,major,10,3,13
RITA,39,Perigosa,major,11,2,5
RITA,39,Perigosa,major,12,3,3
RITA,39,Perigosa,major,13,4,x
RITA,39,Perigosa,major,14,5,5
RITA,39,Perigosa,major,15,3,3
RITA,39,Perigosa,major,16,2,x
RITA,39,Perigosa,major,17,1,1
RITA,39,Perigosa,major,18,5,5
RITA,39,Perigosa,major,19,6,5
RITA,39,Perigosa,major,20,2,1
RITA,39,Perigosa,major,21,2,5
RITA,39,Perigosa,major,22,3,x
RITA,39,Perigosa,major,23,2,5
RITA,39,Perigosa,major,24,1,x
RITA,39,Perigosa,major,25,2,5
RITA,39,Perigosa,major,26,3,x
RITA,39,Perigosa,major,27,2,5
RITA,39,Perigosa,major,28,6,9
RITA,39,Perigosa,major,29,5,1
RITA,39,Perigosa,major,30,6,x
RITA,39,Perigosa,major,31,5,1
RITA,39,Perigosa,major,32,3,13
RITA,39,Perigosa,major,33,1,1
RITA,39,Perigosa,major,34,#2/b3,7
RITA,39,Perigosa,major,35,1,5
RITA,39,Perigosa,major,36,6,x
RITA,39,Perigosa,major,37,5,9
RITA,39,Perigosa,major,38,#2/b3,7
RITA,39,Perigosa,major,39,1,1
RITA,40,Perto do fogo,major,1,4,1
RITA,40,Perto do fogo,major,2,5,x
RITA,40,Perto do fogo,major,3,4,x
RITA,40,Perto do fogo,major,4,3,3
RITA,40,Perto do fogo,major,5,6,3
RITA,40,Perto do fogo,major,6,1,5
RITA,40,Perto do fogo,major,7,3,3
RITA,40,Perto do fogo,major,8,4,1
RITA,40,Perto do fogo,major,9,3,x
RITA,40,Perto do fogo,major,10,2,x
RITA,40,Perto do fogo,major,11,1,1
RITA,40,Perto do fogo,major,12,6,3
RITA,40,Perto do fogo,major,13,1,5
RITA,40,Perto do fogo,major,14,6,3
RITA,40,Perto do fogo,major,15,1,5
RITA,40,Perto do fogo,major,16,2,x
RITA,40,Perto do fogo,major,17,3,3
RITA,40,Perto do fogo,major,18,2,5
RITA,40,Perto do fogo,major,19,1,x
RITA,40,Perto do fogo,major,20,3,x
RITA,40,Perto do fogo,major,21,2,5
RITA,40,Perto do fogo,major,22,5,1
RITA,40,Perto do fogo,major,23,4,7
RITA,40,Perto do fogo,major,24,6,x
RITA,40,Perto do fogo,major,25,5,1
RITA,40,Perto do fogo,major,26,1,1
RITA,40,Perto do fogo,major,27,6,3
RITA,40,Perto do fogo,major,28,3,7
RITA,40,Perto do fogo,major,29,2,x
RITA,40,Perto do fogo,major,30,1,1
RITA,40,Perto do fogo,major,31,6,3
RITA,40,Perto do fogo,major,32,5,9
RITA,40,Perto do fogo,major,33,6,3
RITA,40,Perto do fogo,major,34,1,1
RITA,41,So de voce,major,1,3,3
RITA,41,So de voce,major,2,5,5
RITA,41,So de voce,major,3,3,3
RITA,41,So de voce,major,4,6,7
RITA,41,So de voce,major,5,7,14
RITA,41,So de voce,major,6,6,6
RITA,41,So de voce,major,7,3,3
RITA,41,So de voce,major,8,5,5
RITA,41,So de voce,major,9,6,x
RITA,41,So de voce,major,10,7,7
RITA,41,So de voce,major,11,2,7
RITA,41,So de voce,major,12,1,x
RITA,41,So de voce,major,13,7,5
RITA,41,So de voce,major,14,1,x
RITA,41,So de voce,major,15,5,3
RITA,41,So de voce,major,16,#4/b5,x
RITA,41,So de voce,major,17,4,5
RITA,41,So de voce,major,18,3,5
RITA,41,So de voce,major,19,#1/b2,3
RITA,41,So de voce,major,20,6,1
RITA,41,So de voce,major,21,#4/b5,3
RITA,41,So de voce,major,22,#4/b5,#11
RITA,41,So de voce,major,23,3,x
RITA,41,So de voce,major,24,2,6
RITA,41,So de voce,major,25,3,x
RITA,41,So de voce,major,26,2,5
RITA,41,So de voce,major,27,1,3
RITA,41,So de voce,major,28,6,9
RITA,41,So de voce,major,29,2,5
RITA,41,So de voce,major,30,4,7
RITA,41,So de voce,major,31,1,x
RITA,41,So de voce,major,32,7,3
RITA,41,So de voce,major,33,6,7
RITA,41,So de voce,major,34,5,5
RITA,41,So de voce,major,35,6,x
RITA,41,So de voce,major,36,#6/b7,x
RITA,41,So de voce,major,37,7,5
RITA,41,So de voce,major,38,7,11
RITA,41,So de voce,major,39,1,x
RITA,41,So de voce,major,40,7,1
RITA,41,So de voce,major,41,6,x
RITA,41,So de voce,major,42,5,3
RITA,41,So de voce,major,43,#5/b6,1
RITA,41,So de voce,major,44,6,5
RITA,41,So de voce,major,45,7,3
RITA,42,Tititi,major,1,1,1
RITA,42,Tititi,major,2,7,x
RITA,42,Tititi,major,3,5,5
RITA,42,Tititi,major,4,4,x
RITA,42,Tititi,major,5,2,x
RITA,42,Tititi,major,6,3,3
RITA,42,Tititi,major,7,5,5
RITA,42,Tititi,major,8,6,6
RITA,42,Tititi,major,9,1,1
RITA,42,Tititi,major,10,2,1
RITA,42,Tititi,major,11,7,x
RITA,42,Tititi,major,12,6,5
RITA,42,Tititi,major,13,5,x
RITA,42,Tititi,major,14,3,x
RITA,42,Tititi,major,15,#4/b5,3
RITA,42,Tititi,major,16,6,5
RITA,42,Tititi,major,17,#4/b5,3
RITA,42,Tititi,major,18,2,1
RITA,42,Tititi,major,19,3,x
RITA,42,Tititi,major,20,4,x
RITA,42,Tititi,major,21,#4/b5,3
RITA,42,Tititi,major,22,5,1
RITA,42,Tititi,major,23,4,1
RITA,42,Tititi,major,24,1,5
RITA,42,Tititi,major,25,4,1
RITA,42,Tititi,major,26,5,1
RITA,42,Tititi,major,27,6,3
RITA,42,Tititi,major,28,1,5
RITA,42,Tititi,major,29,6,3
RITA,42,Tititi,major,30,5,x
RITA,42,Tititi,major,31,6,3
RITA,42,Tititi,major,32,5,9
RITA,42,Tititi,major,33,1,5
RITA,42,Tititi,major,34,1,1
RITA,42,Tititi,major,35,6,x
RITA,42,Tititi,major,36,5,5
RITA,42,Tititi,major,37,6,x
RITA,42,Tititi,major,38,5,5
RITA,42,Tititi,major,39,1,1
RITA,42,Tititi,major,40,2,1
RITA,42,Tititi,major,41,7,x
RITA,42,Tititi,major,42,6,x
RITA,42,Tititi,major,43,7,5
RITA,42,Tititi,major,44,6,x
RITA,42,Tititi,major,45,2,5
RITA,42,Tititi,major,46,7,x
RITA,42,Tititi,major,47,6,5
RITA,42,Tititi,major,48,2,5
RITA,42,Tititi,major,49,#2/b3,7
RITA,43,Corre-corre,minor,1,1,1
RITA,43,Corre-corre,minor,2,b7,x
RITA,43,Corre-corre,minor,3,1,1
RITA,43,Corre-corre,minor,4,b7,7
RITA,43,Corre-corre,minor,5,5,5
RITA,43,Corre-corre,minor,6,4,11
RITA,43,Corre-corre,minor,7,5,x
RITA,43,Corre-corre,minor,8,4,1
RITA,43,Corre-corre,minor,9,5,x
RITA,43,Corre-corre,minor,10,4,1
RITA,43,Corre-corre,minor,11,3,7
RITA,43,Corre-corre,minor,12,1,5
RITA,43,Corre-corre,minor,13,1,1
RITA,43,Corre-corre,minor,14,3,7
RITA,43,Corre-corre,minor,15,1,1
RITA,43,Corre-corre,minor,16,3,7
RITA,43,Corre-corre,minor,17,1,1
RITA,43,Corre-corre,minor,18,1,1
RITA,43,Corre-corre,minor,19,b7,x
RITA,43,Corre-corre,minor,20,1,1
RITA,43,Corre-corre,minor,21,b7,7
RITA,43,Corre-corre,minor,22,5,5
RITA,43,Corre-corre,minor,23,4,11
RITA,43,Corre-corre,minor,24,5,x
RITA,43,Corre-corre,minor,25,4,1
RITA,43,Corre-corre,minor,26,5,x
RITA,43,Corre-corre,minor,27,4,1
RITA,43,Corre-corre,minor,28,3,7
RITA,43,Corre-corre,minor,29,1,5
RITA,43,Corre-corre,minor,30,1,1
RITA,43,Corre-corre,minor,31,1,3
RITA,43,Corre-corre,minor,32,7,3
RITA,43,Corre-corre,minor,33,5,1
RITA,43,Corre-corre,minor,34,#6,x
RITA,43,Corre-corre,minor,35,5,1
RITA,43,Corre-corre,minor,36,#6,3
RITA,43,Corre-corre,minor,37,1,5
RITA,43,Corre-corre,minor,38,2,x
RITA,43,Corre-corre,minor,39,3,7
RITA,43,Corre-corre,minor,40,2,x
RITA,43,Corre-corre,minor,41,1,5
RITA,44,Amor objeto,major,1,5,5
RITA,44,Amor objeto,major,2,3,3
RITA,44,Amor objeto,major,3,2,9
RITA,44,Amor objeto,major,4,6,1
RITA,44,Amor objeto,major,5,3,5
RITA,44,Amor objeto,major,6,3,1
RITA,44,Amor objeto,major,7,5,3
RITA,44,Amor objeto,major,8,2,7
RITA,44,Amor objeto,major,9,1,3
RITA,44,Amor objeto,major,10,6,1
RITA,44,Amor objeto,major,11,1,3
RITA,44,Amor objeto,major,12,7,x
RITA,44,Amor objeto,major,13,6,x
RITA,44,Amor objeto,major,14,5,1
RITA,44,Amor objeto,major,15,6,x
RITA,44,Amor objeto,major,16,5,5
RITA,44,Amor objeto,major,17,3,3
RITA,44,Amor objeto,major,18,2,x
RITA,44,Amor objeto,major,19,1,1
RITA,44,Amor objeto,major,20,6,1
RITA,44,Amor objeto,major,21,3,5
RITA,44,Amor objeto,major,22,3,1
RITA,44,Amor objeto,major,23,5,3
RITA,44,Amor objeto,major,24,2,7
RITA,44,Amor objeto,major,25,1,3
RITA,44,Amor objeto,major,26,6,1
RITA,44,Amor objeto,major,27,1,3
RITA,44,Amor objeto,major,28,6,9
RITA,44,Amor objeto,major,29,1,3
RITA,44,Amor objeto,major,30,7,x
RITA,44,Amor objeto,major,31,6,x
RITA,44,Amor objeto,major,32,5,5
RITA,44,Amor objeto,major,33,3,3
RITA,44,Amor objeto,major,34,6,x
RITA,44,Amor objeto,major,35,5,5
RITA,44,Amor objeto,major,36,1,3
RITA,44,Amor objeto,major,37,6,1
RITA,44,Amor objeto,major,38,1,3
RITA,44,Amor objeto,major,39,7,x
RITA,44,Amor objeto,major,40,6,1
RITA,44,Amor objeto,major,41,5,3
RITA,44,Amor objeto,major,42,3,1
RITA,44,Amor objeto,major,43,6,3
RITA,44,Amor objeto,major,44,7,x
RITA,44,Amor objeto,major,45,1,5
RITA,44,Amor objeto,major,46,7,3
RITA,44,Amor objeto,major,47,1,x
RITA,44,Amor objeto,major,48,7,3
RITA,44,Amor objeto,major,49,6,x
RITA,44,Amor objeto,major,50,5,1
RITA,44,Amor objeto,major,51,7,5
RITA,44,Amor objeto,major,52,5,3
RITA,44,Amor objeto,major,53,7,5
RITA,44,Amor objeto,major,54,6,1
RITA,45,Ambicao,major,1,1,1
RITA,45,Ambicao,major,2,6,x
RITA,45,Ambicao,major,3,5,5
RITA,45,Ambicao,major,4,3,3
RITA,45,Ambicao,major,5,5,5
RITA,45,Ambicao,major,6,6,5
RITA,45,Ambicao,major,7,1,1
RITA,45,Ambicao,major,8,2,x
RITA,45,Ambicao,major,9,1,1
RITA,45,Ambicao,major,10,2,x
RITA,45,Ambicao,major,11,3,9
RITA,45,Ambicao,major,12,2,1
RITA,45,Ambicao,major,13,1,7
RITA,45,Ambicao,major,14,6,5
RITA,45,Ambicao,major,15,5,5
RITA,45,Ambicao,major,16,3,3
RITA,45,Ambicao,major,17,4,x
RITA,45,Ambicao,major,18,5,5
RITA,45,Ambicao,major,19,6,x
RITA,45,Ambicao,major,20,5,11
RITA,45,Ambicao,major,21,1,1
RITA,45,Ambicao,major,22,2,x
RITA,45,Ambicao,major,23,3,3
RITA,45,Ambicao,major,24,4,x
RITA,45,Ambicao,major,25,3,9
RITA,45,Ambicao,major,26,4,x
RITA,45,Ambicao,major,27,3,1
RITA,45,Ambicao,major,28,4,x
RITA,45,Ambicao,major,29,3,7
RITA,45,Ambicao,major,30,1,5
RITA,45,Ambicao,major,31,6,3
RITA,45,Ambicao,major,32,1,5
RITA,45,Ambicao,major,33,6,3
RITA,45,Ambicao,major,34,#2/b3,7
RITA,45,Ambicao,major,35,1,x
RITA,45,Ambicao,major,36,2,6
RITA,45,Ambicao,major,37,1,5
RITA,45,Ambicao,major,38,2,x
RITA,45,Ambicao,major,39,1,1
RITA,45,Ambicao,major,40,3,9
RITA,45,Ambicao,major,41,2,1
RITA,45,Ambicao,major,42,1,x
RITA,45,Ambicao,major,43,2,5
RITA,45,Ambicao,major,44,5,1
RITA,45,Ambicao,major,45,2,3
RITA,45,Ambicao,major,46,1,5
RITA,45,Ambicao,major,47,6,3
RITA,45,Ambicao,major,48,5,x
RITA,45,Ambicao,major,49,6,3
RITA,45,Ambicao,major,50,1,5
RITA,45,Ambicao,major,51,1,3
RITA,45,Ambicao,major,52,7,3
RITA,45,Ambicao,major,53,6,x
RITA,45,Ambicao,major,54,7,3
RITA,45,Ambicao,major,55,2,5
RITA,46,Ando jururu,major,1,1,1
RITA,46,Ando jururu,major,2,6,3
RITA,46,Ando jururu,major,3,1,5
RITA,46,Ando jururu,major,4,6,3
RITA,46,Ando jururu,major,5,1,5
RITA,46,Ando jururu,major,6,1,1
RITA,46,Ando jururu,major,7,6,13
RITA,46,Ando jururu,major,8,1,1
RITA,46,Ando jururu,major,9,#2/b3,7
RITA,46,Ando jururu,major,10,#2/b3,b9/#9
RITA,46,Ando jururu,major,11,1,1
RITA,46,Ando jururu,major,12,7,x
RITA,46,Ando jururu,major,13,6,6
RITA,46,Ando jururu,major,14,3,5
RITA,46,Ando jururu,major,15,2,x
RITA,46,Ando jururu,major,16,3,5
RITA,46,Ando jururu,major,17,2,11
RITA,46,Ando jururu,major,18,5,7
RITA,46,Ando jururu,major,19,6,6
RITA,46,Ando jururu,major,20,1,1
RITA,46,Ando jururu,major,21,3,3
RITA,46,Ando jururu,major,22,3,5
RITA,46,Ando jururu,major,23,2,x
RITA,46,Ando jururu,major,24,1,3
RITA,46,Ando jururu,major,25,5,7
RITA,46,Ando jururu,major,26,6,3
RITA,46,Ando jururu,major,27,1,5
RITA,46,Ando jururu,major,28,4,1
RITA,46,Ando jururu,major,29,2,x
RITA,46,Ando jururu,major,30,1,5
RITA,46,Ando jururu,major,31,2,1
RITA,46,Ando jururu,major,32,1,x
RITA,46,Ando jururu,major,33,2,1
RITA,46,Ando jururu,major,34,1,x
RITA,46,Ando jururu,major,35,2,1
RITA,46,Ando jururu,major,36,1,7
RITA,46,Ando jururu,major,37,#1/b2,x
RITA,46,Ando jururu,major,38,2,5
RITA,46,Ando jururu,major,39,4,1
RITA,46,Ando jururu,major,40,3,3
RITA,47,Xuxuzinho,major,1,1,1
RITA,47,Xuxuzinho,major,2,5,5
RITA,47,Xuxuzinho,major,3,3,3
RITA,47,Xuxuzinho,major,4,6,3
RITA,47,Xuxuzinho,major,5,6,9
RITA,47,Xuxuzinho,major,6,7,x
RITA,47,Xuxuzinho,major,7,6,9
RITA,47,Xuxuzinho,major,8,6,6
RITA,47,Xuxuzinho,major,9,5,7
RITA,47,Xuxuzinho,major,10,1,1
RITA,47,Xuxuzinho,major,11,5,5
RITA,47,Xuxuzinho,major,12,3,3
RITA,47,Xuxuzinho,major,13,4,1
RITA,47,Xuxuzinho,major,14,6,x
RITA,47,Xuxuzinho,major,15,5,1
RITA,47,Xuxuzinho,major,16,7,3
RITA,47,Xuxuzinho,major,17,2,x
RITA,47,Xuxuzinho,major,18,1,1
RITA,47,Xuxuzinho,major,19,6,x
RITA,47,Xuxuzinho,major,20,5,5
RITA,47,Xuxuzinho,major,21,6,9
RITA,47,Xuxuzinho,major,22,5,5
RITA,47,Xuxuzinho,major,23,4,x
RITA,47,Xuxuzinho,major,24,3,5
RITA,47,Xuxuzinho,major,25,6,9
RITA,47,Xuxuzinho,major,26,3,3
RITA,47,Xuxuzinho,major,27,6,x
RITA,47,Xuxuzinho,major,28,5,5
RITA,47,Xuxuzinho,major,29,2,6
RITA,47,Xuxuzinho,major,30,3,x
RITA,47,Xuxuzinho,major,31,4,7
RITA,47,Xuxuzinho,major,32,3,x
RITA,47,Xuxuzinho,major,33,2,5
RITA,47,Xuxuzinho,major,34,3,3
RITA,47,Xuxuzinho,major,35,2,x
RITA,47,Xuxuzinho,major,36,1,1
RITA,47,Xuxuzinho,major,37,5,5
RITA,47,Xuxuzinho,major,38,3,3
RITA,47,Xuxuzinho,major,39,3,3
RITA,48,Fruto proibido,major,1,1,1
RITA,48,Fruto proibido,major,2,4,1
RITA,48,Fruto proibido,major,3,#2/b3,7
RITA,48,Fruto proibido,major,4,2,x
RITA,48,Fruto proibido,major,5,1,5
RITA,48,Fruto proibido,major,6,4,1
RITA,48,Fruto proibido,major,7,#2/b3,7
RITA,48,Fruto proibido,major,8,2,x
RITA,48,Fruto proibido,major,9,1,5
RITA,48,Fruto proibido,major,10,1,1
RITA,48,Fruto proibido,major,11,4,3
RITA,48,Fruto proibido,major,12,#2/b3,7
RITA,48,Fruto proibido,major,13,2,6
RITA,48,Fruto proibido,major,14,1,5
RITA,48,Fruto proibido,major,15,4,9
RITA,48,Fruto proibido,major,16,#2/b3,1
RITA,48,Fruto proibido,major,17,2,7
RITA,48,Fruto proibido,major,18,1,6
RITA,48,Fruto proibido,major,19,4,3
RITA,48,Fruto proibido,major,20,#2/b3,9
RITA,48,Fruto proibido,major,21,1,7
RITA,48,Fruto proibido,major,22,1,1
RITA,48,Fruto proibido,major,23,4,x
RITA,48,Fruto proibido,major,24,3,3
RITA,48,Fruto proibido,major,25,4,x
RITA,48,Fruto proibido,major,26,5,5
RITA,49,Livre outra vez,major,1,3,13
RITA,49,Livre outra vez,major,2,2,5
RITA,49,Livre outra vez,major,3,6,x
RITA,49,Livre outra vez,major,4,5,5
RITA,49,Livre outra vez,major,5,1,3
RITA,49,Livre outra vez,major,6,7,9
RITA,49,Livre outra vez,major,7,5,7
RITA,49,Livre outra vez,major,8,6,x
RITA,49,Livre outra vez,major,9,5,9
RITA,49,Livre outra vez,major,10,5,1
RITA,49,Livre outra vez,major,11,4,7
RITA,49,Livre outra vez,major,12,3,x
RITA,49,Livre outra vez,major,13,2,5
RITA,49,Livre outra vez,major,14,6,5
RITA,49,Livre outra vez,major,15,4,3
RITA,49,Livre outra vez,major,16,3,x
RITA,49,Livre outra vez,major,17,2,1
RITA,49,Livre outra vez,major,18,7,3
RITA,49,Livre outra vez,major,19,2,5
RITA,49,Livre outra vez,major,20,1,x
RITA,49,Livre outra vez,major,21,7,3
RITA,49,Livre outra vez,major,22,6,x
RITA,49,Livre outra vez,major,23,5,3
RITA,49,Livre outra vez,major,24,3,9
RITA,49,Livre outra vez,major,25,3,13
RITA,49,Livre outra vez,major,26,2,x
RITA,49,Livre outra vez,major,27,1,1
RITA,49,Livre outra vez,major,28,5,5
RITA,49,Livre outra vez,major,29,1,3
RITA,49,Livre outra vez,major,30,7,9
RITA,49,Livre outra vez,major,31,5,7
RITA,49,Livre outra vez,major,32,6,x
RITA,49,Livre outra vez,major,33,5,9
RITA,49,Livre outra vez,major,34,5,1
RITA,49,Livre outra vez,major,35,4,7
RITA,49,Livre outra vez,major,36,3,x
RITA,49,Livre outra vez,major,37,2,5
RITA,49,Livre outra vez,major,38,6,5
RITA,49,Livre outra vez,major,39,4,3
RITA,49,Livre outra vez,major,40,3,x
RITA,49,Livre outra vez,major,41,2,1
RITA,49,Livre outra vez,major,42,4,7
RITA,49,Livre outra vez,major,43,5,1
RITA,49,Livre outra vez,major,44,3,13
RITA,49,Livre outra vez,major,45,2,5
RITA,49,Livre outra vez,major,46,2,x
RITA,49,Livre outra vez,major,47,1,1
RITA,50,O futuro me absolve,major,1,5,5
RITA,50,O futuro me absolve,major,2,4,x
RITA,50,O futuro me absolve,major,3,3,3
RITA,50,O futuro me absolve,major,4,4,1
RITA,50,O futuro me absolve,major,5,4,7
RITA,50,O futuro me absolve,major,6,4,x
RITA,50,O futuro me absolve,major,7,#2/b3,7
RITA,50,O futuro me absolve,major,8,4,x
RITA,50,O futuro me absolve,major,9,#2/b3,7
RITA,50,O futuro me absolve,major,10,5,5
RITA,50,O futuro me absolve,major,11,4,x
RITA,50,O futuro me absolve,major,12,3,3
RITA,50,O futuro me absolve,major,13,4,1
RITA,50,O futuro me absolve,major,14,4,7
RITA,50,O futuro me absolve,major,15,4,1
RITA,50,O futuro me absolve,major,16,#2/b3,7
RITA,50,O futuro me absolve,major,17,4,x
RITA,50,O futuro me absolve,major,18,#2/b3,7
RITA,50,O futuro me absolve,major,19,#4/b5,3
RITA,50,O futuro me absolve,major,20,2,5
RITA,50,O futuro me absolve,major,21,7,3
RITA,50,O futuro me absolve,major,22,#5/b6,3
RITA,50,O futuro me absolve,major,23,3,5
RITA,50,O futuro me absolve,major,24,#1/b2,3
RITA,50,O futuro me absolve,major,25,2,x
RITA,50,O futuro me absolve,major,26,#1/b2,3
RITA,50,O futuro me absolve,major,27,2,x
RITA,50,O futuro me absolve,major,28,3,5
RITA,50,O futuro me absolve,major,29,#4/b5,3
RITA,50,O futuro me absolve,major,30,5,3
RITA,50,O futuro me absolve,major,31,2,1
RITA,50,O futuro me absolve,major,32,3,x
RITA,50,O futuro me absolve,major,33,2,1
RITA,50,O futuro me absolve,major,34,3,x
RITA,50,O futuro me absolve,major,35,2,1
RITA,50,O futuro me absolve,major,36,3,x
RITA,50,O futuro me absolve,major,37,2,5
RITA,50,O futuro me absolve,major,38,3,x
RITA,50,O futuro me absolve,major,39,2,5
RITA,50,O futuro me absolve,major,40,1,1
